user_pseudo_id,recency_days,frequency_sessions,monetary_usd,view_item_count,add_to_cart_count,checkout_count,purchase_count,cart_to_view_ratio,total_engagement_time_sec,total_pageviews,cluster,pca_1,pca_2,pca_3,persona
fixture-user-0,2.0,12.0,800.0,30.0,8.0,6.0,3,0.26666666666666666,2400.0,80.0,3,2.949000201807968,0.9104099322153842,-1.040664161835835,Doanh thu trung bình cao
fixture-user-1,15.0,5.0,100.0,12.0,2.0,2.0,1,0.16666666666666666,900.0,30.0,2,-0.5125113090819994,0.5888915999238798,-0.9213435417374367,Nhóm hành vi còn lại
fixture-user-2,70.0,1.0,0.0,3.0,0.0,0.0,0,0.0,30.0,5.0,1,-5.653074755432996,-0.26751935962468665,-1.3948414954693151,Hoạt động gần nhất cách xa
fixture-user-3,8.0,8.0,0.0,18.0,12.0,3.0,0,0.6666666666666666,1600.0,60.0,0,1.667619505045523,-2.2053810991863303,-0.7744155991773559,Tỷ lệ thêm giỏ/xem cao
fixture-user-4,3.0,13.0,820.0,31.0,9.0,6.0,3,0.2903225806451613,2410.0,81.0,3,2.9722504279555224,0.8202064154922466,-0.8360402617366788,Doanh thu trung bình cao
fixture-user-5,16.0,6.0,120.0,13.0,3.0,2.0,1,0.23076923076923078,910.0,31.0,2,-0.18823476857859642,0.3875447576114711,-0.8693490403338631,Nhóm hành vi còn lại
fixture-user-6,71.0,2.0,0.0,4.0,0.0,0.0,0,0.0,40.0,6.0,1,-5.132931592866225,-0.19697308259203808,-1.0600968999130056,Hoạt động gần nhất cách xa
fixture-user-7,9.0,9.0,0.0,19.0,13.0,3.0,0,0.6842105263157895,1610.0,61.0,0,1.7765266448407788,-2.263702585114586,-0.6595478640554292,Tỷ lệ thêm giỏ/xem cao
fixture-user-8,4.0,14.0,840.0,32.0,10.0,6.0,3,0.3125,2420.0,82.0,3,3.01229401895736,0.7383363392983261,-0.6738605748864045,Doanh thu trung bình cao
fixture-user-9,17.0,7.0,140.0,14.0,4.0,2.0,1,0.2857142857142857,920.0,32.0,2,0.08566905022148885,0.22145490054473832,-0.8127372610551373,Nhóm hành vi còn lại
fixture-user-10,72.0,3.0,0.0,5.0,0.0,0.0,0,0.0,50.0,7.0,1,-4.734049758831314,-0.1415652227069219,-0.7803874603946023,Hoạt động gần nhất cách xa
fixture-user-11,10.0,10.0,0.0,20.0,14.0,3.0,0,0.7,1620.0,62.0,0,1.8778157374373483,-2.316152393098142,-0.5521462253135105,Tỷ lệ thêm giỏ/xem cao
fixture-user-12,5.0,12.0,860.0,33.0,8.0,6.0,3,0.24242424242424243,2430.0,83.0,3,2.7201358279717427,1.0010280153705131,-0.43135310572761704,Doanh thu trung bình cao
fixture-user-13,18.0,5.0,160.0,15.0,2.0,2.0,1,0.13333333333333333,930.0,33.0,2,-0.416368974045729,0.8413722469868408,-0.5202824835880352,Nhóm hành vi còn lại
fixture-user-14,73.0,1.0,0.0,6.0,0.0,0.0,0,0.0,60.0,8.0,1,-4.951827114160079,-0.13461517315522942,-0.48185008826089964,Hoạt động gần nhất cách xa
fixture-user-15,11.0,8.0,0.0,21.0,12.0,3.0,0,0.5714285714285714,1630.0,63.0,0,1.5440020110863266,-1.8916105529499507,-0.2894737393083827,Tỷ lệ thêm giỏ/xem cao
fixture-user-16,6.0,13.0,880.0,34.0,9.0,6.0,3,0.2647058823529412,2440.0,84.0,3,2.793205514756805,0.9179893295870694,-0.3181395540304275,Doanh thu trung bình cao
fixture-user-17,19.0,6.0,180.0,16.0,3.0,2.0,1,0.1875,940.0,34.0,2,-0.11506542133983415,0.6524097200437152,-0.47729764843711464,Nhóm hành vi còn lại
fixture-user-18,74.0,2.0,0.0,7.0,0.0,0.0,0,0.0,70.0,9.0,1,-4.544300503596412,-0.08616879017803282,-0.28512883644029735,Hoạt động gần nhất cách xa
fixture-user-19,12.0,9.0,0.0,22.0,13.0,3.0,0,0.5909090909090909,1640.0,64.0,0,1.6610803566223118,-1.956635720808595,-0.20216044539729697,Tỷ lệ thêm giỏ/xem cao
fixture-user-20,7.0,14.0,900.0,35.0,10.0,6.0,3,0.2857142857142857,2450.0,85.0,3,2.865809296514496,0.8413885834551914,-0.21799543117210443,Doanh thu trung bình cao
fixture-user-21,20.0,7.0,200.0,17.0,4.0,2.0,1,0.23529411764705882,950.0,35.0,2,0.1412081418293925,0.49422871537243757,-0.4309330555436214,Nhóm hành vi còn lại
fixture-user-22,75.0,3.0,0.0,8.0,0.0,0.0,0,0.0,80.0,10.0,1,-4.226355602128988,-0.04652353682671037,-0.10556235721929748,Hoạt động gần nhất cách xa
fixture-user-23,13.0,10.0,0.0,23.0,14.0,3.0,0,0.6086956521739131,1650.0,65.0,0,1.769348185040836,-2.015953016612214,-0.1188564273584944,Tỷ lệ thêm giỏ/xem cao
fixture-user-24,8.0,12.0,920.0,36.0,8.0,6.0,3,0.2222222222222222,2460.0,86.0,3,2.6063737094369293,1.0851522433954928,-0.028162481097520817,Doanh thu trung bình cao
fixture-user-25,21.0,5.0,220.0,18.0,2.0,2.0,1,0.1111111111111111,960.0,36.0,2,-0.331015161317517,1.017672557566975,-0.18189320559016225,Nhóm hành vi còn lại
fixture-user-26,76.0,1.0,0.0,9.0,0.0,0.0,0,0.0,90.0,11.0,1,-4.5053809003710175,-0.051404916593935875,0.11674763187868262,Hoạt động gần nhất cách xa
fixture-user-27,14.0,8.0,0.0,24.0,12.0,3.0,0,0.5,1660.0,66.0,0,1.4649328760198592,-1.6524200575582768,0.10500751195665843,Tỷ lệ thêm giỏ/xem cao
fixture-user-28,9.0,13.0,940.0,37.0,9.0,6.0,3,0.24324324324324326,2470.0,87.0,3,2.6956818339500837,1.0065237107878025,0.05075676314821963,Doanh thu trung bình cao
fixture-user-29,22.0,6.0,240.0,19.0,3.0,2.0,1,0.15789473684210525,970.0,37.0,2,-0.045442287582045944,0.842002022281944,-0.14614921568949865,Nhóm hành vi còn lại
fixture-user-30,77.0,2.0,0.0,10.0,0.0,0.0,0,0.0,100.0,12.0,1,-4.145933218700002,-0.012175282230817307,0.25338192247508057,Hoạt động gần nhất cách xa
fixture-user-31,15.0,9.0,0.0,25.0,13.0,3.0,0,0.52,1670.0,67.0,0,1.5853970707566725,-1.7197729720568595,0.17473155318197717,Tỷ lệ thêm giỏ/xem cao
fixture-user-32,10.0,14.0,960.0,38.0,10.0,6.0,3,0.2631578947368421,2480.0,88.0,3,2.7805820478578775,0.9335515526720264,0.12366456013755259,Doanh thu trung bình cao
fixture-user-33,23.0,7.0,260.0,20.0,4.0,2.0,1,0.2,980.0,38.0,2,0.19806579033115437,0.6934432518431779,-0.10747748554529173,Nhóm hành vi còn lại
fixture-user-34,78.0,3.0,0.0,11.0,0.0,0.0,0,0.0,110.0,13.0,1,-3.866786492395833,0.020083464757670286,0.3842998554068919,Hoạt động gần nhất cách xa
fixture-user-35,16.0,10.0,0.0,26.0,14.0,3.0,0,0.5384615384615384,1680.0,68.0,0,1.696701628351615,-1.7818534565886186,0.24216164621576905,Tỷ lệ thêm giỏ/xem cao
fixture-user-36,11.0,12.0,980.0,39.0,8.0,6.0,3,0.20512820512820512,2490.0,89.0,3,2.539096994000912,1.1608947269527035,0.2849645070861152,Doanh thu trung bình cao
fixture-user-37,24.0,5.0,280.0,21.0,2.0,2.0,1,0.09523809523809523,990.0,39.0,2,-0.2535021844261599,1.1515543709784555,0.11036450120739257,Nhóm hành vi còn lại
fixture-user-38,79.0,1.0,0.0,12.0,0.0,0.0,0,0.0,120.0,14.0,1,-4.177806227183311,0.009148059352104415,0.5663777413394052,Hoạt động gần nhất cách xa
fixture-user-39,17.0,8.0,0.0,27.0,12.0,3.0,0,0.4444444444444444,1690.0,69.0,0,1.4131920056243967,-1.4634770190954087,0.43800042229131814,Tỷ lệ thêm giỏ/xem cao
fixture-user-40,12.0,13.0,1000.0,40.0,9.0,6.0,3,0.225,2500.0,90.0,3,2.6355970708016336,1.085750837529916,0.34560189762492727,Doanh thu trung bình cao
fixture-user-41,25.0,6.0,300.0,22.0,3.0,2.0,1,0.13636363636363635,1000.0,40.0,2,0.020448779079346835,0.987424175304437,0.14043401059775606,Nhóm hành vi còn lại
fixture-user-42,80.0,2.0,0.0,13.0,0.0,0.0,0,0.0,130.0,15.0,1,-3.8452080923989924,0.04332455321405482,0.6691606922603189,Hoạt động gần nhất cách xa
fixture-user-43,18.0,9.0,0.0,28.0,13.0,3.0,0,0.4642857142857143,1700.0,70.0,0,1.534830031286699,-1.5309960415171668,0.49554732017099296,Tỷ lệ thêm giỏ/xem cao
fixture-user-44,13.0,14.0,1020.0,41.0,10.0,6.0,3,0.24390243902439024,2510.0,91.0,3,2.7262823845513653,1.0157588009747183,0.4029662204898221,Doanh thu trung bình cao
fixture-user-45,26.0,7.0,320.0,23.0,4.0,2.0,1,0.17391304347826086,1010.0,41.0,2,0.2541908963254575,0.8477774875328858,0.17321533289513408,Nhóm hành vi còn lại
fixture-user-46,81.0,3.0,0.0,14.0,0.0,0.0,0,0.0,140.0,16.0,1,-3.58892156885437,0.07130138670265128,0.7711842983243252,Hoạt động gần nhất cách xa
fixture-user-47,19.0,10.0,0.0,29.0,14.0,3.0,0,0.4827586206896552,1710.0,71.0,0,1.6472575587743377,-1.5937242188893985,0.5517615405408011,Tỷ lệ thêm giỏ/xem cao
fixture-user-48,14.0,12.0,1040.0,42.0,8.0,6.0,3,0.19047619047619047,2520.0,92.0,3,2.49670495094491,1.2290037398474845,0.5454645736096191,Doanh thu trung bình cao
fixture-user-49,27.0,5.0,340.0,24.0,2.0,2.0,1,0.08333333333333333,1020.0,42.0,2,-0.18230360796635595,1.2586072038036613,0.3675912090530475,Nhóm hành vi còn lại
fixture-user-50,82.0,1.0,0.0,15.0,0.0,0.0,0,0.0,150.0,17.0,1,-3.9196432407459767,0.05669108652696236,0.9282979885680404,Hoạt động gần nhất cách xa
fixture-user-51,20.0,8.0,0.0,30.0,12.0,3.0,0,0.4,1720.0,72.0,0,1.3793488527403,-1.3100407571216666,0.7263442280480706,Tỷ lệ thêm giỏ/xem cao
fixture-user-52,15.0,13.0,1060.0,43.0,9.0,6.0,3,0.20930232558139536,2530.0,93.0,3,2.5967783052258118,1.1568322528607358,0.5946167775727039,Doanh thu trung bình cao
fixture-user-53,28.0,6.0,360.0,25.0,3.0,2.0,1,0.12,1030.0,43.0,2,0.08266019726750658,1.1041566022540645,0.39313910571678706,Nhóm hành vi còn lại
fixture-user-54,83.0,2.0,0.0,16.0,0.0,0.0,0,0.0,160.0,18.0,1,-3.604202552262844,0.08767912367278557,1.0092869375057245,Hoạt động gần nhất cách xa
fixture-user-55,21.0,9.0,0.0,31.0,13.0,3.0,0,0.41935483870967744,1730.0,73.0,0,1.501059534575714,-1.376636657189004,0.7749808036540073,Tỷ lệ thêm giỏ/xem cao
fixture-user-56,16.0,14.0,1080.0,44.0,10.0,6.0,3,0.22727272727272727,2540.0,94.0,3,2.690427951437499,1.0894358139626867,0.6418324646043475,Doanh thu trung bình cao
fixture-user-57,29.0,7.0,380.0,26.0,4.0,2.0,1,0.15384615384615385,1040.0,44.0,2,0.3086623039800275,0.9723028927926293,0.4212803240192725,Nhóm hành vi còn lại
fixture-user-58,84.0,3.0,0.0,17.0,0.0,0.0,0,0.0,170.0,19.0,1,-3.3629925377313117,0.11286336793280101,1.0921119219662825,Hoạt động gần nhất cách xa
fixture-user-59,22.0,10.0,0.0,32.0,14.0,3.0,0,0.4375,1740.0,74.0,0,1.6136201785899058,-1.438893929708042,0.822869682767591,Tỷ lệ thêm giỏ/xem cao
fixture-user-60,2.0,12.0,800.0,30.0,8.0,6.0,3,0.26666666666666666,2400.0,80.0,3,2.949000201807968,0.9104099322153842,-1.040664161835835,Doanh thu trung bình cao
fixture-user-61,15.0,5.0,100.0,12.0,2.0,2.0,1,0.16666666666666666,900.0,30.0,2,-0.5125113090819994,0.5888915999238798,-0.9213435417374367,Nhóm hành vi còn lại
fixture-user-62,70.0,1.0,0.0,3.0,0.0,0.0,0,0.0,30.0,5.0,1,-5.653074755432996,-0.26751935962468665,-1.3948414954693151,Hoạt động gần nhất cách xa
fixture-user-63,8.0,8.0,0.0,18.0,12.0,3.0,0,0.6666666666666666,1600.0,60.0,0,1.667619505045523,-2.2053810991863303,-0.7744155991773559,Tỷ lệ thêm giỏ/xem cao
fixture-user-64,3.0,13.0,820.0,31.0,9.0,6.0,3,0.2903225806451613,2410.0,81.0,3,2.9722504279555224,0.8202064154922466,-0.8360402617366788,Doanh thu trung bình cao
fixture-user-65,16.0,6.0,120.0,13.0,3.0,2.0,1,0.23076923076923078,910.0,31.0,2,-0.18823476857859642,0.3875447576114711,-0.8693490403338631,Nhóm hành vi còn lại
fixture-user-66,71.0,2.0,0.0,4.0,0.0,0.0,0,0.0,40.0,6.0,1,-5.132931592866225,-0.19697308259203808,-1.0600968999130056,Hoạt động gần nhất cách xa
fixture-user-67,9.0,9.0,0.0,19.0,13.0,3.0,0,0.6842105263157895,1610.0,61.0,0,1.7765266448407788,-2.263702585114586,-0.6595478640554292,Tỷ lệ thêm giỏ/xem cao
fixture-user-68,4.0,14.0,840.0,32.0,10.0,6.0,3,0.3125,2420.0,82.0,3,3.01229401895736,0.7383363392983261,-0.6738605748864045,Doanh thu trung bình cao
fixture-user-69,17.0,7.0,140.0,14.0,4.0,2.0,1,0.2857142857142857,920.0,32.0,2,0.08566905022148885,0.22145490054473832,-0.8127372610551373,Nhóm hành vi còn lại
fixture-user-70,72.0,3.0,0.0,5.0,0.0,0.0,0,0.0,50.0,7.0,1,-4.734049758831314,-0.1415652227069219,-0.7803874603946023,Hoạt động gần nhất cách xa
fixture-user-71,10.0,10.0,0.0,20.0,14.0,3.0,0,0.7,1620.0,62.0,0,1.8778157374373483,-2.316152393098142,-0.5521462253135105,Tỷ lệ thêm giỏ/xem cao
fixture-user-72,5.0,12.0,860.0,33.0,8.0,6.0,3,0.24242424242424243,2430.0,83.0,3,2.7201358279717427,1.0010280153705131,-0.43135310572761704,Doanh thu trung bình cao
fixture-user-73,18.0,5.0,160.0,15.0,2.0,2.0,1,0.13333333333333333,930.0,33.0,2,-0.416368974045729,0.8413722469868408,-0.5202824835880352,Nhóm hành vi còn lại
fixture-user-74,73.0,1.0,0.0,6.0,0.0,0.0,0,0.0,60.0,8.0,1,-4.951827114160079,-0.13461517315522942,-0.48185008826089964,Hoạt động gần nhất cách xa
fixture-user-75,11.0,8.0,0.0,21.0,12.0,3.0,0,0.5714285714285714,1630.0,63.0,0,1.5440020110863266,-1.8916105529499507,-0.2894737393083827,Tỷ lệ thêm giỏ/xem cao
fixture-user-76,6.0,13.0,880.0,34.0,9.0,6.0,3,0.2647058823529412,2440.0,84.0,3,2.793205514756805,0.9179893295870694,-0.3181395540304275,Doanh thu trung bình cao
fixture-user-77,19.0,6.0,180.0,16.0,3.0,2.0,1,0.1875,940.0,34.0,2,-0.11506542133983415,0.6524097200437152,-0.47729764843711464,Nhóm hành vi còn lại
fixture-user-78,74.0,2.0,0.0,7.0,0.0,0.0,0,0.0,70.0,9.0,1,-4.544300503596412,-0.08616879017803282,-0.28512883644029735,Hoạt động gần nhất cách xa
fixture-user-79,12.0,9.0,0.0,22.0,13.0,3.0,0,0.5909090909090909,1640.0,64.0,0,1.6610803566223118,-1.956635720808595,-0.20216044539729697,Tỷ lệ thêm giỏ/xem cao
fixture-user-80,7.0,14.0,900.0,35.0,10.0,6.0,3,0.2857142857142857,2450.0,85.0,3,2.865809296514496,0.8413885834551914,-0.21799543117210443,Doanh thu trung bình cao
fixture-user-81,20.0,7.0,200.0,17.0,4.0,2.0,1,0.23529411764705882,950.0,35.0,2,0.1412081418293925,0.49422871537243757,-0.4309330555436214,Nhóm hành vi còn lại
fixture-user-82,75.0,3.0,0.0,8.0,0.0,0.0,0,0.0,80.0,10.0,1,-4.226355602128988,-0.04652353682671037,-0.10556235721929748,Hoạt động gần nhất cách xa
fixture-user-83,13.0,10.0,0.0,23.0,14.0,3.0,0,0.6086956521739131,1650.0,65.0,0,1.769348185040836,-2.015953016612214,-0.1188564273584944,Tỷ lệ thêm giỏ/xem cao
fixture-user-84,8.0,12.0,920.0,36.0,8.0,6.0,3,0.2222222222222222,2460.0,86.0,3,2.6063737094369293,1.0851522433954928,-0.028162481097520817,Doanh thu trung bình cao
fixture-user-85,21.0,5.0,220.0,18.0,2.0,2.0,1,0.1111111111111111,960.0,36.0,2,-0.331015161317517,1.017672557566975,-0.18189320559016225,Nhóm hành vi còn lại
fixture-user-86,76.0,1.0,0.0,9.0,0.0,0.0,0,0.0,90.0,11.0,1,-4.5053809003710175,-0.051404916593935875,0.11674763187868262,Hoạt động gần nhất cách xa
fixture-user-87,14.0,8.0,0.0,24.0,12.0,3.0,0,0.5,1660.0,66.0,0,1.4649328760198592,-1.6524200575582768,0.10500751195665843,Tỷ lệ thêm giỏ/xem cao
fixture-user-88,9.0,13.0,940.0,37.0,9.0,6.0,3,0.24324324324324326,2470.0,87.0,3,2.6956818339500837,1.0065237107878025,0.05075676314821963,Doanh thu trung bình cao
fixture-user-89,22.0,6.0,240.0,19.0,3.0,2.0,1,0.15789473684210525,970.0,37.0,2,-0.045442287582045944,0.842002022281944,-0.14614921568949865,Nhóm hành vi còn lại
fixture-user-90,77.0,2.0,0.0,10.0,0.0,0.0,0,0.0,100.0,12.0,1,-4.145933218700002,-0.012175282230817307,0.25338192247508057,Hoạt động gần nhất cách xa
fixture-user-91,15.0,9.0,0.0,25.0,13.0,3.0,0,0.52,1670.0,67.0,0,1.5853970707566725,-1.7197729720568595,0.17473155318197717,Tỷ lệ thêm giỏ/xem cao
fixture-user-92,10.0,14.0,960.0,38.0,10.0,6.0,3,0.2631578947368421,2480.0,88.0,3,2.7805820478578775,0.9335515526720264,0.12366456013755259,Doanh thu trung bình cao
fixture-user-93,23.0,7.0,260.0,20.0,4.0,2.0,1,0.2,980.0,38.0,2,0.19806579033115437,0.6934432518431779,-0.10747748554529173,Nhóm hành vi còn lại
fixture-user-94,78.0,3.0,0.0,11.0,0.0,0.0,0,0.0,110.0,13.0,1,-3.866786492395833,0.020083464757670286,0.3842998554068919,Hoạt động gần nhất cách xa
fixture-user-95,16.0,10.0,0.0,26.0,14.0,3.0,0,0.5384615384615384,1680.0,68.0,0,1.696701628351615,-1.7818534565886186,0.24216164621576905,Tỷ lệ thêm giỏ/xem cao
fixture-user-96,11.0,12.0,980.0,39.0,8.0,6.0,3,0.20512820512820512,2490.0,89.0,3,2.539096994000912,1.1608947269527035,0.2849645070861152,Doanh thu trung bình cao
fixture-user-97,24.0,5.0,280.0,21.0,2.0,2.0,1,0.09523809523809523,990.0,39.0,2,-0.2535021844261599,1.1515543709784555,0.11036450120739257,Nhóm hành vi còn lại
fixture-user-98,79.0,1.0,0.0,12.0,0.0,0.0,0,0.0,120.0,14.0,1,-4.177806227183311,0.009148059352104415,0.5663777413394052,Hoạt động gần nhất cách xa
fixture-user-99,17.0,8.0,0.0,27.0,12.0,3.0,0,0.4444444444444444,1690.0,69.0,0,1.4131920056243967,-1.4634770190954087,0.43800042229131814,Tỷ lệ thêm giỏ/xem cao
fixture-user-100,12.0,13.0,1000.0,40.0,9.0,6.0,3,0.225,2500.0,90.0,3,2.6355970708016336,1.085750837529916,0.34560189762492727,Doanh thu trung bình cao
fixture-user-101,25.0,6.0,300.0,22.0,3.0,2.0,1,0.13636363636363635,1000.0,40.0,2,0.020448779079346835,0.987424175304437,0.14043401059775606,Nhóm hành vi còn lại
fixture-user-102,80.0,2.0,0.0,13.0,0.0,0.0,0,0.0,130.0,15.0,1,-3.8452080923989924,0.04332455321405482,0.6691606922603189,Hoạt động gần nhất cách xa
fixture-user-103,18.0,9.0,0.0,28.0,13.0,3.0,0,0.4642857142857143,1700.0,70.0,0,1.534830031286699,-1.5309960415171668,0.49554732017099296,Tỷ lệ thêm giỏ/xem cao
fixture-user-104,13.0,14.0,1020.0,41.0,10.0,6.0,3,0.24390243902439024,2510.0,91.0,3,2.7262823845513653,1.0157588009747183,0.4029662204898221,Doanh thu trung bình cao
fixture-user-105,26.0,7.0,320.0,23.0,4.0,2.0,1,0.17391304347826086,1010.0,41.0,2,0.2541908963254575,0.8477774875328858,0.17321533289513408,Nhóm hành vi còn lại
fixture-user-106,81.0,3.0,0.0,14.0,0.0,0.0,0,0.0,140.0,16.0,1,-3.58892156885437,0.07130138670265128,0.7711842983243252,Hoạt động gần nhất cách xa
fixture-user-107,19.0,10.0,0.0,29.0,14.0,3.0,0,0.4827586206896552,1710.0,71.0,0,1.6472575587743377,-1.5937242188893985,0.5517615405408011,Tỷ lệ thêm giỏ/xem cao
fixture-user-108,14.0,12.0,1040.0,42.0,8.0,6.0,3,0.19047619047619047,2520.0,92.0,3,2.49670495094491,1.2290037398474845,0.5454645736096191,Doanh thu trung bình cao
fixture-user-109,27.0,5.0,340.0,24.0,2.0,2.0,1,0.08333333333333333,1020.0,42.0,2,-0.18230360796635595,1.2586072038036613,0.3675912090530475,Nhóm hành vi còn lại
fixture-user-110,82.0,1.0,0.0,15.0,0.0,0.0,0,0.0,150.0,17.0,1,-3.9196432407459767,0.05669108652696236,0.9282979885680404,Hoạt động gần nhất cách xa
fixture-user-111,20.0,8.0,0.0,30.0,12.0,3.0,0,0.4,1720.0,72.0,0,1.3793488527403,-1.3100407571216666,0.7263442280480706,Tỷ lệ thêm giỏ/xem cao
fixture-user-112,15.0,13.0,1060.0,43.0,9.0,6.0,3,0.20930232558139536,2530.0,93.0,3,2.5967783052258118,1.1568322528607358,0.5946167775727039,Doanh thu trung bình cao
fixture-user-113,28.0,6.0,360.0,25.0,3.0,2.0,1,0.12,1030.0,43.0,2,0.08266019726750658,1.1041566022540645,0.39313910571678706,Nhóm hành vi còn lại
fixture-user-114,83.0,2.0,0.0,16.0,0.0,0.0,0,0.0,160.0,18.0,1,-3.604202552262844,0.08767912367278557,1.0092869375057245,Hoạt động gần nhất cách xa
fixture-user-115,21.0,9.0,0.0,31.0,13.0,3.0,0,0.41935483870967744,1730.0,73.0,0,1.501059534575714,-1.376636657189004,0.7749808036540073,Tỷ lệ thêm giỏ/xem cao
fixture-user-116,16.0,14.0,1080.0,44.0,10.0,6.0,3,0.22727272727272727,2540.0,94.0,3,2.690427951437499,1.0894358139626867,0.6418324646043475,Doanh thu trung bình cao
fixture-user-117,29.0,7.0,380.0,26.0,4.0,2.0,1,0.15384615384615385,1040.0,44.0,2,0.3086623039800275,0.9723028927926293,0.4212803240192725,Nhóm hành vi còn lại
fixture-user-118,84.0,3.0,0.0,17.0,0.0,0.0,0,0.0,170.0,19.0,1,-3.3629925377313117,0.11286336793280101,1.0921119219662825,Hoạt động gần nhất cách xa
fixture-user-119,22.0,10.0,0.0,32.0,14.0,3.0,0,0.4375,1740.0,74.0,0,1.6136201785899058,-1.438893929708042,0.822869682767591,Tỷ lệ thêm giỏ/xem cao
fixture-user-120,2.0,12.0,800.0,30.0,8.0,6.0,3,0.26666666666666666,2400.0,80.0,3,2.949000201807968,0.9104099322153842,-1.040664161835835,Doanh thu trung bình cao
fixture-user-121,15.0,5.0,100.0,12.0,2.0,2.0,1,0.16666666666666666,900.0,30.0,2,-0.5125113090819994,0.5888915999238798,-0.9213435417374367,Nhóm hành vi còn lại
fixture-user-122,70.0,1.0,0.0,3.0,0.0,0.0,0,0.0,30.0,5.0,1,-5.653074755432996,-0.26751935962468665,-1.3948414954693151,Hoạt động gần nhất cách xa
fixture-user-123,8.0,8.0,0.0,18.0,12.0,3.0,0,0.6666666666666666,1600.0,60.0,0,1.667619505045523,-2.2053810991863303,-0.7744155991773559,Tỷ lệ thêm giỏ/xem cao
fixture-user-124,3.0,13.0,820.0,31.0,9.0,6.0,3,0.2903225806451613,2410.0,81.0,3,2.9722504279555224,0.8202064154922466,-0.8360402617366788,Doanh thu trung bình cao
fixture-user-125,16.0,6.0,120.0,13.0,3.0,2.0,1,0.23076923076923078,910.0,31.0,2,-0.18823476857859642,0.3875447576114711,-0.8693490403338631,Nhóm hành vi còn lại
fixture-user-126,71.0,2.0,0.0,4.0,0.0,0.0,0,0.0,40.0,6.0,1,-5.132931592866225,-0.19697308259203808,-1.0600968999130056,Hoạt động gần nhất cách xa
fixture-user-127,9.0,9.0,0.0,19.0,13.0,3.0,0,0.6842105263157895,1610.0,61.0,0,1.7765266448407788,-2.263702585114586,-0.6595478640554292,Tỷ lệ thêm giỏ/xem cao
fixture-user-128,4.0,14.0,840.0,32.0,10.0,6.0,3,0.3125,2420.0,82.0,3,3.01229401895736,0.7383363392983261,-0.6738605748864045,Doanh thu trung bình cao
fixture-user-129,17.0,7.0,140.0,14.0,4.0,2.0,1,0.2857142857142857,920.0,32.0,2,0.08566905022148885,0.22145490054473832,-0.8127372610551373,Nhóm hành vi còn lại
fixture-user-130,72.0,3.0,0.0,5.0,0.0,0.0,0,0.0,50.0,7.0,1,-4.734049758831314,-0.1415652227069219,-0.7803874603946023,Hoạt động gần nhất cách xa
fixture-user-131,10.0,10.0,0.0,20.0,14.0,3.0,0,0.7,1620.0,62.0,0,1.8778157374373483,-2.316152393098142,-0.5521462253135105,Tỷ lệ thêm giỏ/xem cao
fixture-user-132,5.0,12.0,860.0,33.0,8.0,6.0,3,0.24242424242424243,2430.0,83.0,3,2.7201358279717427,1.0010280153705131,-0.43135310572761704,Doanh thu trung bình cao
fixture-user-133,18.0,5.0,160.0,15.0,2.0,2.0,1,0.13333333333333333,930.0,33.0,2,-0.416368974045729,0.8413722469868408,-0.5202824835880352,Nhóm hành vi còn lại
fixture-user-134,73.0,1.0,0.0,6.0,0.0,0.0,0,0.0,60.0,8.0,1,-4.951827114160079,-0.13461517315522942,-0.48185008826089964,Hoạt động gần nhất cách xa
fixture-user-135,11.0,8.0,0.0,21.0,12.0,3.0,0,0.5714285714285714,1630.0,63.0,0,1.5440020110863266,-1.8916105529499507,-0.2894737393083827,Tỷ lệ thêm giỏ/xem cao
fixture-user-136,6.0,13.0,880.0,34.0,9.0,6.0,3,0.2647058823529412,2440.0,84.0,3,2.793205514756805,0.9179893295870694,-0.3181395540304275,Doanh thu trung bình cao
fixture-user-137,19.0,6.0,180.0,16.0,3.0,2.0,1,0.1875,940.0,34.0,2,-0.11506542133983415,0.6524097200437152,-0.47729764843711464,Nhóm hành vi còn lại
fixture-user-138,74.0,2.0,0.0,7.0,0.0,0.0,0,0.0,70.0,9.0,1,-4.544300503596412,-0.08616879017803282,-0.28512883644029735,Hoạt động gần nhất cách xa
fixture-user-139,12.0,9.0,0.0,22.0,13.0,3.0,0,0.5909090909090909,1640.0,64.0,0,1.6610803566223118,-1.956635720808595,-0.20216044539729697,Tỷ lệ thêm giỏ/xem cao
fixture-user-140,7.0,14.0,900.0,35.0,10.0,6.0,3,0.2857142857142857,2450.0,85.0,3,2.865809296514496,0.8413885834551914,-0.21799543117210443,Doanh thu trung bình cao
fixture-user-141,20.0,7.0,200.0,17.0,4.0,2.0,1,0.23529411764705882,950.0,35.0,2,0.1412081418293925,0.49422871537243757,-0.4309330555436214,Nhóm hành vi còn lại
fixture-user-142,75.0,3.0,0.0,8.0,0.0,0.0,0,0.0,80.0,10.0,1,-4.226355602128988,-0.04652353682671037,-0.10556235721929748,Hoạt động gần nhất cách xa
fixture-user-143,13.0,10.0,0.0,23.0,14.0,3.0,0,0.6086956521739131,1650.0,65.0,0,1.769348185040836,-2.015953016612214,-0.1188564273584944,Tỷ lệ thêm giỏ/xem cao
fixture-user-144,8.0,12.0,920.0,36.0,8.0,6.0,3,0.2222222222222222,2460.0,86.0,3,2.6063737094369293,1.0851522433954928,-0.028162481097520817,Doanh thu trung bình cao
fixture-user-145,21.0,5.0,220.0,18.0,2.0,2.0,1,0.1111111111111111,960.0,36.0,2,-0.331015161317517,1.017672557566975,-0.18189320559016225,Nhóm hành vi còn lại
fixture-user-146,76.0,1.0,0.0,9.0,0.0,0.0,0,0.0,90.0,11.0,1,-4.5053809003710175,-0.051404916593935875,0.11674763187868262,Hoạt động gần nhất cách xa
fixture-user-147,14.0,8.0,0.0,24.0,12.0,3.0,0,0.5,1660.0,66.0,0,1.4649328760198592,-1.6524200575582768,0.10500751195665843,Tỷ lệ thêm giỏ/xem cao
fixture-user-148,9.0,13.0,940.0,37.0,9.0,6.0,3,0.24324324324324326,2470.0,87.0,3,2.6956818339500837,1.0065237107878025,0.05075676314821963,Doanh thu trung bình cao
fixture-user-149,22.0,6.0,240.0,19.0,3.0,2.0,1,0.15789473684210525,970.0,37.0,2,-0.045442287582045944,0.842002022281944,-0.14614921568949865,Nhóm hành vi còn lại
fixture-user-150,77.0,2.0,0.0,10.0,0.0,0.0,0,0.0,100.0,12.0,1,-4.145933218700002,-0.012175282230817307,0.25338192247508057,Hoạt động gần nhất cách xa
fixture-user-151,15.0,9.0,0.0,25.0,13.0,3.0,0,0.52,1670.0,67.0,0,1.5853970707566725,-1.7197729720568595,0.17473155318197717,Tỷ lệ thêm giỏ/xem cao
fixture-user-152,10.0,14.0,960.0,38.0,10.0,6.0,3,0.2631578947368421,2480.0,88.0,3,2.7805820478578775,0.9335515526720264,0.12366456013755259,Doanh thu trung bình cao
fixture-user-153,23.0,7.0,260.0,20.0,4.0,2.0,1,0.2,980.0,38.0,2,0.19806579033115437,0.6934432518431779,-0.10747748554529173,Nhóm hành vi còn lại
fixture-user-154,78.0,3.0,0.0,11.0,0.0,0.0,0,0.0,110.0,13.0,1,-3.866786492395833,0.020083464757670286,0.3842998554068919,Hoạt động gần nhất cách xa
fixture-user-155,16.0,10.0,0.0,26.0,14.0,3.0,0,0.5384615384615384,1680.0,68.0,0,1.696701628351615,-1.7818534565886186,0.24216164621576905,Tỷ lệ thêm giỏ/xem cao
fixture-user-156,11.0,12.0,980.0,39.0,8.0,6.0,3,0.20512820512820512,2490.0,89.0,3,2.539096994000912,1.1608947269527035,0.2849645070861152,Doanh thu trung bình cao
fixture-user-157,24.0,5.0,280.0,21.0,2.0,2.0,1,0.09523809523809523,990.0,39.0,2,-0.2535021844261599,1.1515543709784555,0.11036450120739257,Nhóm hành vi còn lại
fixture-user-158,79.0,1.0,0.0,12.0,0.0,0.0,0,0.0,120.0,14.0,1,-4.177806227183311,0.009148059352104415,0.5663777413394052,Hoạt động gần nhất cách xa
fixture-user-159,17.0,8.0,0.0,27.0,12.0,3.0,0,0.4444444444444444,1690.0,69.0,0,1.4131920056243967,-1.4634770190954087,0.43800042229131814,Tỷ lệ thêm giỏ/xem cao
fixture-user-160,12.0,13.0,1000.0,40.0,9.0,6.0,3,0.225,2500.0,90.0,3,2.6355970708016336,1.085750837529916,0.34560189762492727,Doanh thu trung bình cao
fixture-user-161,25.0,6.0,300.0,22.0,3.0,2.0,1,0.13636363636363635,1000.0,40.0,2,0.020448779079346835,0.987424175304437,0.14043401059775606,Nhóm hành vi còn lại
fixture-user-162,80.0,2.0,0.0,13.0,0.0,0.0,0,0.0,130.0,15.0,1,-3.8452080923989924,0.04332455321405482,0.6691606922603189,Hoạt động gần nhất cách xa
fixture-user-163,18.0,9.0,0.0,28.0,13.0,3.0,0,0.4642857142857143,1700.0,70.0,0,1.534830031286699,-1.5309960415171668,0.49554732017099296,Tỷ lệ thêm giỏ/xem cao
fixture-user-164,13.0,14.0,1020.0,41.0,10.0,6.0,3,0.24390243902439024,2510.0,91.0,3,2.7262823845513653,1.0157588009747183,0.4029662204898221,Doanh thu trung bình cao
fixture-user-165,26.0,7.0,320.0,23.0,4.0,2.0,1,0.17391304347826086,1010.0,41.0,2,0.2541908963254575,0.8477774875328858,0.17321533289513408,Nhóm hành vi còn lại
fixture-user-166,81.0,3.0,0.0,14.0,0.0,0.0,0,0.0,140.0,16.0,1,-3.58892156885437,0.07130138670265128,0.7711842983243252,Hoạt động gần nhất cách xa
fixture-user-167,19.0,10.0,0.0,29.0,14.0,3.0,0,0.4827586206896552,1710.0,71.0,0,1.6472575587743377,-1.5937242188893985,0.5517615405408011,Tỷ lệ thêm giỏ/xem cao
fixture-user-168,14.0,12.0,1040.0,42.0,8.0,6.0,3,0.19047619047619047,2520.0,92.0,3,2.49670495094491,1.2290037398474845,0.5454645736096191,Doanh thu trung bình cao
fixture-user-169,27.0,5.0,340.0,24.0,2.0,2.0,1,0.08333333333333333,1020.0,42.0,2,-0.18230360796635595,1.2586072038036613,0.3675912090530475,Nhóm hành vi còn lại
fixture-user-170,82.0,1.0,0.0,15.0,0.0,0.0,0,0.0,150.0,17.0,1,-3.9196432407459767,0.05669108652696236,0.9282979885680404,Hoạt động gần nhất cách xa
fixture-user-171,20.0,8.0,0.0,30.0,12.0,3.0,0,0.4,1720.0,72.0,0,1.3793488527403,-1.3100407571216666,0.7263442280480706,Tỷ lệ thêm giỏ/xem cao
fixture-user-172,15.0,13.0,1060.0,43.0,9.0,6.0,3,0.20930232558139536,2530.0,93.0,3,2.5967783052258118,1.1568322528607358,0.5946167775727039,Doanh thu trung bình cao
fixture-user-173,28.0,6.0,360.0,25.0,3.0,2.0,1,0.12,1030.0,43.0,2,0.08266019726750658,1.1041566022540645,0.39313910571678706,Nhóm hành vi còn lại
fixture-user-174,83.0,2.0,0.0,16.0,0.0,0.0,0,0.0,160.0,18.0,1,-3.604202552262844,0.08767912367278557,1.0092869375057245,Hoạt động gần nhất cách xa
fixture-user-175,21.0,9.0,0.0,31.0,13.0,3.0,0,0.41935483870967744,1730.0,73.0,0,1.501059534575714,-1.376636657189004,0.7749808036540073,Tỷ lệ thêm giỏ/xem cao
fixture-user-176,16.0,14.0,1080.0,44.0,10.0,6.0,3,0.22727272727272727,2540.0,94.0,3,2.690427951437499,1.0894358139626867,0.6418324646043475,Doanh thu trung bình cao
fixture-user-177,29.0,7.0,380.0,26.0,4.0,2.0,1,0.15384615384615385,1040.0,44.0,2,0.3086623039800275,0.9723028927926293,0.4212803240192725,Nhóm hành vi còn lại
fixture-user-178,84.0,3.0,0.0,17.0,0.0,0.0,0,0.0,170.0,19.0,1,-3.3629925377313117,0.11286336793280101,1.0921119219662825,Hoạt động gần nhất cách xa
fixture-user-179,22.0,10.0,0.0,32.0,14.0,3.0,0,0.4375,1740.0,74.0,0,1.6136201785899058,-1.438893929708042,0.822869682767591,Tỷ lệ thêm giỏ/xem cao
fixture-user-180,2.0,12.0,800.0,30.0,8.0,6.0,3,0.26666666666666666,2400.0,80.0,3,2.949000201807968,0.9104099322153842,-1.040664161835835,Doanh thu trung bình cao
fixture-user-181,15.0,5.0,100.0,12.0,2.0,2.0,1,0.16666666666666666,900.0,30.0,2,-0.5125113090819994,0.5888915999238798,-0.9213435417374367,Nhóm hành vi còn lại
fixture-user-182,70.0,1.0,0.0,3.0,0.0,0.0,0,0.0,30.0,5.0,1,-5.653074755432996,-0.26751935962468665,-1.3948414954693151,Hoạt động gần nhất cách xa
fixture-user-183,8.0,8.0,0.0,18.0,12.0,3.0,0,0.6666666666666666,1600.0,60.0,0,1.667619505045523,-2.2053810991863303,-0.7744155991773559,Tỷ lệ thêm giỏ/xem cao
fixture-user-184,3.0,13.0,820.0,31.0,9.0,6.0,3,0.2903225806451613,2410.0,81.0,3,2.9722504279555224,0.8202064154922466,-0.8360402617366788,Doanh thu trung bình cao
fixture-user-185,16.0,6.0,120.0,13.0,3.0,2.0,1,0.23076923076923078,910.0,31.0,2,-0.18823476857859642,0.3875447576114711,-0.8693490403338631,Nhóm hành vi còn lại
fixture-user-186,71.0,2.0,0.0,4.0,0.0,0.0,0,0.0,40.0,6.0,1,-5.132931592866225,-0.19697308259203808,-1.0600968999130056,Hoạt động gần nhất cách xa
fixture-user-187,9.0,9.0,0.0,19.0,13.0,3.0,0,0.6842105263157895,1610.0,61.0,0,1.7765266448407788,-2.263702585114586,-0.6595478640554292,Tỷ lệ thêm giỏ/xem cao
fixture-user-188,4.0,14.0,840.0,32.0,10.0,6.0,3,0.3125,2420.0,82.0,3,3.01229401895736,0.7383363392983261,-0.6738605748864045,Doanh thu trung bình cao
fixture-user-189,17.0,7.0,140.0,14.0,4.0,2.0,1,0.2857142857142857,920.0,32.0,2,0.08566905022148885,0.22145490054473832,-0.8127372610551373,Nhóm hành vi còn lại
fixture-user-190,72.0,3.0,0.0,5.0,0.0,0.0,0,0.0,50.0,7.0,1,-4.734049758831314,-0.1415652227069219,-0.7803874603946023,Hoạt động gần nhất cách xa
fixture-user-191,10.0,10.0,0.0,20.0,14.0,3.0,0,0.7,1620.0,62.0,0,1.8778157374373483,-2.316152393098142,-0.5521462253135105,Tỷ lệ thêm giỏ/xem cao
fixture-user-192,5.0,12.0,860.0,33.0,8.0,6.0,3,0.24242424242424243,2430.0,83.0,3,2.7201358279717427,1.0010280153705131,-0.43135310572761704,Doanh thu trung bình cao
fixture-user-193,18.0,5.0,160.0,15.0,2.0,2.0,1,0.13333333333333333,930.0,33.0,2,-0.416368974045729,0.8413722469868408,-0.5202824835880352,Nhóm hành vi còn lại
fixture-user-194,73.0,1.0,0.0,6.0,0.0,0.0,0,0.0,60.0,8.0,1,-4.951827114160079,-0.13461517315522942,-0.48185008826089964,Hoạt động gần nhất cách xa
fixture-user-195,11.0,8.0,0.0,21.0,12.0,3.0,0,0.5714285714285714,1630.0,63.0,0,1.5440020110863266,-1.8916105529499507,-0.2894737393083827,Tỷ lệ thêm giỏ/xem cao
fixture-user-196,6.0,13.0,880.0,34.0,9.0,6.0,3,0.2647058823529412,2440.0,84.0,3,2.793205514756805,0.9179893295870694,-0.3181395540304275,Doanh thu trung bình cao
fixture-user-197,19.0,6.0,180.0,16.0,3.0,2.0,1,0.1875,940.0,34.0,2,-0.11506542133983415,0.6524097200437152,-0.47729764843711464,Nhóm hành vi còn lại
fixture-user-198,74.0,2.0,0.0,7.0,0.0,0.0,0,0.0,70.0,9.0,1,-4.544300503596412,-0.08616879017803282,-0.28512883644029735,Hoạt động gần nhất cách xa
fixture-user-199,12.0,9.0,0.0,22.0,13.0,3.0,0,0.5909090909090909,1640.0,64.0,0,1.6610803566223118,-1.956635720808595,-0.20216044539729697,Tỷ lệ thêm giỏ/xem cao
fixture-user-200,7.0,14.0,900.0,35.0,10.0,6.0,3,0.2857142857142857,2450.0,85.0,3,2.865809296514496,0.8413885834551914,-0.21799543117210443,Doanh thu trung bình cao
fixture-user-201,20.0,7.0,200.0,17.0,4.0,2.0,1,0.23529411764705882,950.0,35.0,2,0.1412081418293925,0.49422871537243757,-0.4309330555436214,Nhóm hành vi còn lại
fixture-user-202,75.0,3.0,0.0,8.0,0.0,0.0,0,0.0,80.0,10.0,1,-4.226355602128988,-0.04652353682671037,-0.10556235721929748,Hoạt động gần nhất cách xa
fixture-user-203,13.0,10.0,0.0,23.0,14.0,3.0,0,0.6086956521739131,1650.0,65.0,0,1.769348185040836,-2.015953016612214,-0.1188564273584944,Tỷ lệ thêm giỏ/xem cao
fixture-user-204,8.0,12.0,920.0,36.0,8.0,6.0,3,0.2222222222222222,2460.0,86.0,3,2.6063737094369293,1.0851522433954928,-0.028162481097520817,Doanh thu trung bình cao
fixture-user-205,21.0,5.0,220.0,18.0,2.0,2.0,1,0.1111111111111111,960.0,36.0,2,-0.331015161317517,1.017672557566975,-0.18189320559016225,Nhóm hành vi còn lại
fixture-user-206,76.0,1.0,0.0,9.0,0.0,0.0,0,0.0,90.0,11.0,1,-4.5053809003710175,-0.051404916593935875,0.11674763187868262,Hoạt động gần nhất cách xa
fixture-user-207,14.0,8.0,0.0,24.0,12.0,3.0,0,0.5,1660.0,66.0,0,1.4649328760198592,-1.6524200575582768,0.10500751195665843,Tỷ lệ thêm giỏ/xem cao
fixture-user-208,9.0,13.0,940.0,37.0,9.0,6.0,3,0.24324324324324326,2470.0,87.0,3,2.6956818339500837,1.0065237107878025,0.05075676314821963,Doanh thu trung bình cao
fixture-user-209,22.0,6.0,240.0,19.0,3.0,2.0,1,0.15789473684210525,970.0,37.0,2,-0.045442287582045944,0.842002022281944,-0.14614921568949865,Nhóm hành vi còn lại
fixture-user-210,77.0,2.0,0.0,10.0,0.0,0.0,0,0.0,100.0,12.0,1,-4.145933218700002,-0.012175282230817307,0.25338192247508057,Hoạt động gần nhất cách xa
fixture-user-211,15.0,9.0,0.0,25.0,13.0,3.0,0,0.52,1670.0,67.0,0,1.5853970707566725,-1.7197729720568595,0.17473155318197717,Tỷ lệ thêm giỏ/xem cao
fixture-user-212,10.0,14.0,960.0,38.0,10.0,6.0,3,0.2631578947368421,2480.0,88.0,3,2.7805820478578775,0.9335515526720264,0.12366456013755259,Doanh thu trung bình cao
fixture-user-213,23.0,7.0,260.0,20.0,4.0,2.0,1,0.2,980.0,38.0,2,0.19806579033115437,0.6934432518431779,-0.10747748554529173,Nhóm hành vi còn lại
fixture-user-214,78.0,3.0,0.0,11.0,0.0,0.0,0,0.0,110.0,13.0,1,-3.866786492395833,0.020083464757670286,0.3842998554068919,Hoạt động gần nhất cách xa
fixture-user-215,16.0,10.0,0.0,26.0,14.0,3.0,0,0.5384615384615384,1680.0,68.0,0,1.696701628351615,-1.7818534565886186,0.24216164621576905,Tỷ lệ thêm giỏ/xem cao
fixture-user-216,11.0,12.0,980.0,39.0,8.0,6.0,3,0.20512820512820512,2490.0,89.0,3,2.539096994000912,1.1608947269527035,0.2849645070861152,Doanh thu trung bình cao
fixture-user-217,24.0,5.0,280.0,21.0,2.0,2.0,1,0.09523809523809523,990.0,39.0,2,-0.2535021844261599,1.1515543709784555,0.11036450120739257,Nhóm hành vi còn lại
fixture-user-218,79.0,1.0,0.0,12.0,0.0,0.0,0,0.0,120.0,14.0,1,-4.177806227183311,0.009148059352104415,0.5663777413394052,Hoạt động gần nhất cách xa
fixture-user-219,17.0,8.0,0.0,27.0,12.0,3.0,0,0.4444444444444444,1690.0,69.0,0,1.4131920056243967,-1.4634770190954087,0.43800042229131814,Tỷ lệ thêm giỏ/xem cao
fixture-user-220,12.0,13.0,1000.0,40.0,9.0,6.0,3,0.225,2500.0,90.0,3,2.6355970708016336,1.085750837529916,0.34560189762492727,Doanh thu trung bình cao
fixture-user-221,25.0,6.0,300.0,22.0,3.0,2.0,1,0.13636363636363635,1000.0,40.0,2,0.020448779079346835,0.987424175304437,0.14043401059775606,Nhóm hành vi còn lại
fixture-user-222,80.0,2.0,0.0,13.0,0.0,0.0,0,0.0,130.0,15.0,1,-3.8452080923989924,0.04332455321405482,0.6691606922603189,Hoạt động gần nhất cách xa
fixture-user-223,18.0,9.0,0.0,28.0,13.0,3.0,0,0.4642857142857143,1700.0,70.0,0,1.534830031286699,-1.5309960415171668,0.49554732017099296,Tỷ lệ thêm giỏ/xem cao
fixture-user-224,13.0,14.0,1020.0,41.0,10.0,6.0,3,0.24390243902439024,2510.0,91.0,3,2.7262823845513653,1.0157588009747183,0.4029662204898221,Doanh thu trung bình cao
fixture-user-225,26.0,7.0,320.0,23.0,4.0,2.0,1,0.17391304347826086,1010.0,41.0,2,0.2541908963254575,0.8477774875328858,0.17321533289513408,Nhóm hành vi còn lại
fixture-user-226,81.0,3.0,0.0,14.0,0.0,0.0,0,0.0,140.0,16.0,1,-3.58892156885437,0.07130138670265128,0.7711842983243252,Hoạt động gần nhất cách xa
fixture-user-227,19.0,10.0,0.0,29.0,14.0,3.0,0,0.4827586206896552,1710.0,71.0,0,1.6472575587743377,-1.5937242188893985,0.5517615405408011,Tỷ lệ thêm giỏ/xem cao
fixture-user-228,14.0,12.0,1040.0,42.0,8.0,6.0,3,0.19047619047619047,2520.0,92.0,3,2.49670495094491,1.2290037398474845,0.5454645736096191,Doanh thu trung bình cao
fixture-user-229,27.0,5.0,340.0,24.0,2.0,2.0,1,0.08333333333333333,1020.0,42.0,2,-0.18230360796635595,1.2586072038036613,0.3675912090530475,Nhóm hành vi còn lại
fixture-user-230,82.0,1.0,0.0,15.0,0.0,0.0,0,0.0,150.0,17.0,1,-3.9196432407459767,0.05669108652696236,0.9282979885680404,Hoạt động gần nhất cách xa
fixture-user-231,20.0,8.0,0.0,30.0,12.0,3.0,0,0.4,1720.0,72.0,0,1.3793488527403,-1.3100407571216666,0.7263442280480706,Tỷ lệ thêm giỏ/xem cao
fixture-user-232,15.0,13.0,1060.0,43.0,9.0,6.0,3,0.20930232558139536,2530.0,93.0,3,2.5967783052258118,1.1568322528607358,0.5946167775727039,Doanh thu trung bình cao
fixture-user-233,28.0,6.0,360.0,25.0,3.0,2.0,1,0.12,1030.0,43.0,2,0.08266019726750658,1.1041566022540645,0.39313910571678706,Nhóm hành vi còn lại
fixture-user-234,83.0,2.0,0.0,16.0,0.0,0.0,0,0.0,160.0,18.0,1,-3.604202552262844,0.08767912367278557,1.0092869375057245,Hoạt động gần nhất cách xa
fixture-user-235,21.0,9.0,0.0,31.0,13.0,3.0,0,0.41935483870967744,1730.0,73.0,0,1.501059534575714,-1.376636657189004,0.7749808036540073,Tỷ lệ thêm giỏ/xem cao
fixture-user-236,16.0,14.0,1080.0,44.0,10.0,6.0,3,0.22727272727272727,2540.0,94.0,3,2.690427951437499,1.0894358139626867,0.6418324646043475,Doanh thu trung bình cao
fixture-user-237,29.0,7.0,380.0,26.0,4.0,2.0,1,0.15384615384615385,1040.0,44.0,2,0.3086623039800275,0.9723028927926293,0.4212803240192725,Nhóm hành vi còn lại
fixture-user-238,84.0,3.0,0.0,17.0,0.0,0.0,0,0.0,170.0,19.0,1,-3.3629925377313117,0.11286336793280101,1.0921119219662825,Hoạt động gần nhất cách xa
fixture-user-239,22.0,10.0,0.0,32.0,14.0,3.0,0,0.4375,1740.0,74.0,0,1.6136201785899058,-1.438893929708042,0.822869682767591,Tỷ lệ thêm giỏ/xem cao
fixture-user-240,2.0,12.0,800.0,30.0,8.0,6.0,3,0.26666666666666666,2400.0,80.0,3,2.949000201807968,0.9104099322153842,-1.040664161835835,Doanh thu trung bình cao
fixture-user-241,15.0,5.0,100.0,12.0,2.0,2.0,1,0.16666666666666666,900.0,30.0,2,-0.5125113090819994,0.5888915999238798,-0.9213435417374367,Nhóm hành vi còn lại
fixture-user-242,70.0,1.0,0.0,3.0,0.0,0.0,0,0.0,30.0,5.0,1,-5.653074755432996,-0.26751935962468665,-1.3948414954693151,Hoạt động gần nhất cách xa
fixture-user-243,8.0,8.0,0.0,18.0,12.0,3.0,0,0.6666666666666666,1600.0,60.0,0,1.667619505045523,-2.2053810991863303,-0.7744155991773559,Tỷ lệ thêm giỏ/xem cao
fixture-user-244,3.0,13.0,820.0,31.0,9.0,6.0,3,0.2903225806451613,2410.0,81.0,3,2.9722504279555224,0.8202064154922466,-0.8360402617366788,Doanh thu trung bình cao
fixture-user-245,16.0,6.0,120.0,13.0,3.0,2.0,1,0.23076923076923078,910.0,31.0,2,-0.18823476857859642,0.3875447576114711,-0.8693490403338631,Nhóm hành vi còn lại
fixture-user-246,71.0,2.0,0.0,4.0,0.0,0.0,0,0.0,40.0,6.0,1,-5.132931592866225,-0.19697308259203808,-1.0600968999130056,Hoạt động gần nhất cách xa
fixture-user-247,9.0,9.0,0.0,19.0,13.0,3.0,0,0.6842105263157895,1610.0,61.0,0,1.7765266448407788,-2.263702585114586,-0.6595478640554292,Tỷ lệ thêm giỏ/xem cao
fixture-user-248,4.0,14.0,840.0,32.0,10.0,6.0,3,0.3125,2420.0,82.0,3,3.01229401895736,0.7383363392983261,-0.6738605748864045,Doanh thu trung bình cao
fixture-user-249,17.0,7.0,140.0,14.0,4.0,2.0,1,0.2857142857142857,920.0,32.0,2,0.08566905022148885,0.22145490054473832,-0.8127372610551373,Nhóm hành vi còn lại
fixture-user-250,72.0,3.0,0.0,5.0,0.0,0.0,0,0.0,50.0,7.0,1,-4.734049758831314,-0.1415652227069219,-0.7803874603946023,Hoạt động gần nhất cách xa
fixture-user-251,10.0,10.0,0.0,20.0,14.0,3.0,0,0.7,1620.0,62.0,0,1.8778157374373483,-2.316152393098142,-0.5521462253135105,Tỷ lệ thêm giỏ/xem cao
fixture-user-252,5.0,12.0,860.0,33.0,8.0,6.0,3,0.24242424242424243,2430.0,83.0,3,2.7201358279717427,1.0010280153705131,-0.43135310572761704,Doanh thu trung bình cao
fixture-user-253,18.0,5.0,160.0,15.0,2.0,2.0,1,0.13333333333333333,930.0,33.0,2,-0.416368974045729,0.8413722469868408,-0.5202824835880352,Nhóm hành vi còn lại
fixture-user-254,73.0,1.0,0.0,6.0,0.0,0.0,0,0.0,60.0,8.0,1,-4.951827114160079,-0.13461517315522942,-0.48185008826089964,Hoạt động gần nhất cách xa
fixture-user-255,11.0,8.0,0.0,21.0,12.0,3.0,0,0.5714285714285714,1630.0,63.0,0,1.5440020110863266,-1.8916105529499507,-0.2894737393083827,Tỷ lệ thêm giỏ/xem cao
fixture-user-256,6.0,13.0,880.0,34.0,9.0,6.0,3,0.2647058823529412,2440.0,84.0,3,2.793205514756805,0.9179893295870694,-0.3181395540304275,Doanh thu trung bình cao
fixture-user-257,19.0,6.0,180.0,16.0,3.0,2.0,1,0.1875,940.0,34.0,2,-0.11506542133983415,0.6524097200437152,-0.47729764843711464,Nhóm hành vi còn lại
fixture-user-258,74.0,2.0,0.0,7.0,0.0,0.0,0,0.0,70.0,9.0,1,-4.544300503596412,-0.08616879017803282,-0.28512883644029735,Hoạt động gần nhất cách xa
fixture-user-259,12.0,9.0,0.0,22.0,13.0,3.0,0,0.5909090909090909,1640.0,64.0,0,1.6610803566223118,-1.956635720808595,-0.20216044539729697,Tỷ lệ thêm giỏ/xem cao
fixture-user-260,7.0,14.0,900.0,35.0,10.0,6.0,3,0.2857142857142857,2450.0,85.0,3,2.865809296514496,0.8413885834551914,-0.21799543117210443,Doanh thu trung bình cao
fixture-user-261,20.0,7.0,200.0,17.0,4.0,2.0,1,0.23529411764705882,950.0,35.0,2,0.1412081418293925,0.49422871537243757,-0.4309330555436214,Nhóm hành vi còn lại
fixture-user-262,75.0,3.0,0.0,8.0,0.0,0.0,0,0.0,80.0,10.0,1,-4.226355602128988,-0.04652353682671037,-0.10556235721929748,Hoạt động gần nhất cách xa
fixture-user-263,13.0,10.0,0.0,23.0,14.0,3.0,0,0.6086956521739131,1650.0,65.0,0,1.769348185040836,-2.015953016612214,-0.1188564273584944,Tỷ lệ thêm giỏ/xem cao
fixture-user-264,8.0,12.0,920.0,36.0,8.0,6.0,3,0.2222222222222222,2460.0,86.0,3,2.6063737094369293,1.0851522433954928,-0.028162481097520817,Doanh thu trung bình cao
fixture-user-265,21.0,5.0,220.0,18.0,2.0,2.0,1,0.1111111111111111,960.0,36.0,2,-0.331015161317517,1.017672557566975,-0.18189320559016225,Nhóm hành vi còn lại
fixture-user-266,76.0,1.0,0.0,9.0,0.0,0.0,0,0.0,90.0,11.0,1,-4.5053809003710175,-0.051404916593935875,0.11674763187868262,Hoạt động gần nhất cách xa
fixture-user-267,14.0,8.0,0.0,24.0,12.0,3.0,0,0.5,1660.0,66.0,0,1.4649328760198592,-1.6524200575582768,0.10500751195665843,Tỷ lệ thêm giỏ/xem cao
fixture-user-268,9.0,13.0,940.0,37.0,9.0,6.0,3,0.24324324324324326,2470.0,87.0,3,2.6956818339500837,1.0065237107878025,0.05075676314821963,Doanh thu trung bình cao
fixture-user-269,22.0,6.0,240.0,19.0,3.0,2.0,1,0.15789473684210525,970.0,37.0,2,-0.045442287582045944,0.842002022281944,-0.14614921568949865,Nhóm hành vi còn lại
fixture-user-270,77.0,2.0,0.0,10.0,0.0,0.0,0,0.0,100.0,12.0,1,-4.145933218700002,-0.012175282230817307,0.25338192247508057,Hoạt động gần nhất cách xa
fixture-user-271,15.0,9.0,0.0,25.0,13.0,3.0,0,0.52,1670.0,67.0,0,1.5853970707566725,-1.7197729720568595,0.17473155318197717,Tỷ lệ thêm giỏ/xem cao
fixture-user-272,10.0,14.0,960.0,38.0,10.0,6.0,3,0.2631578947368421,2480.0,88.0,3,2.7805820478578775,0.9335515526720264,0.12366456013755259,Doanh thu trung bình cao
fixture-user-273,23.0,7.0,260.0,20.0,4.0,2.0,1,0.2,980.0,38.0,2,0.19806579033115437,0.6934432518431779,-0.10747748554529173,Nhóm hành vi còn lại
fixture-user-274,78.0,3.0,0.0,11.0,0.0,0.0,0,0.0,110.0,13.0,1,-3.866786492395833,0.020083464757670286,0.3842998554068919,Hoạt động gần nhất cách xa
fixture-user-275,16.0,10.0,0.0,26.0,14.0,3.0,0,0.5384615384615384,1680.0,68.0,0,1.696701628351615,-1.7818534565886186,0.24216164621576905,Tỷ lệ thêm giỏ/xem cao
fixture-user-276,11.0,12.0,980.0,39.0,8.0,6.0,3,0.20512820512820512,2490.0,89.0,3,2.539096994000912,1.1608947269527035,0.2849645070861152,Doanh thu trung bình cao
fixture-user-277,24.0,5.0,280.0,21.0,2.0,2.0,1,0.09523809523809523,990.0,39.0,2,-0.2535021844261599,1.1515543709784555,0.11036450120739257,Nhóm hành vi còn lại
fixture-user-278,79.0,1.0,0.0,12.0,0.0,0.0,0,0.0,120.0,14.0,1,-4.177806227183311,0.009148059352104415,0.5663777413394052,Hoạt động gần nhất cách xa
fixture-user-279,17.0,8.0,0.0,27.0,12.0,3.0,0,0.4444444444444444,1690.0,69.0,0,1.4131920056243967,-1.4634770190954087,0.43800042229131814,Tỷ lệ thêm giỏ/xem cao
fixture-user-280,12.0,13.0,1000.0,40.0,9.0,6.0,3,0.225,2500.0,90.0,3,2.6355970708016336,1.085750837529916,0.34560189762492727,Doanh thu trung bình cao
fixture-user-281,25.0,6.0,300.0,22.0,3.0,2.0,1,0.13636363636363635,1000.0,40.0,2,0.020448779079346835,0.987424175304437,0.14043401059775606,Nhóm hành vi còn lại
fixture-user-282,80.0,2.0,0.0,13.0,0.0,0.0,0,0.0,130.0,15.0,1,-3.8452080923989924,0.04332455321405482,0.6691606922603189,Hoạt động gần nhất cách xa
fixture-user-283,18.0,9.0,0.0,28.0,13.0,3.0,0,0.4642857142857143,1700.0,70.0,0,1.534830031286699,-1.5309960415171668,0.49554732017099296,Tỷ lệ thêm giỏ/xem cao
fixture-user-284,13.0,14.0,1020.0,41.0,10.0,6.0,3,0.24390243902439024,2510.0,91.0,3,2.7262823845513653,1.0157588009747183,0.4029662204898221,Doanh thu trung bình cao
fixture-user-285,26.0,7.0,320.0,23.0,4.0,2.0,1,0.17391304347826086,1010.0,41.0,2,0.2541908963254575,0.8477774875328858,0.17321533289513408,Nhóm hành vi còn lại
fixture-user-286,81.0,3.0,0.0,14.0,0.0,0.0,0,0.0,140.0,16.0,1,-3.58892156885437,0.07130138670265128,0.7711842983243252,Hoạt động gần nhất cách xa
fixture-user-287,19.0,10.0,0.0,29.0,14.0,3.0,0,0.4827586206896552,1710.0,71.0,0,1.6472575587743377,-1.5937242188893985,0.5517615405408011,Tỷ lệ thêm giỏ/xem cao
fixture-user-288,14.0,12.0,1040.0,42.0,8.0,6.0,3,0.19047619047619047,2520.0,92.0,3,2.49670495094491,1.2290037398474845,0.5454645736096191,Doanh thu trung bình cao
fixture-user-289,27.0,5.0,340.0,24.0,2.0,2.0,1,0.08333333333333333,1020.0,42.0,2,-0.18230360796635595,1.2586072038036613,0.3675912090530475,Nhóm hành vi còn lại
fixture-user-290,82.0,1.0,0.0,15.0,0.0,0.0,0,0.0,150.0,17.0,1,-3.9196432407459767,0.05669108652696236,0.9282979885680404,Hoạt động gần nhất cách xa
fixture-user-291,20.0,8.0,0.0,30.0,12.0,3.0,0,0.4,1720.0,72.0,0,1.3793488527403,-1.3100407571216666,0.7263442280480706,Tỷ lệ thêm giỏ/xem cao
fixture-user-292,15.0,13.0,1060.0,43.0,9.0,6.0,3,0.20930232558139536,2530.0,93.0,3,2.5967783052258118,1.1568322528607358,0.5946167775727039,Doanh thu trung bình cao
fixture-user-293,28.0,6.0,360.0,25.0,3.0,2.0,1,0.12,1030.0,43.0,2,0.08266019726750658,1.1041566022540645,0.39313910571678706,Nhóm hành vi còn lại
fixture-user-294,83.0,2.0,0.0,16.0,0.0,0.0,0,0.0,160.0,18.0,1,-3.604202552262844,0.08767912367278557,1.0092869375057245,Hoạt động gần nhất cách xa
fixture-user-295,21.0,9.0,0.0,31.0,13.0,3.0,0,0.41935483870967744,1730.0,73.0,0,1.501059534575714,-1.376636657189004,0.7749808036540073,Tỷ lệ thêm giỏ/xem cao
fixture-user-296,16.0,14.0,1080.0,44.0,10.0,6.0,3,0.22727272727272727,2540.0,94.0,3,2.690427951437499,1.0894358139626867,0.6418324646043475,Doanh thu trung bình cao
fixture-user-297,29.0,7.0,380.0,26.0,4.0,2.0,1,0.15384615384615385,1040.0,44.0,2,0.3086623039800275,0.9723028927926293,0.4212803240192725,Nhóm hành vi còn lại
fixture-user-298,84.0,3.0,0.0,17.0,0.0,0.0,0,0.0,170.0,19.0,1,-3.3629925377313117,0.11286336793280101,1.0921119219662825,Hoạt động gần nhất cách xa
fixture-user-299,22.0,10.0,0.0,32.0,14.0,3.0,0,0.4375,1740.0,74.0,0,1.6136201785899058,-1.438893929708042,0.822869682767591,Tỷ lệ thêm giỏ/xem cao
fixture-user-300,2.0,12.0,800.0,30.0,8.0,6.0,3,0.26666666666666666,2400.0,80.0,3,2.949000201807968,0.9104099322153842,-1.040664161835835,Doanh thu trung bình cao
fixture-user-301,15.0,5.0,100.0,12.0,2.0,2.0,1,0.16666666666666666,900.0,30.0,2,-0.5125113090819994,0.5888915999238798,-0.9213435417374367,Nhóm hành vi còn lại
fixture-user-302,70.0,1.0,0.0,3.0,0.0,0.0,0,0.0,30.0,5.0,1,-5.653074755432996,-0.26751935962468665,-1.3948414954693151,Hoạt động gần nhất cách xa
fixture-user-303,8.0,8.0,0.0,18.0,12.0,3.0,0,0.6666666666666666,1600.0,60.0,0,1.667619505045523,-2.2053810991863303,-0.7744155991773559,Tỷ lệ thêm giỏ/xem cao
fixture-user-304,3.0,13.0,820.0,31.0,9.0,6.0,3,0.2903225806451613,2410.0,81.0,3,2.9722504279555224,0.8202064154922466,-0.8360402617366788,Doanh thu trung bình cao
fixture-user-305,16.0,6.0,120.0,13.0,3.0,2.0,1,0.23076923076923078,910.0,31.0,2,-0.18823476857859642,0.3875447576114711,-0.8693490403338631,Nhóm hành vi còn lại
fixture-user-306,71.0,2.0,0.0,4.0,0.0,0.0,0,0.0,40.0,6.0,1,-5.132931592866225,-0.19697308259203808,-1.0600968999130056,Hoạt động gần nhất cách xa
fixture-user-307,9.0,9.0,0.0,19.0,13.0,3.0,0,0.6842105263157895,1610.0,61.0,0,1.7765266448407788,-2.263702585114586,-0.6595478640554292,Tỷ lệ thêm giỏ/xem cao
fixture-user-308,4.0,14.0,840.0,32.0,10.0,6.0,3,0.3125,2420.0,82.0,3,3.01229401895736,0.7383363392983261,-0.6738605748864045,Doanh thu trung bình cao
fixture-user-309,17.0,7.0,140.0,14.0,4.0,2.0,1,0.2857142857142857,920.0,32.0,2,0.08566905022148885,0.22145490054473832,-0.8127372610551373,Nhóm hành vi còn lại
fixture-user-310,72.0,3.0,0.0,5.0,0.0,0.0,0,0.0,50.0,7.0,1,-4.734049758831314,-0.1415652227069219,-0.7803874603946023,Hoạt động gần nhất cách xa
fixture-user-311,10.0,10.0,0.0,20.0,14.0,3.0,0,0.7,1620.0,62.0,0,1.8778157374373483,-2.316152393098142,-0.5521462253135105,Tỷ lệ thêm giỏ/xem cao
fixture-user-312,5.0,12.0,860.0,33.0,8.0,6.0,3,0.24242424242424243,2430.0,83.0,3,2.7201358279717427,1.0010280153705131,-0.43135310572761704,Doanh thu trung bình cao
fixture-user-313,18.0,5.0,160.0,15.0,2.0,2.0,1,0.13333333333333333,930.0,33.0,2,-0.416368974045729,0.8413722469868408,-0.5202824835880352,Nhóm hành vi còn lại
fixture-user-314,73.0,1.0,0.0,6.0,0.0,0.0,0,0.0,60.0,8.0,1,-4.951827114160079,-0.13461517315522942,-0.48185008826089964,Hoạt động gần nhất cách xa
fixture-user-315,11.0,8.0,0.0,21.0,12.0,3.0,0,0.5714285714285714,1630.0,63.0,0,1.5440020110863266,-1.8916105529499507,-0.2894737393083827,Tỷ lệ thêm giỏ/xem cao
fixture-user-316,6.0,13.0,880.0,34.0,9.0,6.0,3,0.2647058823529412,2440.0,84.0,3,2.793205514756805,0.9179893295870694,-0.3181395540304275,Doanh thu trung bình cao
fixture-user-317,19.0,6.0,180.0,16.0,3.0,2.0,1,0.1875,940.0,34.0,2,-0.11506542133983415,0.6524097200437152,-0.47729764843711464,Nhóm hành vi còn lại
fixture-user-318,74.0,2.0,0.0,7.0,0.0,0.0,0,0.0,70.0,9.0,1,-4.544300503596412,-0.08616879017803282,-0.28512883644029735,Hoạt động gần nhất cách xa
fixture-user-319,12.0,9.0,0.0,22.0,13.0,3.0,0,0.5909090909090909,1640.0,64.0,0,1.6610803566223118,-1.956635720808595,-0.20216044539729697,Tỷ lệ thêm giỏ/xem cao
fixture-user-320,7.0,14.0,900.0,35.0,10.0,6.0,3,0.2857142857142857,2450.0,85.0,3,2.865809296514496,0.8413885834551914,-0.21799543117210443,Doanh thu trung bình cao
fixture-user-321,20.0,7.0,200.0,17.0,4.0,2.0,1,0.23529411764705882,950.0,35.0,2,0.1412081418293925,0.49422871537243757,-0.4309330555436214,Nhóm hành vi còn lại
fixture-user-322,75.0,3.0,0.0,8.0,0.0,0.0,0,0.0,80.0,10.0,1,-4.226355602128988,-0.04652353682671037,-0.10556235721929748,Hoạt động gần nhất cách xa
fixture-user-323,13.0,10.0,0.0,23.0,14.0,3.0,0,0.6086956521739131,1650.0,65.0,0,1.769348185040836,-2.015953016612214,-0.1188564273584944,Tỷ lệ thêm giỏ/xem cao
fixture-user-324,8.0,12.0,920.0,36.0,8.0,6.0,3,0.2222222222222222,2460.0,86.0,3,2.6063737094369293,1.0851522433954928,-0.028162481097520817,Doanh thu trung bình cao
fixture-user-325,21.0,5.0,220.0,18.0,2.0,2.0,1,0.1111111111111111,960.0,36.0,2,-0.331015161317517,1.017672557566975,-0.18189320559016225,Nhóm hành vi còn lại
fixture-user-326,76.0,1.0,0.0,9.0,0.0,0.0,0,0.0,90.0,11.0,1,-4.5053809003710175,-0.051404916593935875,0.11674763187868262,Hoạt động gần nhất cách xa
fixture-user-327,14.0,8.0,0.0,24.0,12.0,3.0,0,0.5,1660.0,66.0,0,1.4649328760198592,-1.6524200575582768,0.10500751195665843,Tỷ lệ thêm giỏ/xem cao
fixture-user-328,9.0,13.0,940.0,37.0,9.0,6.0,3,0.24324324324324326,2470.0,87.0,3,2.6956818339500837,1.0065237107878025,0.05075676314821963,Doanh thu trung bình cao
fixture-user-329,22.0,6.0,240.0,19.0,3.0,2.0,1,0.15789473684210525,970.0,37.0,2,-0.045442287582045944,0.842002022281944,-0.14614921568949865,Nhóm hành vi còn lại
fixture-user-330,77.0,2.0,0.0,10.0,0.0,0.0,0,0.0,100.0,12.0,1,-4.145933218700002,-0.012175282230817307,0.25338192247508057,Hoạt động gần nhất cách xa
fixture-user-331,15.0,9.0,0.0,25.0,13.0,3.0,0,0.52,1670.0,67.0,0,1.5853970707566725,-1.7197729720568595,0.17473155318197717,Tỷ lệ thêm giỏ/xem cao
fixture-user-332,10.0,14.0,960.0,38.0,10.0,6.0,3,0.2631578947368421,2480.0,88.0,3,2.7805820478578775,0.9335515526720264,0.12366456013755259,Doanh thu trung bình cao
fixture-user-333,23.0,7.0,260.0,20.0,4.0,2.0,1,0.2,980.0,38.0,2,0.19806579033115437,0.6934432518431779,-0.10747748554529173,Nhóm hành vi còn lại
fixture-user-334,78.0,3.0,0.0,11.0,0.0,0.0,0,0.0,110.0,13.0,1,-3.866786492395833,0.020083464757670286,0.3842998554068919,Hoạt động gần nhất cách xa
fixture-user-335,16.0,10.0,0.0,26.0,14.0,3.0,0,0.5384615384615384,1680.0,68.0,0,1.696701628351615,-1.7818534565886186,0.24216164621576905,Tỷ lệ thêm giỏ/xem cao
fixture-user-336,11.0,12.0,980.0,39.0,8.0,6.0,3,0.20512820512820512,2490.0,89.0,3,2.539096994000912,1.1608947269527035,0.2849645070861152,Doanh thu trung bình cao
fixture-user-337,24.0,5.0,280.0,21.0,2.0,2.0,1,0.09523809523809523,990.0,39.0,2,-0.2535021844261599,1.1515543709784555,0.11036450120739257,Nhóm hành vi còn lại
fixture-user-338,79.0,1.0,0.0,12.0,0.0,0.0,0,0.0,120.0,14.0,1,-4.177806227183311,0.009148059352104415,0.5663777413394052,Hoạt động gần nhất cách xa
fixture-user-339,17.0,8.0,0.0,27.0,12.0,3.0,0,0.4444444444444444,1690.0,69.0,0,1.4131920056243967,-1.4634770190954087,0.43800042229131814,Tỷ lệ thêm giỏ/xem cao
fixture-user-340,12.0,13.0,1000.0,40.0,9.0,6.0,3,0.225,2500.0,90.0,3,2.6355970708016336,1.085750837529916,0.34560189762492727,Doanh thu trung bình cao
fixture-user-341,25.0,6.0,300.0,22.0,3.0,2.0,1,0.13636363636363635,1000.0,40.0,2,0.020448779079346835,0.987424175304437,0.14043401059775606,Nhóm hành vi còn lại
fixture-user-342,80.0,2.0,0.0,13.0,0.0,0.0,0,0.0,130.0,15.0,1,-3.8452080923989924,0.04332455321405482,0.6691606922603189,Hoạt động gần nhất cách xa
fixture-user-343,18.0,9.0,0.0,28.0,13.0,3.0,0,0.4642857142857143,1700.0,70.0,0,1.534830031286699,-1.5309960415171668,0.49554732017099296,Tỷ lệ thêm giỏ/xem cao
fixture-user-344,13.0,14.0,1020.0,41.0,10.0,6.0,3,0.24390243902439024,2510.0,91.0,3,2.7262823845513653,1.0157588009747183,0.4029662204898221,Doanh thu trung bình cao
fixture-user-345,26.0,7.0,320.0,23.0,4.0,2.0,1,0.17391304347826086,1010.0,41.0,2,0.2541908963254575,0.8477774875328858,0.17321533289513408,Nhóm hành vi còn lại
fixture-user-346,81.0,3.0,0.0,14.0,0.0,0.0,0,0.0,140.0,16.0,1,-3.58892156885437,0.07130138670265128,0.7711842983243252,Hoạt động gần nhất cách xa
fixture-user-347,19.0,10.0,0.0,29.0,14.0,3.0,0,0.4827586206896552,1710.0,71.0,0,1.6472575587743377,-1.5937242188893985,0.5517615405408011,Tỷ lệ thêm giỏ/xem cao
fixture-user-348,14.0,12.0,1040.0,42.0,8.0,6.0,3,0.19047619047619047,2520.0,92.0,3,2.49670495094491,1.2290037398474845,0.5454645736096191,Doanh thu trung bình cao
fixture-user-349,27.0,5.0,340.0,24.0,2.0,2.0,1,0.08333333333333333,1020.0,42.0,2,-0.18230360796635595,1.2586072038036613,0.3675912090530475,Nhóm hành vi còn lại
fixture-user-350,82.0,1.0,0.0,15.0,0.0,0.0,0,0.0,150.0,17.0,1,-3.9196432407459767,0.05669108652696236,0.9282979885680404,Hoạt động gần nhất cách xa
fixture-user-351,20.0,8.0,0.0,30.0,12.0,3.0,0,0.4,1720.0,72.0,0,1.3793488527403,-1.3100407571216666,0.7263442280480706,Tỷ lệ thêm giỏ/xem cao
fixture-user-352,15.0,13.0,1060.0,43.0,9.0,6.0,3,0.20930232558139536,2530.0,93.0,3,2.5967783052258118,1.1568322528607358,0.5946167775727039,Doanh thu trung bình cao
fixture-user-353,28.0,6.0,360.0,25.0,3.0,2.0,1,0.12,1030.0,43.0,2,0.08266019726750658,1.1041566022540645,0.39313910571678706,Nhóm hành vi còn lại
fixture-user-354,83.0,2.0,0.0,16.0,0.0,0.0,0,0.0,160.0,18.0,1,-3.604202552262844,0.08767912367278557,1.0092869375057245,Hoạt động gần nhất cách xa
fixture-user-355,21.0,9.0,0.0,31.0,13.0,3.0,0,0.41935483870967744,1730.0,73.0,0,1.501059534575714,-1.376636657189004,0.7749808036540073,Tỷ lệ thêm giỏ/xem cao
fixture-user-356,16.0,14.0,1080.0,44.0,10.0,6.0,3,0.22727272727272727,2540.0,94.0,3,2.690427951437499,1.0894358139626867,0.6418324646043475,Doanh thu trung bình cao
fixture-user-357,29.0,7.0,380.0,26.0,4.0,2.0,1,0.15384615384615385,1040.0,44.0,2,0.3086623039800275,0.9723028927926293,0.4212803240192725,Nhóm hành vi còn lại
fixture-user-358,84.0,3.0,0.0,17.0,0.0,0.0,0,0.0,170.0,19.0,1,-3.3629925377313117,0.11286336793280101,1.0921119219662825,Hoạt động gần nhất cách xa
fixture-user-359,22.0,10.0,0.0,32.0,14.0,3.0,0,0.4375,1740.0,74.0,0,1.6136201785899058,-1.438893929708042,0.822869682767591,Tỷ lệ thêm giỏ/xem cao
fixture-user-360,2.0,12.0,800.0,30.0,8.0,6.0,3,0.26666666666666666,2400.0,80.0,3,2.949000201807968,0.9104099322153842,-1.040664161835835,Doanh thu trung bình cao
fixture-user-361,15.0,5.0,100.0,12.0,2.0,2.0,1,0.16666666666666666,900.0,30.0,2,-0.5125113090819994,0.5888915999238798,-0.9213435417374367,Nhóm hành vi còn lại
fixture-user-362,70.0,1.0,0.0,3.0,0.0,0.0,0,0.0,30.0,5.0,1,-5.653074755432996,-0.26751935962468665,-1.3948414954693151,Hoạt động gần nhất cách xa
fixture-user-363,8.0,8.0,0.0,18.0,12.0,3.0,0,0.6666666666666666,1600.0,60.0,0,1.667619505045523,-2.2053810991863303,-0.7744155991773559,Tỷ lệ thêm giỏ/xem cao
fixture-user-364,3.0,13.0,820.0,31.0,9.0,6.0,3,0.2903225806451613,2410.0,81.0,3,2.9722504279555224,0.8202064154922466,-0.8360402617366788,Doanh thu trung bình cao
fixture-user-365,16.0,6.0,120.0,13.0,3.0,2.0,1,0.23076923076923078,910.0,31.0,2,-0.18823476857859642,0.3875447576114711,-0.8693490403338631,Nhóm hành vi còn lại
fixture-user-366,71.0,2.0,0.0,4.0,0.0,0.0,0,0.0,40.0,6.0,1,-5.132931592866225,-0.19697308259203808,-1.0600968999130056,Hoạt động gần nhất cách xa
fixture-user-367,9.0,9.0,0.0,19.0,13.0,3.0,0,0.6842105263157895,1610.0,61.0,0,1.7765266448407788,-2.263702585114586,-0.6595478640554292,Tỷ lệ thêm giỏ/xem cao
fixture-user-368,4.0,14.0,840.0,32.0,10.0,6.0,3,0.3125,2420.0,82.0,3,3.01229401895736,0.7383363392983261,-0.6738605748864045,Doanh thu trung bình cao
fixture-user-369,17.0,7.0,140.0,14.0,4.0,2.0,1,0.2857142857142857,920.0,32.0,2,0.08566905022148885,0.22145490054473832,-0.8127372610551373,Nhóm hành vi còn lại
fixture-user-370,72.0,3.0,0.0,5.0,0.0,0.0,0,0.0,50.0,7.0,1,-4.734049758831314,-0.1415652227069219,-0.7803874603946023,Hoạt động gần nhất cách xa
fixture-user-371,10.0,10.0,0.0,20.0,14.0,3.0,0,0.7,1620.0,62.0,0,1.8778157374373483,-2.316152393098142,-0.5521462253135105,Tỷ lệ thêm giỏ/xem cao
fixture-user-372,5.0,12.0,860.0,33.0,8.0,6.0,3,0.24242424242424243,2430.0,83.0,3,2.7201358279717427,1.0010280153705131,-0.43135310572761704,Doanh thu trung bình cao
fixture-user-373,18.0,5.0,160.0,15.0,2.0,2.0,1,0.13333333333333333,930.0,33.0,2,-0.416368974045729,0.8413722469868408,-0.5202824835880352,Nhóm hành vi còn lại
fixture-user-374,73.0,1.0,0.0,6.0,0.0,0.0,0,0.0,60.0,8.0,1,-4.951827114160079,-0.13461517315522942,-0.48185008826089964,Hoạt động gần nhất cách xa
fixture-user-375,11.0,8.0,0.0,21.0,12.0,3.0,0,0.5714285714285714,1630.0,63.0,0,1.5440020110863266,-1.8916105529499507,-0.2894737393083827,Tỷ lệ thêm giỏ/xem cao
fixture-user-376,6.0,13.0,880.0,34.0,9.0,6.0,3,0.2647058823529412,2440.0,84.0,3,2.793205514756805,0.9179893295870694,-0.3181395540304275,Doanh thu trung bình cao
fixture-user-377,19.0,6.0,180.0,16.0,3.0,2.0,1,0.1875,940.0,34.0,2,-0.11506542133983415,0.6524097200437152,-0.47729764843711464,Nhóm hành vi còn lại
fixture-user-378,74.0,2.0,0.0,7.0,0.0,0.0,0,0.0,70.0,9.0,1,-4.544300503596412,-0.08616879017803282,-0.28512883644029735,Hoạt động gần nhất cách xa
fixture-user-379,12.0,9.0,0.0,22.0,13.0,3.0,0,0.5909090909090909,1640.0,64.0,0,1.6610803566223118,-1.956635720808595,-0.20216044539729697,Tỷ lệ thêm giỏ/xem cao
fixture-user-380,7.0,14.0,900.0,35.0,10.0,6.0,3,0.2857142857142857,2450.0,85.0,3,2.865809296514496,0.8413885834551914,-0.21799543117210443,Doanh thu trung bình cao
fixture-user-381,20.0,7.0,200.0,17.0,4.0,2.0,1,0.23529411764705882,950.0,35.0,2,0.1412081418293925,0.49422871537243757,-0.4309330555436214,Nhóm hành vi còn lại
fixture-user-382,75.0,3.0,0.0,8.0,0.0,0.0,0,0.0,80.0,10.0,1,-4.226355602128988,-0.04652353682671037,-0.10556235721929748,Hoạt động gần nhất cách xa
fixture-user-383,13.0,10.0,0.0,23.0,14.0,3.0,0,0.6086956521739131,1650.0,65.0,0,1.769348185040836,-2.015953016612214,-0.1188564273584944,Tỷ lệ thêm giỏ/xem cao
fixture-user-384,8.0,12.0,920.0,36.0,8.0,6.0,3,0.2222222222222222,2460.0,86.0,3,2.6063737094369293,1.0851522433954928,-0.028162481097520817,Doanh thu trung bình cao
fixture-user-385,21.0,5.0,220.0,18.0,2.0,2.0,1,0.1111111111111111,960.0,36.0,2,-0.331015161317517,1.017672557566975,-0.18189320559016225,Nhóm hành vi còn lại
fixture-user-386,76.0,1.0,0.0,9.0,0.0,0.0,0,0.0,90.0,11.0,1,-4.5053809003710175,-0.051404916593935875,0.11674763187868262,Hoạt động gần nhất cách xa
fixture-user-387,14.0,8.0,0.0,24.0,12.0,3.0,0,0.5,1660.0,66.0,0,1.4649328760198592,-1.6524200575582768,0.10500751195665843,Tỷ lệ thêm giỏ/xem cao
fixture-user-388,9.0,13.0,940.0,37.0,9.0,6.0,3,0.24324324324324326,2470.0,87.0,3,2.6956818339500837,1.0065237107878025,0.05075676314821963,Doanh thu trung bình cao
fixture-user-389,22.0,6.0,240.0,19.0,3.0,2.0,1,0.15789473684210525,970.0,37.0,2,-0.045442287582045944,0.842002022281944,-0.14614921568949865,Nhóm hành vi còn lại
fixture-user-390,77.0,2.0,0.0,10.0,0.0,0.0,0,0.0,100.0,12.0,1,-4.145933218700002,-0.012175282230817307,0.25338192247508057,Hoạt động gần nhất cách xa
fixture-user-391,15.0,9.0,0.0,25.0,13.0,3.0,0,0.52,1670.0,67.0,0,1.5853970707566725,-1.7197729720568595,0.17473155318197717,Tỷ lệ thêm giỏ/xem cao
fixture-user-392,10.0,14.0,960.0,38.0,10.0,6.0,3,0.2631578947368421,2480.0,88.0,3,2.7805820478578775,0.9335515526720264,0.12366456013755259,Doanh thu trung bình cao
fixture-user-393,23.0,7.0,260.0,20.0,4.0,2.0,1,0.2,980.0,38.0,2,0.19806579033115437,0.6934432518431779,-0.10747748554529173,Nhóm hành vi còn lại
fixture-user-394,78.0,3.0,0.0,11.0,0.0,0.0,0,0.0,110.0,13.0,1,-3.866786492395833,0.020083464757670286,0.3842998554068919,Hoạt động gần nhất cách xa
fixture-user-395,16.0,10.0,0.0,26.0,14.0,3.0,0,0.5384615384615384,1680.0,68.0,0,1.696701628351615,-1.7818534565886186,0.24216164621576905,Tỷ lệ thêm giỏ/xem cao
fixture-user-396,11.0,12.0,980.0,39.0,8.0,6.0,3,0.20512820512820512,2490.0,89.0,3,2.539096994000912,1.1608947269527035,0.2849645070861152,Doanh thu trung bình cao
fixture-user-397,24.0,5.0,280.0,21.0,2.0,2.0,1,0.09523809523809523,990.0,39.0,2,-0.2535021844261599,1.1515543709784555,0.11036450120739257,Nhóm hành vi còn lại
fixture-user-398,79.0,1.0,0.0,12.0,0.0,0.0,0,0.0,120.0,14.0,1,-4.177806227183311,0.009148059352104415,0.5663777413394052,Hoạt động gần nhất cách xa
fixture-user-399,17.0,8.0,0.0,27.0,12.0,3.0,0,0.4444444444444444,1690.0,69.0,0,1.4131920056243967,-1.4634770190954087,0.43800042229131814,Tỷ lệ thêm giỏ/xem cao
fixture-user-400,12.0,13.0,1000.0,40.0,9.0,6.0,3,0.225,2500.0,90.0,3,2.6355970708016336,1.085750837529916,0.34560189762492727,Doanh thu trung bình cao
fixture-user-401,25.0,6.0,300.0,22.0,3.0,2.0,1,0.13636363636363635,1000.0,40.0,2,0.020448779079346835,0.987424175304437,0.14043401059775606,Nhóm hành vi còn lại
fixture-user-402,80.0,2.0,0.0,13.0,0.0,0.0,0,0.0,130.0,15.0,1,-3.8452080923989924,0.04332455321405482,0.6691606922603189,Hoạt động gần nhất cách xa
fixture-user-403,18.0,9.0,0.0,28.0,13.0,3.0,0,0.4642857142857143,1700.0,70.0,0,1.534830031286699,-1.5309960415171668,0.49554732017099296,Tỷ lệ thêm giỏ/xem cao
fixture-user-404,13.0,14.0,1020.0,41.0,10.0,6.0,3,0.24390243902439024,2510.0,91.0,3,2.7262823845513653,1.0157588009747183,0.4029662204898221,Doanh thu trung bình cao
fixture-user-405,26.0,7.0,320.0,23.0,4.0,2.0,1,0.17391304347826086,1010.0,41.0,2,0.2541908963254575,0.8477774875328858,0.17321533289513408,Nhóm hành vi còn lại
fixture-user-406,81.0,3.0,0.0,14.0,0.0,0.0,0,0.0,140.0,16.0,1,-3.58892156885437,0.07130138670265128,0.7711842983243252,Hoạt động gần nhất cách xa
fixture-user-407,19.0,10.0,0.0,29.0,14.0,3.0,0,0.4827586206896552,1710.0,71.0,0,1.6472575587743377,-1.5937242188893985,0.5517615405408011,Tỷ lệ thêm giỏ/xem cao
fixture-user-408,14.0,12.0,1040.0,42.0,8.0,6.0,3,0.19047619047619047,2520.0,92.0,3,2.49670495094491,1.2290037398474845,0.5454645736096191,Doanh thu trung bình cao
fixture-user-409,27.0,5.0,340.0,24.0,2.0,2.0,1,0.08333333333333333,1020.0,42.0,2,-0.18230360796635595,1.2586072038036613,0.3675912090530475,Nhóm hành vi còn lại
fixture-user-410,82.0,1.0,0.0,15.0,0.0,0.0,0,0.0,150.0,17.0,1,-3.9196432407459767,0.05669108652696236,0.9282979885680404,Hoạt động gần nhất cách xa
fixture-user-411,20.0,8.0,0.0,30.0,12.0,3.0,0,0.4,1720.0,72.0,0,1.3793488527403,-1.3100407571216666,0.7263442280480706,Tỷ lệ thêm giỏ/xem cao
fixture-user-412,15.0,13.0,1060.0,43.0,9.0,6.0,3,0.20930232558139536,2530.0,93.0,3,2.5967783052258118,1.1568322528607358,0.5946167775727039,Doanh thu trung bình cao
fixture-user-413,28.0,6.0,360.0,25.0,3.0,2.0,1,0.12,1030.0,43.0,2,0.08266019726750658,1.1041566022540645,0.39313910571678706,Nhóm hành vi còn lại
fixture-user-414,83.0,2.0,0.0,16.0,0.0,0.0,0,0.0,160.0,18.0,1,-3.604202552262844,0.08767912367278557,1.0092869375057245,Hoạt động gần nhất cách xa
fixture-user-415,21.0,9.0,0.0,31.0,13.0,3.0,0,0.41935483870967744,1730.0,73.0,0,1.501059534575714,-1.376636657189004,0.7749808036540073,Tỷ lệ thêm giỏ/xem cao
fixture-user-416,16.0,14.0,1080.0,44.0,10.0,6.0,3,0.22727272727272727,2540.0,94.0,3,2.690427951437499,1.0894358139626867,0.6418324646043475,Doanh thu trung bình cao
fixture-user-417,29.0,7.0,380.0,26.0,4.0,2.0,1,0.15384615384615385,1040.0,44.0,2,0.3086623039800275,0.9723028927926293,0.4212803240192725,Nhóm hành vi còn lại
fixture-user-418,84.0,3.0,0.0,17.0,0.0,0.0,0,0.0,170.0,19.0,1,-3.3629925377313117,0.11286336793280101,1.0921119219662825,Hoạt động gần nhất cách xa
fixture-user-419,22.0,10.0,0.0,32.0,14.0,3.0,0,0.4375,1740.0,74.0,0,1.6136201785899058,-1.438893929708042,0.822869682767591,Tỷ lệ thêm giỏ/xem cao
fixture-user-420,2.0,12.0,800.0,30.0,8.0,6.0,3,0.26666666666666666,2400.0,80.0,3,2.949000201807968,0.9104099322153842,-1.040664161835835,Doanh thu trung bình cao
fixture-user-421,15.0,5.0,100.0,12.0,2.0,2.0,1,0.16666666666666666,900.0,30.0,2,-0.5125113090819994,0.5888915999238798,-0.9213435417374367,Nhóm hành vi còn lại
fixture-user-422,70.0,1.0,0.0,3.0,0.0,0.0,0,0.0,30.0,5.0,1,-5.653074755432996,-0.26751935962468665,-1.3948414954693151,Hoạt động gần nhất cách xa
fixture-user-423,8.0,8.0,0.0,18.0,12.0,3.0,0,0.6666666666666666,1600.0,60.0,0,1.667619505045523,-2.2053810991863303,-0.7744155991773559,Tỷ lệ thêm giỏ/xem cao
fixture-user-424,3.0,13.0,820.0,31.0,9.0,6.0,3,0.2903225806451613,2410.0,81.0,3,2.9722504279555224,0.8202064154922466,-0.8360402617366788,Doanh thu trung bình cao
fixture-user-425,16.0,6.0,120.0,13.0,3.0,2.0,1,0.23076923076923078,910.0,31.0,2,-0.18823476857859642,0.3875447576114711,-0.8693490403338631,Nhóm hành vi còn lại
fixture-user-426,71.0,2.0,0.0,4.0,0.0,0.0,0,0.0,40.0,6.0,1,-5.132931592866225,-0.19697308259203808,-1.0600968999130056,Hoạt động gần nhất cách xa
fixture-user-427,9.0,9.0,0.0,19.0,13.0,3.0,0,0.6842105263157895,1610.0,61.0,0,1.7765266448407788,-2.263702585114586,-0.6595478640554292,Tỷ lệ thêm giỏ/xem cao
fixture-user-428,4.0,14.0,840.0,32.0,10.0,6.0,3,0.3125,2420.0,82.0,3,3.01229401895736,0.7383363392983261,-0.6738605748864045,Doanh thu trung bình cao
fixture-user-429,17.0,7.0,140.0,14.0,4.0,2.0,1,0.2857142857142857,920.0,32.0,2,0.08566905022148885,0.22145490054473832,-0.8127372610551373,Nhóm hành vi còn lại
fixture-user-430,72.0,3.0,0.0,5.0,0.0,0.0,0,0.0,50.0,7.0,1,-4.734049758831314,-0.1415652227069219,-0.7803874603946023,Hoạt động gần nhất cách xa
fixture-user-431,10.0,10.0,0.0,20.0,14.0,3.0,0,0.7,1620.0,62.0,0,1.8778157374373483,-2.316152393098142,-0.5521462253135105,Tỷ lệ thêm giỏ/xem cao
fixture-user-432,5.0,12.0,860.0,33.0,8.0,6.0,3,0.24242424242424243,2430.0,83.0,3,2.7201358279717427,1.0010280153705131,-0.43135310572761704,Doanh thu trung bình cao
fixture-user-433,18.0,5.0,160.0,15.0,2.0,2.0,1,0.13333333333333333,930.0,33.0,2,-0.416368974045729,0.8413722469868408,-0.5202824835880352,Nhóm hành vi còn lại
fixture-user-434,73.0,1.0,0.0,6.0,0.0,0.0,0,0.0,60.0,8.0,1,-4.951827114160079,-0.13461517315522942,-0.48185008826089964,Hoạt động gần nhất cách xa
fixture-user-435,11.0,8.0,0.0,21.0,12.0,3.0,0,0.5714285714285714,1630.0,63.0,0,1.5440020110863266,-1.8916105529499507,-0.2894737393083827,Tỷ lệ thêm giỏ/xem cao
fixture-user-436,6.0,13.0,880.0,34.0,9.0,6.0,3,0.2647058823529412,2440.0,84.0,3,2.793205514756805,0.9179893295870694,-0.3181395540304275,Doanh thu trung bình cao
fixture-user-437,19.0,6.0,180.0,16.0,3.0,2.0,1,0.1875,940.0,34.0,2,-0.11506542133983415,0.6524097200437152,-0.47729764843711464,Nhóm hành vi còn lại
fixture-user-438,74.0,2.0,0.0,7.0,0.0,0.0,0,0.0,70.0,9.0,1,-4.544300503596412,-0.08616879017803282,-0.28512883644029735,Hoạt động gần nhất cách xa
fixture-user-439,12.0,9.0,0.0,22.0,13.0,3.0,0,0.5909090909090909,1640.0,64.0,0,1.6610803566223118,-1.956635720808595,-0.20216044539729697,Tỷ lệ thêm giỏ/xem cao
fixture-user-440,7.0,14.0,900.0,35.0,10.0,6.0,3,0.2857142857142857,2450.0,85.0,3,2.865809296514496,0.8413885834551914,-0.21799543117210443,Doanh thu trung bình cao
fixture-user-441,20.0,7.0,200.0,17.0,4.0,2.0,1,0.23529411764705882,950.0,35.0,2,0.1412081418293925,0.49422871537243757,-0.4309330555436214,Nhóm hành vi còn lại
fixture-user-442,75.0,3.0,0.0,8.0,0.0,0.0,0,0.0,80.0,10.0,1,-4.226355602128988,-0.04652353682671037,-0.10556235721929748,Hoạt động gần nhất cách xa
fixture-user-443,13.0,10.0,0.0,23.0,14.0,3.0,0,0.6086956521739131,1650.0,65.0,0,1.769348185040836,-2.015953016612214,-0.1188564273584944,Tỷ lệ thêm giỏ/xem cao
fixture-user-444,8.0,12.0,920.0,36.0,8.0,6.0,3,0.2222222222222222,2460.0,86.0,3,2.6063737094369293,1.0851522433954928,-0.028162481097520817,Doanh thu trung bình cao
fixture-user-445,21.0,5.0,220.0,18.0,2.0,2.0,1,0.1111111111111111,960.0,36.0,2,-0.331015161317517,1.017672557566975,-0.18189320559016225,Nhóm hành vi còn lại
fixture-user-446,76.0,1.0,0.0,9.0,0.0,0.0,0,0.0,90.0,11.0,1,-4.5053809003710175,-0.051404916593935875,0.11674763187868262,Hoạt động gần nhất cách xa
fixture-user-447,14.0,8.0,0.0,24.0,12.0,3.0,0,0.5,1660.0,66.0,0,1.4649328760198592,-1.6524200575582768,0.10500751195665843,Tỷ lệ thêm giỏ/xem cao
fixture-user-448,9.0,13.0,940.0,37.0,9.0,6.0,3,0.24324324324324326,2470.0,87.0,3,2.6956818339500837,1.0065237107878025,0.05075676314821963,Doanh thu trung bình cao
fixture-user-449,22.0,6.0,240.0,19.0,3.0,2.0,1,0.15789473684210525,970.0,37.0,2,-0.045442287582045944,0.842002022281944,-0.14614921568949865,Nhóm hành vi còn lại
fixture-user-450,77.0,2.0,0.0,10.0,0.0,0.0,0,0.0,100.0,12.0,1,-4.145933218700002,-0.012175282230817307,0.25338192247508057,Hoạt động gần nhất cách xa
fixture-user-451,15.0,9.0,0.0,25.0,13.0,3.0,0,0.52,1670.0,67.0,0,1.5853970707566725,-1.7197729720568595,0.17473155318197717,Tỷ lệ thêm giỏ/xem cao
fixture-user-452,10.0,14.0,960.0,38.0,10.0,6.0,3,0.2631578947368421,2480.0,88.0,3,2.7805820478578775,0.9335515526720264,0.12366456013755259,Doanh thu trung bình cao
fixture-user-453,23.0,7.0,260.0,20.0,4.0,2.0,1,0.2,980.0,38.0,2,0.19806579033115437,0.6934432518431779,-0.10747748554529173,Nhóm hành vi còn lại
fixture-user-454,78.0,3.0,0.0,11.0,0.0,0.0,0,0.0,110.0,13.0,1,-3.866786492395833,0.020083464757670286,0.3842998554068919,Hoạt động gần nhất cách xa
fixture-user-455,16.0,10.0,0.0,26.0,14.0,3.0,0,0.5384615384615384,1680.0,68.0,0,1.696701628351615,-1.7818534565886186,0.24216164621576905,Tỷ lệ thêm giỏ/xem cao
fixture-user-456,11.0,12.0,980.0,39.0,8.0,6.0,3,0.20512820512820512,2490.0,89.0,3,2.539096994000912,1.1608947269527035,0.2849645070861152,Doanh thu trung bình cao
fixture-user-457,24.0,5.0,280.0,21.0,2.0,2.0,1,0.09523809523809523,990.0,39.0,2,-0.2535021844261599,1.1515543709784555,0.11036450120739257,Nhóm hành vi còn lại
fixture-user-458,79.0,1.0,0.0,12.0,0.0,0.0,0,0.0,120.0,14.0,1,-4.177806227183311,0.009148059352104415,0.5663777413394052,Hoạt động gần nhất cách xa
fixture-user-459,17.0,8.0,0.0,27.0,12.0,3.0,0,0.4444444444444444,1690.0,69.0,0,1.4131920056243967,-1.4634770190954087,0.43800042229131814,Tỷ lệ thêm giỏ/xem cao
fixture-user-460,12.0,13.0,1000.0,40.0,9.0,6.0,3,0.225,2500.0,90.0,3,2.6355970708016336,1.085750837529916,0.34560189762492727,Doanh thu trung bình cao
fixture-user-461,25.0,6.0,300.0,22.0,3.0,2.0,1,0.13636363636363635,1000.0,40.0,2,0.020448779079346835,0.987424175304437,0.14043401059775606,Nhóm hành vi còn lại
fixture-user-462,80.0,2.0,0.0,13.0,0.0,0.0,0,0.0,130.0,15.0,1,-3.8452080923989924,0.04332455321405482,0.6691606922603189,Hoạt động gần nhất cách xa
fixture-user-463,18.0,9.0,0.0,28.0,13.0,3.0,0,0.4642857142857143,1700.0,70.0,0,1.534830031286699,-1.5309960415171668,0.49554732017099296,Tỷ lệ thêm giỏ/xem cao
fixture-user-464,13.0,14.0,1020.0,41.0,10.0,6.0,3,0.24390243902439024,2510.0,91.0,3,2.7262823845513653,1.0157588009747183,0.4029662204898221,Doanh thu trung bình cao
fixture-user-465,26.0,7.0,320.0,23.0,4.0,2.0,1,0.17391304347826086,1010.0,41.0,2,0.2541908963254575,0.8477774875328858,0.17321533289513408,Nhóm hành vi còn lại
fixture-user-466,81.0,3.0,0.0,14.0,0.0,0.0,0,0.0,140.0,16.0,1,-3.58892156885437,0.07130138670265128,0.7711842983243252,Hoạt động gần nhất cách xa
fixture-user-467,19.0,10.0,0.0,29.0,14.0,3.0,0,0.4827586206896552,1710.0,71.0,0,1.6472575587743377,-1.5937242188893985,0.5517615405408011,Tỷ lệ thêm giỏ/xem cao
fixture-user-468,14.0,12.0,1040.0,42.0,8.0,6.0,3,0.19047619047619047,2520.0,92.0,3,2.49670495094491,1.2290037398474845,0.5454645736096191,Doanh thu trung bình cao
fixture-user-469,27.0,5.0,340.0,24.0,2.0,2.0,1,0.08333333333333333,1020.0,42.0,2,-0.18230360796635595,1.2586072038036613,0.3675912090530475,Nhóm hành vi còn lại
fixture-user-470,82.0,1.0,0.0,15.0,0.0,0.0,0,0.0,150.0,17.0,1,-3.9196432407459767,0.05669108652696236,0.9282979885680404,Hoạt động gần nhất cách xa
fixture-user-471,20.0,8.0,0.0,30.0,12.0,3.0,0,0.4,1720.0,72.0,0,1.3793488527403,-1.3100407571216666,0.7263442280480706,Tỷ lệ thêm giỏ/xem cao
fixture-user-472,15.0,13.0,1060.0,43.0,9.0,6.0,3,0.20930232558139536,2530.0,93.0,3,2.5967783052258118,1.1568322528607358,0.5946167775727039,Doanh thu trung bình cao
fixture-user-473,28.0,6.0,360.0,25.0,3.0,2.0,1,0.12,1030.0,43.0,2,0.08266019726750658,1.1041566022540645,0.39313910571678706,Nhóm hành vi còn lại
fixture-user-474,83.0,2.0,0.0,16.0,0.0,0.0,0,0.0,160.0,18.0,1,-3.604202552262844,0.08767912367278557,1.0092869375057245,Hoạt động gần nhất cách xa
fixture-user-475,21.0,9.0,0.0,31.0,13.0,3.0,0,0.41935483870967744,1730.0,73.0,0,1.501059534575714,-1.376636657189004,0.7749808036540073,Tỷ lệ thêm giỏ/xem cao
fixture-user-476,16.0,14.0,1080.0,44.0,10.0,6.0,3,0.22727272727272727,2540.0,94.0,3,2.690427951437499,1.0894358139626867,0.6418324646043475,Doanh thu trung bình cao
fixture-user-477,29.0,7.0,380.0,26.0,4.0,2.0,1,0.15384615384615385,1040.0,44.0,2,0.3086623039800275,0.9723028927926293,0.4212803240192725,Nhóm hành vi còn lại
fixture-user-478,84.0,3.0,0.0,17.0,0.0,0.0,0,0.0,170.0,19.0,1,-3.3629925377313117,0.11286336793280101,1.0921119219662825,Hoạt động gần nhất cách xa
fixture-user-479,22.0,10.0,0.0,32.0,14.0,3.0,0,0.4375,1740.0,74.0,0,1.6136201785899058,-1.438893929708042,0.822869682767591,Tỷ lệ thêm giỏ/xem cao
fixture-user-480,2.0,12.0,800.0,30.0,8.0,6.0,3,0.26666666666666666,2400.0,80.0,3,2.949000201807968,0.9104099322153842,-1.040664161835835,Doanh thu trung bình cao
fixture-user-481,15.0,5.0,100.0,12.0,2.0,2.0,1,0.16666666666666666,900.0,30.0,2,-0.5125113090819994,0.5888915999238798,-0.9213435417374367,Nhóm hành vi còn lại
fixture-user-482,70.0,1.0,0.0,3.0,0.0,0.0,0,0.0,30.0,5.0,1,-5.653074755432996,-0.26751935962468665,-1.3948414954693151,Hoạt động gần nhất cách xa
fixture-user-483,8.0,8.0,0.0,18.0,12.0,3.0,0,0.6666666666666666,1600.0,60.0,0,1.667619505045523,-2.2053810991863303,-0.7744155991773559,Tỷ lệ thêm giỏ/xem cao
fixture-user-484,3.0,13.0,820.0,31.0,9.0,6.0,3,0.2903225806451613,2410.0,81.0,3,2.9722504279555224,0.8202064154922466,-0.8360402617366788,Doanh thu trung bình cao
fixture-user-485,16.0,6.0,120.0,13.0,3.0,2.0,1,0.23076923076923078,910.0,31.0,2,-0.18823476857859642,0.3875447576114711,-0.8693490403338631,Nhóm hành vi còn lại
fixture-user-486,71.0,2.0,0.0,4.0,0.0,0.0,0,0.0,40.0,6.0,1,-5.132931592866225,-0.19697308259203808,-1.0600968999130056,Hoạt động gần nhất cách xa
fixture-user-487,9.0,9.0,0.0,19.0,13.0,3.0,0,0.6842105263157895,1610.0,61.0,0,1.7765266448407788,-2.263702585114586,-0.6595478640554292,Tỷ lệ thêm giỏ/xem cao
fixture-user-488,4.0,14.0,840.0,32.0,10.0,6.0,3,0.3125,2420.0,82.0,3,3.01229401895736,0.7383363392983261,-0.6738605748864045,Doanh thu trung bình cao
fixture-user-489,17.0,7.0,140.0,14.0,4.0,2.0,1,0.2857142857142857,920.0,32.0,2,0.08566905022148885,0.22145490054473832,-0.8127372610551373,Nhóm hành vi còn lại
fixture-user-490,72.0,3.0,0.0,5.0,0.0,0.0,0,0.0,50.0,7.0,1,-4.734049758831314,-0.1415652227069219,-0.7803874603946023,Hoạt động gần nhất cách xa
fixture-user-491,10.0,10.0,0.0,20.0,14.0,3.0,0,0.7,1620.0,62.0,0,1.8778157374373483,-2.316152393098142,-0.5521462253135105,Tỷ lệ thêm giỏ/xem cao
fixture-user-492,5.0,12.0,860.0,33.0,8.0,6.0,3,0.24242424242424243,2430.0,83.0,3,2.7201358279717427,1.0010280153705131,-0.43135310572761704,Doanh thu trung bình cao
fixture-user-493,18.0,5.0,160.0,15.0,2.0,2.0,1,0.13333333333333333,930.0,33.0,2,-0.416368974045729,0.8413722469868408,-0.5202824835880352,Nhóm hành vi còn lại
fixture-user-494,73.0,1.0,0.0,6.0,0.0,0.0,0,0.0,60.0,8.0,1,-4.951827114160079,-0.13461517315522942,-0.48185008826089964,Hoạt động gần nhất cách xa
fixture-user-495,11.0,8.0,0.0,21.0,12.0,3.0,0,0.5714285714285714,1630.0,63.0,0,1.5440020110863266,-1.8916105529499507,-0.2894737393083827,Tỷ lệ thêm giỏ/xem cao
fixture-user-496,6.0,13.0,880.0,34.0,9.0,6.0,3,0.2647058823529412,2440.0,84.0,3,2.793205514756805,0.9179893295870694,-0.3181395540304275,Doanh thu trung bình cao
fixture-user-497,19.0,6.0,180.0,16.0,3.0,2.0,1,0.1875,940.0,34.0,2,-0.11506542133983415,0.6524097200437152,-0.47729764843711464,Nhóm hành vi còn lại
fixture-user-498,74.0,2.0,0.0,7.0,0.0,0.0,0,0.0,70.0,9.0,1,-4.544300503596412,-0.08616879017803282,-0.28512883644029735,Hoạt động gần nhất cách xa
fixture-user-499,12.0,9.0,0.0,22.0,13.0,3.0,0,0.5909090909090909,1640.0,64.0,0,1.6610803566223118,-1.956635720808595,-0.20216044539729697,Tỷ lệ thêm giỏ/xem cao
fixture-user-500,7.0,14.0,900.0,35.0,10.0,6.0,3,0.2857142857142857,2450.0,85.0,3,2.865809296514496,0.8413885834551914,-0.21799543117210443,Doanh thu trung bình cao
fixture-user-501,20.0,7.0,200.0,17.0,4.0,2.0,1,0.23529411764705882,950.0,35.0,2,0.1412081418293925,0.49422871537243757,-0.4309330555436214,Nhóm hành vi còn lại
fixture-user-502,75.0,3.0,0.0,8.0,0.0,0.0,0,0.0,80.0,10.0,1,-4.226355602128988,-0.04652353682671037,-0.10556235721929748,Hoạt động gần nhất cách xa
fixture-user-503,13.0,10.0,0.0,23.0,14.0,3.0,0,0.6086956521739131,1650.0,65.0,0,1.769348185040836,-2.015953016612214,-0.1188564273584944,Tỷ lệ thêm giỏ/xem cao
fixture-user-504,8.0,12.0,920.0,36.0,8.0,6.0,3,0.2222222222222222,2460.0,86.0,3,2.6063737094369293,1.0851522433954928,-0.028162481097520817,Doanh thu trung bình cao
fixture-user-505,21.0,5.0,220.0,18.0,2.0,2.0,1,0.1111111111111111,960.0,36.0,2,-0.331015161317517,1.017672557566975,-0.18189320559016225,Nhóm hành vi còn lại
fixture-user-506,76.0,1.0,0.0,9.0,0.0,0.0,0,0.0,90.0,11.0,1,-4.5053809003710175,-0.051404916593935875,0.11674763187868262,Hoạt động gần nhất cách xa
fixture-user-507,14.0,8.0,0.0,24.0,12.0,3.0,0,0.5,1660.0,66.0,0,1.4649328760198592,-1.6524200575582768,0.10500751195665843,Tỷ lệ thêm giỏ/xem cao
fixture-user-508,9.0,13.0,940.0,37.0,9.0,6.0,3,0.24324324324324326,2470.0,87.0,3,2.6956818339500837,1.0065237107878025,0.05075676314821963,Doanh thu trung bình cao
fixture-user-509,22.0,6.0,240.0,19.0,3.0,2.0,1,0.15789473684210525,970.0,37.0,2,-0.045442287582045944,0.842002022281944,-0.14614921568949865,Nhóm hành vi còn lại
fixture-user-510,77.0,2.0,0.0,10.0,0.0,0.0,0,0.0,100.0,12.0,1,-4.145933218700002,-0.012175282230817307,0.25338192247508057,Hoạt động gần nhất cách xa
fixture-user-511,15.0,9.0,0.0,25.0,13.0,3.0,0,0.52,1670.0,67.0,0,1.5853970707566725,-1.7197729720568595,0.17473155318197717,Tỷ lệ thêm giỏ/xem cao
fixture-user-512,10.0,14.0,960.0,38.0,10.0,6.0,3,0.2631578947368421,2480.0,88.0,3,2.7805820478578775,0.9335515526720264,0.12366456013755259,Doanh thu trung bình cao
fixture-user-513,23.0,7.0,260.0,20.0,4.0,2.0,1,0.2,980.0,38.0,2,0.19806579033115437,0.6934432518431779,-0.10747748554529173,Nhóm hành vi còn lại
fixture-user-514,78.0,3.0,0.0,11.0,0.0,0.0,0,0.0,110.0,13.0,1,-3.866786492395833,0.020083464757670286,0.3842998554068919,Hoạt động gần nhất cách xa
fixture-user-515,16.0,10.0,0.0,26.0,14.0,3.0,0,0.5384615384615384,1680.0,68.0,0,1.696701628351615,-1.7818534565886186,0.24216164621576905,Tỷ lệ thêm giỏ/xem cao
fixture-user-516,11.0,12.0,980.0,39.0,8.0,6.0,3,0.20512820512820512,2490.0,89.0,3,2.539096994000912,1.1608947269527035,0.2849645070861152,Doanh thu trung bình cao
fixture-user-517,24.0,5.0,280.0,21.0,2.0,2.0,1,0.09523809523809523,990.0,39.0,2,-0.2535021844261599,1.1515543709784555,0.11036450120739257,Nhóm hành vi còn lại
fixture-user-518,79.0,1.0,0.0,12.0,0.0,0.0,0,0.0,120.0,14.0,1,-4.177806227183311,0.009148059352104415,0.5663777413394052,Hoạt động gần nhất cách xa
fixture-user-519,17.0,8.0,0.0,27.0,12.0,3.0,0,0.4444444444444444,1690.0,69.0,0,1.4131920056243967,-1.4634770190954087,0.43800042229131814,Tỷ lệ thêm giỏ/xem cao
fixture-user-520,12.0,13.0,1000.0,40.0,9.0,6.0,3,0.225,2500.0,90.0,3,2.6355970708016336,1.085750837529916,0.34560189762492727,Doanh thu trung bình cao
fixture-user-521,25.0,6.0,300.0,22.0,3.0,2.0,1,0.13636363636363635,1000.0,40.0,2,0.020448779079346835,0.987424175304437,0.14043401059775606,Nhóm hành vi còn lại
fixture-user-522,80.0,2.0,0.0,13.0,0.0,0.0,0,0.0,130.0,15.0,1,-3.8452080923989924,0.04332455321405482,0.6691606922603189,Hoạt động gần nhất cách xa
fixture-user-523,18.0,9.0,0.0,28.0,13.0,3.0,0,0.4642857142857143,1700.0,70.0,0,1.534830031286699,-1.5309960415171668,0.49554732017099296,Tỷ lệ thêm giỏ/xem cao
fixture-user-524,13.0,14.0,1020.0,41.0,10.0,6.0,3,0.24390243902439024,2510.0,91.0,3,2.7262823845513653,1.0157588009747183,0.4029662204898221,Doanh thu trung bình cao
fixture-user-525,26.0,7.0,320.0,23.0,4.0,2.0,1,0.17391304347826086,1010.0,41.0,2,0.2541908963254575,0.8477774875328858,0.17321533289513408,Nhóm hành vi còn lại
fixture-user-526,81.0,3.0,0.0,14.0,0.0,0.0,0,0.0,140.0,16.0,1,-3.58892156885437,0.07130138670265128,0.7711842983243252,Hoạt động gần nhất cách xa
fixture-user-527,19.0,10.0,0.0,29.0,14.0,3.0,0,0.4827586206896552,1710.0,71.0,0,1.6472575587743377,-1.5937242188893985,0.5517615405408011,Tỷ lệ thêm giỏ/xem cao
fixture-user-528,14.0,12.0,1040.0,42.0,8.0,6.0,3,0.19047619047619047,2520.0,92.0,3,2.49670495094491,1.2290037398474845,0.5454645736096191,Doanh thu trung bình cao
fixture-user-529,27.0,5.0,340.0,24.0,2.0,2.0,1,0.08333333333333333,1020.0,42.0,2,-0.18230360796635595,1.2586072038036613,0.3675912090530475,Nhóm hành vi còn lại
fixture-user-530,82.0,1.0,0.0,15.0,0.0,0.0,0,0.0,150.0,17.0,1,-3.9196432407459767,0.05669108652696236,0.9282979885680404,Hoạt động gần nhất cách xa
fixture-user-531,20.0,8.0,0.0,30.0,12.0,3.0,0,0.4,1720.0,72.0,0,1.3793488527403,-1.3100407571216666,0.7263442280480706,Tỷ lệ thêm giỏ/xem cao
fixture-user-532,15.0,13.0,1060.0,43.0,9.0,6.0,3,0.20930232558139536,2530.0,93.0,3,2.5967783052258118,1.1568322528607358,0.5946167775727039,Doanh thu trung bình cao
fixture-user-533,28.0,6.0,360.0,25.0,3.0,2.0,1,0.12,1030.0,43.0,2,0.08266019726750658,1.1041566022540645,0.39313910571678706,Nhóm hành vi còn lại
fixture-user-534,83.0,2.0,0.0,16.0,0.0,0.0,0,0.0,160.0,18.0,1,-3.604202552262844,0.08767912367278557,1.0092869375057245,Hoạt động gần nhất cách xa
fixture-user-535,21.0,9.0,0.0,31.0,13.0,3.0,0,0.41935483870967744,1730.0,73.0,0,1.501059534575714,-1.376636657189004,0.7749808036540073,Tỷ lệ thêm giỏ/xem cao
fixture-user-536,16.0,14.0,1080.0,44.0,10.0,6.0,3,0.22727272727272727,2540.0,94.0,3,2.690427951437499,1.0894358139626867,0.6418324646043475,Doanh thu trung bình cao
fixture-user-537,29.0,7.0,380.0,26.0,4.0,2.0,1,0.15384615384615385,1040.0,44.0,2,0.3086623039800275,0.9723028927926293,0.4212803240192725,Nhóm hành vi còn lại
fixture-user-538,84.0,3.0,0.0,17.0,0.0,0.0,0,0.0,170.0,19.0,1,-3.3629925377313117,0.11286336793280101,1.0921119219662825,Hoạt động gần nhất cách xa
fixture-user-539,22.0,10.0,0.0,32.0,14.0,3.0,0,0.4375,1740.0,74.0,0,1.6136201785899058,-1.438893929708042,0.822869682767591,Tỷ lệ thêm giỏ/xem cao
fixture-user-540,2.0,12.0,800.0,30.0,8.0,6.0,3,0.26666666666666666,2400.0,80.0,3,2.949000201807968,0.9104099322153842,-1.040664161835835,Doanh thu trung bình cao
fixture-user-541,15.0,5.0,100.0,12.0,2.0,2.0,1,0.16666666666666666,900.0,30.0,2,-0.5125113090819994,0.5888915999238798,-0.9213435417374367,Nhóm hành vi còn lại
fixture-user-542,70.0,1.0,0.0,3.0,0.0,0.0,0,0.0,30.0,5.0,1,-5.653074755432996,-0.26751935962468665,-1.3948414954693151,Hoạt động gần nhất cách xa
fixture-user-543,8.0,8.0,0.0,18.0,12.0,3.0,0,0.6666666666666666,1600.0,60.0,0,1.667619505045523,-2.2053810991863303,-0.7744155991773559,Tỷ lệ thêm giỏ/xem cao
fixture-user-544,3.0,13.0,820.0,31.0,9.0,6.0,3,0.2903225806451613,2410.0,81.0,3,2.9722504279555224,0.8202064154922466,-0.8360402617366788,Doanh thu trung bình cao
fixture-user-545,16.0,6.0,120.0,13.0,3.0,2.0,1,0.23076923076923078,910.0,31.0,2,-0.18823476857859642,0.3875447576114711,-0.8693490403338631,Nhóm hành vi còn lại
fixture-user-546,71.0,2.0,0.0,4.0,0.0,0.0,0,0.0,40.0,6.0,1,-5.132931592866225,-0.19697308259203808,-1.0600968999130056,Hoạt động gần nhất cách xa
fixture-user-547,9.0,9.0,0.0,19.0,13.0,3.0,0,0.6842105263157895,1610.0,61.0,0,1.7765266448407788,-2.263702585114586,-0.6595478640554292,Tỷ lệ thêm giỏ/xem cao
fixture-user-548,4.0,14.0,840.0,32.0,10.0,6.0,3,0.3125,2420.0,82.0,3,3.01229401895736,0.7383363392983261,-0.6738605748864045,Doanh thu trung bình cao
fixture-user-549,17.0,7.0,140.0,14.0,4.0,2.0,1,0.2857142857142857,920.0,32.0,2,0.08566905022148885,0.22145490054473832,-0.8127372610551373,Nhóm hành vi còn lại
fixture-user-550,72.0,3.0,0.0,5.0,0.0,0.0,0,0.0,50.0,7.0,1,-4.734049758831314,-0.1415652227069219,-0.7803874603946023,Hoạt động gần nhất cách xa
fixture-user-551,10.0,10.0,0.0,20.0,14.0,3.0,0,0.7,1620.0,62.0,0,1.8778157374373483,-2.316152393098142,-0.5521462253135105,Tỷ lệ thêm giỏ/xem cao
fixture-user-552,5.0,12.0,860.0,33.0,8.0,6.0,3,0.24242424242424243,2430.0,83.0,3,2.7201358279717427,1.0010280153705131,-0.43135310572761704,Doanh thu trung bình cao
fixture-user-553,18.0,5.0,160.0,15.0,2.0,2.0,1,0.13333333333333333,930.0,33.0,2,-0.416368974045729,0.8413722469868408,-0.5202824835880352,Nhóm hành vi còn lại
fixture-user-554,73.0,1.0,0.0,6.0,0.0,0.0,0,0.0,60.0,8.0,1,-4.951827114160079,-0.13461517315522942,-0.48185008826089964,Hoạt động gần nhất cách xa
fixture-user-555,11.0,8.0,0.0,21.0,12.0,3.0,0,0.5714285714285714,1630.0,63.0,0,1.5440020110863266,-1.8916105529499507,-0.2894737393083827,Tỷ lệ thêm giỏ/xem cao
fixture-user-556,6.0,13.0,880.0,34.0,9.0,6.0,3,0.2647058823529412,2440.0,84.0,3,2.793205514756805,0.9179893295870694,-0.3181395540304275,Doanh thu trung bình cao
fixture-user-557,19.0,6.0,180.0,16.0,3.0,2.0,1,0.1875,940.0,34.0,2,-0.11506542133983415,0.6524097200437152,-0.47729764843711464,Nhóm hành vi còn lại
fixture-user-558,74.0,2.0,0.0,7.0,0.0,0.0,0,0.0,70.0,9.0,1,-4.544300503596412,-0.08616879017803282,-0.28512883644029735,Hoạt động gần nhất cách xa
fixture-user-559,12.0,9.0,0.0,22.0,13.0,3.0,0,0.5909090909090909,1640.0,64.0,0,1.6610803566223118,-1.956635720808595,-0.20216044539729697,Tỷ lệ thêm giỏ/xem cao
fixture-user-560,7.0,14.0,900.0,35.0,10.0,6.0,3,0.2857142857142857,2450.0,85.0,3,2.865809296514496,0.8413885834551914,-0.21799543117210443,Doanh thu trung bình cao
fixture-user-561,20.0,7.0,200.0,17.0,4.0,2.0,1,0.23529411764705882,950.0,35.0,2,0.1412081418293925,0.49422871537243757,-0.4309330555436214,Nhóm hành vi còn lại
fixture-user-562,75.0,3.0,0.0,8.0,0.0,0.0,0,0.0,80.0,10.0,1,-4.226355602128988,-0.04652353682671037,-0.10556235721929748,Hoạt động gần nhất cách xa
fixture-user-563,13.0,10.0,0.0,23.0,14.0,3.0,0,0.6086956521739131,1650.0,65.0,0,1.769348185040836,-2.015953016612214,-0.1188564273584944,Tỷ lệ thêm giỏ/xem cao
fixture-user-564,8.0,12.0,920.0,36.0,8.0,6.0,3,0.2222222222222222,2460.0,86.0,3,2.6063737094369293,1.0851522433954928,-0.028162481097520817,Doanh thu trung bình cao
fixture-user-565,21.0,5.0,220.0,18.0,2.0,2.0,1,0.1111111111111111,960.0,36.0,2,-0.331015161317517,1.017672557566975,-0.18189320559016225,Nhóm hành vi còn lại
fixture-user-566,76.0,1.0,0.0,9.0,0.0,0.0,0,0.0,90.0,11.0,1,-4.5053809003710175,-0.051404916593935875,0.11674763187868262,Hoạt động gần nhất cách xa
fixture-user-567,14.0,8.0,0.0,24.0,12.0,3.0,0,0.5,1660.0,66.0,0,1.4649328760198592,-1.6524200575582768,0.10500751195665843,Tỷ lệ thêm giỏ/xem cao
fixture-user-568,9.0,13.0,940.0,37.0,9.0,6.0,3,0.24324324324324326,2470.0,87.0,3,2.6956818339500837,1.0065237107878025,0.05075676314821963,Doanh thu trung bình cao
fixture-user-569,22.0,6.0,240.0,19.0,3.0,2.0,1,0.15789473684210525,970.0,37.0,2,-0.045442287582045944,0.842002022281944,-0.14614921568949865,Nhóm hành vi còn lại
fixture-user-570,77.0,2.0,0.0,10.0,0.0,0.0,0,0.0,100.0,12.0,1,-4.145933218700002,-0.012175282230817307,0.25338192247508057,Hoạt động gần nhất cách xa
fixture-user-571,15.0,9.0,0.0,25.0,13.0,3.0,0,0.52,1670.0,67.0,0,1.5853970707566725,-1.7197729720568595,0.17473155318197717,Tỷ lệ thêm giỏ/xem cao
fixture-user-572,10.0,14.0,960.0,38.0,10.0,6.0,3,0.2631578947368421,2480.0,88.0,3,2.7805820478578775,0.9335515526720264,0.12366456013755259,Doanh thu trung bình cao
fixture-user-573,23.0,7.0,260.0,20.0,4.0,2.0,1,0.2,980.0,38.0,2,0.19806579033115437,0.6934432518431779,-0.10747748554529173,Nhóm hành vi còn lại
fixture-user-574,78.0,3.0,0.0,11.0,0.0,0.0,0,0.0,110.0,13.0,1,-3.866786492395833,0.020083464757670286,0.3842998554068919,Hoạt động gần nhất cách xa
fixture-user-575,16.0,10.0,0.0,26.0,14.0,3.0,0,0.5384615384615384,1680.0,68.0,0,1.696701628351615,-1.7818534565886186,0.24216164621576905,Tỷ lệ thêm giỏ/xem cao
fixture-user-576,11.0,12.0,980.0,39.0,8.0,6.0,3,0.20512820512820512,2490.0,89.0,3,2.539096994000912,1.1608947269527035,0.2849645070861152,Doanh thu trung bình cao
fixture-user-577,24.0,5.0,280.0,21.0,2.0,2.0,1,0.09523809523809523,990.0,39.0,2,-0.2535021844261599,1.1515543709784555,0.11036450120739257,Nhóm hành vi còn lại
fixture-user-578,79.0,1.0,0.0,12.0,0.0,0.0,0,0.0,120.0,14.0,1,-4.177806227183311,0.009148059352104415,0.5663777413394052,Hoạt động gần nhất cách xa
fixture-user-579,17.0,8.0,0.0,27.0,12.0,3.0,0,0.4444444444444444,1690.0,69.0,0,1.4131920056243967,-1.4634770190954087,0.43800042229131814,Tỷ lệ thêm giỏ/xem cao
fixture-user-580,12.0,13.0,1000.0,40.0,9.0,6.0,3,0.225,2500.0,90.0,3,2.6355970708016336,1.085750837529916,0.34560189762492727,Doanh thu trung bình cao
fixture-user-581,25.0,6.0,300.0,22.0,3.0,2.0,1,0.13636363636363635,1000.0,40.0,2,0.020448779079346835,0.987424175304437,0.14043401059775606,Nhóm hành vi còn lại
fixture-user-582,80.0,2.0,0.0,13.0,0.0,0.0,0,0.0,130.0,15.0,1,-3.8452080923989924,0.04332455321405482,0.6691606922603189,Hoạt động gần nhất cách xa
fixture-user-583,18.0,9.0,0.0,28.0,13.0,3.0,0,0.4642857142857143,1700.0,70.0,0,1.534830031286699,-1.5309960415171668,0.49554732017099296,Tỷ lệ thêm giỏ/xem cao
fixture-user-584,13.0,14.0,1020.0,41.0,10.0,6.0,3,0.24390243902439024,2510.0,91.0,3,2.7262823845513653,1.0157588009747183,0.4029662204898221,Doanh thu trung bình cao
fixture-user-585,26.0,7.0,320.0,23.0,4.0,2.0,1,0.17391304347826086,1010.0,41.0,2,0.2541908963254575,0.8477774875328858,0.17321533289513408,Nhóm hành vi còn lại
fixture-user-586,81.0,3.0,0.0,14.0,0.0,0.0,0,0.0,140.0,16.0,1,-3.58892156885437,0.07130138670265128,0.7711842983243252,Hoạt động gần nhất cách xa
fixture-user-587,19.0,10.0,0.0,29.0,14.0,3.0,0,0.4827586206896552,1710.0,71.0,0,1.6472575587743377,-1.5937242188893985,0.5517615405408011,Tỷ lệ thêm giỏ/xem cao
fixture-user-588,14.0,12.0,1040.0,42.0,8.0,6.0,3,0.19047619047619047,2520.0,92.0,3,2.49670495094491,1.2290037398474845,0.5454645736096191,Doanh thu trung bình cao
fixture-user-589,27.0,5.0,340.0,24.0,2.0,2.0,1,0.08333333333333333,1020.0,42.0,2,-0.18230360796635595,1.2586072038036613,0.3675912090530475,Nhóm hành vi còn lại
fixture-user-590,82.0,1.0,0.0,15.0,0.0,0.0,0,0.0,150.0,17.0,1,-3.9196432407459767,0.05669108652696236,0.9282979885680404,Hoạt động gần nhất cách xa
fixture-user-591,20.0,8.0,0.0,30.0,12.0,3.0,0,0.4,1720.0,72.0,0,1.3793488527403,-1.3100407571216666,0.7263442280480706,Tỷ lệ thêm giỏ/xem cao
fixture-user-592,15.0,13.0,1060.0,43.0,9.0,6.0,3,0.20930232558139536,2530.0,93.0,3,2.5967783052258118,1.1568322528607358,0.5946167775727039,Doanh thu trung bình cao
fixture-user-593,28.0,6.0,360.0,25.0,3.0,2.0,1,0.12,1030.0,43.0,2,0.08266019726750658,1.1041566022540645,0.39313910571678706,Nhóm hành vi còn lại
fixture-user-594,83.0,2.0,0.0,16.0,0.0,0.0,0,0.0,160.0,18.0,1,-3.604202552262844,0.08767912367278557,1.0092869375057245,Hoạt động gần nhất cách xa
fixture-user-595,21.0,9.0,0.0,31.0,13.0,3.0,0,0.41935483870967744,1730.0,73.0,0,1.501059534575714,-1.376636657189004,0.7749808036540073,Tỷ lệ thêm giỏ/xem cao
fixture-user-596,16.0,14.0,1080.0,44.0,10.0,6.0,3,0.22727272727272727,2540.0,94.0,3,2.690427951437499,1.0894358139626867,0.6418324646043475,Doanh thu trung bình cao
fixture-user-597,29.0,7.0,380.0,26.0,4.0,2.0,1,0.15384615384615385,1040.0,44.0,2,0.3086623039800275,0.9723028927926293,0.4212803240192725,Nhóm hành vi còn lại
fixture-user-598,84.0,3.0,0.0,17.0,0.0,0.0,0,0.0,170.0,19.0,1,-3.3629925377313117,0.11286336793280101,1.0921119219662825,Hoạt động gần nhất cách xa
fixture-user-599,22.0,10.0,0.0,32.0,14.0,3.0,0,0.4375,1740.0,74.0,0,1.6136201785899058,-1.438893929708042,0.822869682767591,Tỷ lệ thêm giỏ/xem cao
fixture-user-600,2.0,12.0,800.0,30.0,8.0,6.0,3,0.26666666666666666,2400.0,80.0,3,2.949000201807968,0.9104099322153842,-1.040664161835835,Doanh thu trung bình cao
fixture-user-601,15.0,5.0,100.0,12.0,2.0,2.0,1,0.16666666666666666,900.0,30.0,2,-0.5125113090819994,0.5888915999238798,-0.9213435417374367,Nhóm hành vi còn lại
fixture-user-602,70.0,1.0,0.0,3.0,0.0,0.0,0,0.0,30.0,5.0,1,-5.653074755432996,-0.26751935962468665,-1.3948414954693151,Hoạt động gần nhất cách xa
fixture-user-603,8.0,8.0,0.0,18.0,12.0,3.0,0,0.6666666666666666,1600.0,60.0,0,1.667619505045523,-2.2053810991863303,-0.7744155991773559,Tỷ lệ thêm giỏ/xem cao
fixture-user-604,3.0,13.0,820.0,31.0,9.0,6.0,3,0.2903225806451613,2410.0,81.0,3,2.9722504279555224,0.8202064154922466,-0.8360402617366788,Doanh thu trung bình cao
fixture-user-605,16.0,6.0,120.0,13.0,3.0,2.0,1,0.23076923076923078,910.0,31.0,2,-0.18823476857859642,0.3875447576114711,-0.8693490403338631,Nhóm hành vi còn lại
fixture-user-606,71.0,2.0,0.0,4.0,0.0,0.0,0,0.0,40.0,6.0,1,-5.132931592866225,-0.19697308259203808,-1.0600968999130056,Hoạt động gần nhất cách xa
fixture-user-607,9.0,9.0,0.0,19.0,13.0,3.0,0,0.6842105263157895,1610.0,61.0,0,1.7765266448407788,-2.263702585114586,-0.6595478640554292,Tỷ lệ thêm giỏ/xem cao
fixture-user-608,4.0,14.0,840.0,32.0,10.0,6.0,3,0.3125,2420.0,82.0,3,3.01229401895736,0.7383363392983261,-0.6738605748864045,Doanh thu trung bình cao
fixture-user-609,17.0,7.0,140.0,14.0,4.0,2.0,1,0.2857142857142857,920.0,32.0,2,0.08566905022148885,0.22145490054473832,-0.8127372610551373,Nhóm hành vi còn lại
fixture-user-610,72.0,3.0,0.0,5.0,0.0,0.0,0,0.0,50.0,7.0,1,-4.734049758831314,-0.1415652227069219,-0.7803874603946023,Hoạt động gần nhất cách xa
fixture-user-611,10.0,10.0,0.0,20.0,14.0,3.0,0,0.7,1620.0,62.0,0,1.8778157374373483,-2.316152393098142,-0.5521462253135105,Tỷ lệ thêm giỏ/xem cao
fixture-user-612,5.0,12.0,860.0,33.0,8.0,6.0,3,0.24242424242424243,2430.0,83.0,3,2.7201358279717427,1.0010280153705131,-0.43135310572761704,Doanh thu trung bình cao
fixture-user-613,18.0,5.0,160.0,15.0,2.0,2.0,1,0.13333333333333333,930.0,33.0,2,-0.416368974045729,0.8413722469868408,-0.5202824835880352,Nhóm hành vi còn lại
fixture-user-614,73.0,1.0,0.0,6.0,0.0,0.0,0,0.0,60.0,8.0,1,-4.951827114160079,-0.13461517315522942,-0.48185008826089964,Hoạt động gần nhất cách xa
fixture-user-615,11.0,8.0,0.0,21.0,12.0,3.0,0,0.5714285714285714,1630.0,63.0,0,1.5440020110863266,-1.8916105529499507,-0.2894737393083827,Tỷ lệ thêm giỏ/xem cao
fixture-user-616,6.0,13.0,880.0,34.0,9.0,6.0,3,0.2647058823529412,2440.0,84.0,3,2.793205514756805,0.9179893295870694,-0.3181395540304275,Doanh thu trung bình cao
fixture-user-617,19.0,6.0,180.0,16.0,3.0,2.0,1,0.1875,940.0,34.0,2,-0.11506542133983415,0.6524097200437152,-0.47729764843711464,Nhóm hành vi còn lại
fixture-user-618,74.0,2.0,0.0,7.0,0.0,0.0,0,0.0,70.0,9.0,1,-4.544300503596412,-0.08616879017803282,-0.28512883644029735,Hoạt động gần nhất cách xa
fixture-user-619,12.0,9.0,0.0,22.0,13.0,3.0,0,0.5909090909090909,1640.0,64.0,0,1.6610803566223118,-1.956635720808595,-0.20216044539729697,Tỷ lệ thêm giỏ/xem cao
fixture-user-620,7.0,14.0,900.0,35.0,10.0,6.0,3,0.2857142857142857,2450.0,85.0,3,2.865809296514496,0.8413885834551914,-0.21799543117210443,Doanh thu trung bình cao
fixture-user-621,20.0,7.0,200.0,17.0,4.0,2.0,1,0.23529411764705882,950.0,35.0,2,0.1412081418293925,0.49422871537243757,-0.4309330555436214,Nhóm hành vi còn lại
fixture-user-622,75.0,3.0,0.0,8.0,0.0,0.0,0,0.0,80.0,10.0,1,-4.226355602128988,-0.04652353682671037,-0.10556235721929748,Hoạt động gần nhất cách xa
fixture-user-623,13.0,10.0,0.0,23.0,14.0,3.0,0,0.6086956521739131,1650.0,65.0,0,1.769348185040836,-2.015953016612214,-0.1188564273584944,Tỷ lệ thêm giỏ/xem cao
fixture-user-624,8.0,12.0,920.0,36.0,8.0,6.0,3,0.2222222222222222,2460.0,86.0,3,2.6063737094369293,1.0851522433954928,-0.028162481097520817,Doanh thu trung bình cao
fixture-user-625,21.0,5.0,220.0,18.0,2.0,2.0,1,0.1111111111111111,960.0,36.0,2,-0.331015161317517,1.017672557566975,-0.18189320559016225,Nhóm hành vi còn lại
fixture-user-626,76.0,1.0,0.0,9.0,0.0,0.0,0,0.0,90.0,11.0,1,-4.5053809003710175,-0.051404916593935875,0.11674763187868262,Hoạt động gần nhất cách xa
fixture-user-627,14.0,8.0,0.0,24.0,12.0,3.0,0,0.5,1660.0,66.0,0,1.4649328760198592,-1.6524200575582768,0.10500751195665843,Tỷ lệ thêm giỏ/xem cao
fixture-user-628,9.0,13.0,940.0,37.0,9.0,6.0,3,0.24324324324324326,2470.0,87.0,3,2.6956818339500837,1.0065237107878025,0.05075676314821963,Doanh thu trung bình cao
fixture-user-629,22.0,6.0,240.0,19.0,3.0,2.0,1,0.15789473684210525,970.0,37.0,2,-0.045442287582045944,0.842002022281944,-0.14614921568949865,Nhóm hành vi còn lại
fixture-user-630,77.0,2.0,0.0,10.0,0.0,0.0,0,0.0,100.0,12.0,1,-4.145933218700002,-0.012175282230817307,0.25338192247508057,Hoạt động gần nhất cách xa
fixture-user-631,15.0,9.0,0.0,25.0,13.0,3.0,0,0.52,1670.0,67.0,0,1.5853970707566725,-1.7197729720568595,0.17473155318197717,Tỷ lệ thêm giỏ/xem cao
fixture-user-632,10.0,14.0,960.0,38.0,10.0,6.0,3,0.2631578947368421,2480.0,88.0,3,2.7805820478578775,0.9335515526720264,0.12366456013755259,Doanh thu trung bình cao
fixture-user-633,23.0,7.0,260.0,20.0,4.0,2.0,1,0.2,980.0,38.0,2,0.19806579033115437,0.6934432518431779,-0.10747748554529173,Nhóm hành vi còn lại
fixture-user-634,78.0,3.0,0.0,11.0,0.0,0.0,0,0.0,110.0,13.0,1,-3.866786492395833,0.020083464757670286,0.3842998554068919,Hoạt động gần nhất cách xa
fixture-user-635,16.0,10.0,0.0,26.0,14.0,3.0,0,0.5384615384615384,1680.0,68.0,0,1.696701628351615,-1.7818534565886186,0.24216164621576905,Tỷ lệ thêm giỏ/xem cao
fixture-user-636,11.0,12.0,980.0,39.0,8.0,6.0,3,0.20512820512820512,2490.0,89.0,3,2.539096994000912,1.1608947269527035,0.2849645070861152,Doanh thu trung bình cao
fixture-user-637,24.0,5.0,280.0,21.0,2.0,2.0,1,0.09523809523809523,990.0,39.0,2,-0.2535021844261599,1.1515543709784555,0.11036450120739257,Nhóm hành vi còn lại
fixture-user-638,79.0,1.0,0.0,12.0,0.0,0.0,0,0.0,120.0,14.0,1,-4.177806227183311,0.009148059352104415,0.5663777413394052,Hoạt động gần nhất cách xa
fixture-user-639,17.0,8.0,0.0,27.0,12.0,3.0,0,0.4444444444444444,1690.0,69.0,0,1.4131920056243967,-1.4634770190954087,0.43800042229131814,Tỷ lệ thêm giỏ/xem cao
fixture-user-640,12.0,13.0,1000.0,40.0,9.0,6.0,3,0.225,2500.0,90.0,3,2.6355970708016336,1.085750837529916,0.34560189762492727,Doanh thu trung bình cao
fixture-user-641,25.0,6.0,300.0,22.0,3.0,2.0,1,0.13636363636363635,1000.0,40.0,2,0.020448779079346835,0.987424175304437,0.14043401059775606,Nhóm hành vi còn lại
fixture-user-642,80.0,2.0,0.0,13.0,0.0,0.0,0,0.0,130.0,15.0,1,-3.8452080923989924,0.04332455321405482,0.6691606922603189,Hoạt động gần nhất cách xa
fixture-user-643,18.0,9.0,0.0,28.0,13.0,3.0,0,0.4642857142857143,1700.0,70.0,0,1.534830031286699,-1.5309960415171668,0.49554732017099296,Tỷ lệ thêm giỏ/xem cao
fixture-user-644,13.0,14.0,1020.0,41.0,10.0,6.0,3,0.24390243902439024,2510.0,91.0,3,2.7262823845513653,1.0157588009747183,0.4029662204898221,Doanh thu trung bình cao
fixture-user-645,26.0,7.0,320.0,23.0,4.0,2.0,1,0.17391304347826086,1010.0,41.0,2,0.2541908963254575,0.8477774875328858,0.17321533289513408,Nhóm hành vi còn lại
fixture-user-646,81.0,3.0,0.0,14.0,0.0,0.0,0,0.0,140.0,16.0,1,-3.58892156885437,0.07130138670265128,0.7711842983243252,Hoạt động gần nhất cách xa
fixture-user-647,19.0,10.0,0.0,29.0,14.0,3.0,0,0.4827586206896552,1710.0,71.0,0,1.6472575587743377,-1.5937242188893985,0.5517615405408011,Tỷ lệ thêm giỏ/xem cao
fixture-user-648,14.0,12.0,1040.0,42.0,8.0,6.0,3,0.19047619047619047,2520.0,92.0,3,2.49670495094491,1.2290037398474845,0.5454645736096191,Doanh thu trung bình cao
fixture-user-649,27.0,5.0,340.0,24.0,2.0,2.0,1,0.08333333333333333,1020.0,42.0,2,-0.18230360796635595,1.2586072038036613,0.3675912090530475,Nhóm hành vi còn lại
fixture-user-650,82.0,1.0,0.0,15.0,0.0,0.0,0,0.0,150.0,17.0,1,-3.9196432407459767,0.05669108652696236,0.9282979885680404,Hoạt động gần nhất cách xa
fixture-user-651,20.0,8.0,0.0,30.0,12.0,3.0,0,0.4,1720.0,72.0,0,1.3793488527403,-1.3100407571216666,0.7263442280480706,Tỷ lệ thêm giỏ/xem cao
fixture-user-652,15.0,13.0,1060.0,43.0,9.0,6.0,3,0.20930232558139536,2530.0,93.0,3,2.5967783052258118,1.1568322528607358,0.5946167775727039,Doanh thu trung bình cao
fixture-user-653,28.0,6.0,360.0,25.0,3.0,2.0,1,0.12,1030.0,43.0,2,0.08266019726750658,1.1041566022540645,0.39313910571678706,Nhóm hành vi còn lại
fixture-user-654,83.0,2.0,0.0,16.0,0.0,0.0,0,0.0,160.0,18.0,1,-3.604202552262844,0.08767912367278557,1.0092869375057245,Hoạt động gần nhất cách xa
fixture-user-655,21.0,9.0,0.0,31.0,13.0,3.0,0,0.41935483870967744,1730.0,73.0,0,1.501059534575714,-1.376636657189004,0.7749808036540073,Tỷ lệ thêm giỏ/xem cao
fixture-user-656,16.0,14.0,1080.0,44.0,10.0,6.0,3,0.22727272727272727,2540.0,94.0,3,2.690427951437499,1.0894358139626867,0.6418324646043475,Doanh thu trung bình cao
fixture-user-657,29.0,7.0,380.0,26.0,4.0,2.0,1,0.15384615384615385,1040.0,44.0,2,0.3086623039800275,0.9723028927926293,0.4212803240192725,Nhóm hành vi còn lại
fixture-user-658,84.0,3.0,0.0,17.0,0.0,0.0,0,0.0,170.0,19.0,1,-3.3629925377313117,0.11286336793280101,1.0921119219662825,Hoạt động gần nhất cách xa
fixture-user-659,22.0,10.0,0.0,32.0,14.0,3.0,0,0.4375,1740.0,74.0,0,1.6136201785899058,-1.438893929708042,0.822869682767591,Tỷ lệ thêm giỏ/xem cao
fixture-user-660,2.0,12.0,800.0,30.0,8.0,6.0,3,0.26666666666666666,2400.0,80.0,3,2.949000201807968,0.9104099322153842,-1.040664161835835,Doanh thu trung bình cao
fixture-user-661,15.0,5.0,100.0,12.0,2.0,2.0,1,0.16666666666666666,900.0,30.0,2,-0.5125113090819994,0.5888915999238798,-0.9213435417374367,Nhóm hành vi còn lại
fixture-user-662,70.0,1.0,0.0,3.0,0.0,0.0,0,0.0,30.0,5.0,1,-5.653074755432996,-0.26751935962468665,-1.3948414954693151,Hoạt động gần nhất cách xa
fixture-user-663,8.0,8.0,0.0,18.0,12.0,3.0,0,0.6666666666666666,1600.0,60.0,0,1.667619505045523,-2.2053810991863303,-0.7744155991773559,Tỷ lệ thêm giỏ/xem cao
fixture-user-664,3.0,13.0,820.0,31.0,9.0,6.0,3,0.2903225806451613,2410.0,81.0,3,2.9722504279555224,0.8202064154922466,-0.8360402617366788,Doanh thu trung bình cao
fixture-user-665,16.0,6.0,120.0,13.0,3.0,2.0,1,0.23076923076923078,910.0,31.0,2,-0.18823476857859642,0.3875447576114711,-0.8693490403338631,Nhóm hành vi còn lại
fixture-user-666,71.0,2.0,0.0,4.0,0.0,0.0,0,0.0,40.0,6.0,1,-5.132931592866225,-0.19697308259203808,-1.0600968999130056,Hoạt động gần nhất cách xa
fixture-user-667,9.0,9.0,0.0,19.0,13.0,3.0,0,0.6842105263157895,1610.0,61.0,0,1.7765266448407788,-2.263702585114586,-0.6595478640554292,Tỷ lệ thêm giỏ/xem cao
fixture-user-668,4.0,14.0,840.0,32.0,10.0,6.0,3,0.3125,2420.0,82.0,3,3.01229401895736,0.7383363392983261,-0.6738605748864045,Doanh thu trung bình cao
fixture-user-669,17.0,7.0,140.0,14.0,4.0,2.0,1,0.2857142857142857,920.0,32.0,2,0.08566905022148885,0.22145490054473832,-0.8127372610551373,Nhóm hành vi còn lại
fixture-user-670,72.0,3.0,0.0,5.0,0.0,0.0,0,0.0,50.0,7.0,1,-4.734049758831314,-0.1415652227069219,-0.7803874603946023,Hoạt động gần nhất cách xa
fixture-user-671,10.0,10.0,0.0,20.0,14.0,3.0,0,0.7,1620.0,62.0,0,1.8778157374373483,-2.316152393098142,-0.5521462253135105,Tỷ lệ thêm giỏ/xem cao
fixture-user-672,5.0,12.0,860.0,33.0,8.0,6.0,3,0.24242424242424243,2430.0,83.0,3,2.7201358279717427,1.0010280153705131,-0.43135310572761704,Doanh thu trung bình cao
fixture-user-673,18.0,5.0,160.0,15.0,2.0,2.0,1,0.13333333333333333,930.0,33.0,2,-0.416368974045729,0.8413722469868408,-0.5202824835880352,Nhóm hành vi còn lại
fixture-user-674,73.0,1.0,0.0,6.0,0.0,0.0,0,0.0,60.0,8.0,1,-4.951827114160079,-0.13461517315522942,-0.48185008826089964,Hoạt động gần nhất cách xa
fixture-user-675,11.0,8.0,0.0,21.0,12.0,3.0,0,0.5714285714285714,1630.0,63.0,0,1.5440020110863266,-1.8916105529499507,-0.2894737393083827,Tỷ lệ thêm giỏ/xem cao
fixture-user-676,6.0,13.0,880.0,34.0,9.0,6.0,3,0.2647058823529412,2440.0,84.0,3,2.793205514756805,0.9179893295870694,-0.3181395540304275,Doanh thu trung bình cao
fixture-user-677,19.0,6.0,180.0,16.0,3.0,2.0,1,0.1875,940.0,34.0,2,-0.11506542133983415,0.6524097200437152,-0.47729764843711464,Nhóm hành vi còn lại
fixture-user-678,74.0,2.0,0.0,7.0,0.0,0.0,0,0.0,70.0,9.0,1,-4.544300503596412,-0.08616879017803282,-0.28512883644029735,Hoạt động gần nhất cách xa
fixture-user-679,12.0,9.0,0.0,22.0,13.0,3.0,0,0.5909090909090909,1640.0,64.0,0,1.6610803566223118,-1.956635720808595,-0.20216044539729697,Tỷ lệ thêm giỏ/xem cao
fixture-user-680,7.0,14.0,900.0,35.0,10.0,6.0,3,0.2857142857142857,2450.0,85.0,3,2.865809296514496,0.8413885834551914,-0.21799543117210443,Doanh thu trung bình cao
fixture-user-681,20.0,7.0,200.0,17.0,4.0,2.0,1,0.23529411764705882,950.0,35.0,2,0.1412081418293925,0.49422871537243757,-0.4309330555436214,Nhóm hành vi còn lại
fixture-user-682,75.0,3.0,0.0,8.0,0.0,0.0,0,0.0,80.0,10.0,1,-4.226355602128988,-0.04652353682671037,-0.10556235721929748,Hoạt động gần nhất cách xa
fixture-user-683,13.0,10.0,0.0,23.0,14.0,3.0,0,0.6086956521739131,1650.0,65.0,0,1.769348185040836,-2.015953016612214,-0.1188564273584944,Tỷ lệ thêm giỏ/xem cao
fixture-user-684,8.0,12.0,920.0,36.0,8.0,6.0,3,0.2222222222222222,2460.0,86.0,3,2.6063737094369293,1.0851522433954928,-0.028162481097520817,Doanh thu trung bình cao
fixture-user-685,21.0,5.0,220.0,18.0,2.0,2.0,1,0.1111111111111111,960.0,36.0,2,-0.331015161317517,1.017672557566975,-0.18189320559016225,Nhóm hành vi còn lại
fixture-user-686,76.0,1.0,0.0,9.0,0.0,0.0,0,0.0,90.0,11.0,1,-4.5053809003710175,-0.051404916593935875,0.11674763187868262,Hoạt động gần nhất cách xa
fixture-user-687,14.0,8.0,0.0,24.0,12.0,3.0,0,0.5,1660.0,66.0,0,1.4649328760198592,-1.6524200575582768,0.10500751195665843,Tỷ lệ thêm giỏ/xem cao
fixture-user-688,9.0,13.0,940.0,37.0,9.0,6.0,3,0.24324324324324326,2470.0,87.0,3,2.6956818339500837,1.0065237107878025,0.05075676314821963,Doanh thu trung bình cao
fixture-user-689,22.0,6.0,240.0,19.0,3.0,2.0,1,0.15789473684210525,970.0,37.0,2,-0.045442287582045944,0.842002022281944,-0.14614921568949865,Nhóm hành vi còn lại
fixture-user-690,77.0,2.0,0.0,10.0,0.0,0.0,0,0.0,100.0,12.0,1,-4.145933218700002,-0.012175282230817307,0.25338192247508057,Hoạt động gần nhất cách xa
fixture-user-691,15.0,9.0,0.0,25.0,13.0,3.0,0,0.52,1670.0,67.0,0,1.5853970707566725,-1.7197729720568595,0.17473155318197717,Tỷ lệ thêm giỏ/xem cao
fixture-user-692,10.0,14.0,960.0,38.0,10.0,6.0,3,0.2631578947368421,2480.0,88.0,3,2.7805820478578775,0.9335515526720264,0.12366456013755259,Doanh thu trung bình cao
fixture-user-693,23.0,7.0,260.0,20.0,4.0,2.0,1,0.2,980.0,38.0,2,0.19806579033115437,0.6934432518431779,-0.10747748554529173,Nhóm hành vi còn lại
fixture-user-694,78.0,3.0,0.0,11.0,0.0,0.0,0,0.0,110.0,13.0,1,-3.866786492395833,0.020083464757670286,0.3842998554068919,Hoạt động gần nhất cách xa
fixture-user-695,16.0,10.0,0.0,26.0,14.0,3.0,0,0.5384615384615384,1680.0,68.0,0,1.696701628351615,-1.7818534565886186,0.24216164621576905,Tỷ lệ thêm giỏ/xem cao
fixture-user-696,11.0,12.0,980.0,39.0,8.0,6.0,3,0.20512820512820512,2490.0,89.0,3,2.539096994000912,1.1608947269527035,0.2849645070861152,Doanh thu trung bình cao
fixture-user-697,24.0,5.0,280.0,21.0,2.0,2.0,1,0.09523809523809523,990.0,39.0,2,-0.2535021844261599,1.1515543709784555,0.11036450120739257,Nhóm hành vi còn lại
fixture-user-698,79.0,1.0,0.0,12.0,0.0,0.0,0,0.0,120.0,14.0,1,-4.177806227183311,0.009148059352104415,0.5663777413394052,Hoạt động gần nhất cách xa
fixture-user-699,17.0,8.0,0.0,27.0,12.0,3.0,0,0.4444444444444444,1690.0,69.0,0,1.4131920056243967,-1.4634770190954087,0.43800042229131814,Tỷ lệ thêm giỏ/xem cao
fixture-user-700,12.0,13.0,1000.0,40.0,9.0,6.0,3,0.225,2500.0,90.0,3,2.6355970708016336,1.085750837529916,0.34560189762492727,Doanh thu trung bình cao
fixture-user-701,25.0,6.0,300.0,22.0,3.0,2.0,1,0.13636363636363635,1000.0,40.0,2,0.020448779079346835,0.987424175304437,0.14043401059775606,Nhóm hành vi còn lại
fixture-user-702,80.0,2.0,0.0,13.0,0.0,0.0,0,0.0,130.0,15.0,1,-3.8452080923989924,0.04332455321405482,0.6691606922603189,Hoạt động gần nhất cách xa
fixture-user-703,18.0,9.0,0.0,28.0,13.0,3.0,0,0.4642857142857143,1700.0,70.0,0,1.534830031286699,-1.5309960415171668,0.49554732017099296,Tỷ lệ thêm giỏ/xem cao
fixture-user-704,13.0,14.0,1020.0,41.0,10.0,6.0,3,0.24390243902439024,2510.0,91.0,3,2.7262823845513653,1.0157588009747183,0.4029662204898221,Doanh thu trung bình cao
fixture-user-705,26.0,7.0,320.0,23.0,4.0,2.0,1,0.17391304347826086,1010.0,41.0,2,0.2541908963254575,0.8477774875328858,0.17321533289513408,Nhóm hành vi còn lại
fixture-user-706,81.0,3.0,0.0,14.0,0.0,0.0,0,0.0,140.0,16.0,1,-3.58892156885437,0.07130138670265128,0.7711842983243252,Hoạt động gần nhất cách xa
fixture-user-707,19.0,10.0,0.0,29.0,14.0,3.0,0,0.4827586206896552,1710.0,71.0,0,1.6472575587743377,-1.5937242188893985,0.5517615405408011,Tỷ lệ thêm giỏ/xem cao
fixture-user-708,14.0,12.0,1040.0,42.0,8.0,6.0,3,0.19047619047619047,2520.0,92.0,3,2.49670495094491,1.2290037398474845,0.5454645736096191,Doanh thu trung bình cao
fixture-user-709,27.0,5.0,340.0,24.0,2.0,2.0,1,0.08333333333333333,1020.0,42.0,2,-0.18230360796635595,1.2586072038036613,0.3675912090530475,Nhóm hành vi còn lại
fixture-user-710,82.0,1.0,0.0,15.0,0.0,0.0,0,0.0,150.0,17.0,1,-3.9196432407459767,0.05669108652696236,0.9282979885680404,Hoạt động gần nhất cách xa
fixture-user-711,20.0,8.0,0.0,30.0,12.0,3.0,0,0.4,1720.0,72.0,0,1.3793488527403,-1.3100407571216666,0.7263442280480706,Tỷ lệ thêm giỏ/xem cao
fixture-user-712,15.0,13.0,1060.0,43.0,9.0,6.0,3,0.20930232558139536,2530.0,93.0,3,2.5967783052258118,1.1568322528607358,0.5946167775727039,Doanh thu trung bình cao
fixture-user-713,28.0,6.0,360.0,25.0,3.0,2.0,1,0.12,1030.0,43.0,2,0.08266019726750658,1.1041566022540645,0.39313910571678706,Nhóm hành vi còn lại
fixture-user-714,83.0,2.0,0.0,16.0,0.0,0.0,0,0.0,160.0,18.0,1,-3.604202552262844,0.08767912367278557,1.0092869375057245,Hoạt động gần nhất cách xa
fixture-user-715,21.0,9.0,0.0,31.0,13.0,3.0,0,0.41935483870967744,1730.0,73.0,0,1.501059534575714,-1.376636657189004,0.7749808036540073,Tỷ lệ thêm giỏ/xem cao
fixture-user-716,16.0,14.0,1080.0,44.0,10.0,6.0,3,0.22727272727272727,2540.0,94.0,3,2.690427951437499,1.0894358139626867,0.6418324646043475,Doanh thu trung bình cao
fixture-user-717,29.0,7.0,380.0,26.0,4.0,2.0,1,0.15384615384615385,1040.0,44.0,2,0.3086623039800275,0.9723028927926293,0.4212803240192725,Nhóm hành vi còn lại
fixture-user-718,84.0,3.0,0.0,17.0,0.0,0.0,0,0.0,170.0,19.0,1,-3.3629925377313117,0.11286336793280101,1.0921119219662825,Hoạt động gần nhất cách xa
fixture-user-719,22.0,10.0,0.0,32.0,14.0,3.0,0,0.4375,1740.0,74.0,0,1.6136201785899058,-1.438893929708042,0.822869682767591,Tỷ lệ thêm giỏ/xem cao
fixture-user-720,2.0,12.0,800.0,30.0,8.0,6.0,3,0.26666666666666666,2400.0,80.0,3,2.949000201807968,0.9104099322153842,-1.040664161835835,Doanh thu trung bình cao
fixture-user-721,15.0,5.0,100.0,12.0,2.0,2.0,1,0.16666666666666666,900.0,30.0,2,-0.5125113090819994,0.5888915999238798,-0.9213435417374367,Nhóm hành vi còn lại
fixture-user-722,70.0,1.0,0.0,3.0,0.0,0.0,0,0.0,30.0,5.0,1,-5.653074755432996,-0.26751935962468665,-1.3948414954693151,Hoạt động gần nhất cách xa
fixture-user-723,8.0,8.0,0.0,18.0,12.0,3.0,0,0.6666666666666666,1600.0,60.0,0,1.667619505045523,-2.2053810991863303,-0.7744155991773559,Tỷ lệ thêm giỏ/xem cao
fixture-user-724,3.0,13.0,820.0,31.0,9.0,6.0,3,0.2903225806451613,2410.0,81.0,3,2.9722504279555224,0.8202064154922466,-0.8360402617366788,Doanh thu trung bình cao
fixture-user-725,16.0,6.0,120.0,13.0,3.0,2.0,1,0.23076923076923078,910.0,31.0,2,-0.18823476857859642,0.3875447576114711,-0.8693490403338631,Nhóm hành vi còn lại
fixture-user-726,71.0,2.0,0.0,4.0,0.0,0.0,0,0.0,40.0,6.0,1,-5.132931592866225,-0.19697308259203808,-1.0600968999130056,Hoạt động gần nhất cách xa
fixture-user-727,9.0,9.0,0.0,19.0,13.0,3.0,0,0.6842105263157895,1610.0,61.0,0,1.7765266448407788,-2.263702585114586,-0.6595478640554292,Tỷ lệ thêm giỏ/xem cao
fixture-user-728,4.0,14.0,840.0,32.0,10.0,6.0,3,0.3125,2420.0,82.0,3,3.01229401895736,0.7383363392983261,-0.6738605748864045,Doanh thu trung bình cao
fixture-user-729,17.0,7.0,140.0,14.0,4.0,2.0,1,0.2857142857142857,920.0,32.0,2,0.08566905022148885,0.22145490054473832,-0.8127372610551373,Nhóm hành vi còn lại
fixture-user-730,72.0,3.0,0.0,5.0,0.0,0.0,0,0.0,50.0,7.0,1,-4.734049758831314,-0.1415652227069219,-0.7803874603946023,Hoạt động gần nhất cách xa
fixture-user-731,10.0,10.0,0.0,20.0,14.0,3.0,0,0.7,1620.0,62.0,0,1.8778157374373483,-2.316152393098142,-0.5521462253135105,Tỷ lệ thêm giỏ/xem cao
fixture-user-732,5.0,12.0,860.0,33.0,8.0,6.0,3,0.24242424242424243,2430.0,83.0,3,2.7201358279717427,1.0010280153705131,-0.43135310572761704,Doanh thu trung bình cao
fixture-user-733,18.0,5.0,160.0,15.0,2.0,2.0,1,0.13333333333333333,930.0,33.0,2,-0.416368974045729,0.8413722469868408,-0.5202824835880352,Nhóm hành vi còn lại
fixture-user-734,73.0,1.0,0.0,6.0,0.0,0.0,0,0.0,60.0,8.0,1,-4.951827114160079,-0.13461517315522942,-0.48185008826089964,Hoạt động gần nhất cách xa
fixture-user-735,11.0,8.0,0.0,21.0,12.0,3.0,0,0.5714285714285714,1630.0,63.0,0,1.5440020110863266,-1.8916105529499507,-0.2894737393083827,Tỷ lệ thêm giỏ/xem cao
fixture-user-736,6.0,13.0,880.0,34.0,9.0,6.0,3,0.2647058823529412,2440.0,84.0,3,2.793205514756805,0.9179893295870694,-0.3181395540304275,Doanh thu trung bình cao
fixture-user-737,19.0,6.0,180.0,16.0,3.0,2.0,1,0.1875,940.0,34.0,2,-0.11506542133983415,0.6524097200437152,-0.47729764843711464,Nhóm hành vi còn lại
fixture-user-738,74.0,2.0,0.0,7.0,0.0,0.0,0,0.0,70.0,9.0,1,-4.544300503596412,-0.08616879017803282,-0.28512883644029735,Hoạt động gần nhất cách xa
fixture-user-739,12.0,9.0,0.0,22.0,13.0,3.0,0,0.5909090909090909,1640.0,64.0,0,1.6610803566223118,-1.956635720808595,-0.20216044539729697,Tỷ lệ thêm giỏ/xem cao
fixture-user-740,7.0,14.0,900.0,35.0,10.0,6.0,3,0.2857142857142857,2450.0,85.0,3,2.865809296514496,0.8413885834551914,-0.21799543117210443,Doanh thu trung bình cao
fixture-user-741,20.0,7.0,200.0,17.0,4.0,2.0,1,0.23529411764705882,950.0,35.0,2,0.1412081418293925,0.49422871537243757,-0.4309330555436214,Nhóm hành vi còn lại
fixture-user-742,75.0,3.0,0.0,8.0,0.0,0.0,0,0.0,80.0,10.0,1,-4.226355602128988,-0.04652353682671037,-0.10556235721929748,Hoạt động gần nhất cách xa
fixture-user-743,13.0,10.0,0.0,23.0,14.0,3.0,0,0.6086956521739131,1650.0,65.0,0,1.769348185040836,-2.015953016612214,-0.1188564273584944,Tỷ lệ thêm giỏ/xem cao
fixture-user-744,8.0,12.0,920.0,36.0,8.0,6.0,3,0.2222222222222222,2460.0,86.0,3,2.6063737094369293,1.0851522433954928,-0.028162481097520817,Doanh thu trung bình cao
fixture-user-745,21.0,5.0,220.0,18.0,2.0,2.0,1,0.1111111111111111,960.0,36.0,2,-0.331015161317517,1.017672557566975,-0.18189320559016225,Nhóm hành vi còn lại
fixture-user-746,76.0,1.0,0.0,9.0,0.0,0.0,0,0.0,90.0,11.0,1,-4.5053809003710175,-0.051404916593935875,0.11674763187868262,Hoạt động gần nhất cách xa
fixture-user-747,14.0,8.0,0.0,24.0,12.0,3.0,0,0.5,1660.0,66.0,0,1.4649328760198592,-1.6524200575582768,0.10500751195665843,Tỷ lệ thêm giỏ/xem cao
fixture-user-748,9.0,13.0,940.0,37.0,9.0,6.0,3,0.24324324324324326,2470.0,87.0,3,2.6956818339500837,1.0065237107878025,0.05075676314821963,Doanh thu trung bình cao
fixture-user-749,22.0,6.0,240.0,19.0,3.0,2.0,1,0.15789473684210525,970.0,37.0,2,-0.045442287582045944,0.842002022281944,-0.14614921568949865,Nhóm hành vi còn lại
fixture-user-750,77.0,2.0,0.0,10.0,0.0,0.0,0,0.0,100.0,12.0,1,-4.145933218700002,-0.012175282230817307,0.25338192247508057,Hoạt động gần nhất cách xa
fixture-user-751,15.0,9.0,0.0,25.0,13.0,3.0,0,0.52,1670.0,67.0,0,1.5853970707566725,-1.7197729720568595,0.17473155318197717,Tỷ lệ thêm giỏ/xem cao
fixture-user-752,10.0,14.0,960.0,38.0,10.0,6.0,3,0.2631578947368421,2480.0,88.0,3,2.7805820478578775,0.9335515526720264,0.12366456013755259,Doanh thu trung bình cao
fixture-user-753,23.0,7.0,260.0,20.0,4.0,2.0,1,0.2,980.0,38.0,2,0.19806579033115437,0.6934432518431779,-0.10747748554529173,Nhóm hành vi còn lại
fixture-user-754,78.0,3.0,0.0,11.0,0.0,0.0,0,0.0,110.0,13.0,1,-3.866786492395833,0.020083464757670286,0.3842998554068919,Hoạt động gần nhất cách xa
fixture-user-755,16.0,10.0,0.0,26.0,14.0,3.0,0,0.5384615384615384,1680.0,68.0,0,1.696701628351615,-1.7818534565886186,0.24216164621576905,Tỷ lệ thêm giỏ/xem cao
fixture-user-756,11.0,12.0,980.0,39.0,8.0,6.0,3,0.20512820512820512,2490.0,89.0,3,2.539096994000912,1.1608947269527035,0.2849645070861152,Doanh thu trung bình cao
fixture-user-757,24.0,5.0,280.0,21.0,2.0,2.0,1,0.09523809523809523,990.0,39.0,2,-0.2535021844261599,1.1515543709784555,0.11036450120739257,Nhóm hành vi còn lại
fixture-user-758,79.0,1.0,0.0,12.0,0.0,0.0,0,0.0,120.0,14.0,1,-4.177806227183311,0.009148059352104415,0.5663777413394052,Hoạt động gần nhất cách xa
fixture-user-759,17.0,8.0,0.0,27.0,12.0,3.0,0,0.4444444444444444,1690.0,69.0,0,1.4131920056243967,-1.4634770190954087,0.43800042229131814,Tỷ lệ thêm giỏ/xem cao
fixture-user-760,12.0,13.0,1000.0,40.0,9.0,6.0,3,0.225,2500.0,90.0,3,2.6355970708016336,1.085750837529916,0.34560189762492727,Doanh thu trung bình cao
fixture-user-761,25.0,6.0,300.0,22.0,3.0,2.0,1,0.13636363636363635,1000.0,40.0,2,0.020448779079346835,0.987424175304437,0.14043401059775606,Nhóm hành vi còn lại
fixture-user-762,80.0,2.0,0.0,13.0,0.0,0.0,0,0.0,130.0,15.0,1,-3.8452080923989924,0.04332455321405482,0.6691606922603189,Hoạt động gần nhất cách xa
fixture-user-763,18.0,9.0,0.0,28.0,13.0,3.0,0,0.4642857142857143,1700.0,70.0,0,1.534830031286699,-1.5309960415171668,0.49554732017099296,Tỷ lệ thêm giỏ/xem cao
fixture-user-764,13.0,14.0,1020.0,41.0,10.0,6.0,3,0.24390243902439024,2510.0,91.0,3,2.7262823845513653,1.0157588009747183,0.4029662204898221,Doanh thu trung bình cao
fixture-user-765,26.0,7.0,320.0,23.0,4.0,2.0,1,0.17391304347826086,1010.0,41.0,2,0.2541908963254575,0.8477774875328858,0.17321533289513408,Nhóm hành vi còn lại
fixture-user-766,81.0,3.0,0.0,14.0,0.0,0.0,0,0.0,140.0,16.0,1,-3.58892156885437,0.07130138670265128,0.7711842983243252,Hoạt động gần nhất cách xa
fixture-user-767,19.0,10.0,0.0,29.0,14.0,3.0,0,0.4827586206896552,1710.0,71.0,0,1.6472575587743377,-1.5937242188893985,0.5517615405408011,Tỷ lệ thêm giỏ/xem cao
fixture-user-768,14.0,12.0,1040.0,42.0,8.0,6.0,3,0.19047619047619047,2520.0,92.0,3,2.49670495094491,1.2290037398474845,0.5454645736096191,Doanh thu trung bình cao
fixture-user-769,27.0,5.0,340.0,24.0,2.0,2.0,1,0.08333333333333333,1020.0,42.0,2,-0.18230360796635595,1.2586072038036613,0.3675912090530475,Nhóm hành vi còn lại
fixture-user-770,82.0,1.0,0.0,15.0,0.0,0.0,0,0.0,150.0,17.0,1,-3.9196432407459767,0.05669108652696236,0.9282979885680404,Hoạt động gần nhất cách xa
fixture-user-771,20.0,8.0,0.0,30.0,12.0,3.0,0,0.4,1720.0,72.0,0,1.3793488527403,-1.3100407571216666,0.7263442280480706,Tỷ lệ thêm giỏ/xem cao
fixture-user-772,15.0,13.0,1060.0,43.0,9.0,6.0,3,0.20930232558139536,2530.0,93.0,3,2.5967783052258118,1.1568322528607358,0.5946167775727039,Doanh thu trung bình cao
fixture-user-773,28.0,6.0,360.0,25.0,3.0,2.0,1,0.12,1030.0,43.0,2,0.08266019726750658,1.1041566022540645,0.39313910571678706,Nhóm hành vi còn lại
fixture-user-774,83.0,2.0,0.0,16.0,0.0,0.0,0,0.0,160.0,18.0,1,-3.604202552262844,0.08767912367278557,1.0092869375057245,Hoạt động gần nhất cách xa
fixture-user-775,21.0,9.0,0.0,31.0,13.0,3.0,0,0.41935483870967744,1730.0,73.0,0,1.501059534575714,-1.376636657189004,0.7749808036540073,Tỷ lệ thêm giỏ/xem cao
fixture-user-776,16.0,14.0,1080.0,44.0,10.0,6.0,3,0.22727272727272727,2540.0,94.0,3,2.690427951437499,1.0894358139626867,0.6418324646043475,Doanh thu trung bình cao
fixture-user-777,29.0,7.0,380.0,26.0,4.0,2.0,1,0.15384615384615385,1040.0,44.0,2,0.3086623039800275,0.9723028927926293,0.4212803240192725,Nhóm hành vi còn lại
fixture-user-778,84.0,3.0,0.0,17.0,0.0,0.0,0,0.0,170.0,19.0,1,-3.3629925377313117,0.11286336793280101,1.0921119219662825,Hoạt động gần nhất cách xa
fixture-user-779,22.0,10.0,0.0,32.0,14.0,3.0,0,0.4375,1740.0,74.0,0,1.6136201785899058,-1.438893929708042,0.822869682767591,Tỷ lệ thêm giỏ/xem cao
fixture-user-780,2.0,12.0,800.0,30.0,8.0,6.0,3,0.26666666666666666,2400.0,80.0,3,2.949000201807968,0.9104099322153842,-1.040664161835835,Doanh thu trung bình cao
fixture-user-781,15.0,5.0,100.0,12.0,2.0,2.0,1,0.16666666666666666,900.0,30.0,2,-0.5125113090819994,0.5888915999238798,-0.9213435417374367,Nhóm hành vi còn lại
fixture-user-782,70.0,1.0,0.0,3.0,0.0,0.0,0,0.0,30.0,5.0,1,-5.653074755432996,-0.26751935962468665,-1.3948414954693151,Hoạt động gần nhất cách xa
fixture-user-783,8.0,8.0,0.0,18.0,12.0,3.0,0,0.6666666666666666,1600.0,60.0,0,1.667619505045523,-2.2053810991863303,-0.7744155991773559,Tỷ lệ thêm giỏ/xem cao
fixture-user-784,3.0,13.0,820.0,31.0,9.0,6.0,3,0.2903225806451613,2410.0,81.0,3,2.9722504279555224,0.8202064154922466,-0.8360402617366788,Doanh thu trung bình cao
fixture-user-785,16.0,6.0,120.0,13.0,3.0,2.0,1,0.23076923076923078,910.0,31.0,2,-0.18823476857859642,0.3875447576114711,-0.8693490403338631,Nhóm hành vi còn lại
fixture-user-786,71.0,2.0,0.0,4.0,0.0,0.0,0,0.0,40.0,6.0,1,-5.132931592866225,-0.19697308259203808,-1.0600968999130056,Hoạt động gần nhất cách xa
fixture-user-787,9.0,9.0,0.0,19.0,13.0,3.0,0,0.6842105263157895,1610.0,61.0,0,1.7765266448407788,-2.263702585114586,-0.6595478640554292,Tỷ lệ thêm giỏ/xem cao
fixture-user-788,4.0,14.0,840.0,32.0,10.0,6.0,3,0.3125,2420.0,82.0,3,3.01229401895736,0.7383363392983261,-0.6738605748864045,Doanh thu trung bình cao
fixture-user-789,17.0,7.0,140.0,14.0,4.0,2.0,1,0.2857142857142857,920.0,32.0,2,0.08566905022148885,0.22145490054473832,-0.8127372610551373,Nhóm hành vi còn lại
fixture-user-790,72.0,3.0,0.0,5.0,0.0,0.0,0,0.0,50.0,7.0,1,-4.734049758831314,-0.1415652227069219,-0.7803874603946023,Hoạt động gần nhất cách xa
fixture-user-791,10.0,10.0,0.0,20.0,14.0,3.0,0,0.7,1620.0,62.0,0,1.8778157374373483,-2.316152393098142,-0.5521462253135105,Tỷ lệ thêm giỏ/xem cao
fixture-user-792,5.0,12.0,860.0,33.0,8.0,6.0,3,0.24242424242424243,2430.0,83.0,3,2.7201358279717427,1.0010280153705131,-0.43135310572761704,Doanh thu trung bình cao
fixture-user-793,18.0,5.0,160.0,15.0,2.0,2.0,1,0.13333333333333333,930.0,33.0,2,-0.416368974045729,0.8413722469868408,-0.5202824835880352,Nhóm hành vi còn lại
fixture-user-794,73.0,1.0,0.0,6.0,0.0,0.0,0,0.0,60.0,8.0,1,-4.951827114160079,-0.13461517315522942,-0.48185008826089964,Hoạt động gần nhất cách xa
fixture-user-795,11.0,8.0,0.0,21.0,12.0,3.0,0,0.5714285714285714,1630.0,63.0,0,1.5440020110863266,-1.8916105529499507,-0.2894737393083827,Tỷ lệ thêm giỏ/xem cao
fixture-user-796,6.0,13.0,880.0,34.0,9.0,6.0,3,0.2647058823529412,2440.0,84.0,3,2.793205514756805,0.9179893295870694,-0.3181395540304275,Doanh thu trung bình cao
fixture-user-797,19.0,6.0,180.0,16.0,3.0,2.0,1,0.1875,940.0,34.0,2,-0.11506542133983415,0.6524097200437152,-0.47729764843711464,Nhóm hành vi còn lại
fixture-user-798,74.0,2.0,0.0,7.0,0.0,0.0,0,0.0,70.0,9.0,1,-4.544300503596412,-0.08616879017803282,-0.28512883644029735,Hoạt động gần nhất cách xa
fixture-user-799,12.0,9.0,0.0,22.0,13.0,3.0,0,0.5909090909090909,1640.0,64.0,0,1.6610803566223118,-1.956635720808595,-0.20216044539729697,Tỷ lệ thêm giỏ/xem cao
fixture-user-800,7.0,14.0,900.0,35.0,10.0,6.0,3,0.2857142857142857,2450.0,85.0,3,2.865809296514496,0.8413885834551914,-0.21799543117210443,Doanh thu trung bình cao
fixture-user-801,20.0,7.0,200.0,17.0,4.0,2.0,1,0.23529411764705882,950.0,35.0,2,0.1412081418293925,0.49422871537243757,-0.4309330555436214,Nhóm hành vi còn lại
fixture-user-802,75.0,3.0,0.0,8.0,0.0,0.0,0,0.0,80.0,10.0,1,-4.226355602128988,-0.04652353682671037,-0.10556235721929748,Hoạt động gần nhất cách xa
fixture-user-803,13.0,10.0,0.0,23.0,14.0,3.0,0,0.6086956521739131,1650.0,65.0,0,1.769348185040836,-2.015953016612214,-0.1188564273584944,Tỷ lệ thêm giỏ/xem cao
fixture-user-804,8.0,12.0,920.0,36.0,8.0,6.0,3,0.2222222222222222,2460.0,86.0,3,2.6063737094369293,1.0851522433954928,-0.028162481097520817,Doanh thu trung bình cao
fixture-user-805,21.0,5.0,220.0,18.0,2.0,2.0,1,0.1111111111111111,960.0,36.0,2,-0.331015161317517,1.017672557566975,-0.18189320559016225,Nhóm hành vi còn lại
fixture-user-806,76.0,1.0,0.0,9.0,0.0,0.0,0,0.0,90.0,11.0,1,-4.5053809003710175,-0.051404916593935875,0.11674763187868262,Hoạt động gần nhất cách xa
fixture-user-807,14.0,8.0,0.0,24.0,12.0,3.0,0,0.5,1660.0,66.0,0,1.4649328760198592,-1.6524200575582768,0.10500751195665843,Tỷ lệ thêm giỏ/xem cao
fixture-user-808,9.0,13.0,940.0,37.0,9.0,6.0,3,0.24324324324324326,2470.0,87.0,3,2.6956818339500837,1.0065237107878025,0.05075676314821963,Doanh thu trung bình cao
fixture-user-809,22.0,6.0,240.0,19.0,3.0,2.0,1,0.15789473684210525,970.0,37.0,2,-0.045442287582045944,0.842002022281944,-0.14614921568949865,Nhóm hành vi còn lại
fixture-user-810,77.0,2.0,0.0,10.0,0.0,0.0,0,0.0,100.0,12.0,1,-4.145933218700002,-0.012175282230817307,0.25338192247508057,Hoạt động gần nhất cách xa
fixture-user-811,15.0,9.0,0.0,25.0,13.0,3.0,0,0.52,1670.0,67.0,0,1.5853970707566725,-1.7197729720568595,0.17473155318197717,Tỷ lệ thêm giỏ/xem cao
fixture-user-812,10.0,14.0,960.0,38.0,10.0,6.0,3,0.2631578947368421,2480.0,88.0,3,2.7805820478578775,0.9335515526720264,0.12366456013755259,Doanh thu trung bình cao
fixture-user-813,23.0,7.0,260.0,20.0,4.0,2.0,1,0.2,980.0,38.0,2,0.19806579033115437,0.6934432518431779,-0.10747748554529173,Nhóm hành vi còn lại
fixture-user-814,78.0,3.0,0.0,11.0,0.0,0.0,0,0.0,110.0,13.0,1,-3.866786492395833,0.020083464757670286,0.3842998554068919,Hoạt động gần nhất cách xa
fixture-user-815,16.0,10.0,0.0,26.0,14.0,3.0,0,0.5384615384615384,1680.0,68.0,0,1.696701628351615,-1.7818534565886186,0.24216164621576905,Tỷ lệ thêm giỏ/xem cao
fixture-user-816,11.0,12.0,980.0,39.0,8.0,6.0,3,0.20512820512820512,2490.0,89.0,3,2.539096994000912,1.1608947269527035,0.2849645070861152,Doanh thu trung bình cao
fixture-user-817,24.0,5.0,280.0,21.0,2.0,2.0,1,0.09523809523809523,990.0,39.0,2,-0.2535021844261599,1.1515543709784555,0.11036450120739257,Nhóm hành vi còn lại
fixture-user-818,79.0,1.0,0.0,12.0,0.0,0.0,0,0.0,120.0,14.0,1,-4.177806227183311,0.009148059352104415,0.5663777413394052,Hoạt động gần nhất cách xa
fixture-user-819,17.0,8.0,0.0,27.0,12.0,3.0,0,0.4444444444444444,1690.0,69.0,0,1.4131920056243967,-1.4634770190954087,0.43800042229131814,Tỷ lệ thêm giỏ/xem cao
fixture-user-820,12.0,13.0,1000.0,40.0,9.0,6.0,3,0.225,2500.0,90.0,3,2.6355970708016336,1.085750837529916,0.34560189762492727,Doanh thu trung bình cao
fixture-user-821,25.0,6.0,300.0,22.0,3.0,2.0,1,0.13636363636363635,1000.0,40.0,2,0.020448779079346835,0.987424175304437,0.14043401059775606,Nhóm hành vi còn lại
fixture-user-822,80.0,2.0,0.0,13.0,0.0,0.0,0,0.0,130.0,15.0,1,-3.8452080923989924,0.04332455321405482,0.6691606922603189,Hoạt động gần nhất cách xa
fixture-user-823,18.0,9.0,0.0,28.0,13.0,3.0,0,0.4642857142857143,1700.0,70.0,0,1.534830031286699,-1.5309960415171668,0.49554732017099296,Tỷ lệ thêm giỏ/xem cao
fixture-user-824,13.0,14.0,1020.0,41.0,10.0,6.0,3,0.24390243902439024,2510.0,91.0,3,2.7262823845513653,1.0157588009747183,0.4029662204898221,Doanh thu trung bình cao
fixture-user-825,26.0,7.0,320.0,23.0,4.0,2.0,1,0.17391304347826086,1010.0,41.0,2,0.2541908963254575,0.8477774875328858,0.17321533289513408,Nhóm hành vi còn lại
fixture-user-826,81.0,3.0,0.0,14.0,0.0,0.0,0,0.0,140.0,16.0,1,-3.58892156885437,0.07130138670265128,0.7711842983243252,Hoạt động gần nhất cách xa
fixture-user-827,19.0,10.0,0.0,29.0,14.0,3.0,0,0.4827586206896552,1710.0,71.0,0,1.6472575587743377,-1.5937242188893985,0.5517615405408011,Tỷ lệ thêm giỏ/xem cao
fixture-user-828,14.0,12.0,1040.0,42.0,8.0,6.0,3,0.19047619047619047,2520.0,92.0,3,2.49670495094491,1.2290037398474845,0.5454645736096191,Doanh thu trung bình cao
fixture-user-829,27.0,5.0,340.0,24.0,2.0,2.0,1,0.08333333333333333,1020.0,42.0,2,-0.18230360796635595,1.2586072038036613,0.3675912090530475,Nhóm hành vi còn lại
fixture-user-830,82.0,1.0,0.0,15.0,0.0,0.0,0,0.0,150.0,17.0,1,-3.9196432407459767,0.05669108652696236,0.9282979885680404,Hoạt động gần nhất cách xa
fixture-user-831,20.0,8.0,0.0,30.0,12.0,3.0,0,0.4,1720.0,72.0,0,1.3793488527403,-1.3100407571216666,0.7263442280480706,Tỷ lệ thêm giỏ/xem cao
fixture-user-832,15.0,13.0,1060.0,43.0,9.0,6.0,3,0.20930232558139536,2530.0,93.0,3,2.5967783052258118,1.1568322528607358,0.5946167775727039,Doanh thu trung bình cao
fixture-user-833,28.0,6.0,360.0,25.0,3.0,2.0,1,0.12,1030.0,43.0,2,0.08266019726750658,1.1041566022540645,0.39313910571678706,Nhóm hành vi còn lại
fixture-user-834,83.0,2.0,0.0,16.0,0.0,0.0,0,0.0,160.0,18.0,1,-3.604202552262844,0.08767912367278557,1.0092869375057245,Hoạt động gần nhất cách xa
fixture-user-835,21.0,9.0,0.0,31.0,13.0,3.0,0,0.41935483870967744,1730.0,73.0,0,1.501059534575714,-1.376636657189004,0.7749808036540073,Tỷ lệ thêm giỏ/xem cao
fixture-user-836,16.0,14.0,1080.0,44.0,10.0,6.0,3,0.22727272727272727,2540.0,94.0,3,2.690427951437499,1.0894358139626867,0.6418324646043475,Doanh thu trung bình cao
fixture-user-837,29.0,7.0,380.0,26.0,4.0,2.0,1,0.15384615384615385,1040.0,44.0,2,0.3086623039800275,0.9723028927926293,0.4212803240192725,Nhóm hành vi còn lại
fixture-user-838,84.0,3.0,0.0,17.0,0.0,0.0,0,0.0,170.0,19.0,1,-3.3629925377313117,0.11286336793280101,1.0921119219662825,Hoạt động gần nhất cách xa
fixture-user-839,22.0,10.0,0.0,32.0,14.0,3.0,0,0.4375,1740.0,74.0,0,1.6136201785899058,-1.438893929708042,0.822869682767591,Tỷ lệ thêm giỏ/xem cao
fixture-user-840,2.0,12.0,800.0,30.0,8.0,6.0,3,0.26666666666666666,2400.0,80.0,3,2.949000201807968,0.9104099322153842,-1.040664161835835,Doanh thu trung bình cao
fixture-user-841,15.0,5.0,100.0,12.0,2.0,2.0,1,0.16666666666666666,900.0,30.0,2,-0.5125113090819994,0.5888915999238798,-0.9213435417374367,Nhóm hành vi còn lại
fixture-user-842,70.0,1.0,0.0,3.0,0.0,0.0,0,0.0,30.0,5.0,1,-5.653074755432996,-0.26751935962468665,-1.3948414954693151,Hoạt động gần nhất cách xa
fixture-user-843,8.0,8.0,0.0,18.0,12.0,3.0,0,0.6666666666666666,1600.0,60.0,0,1.667619505045523,-2.2053810991863303,-0.7744155991773559,Tỷ lệ thêm giỏ/xem cao
fixture-user-844,3.0,13.0,820.0,31.0,9.0,6.0,3,0.2903225806451613,2410.0,81.0,3,2.9722504279555224,0.8202064154922466,-0.8360402617366788,Doanh thu trung bình cao
fixture-user-845,16.0,6.0,120.0,13.0,3.0,2.0,1,0.23076923076923078,910.0,31.0,2,-0.18823476857859642,0.3875447576114711,-0.8693490403338631,Nhóm hành vi còn lại
fixture-user-846,71.0,2.0,0.0,4.0,0.0,0.0,0,0.0,40.0,6.0,1,-5.132931592866225,-0.19697308259203808,-1.0600968999130056,Hoạt động gần nhất cách xa
fixture-user-847,9.0,9.0,0.0,19.0,13.0,3.0,0,0.6842105263157895,1610.0,61.0,0,1.7765266448407788,-2.263702585114586,-0.6595478640554292,Tỷ lệ thêm giỏ/xem cao
fixture-user-848,4.0,14.0,840.0,32.0,10.0,6.0,3,0.3125,2420.0,82.0,3,3.01229401895736,0.7383363392983261,-0.6738605748864045,Doanh thu trung bình cao
fixture-user-849,17.0,7.0,140.0,14.0,4.0,2.0,1,0.2857142857142857,920.0,32.0,2,0.08566905022148885,0.22145490054473832,-0.8127372610551373,Nhóm hành vi còn lại
fixture-user-850,72.0,3.0,0.0,5.0,0.0,0.0,0,0.0,50.0,7.0,1,-4.734049758831314,-0.1415652227069219,-0.7803874603946023,Hoạt động gần nhất cách xa
fixture-user-851,10.0,10.0,0.0,20.0,14.0,3.0,0,0.7,1620.0,62.0,0,1.8778157374373483,-2.316152393098142,-0.5521462253135105,Tỷ lệ thêm giỏ/xem cao
fixture-user-852,5.0,12.0,860.0,33.0,8.0,6.0,3,0.24242424242424243,2430.0,83.0,3,2.7201358279717427,1.0010280153705131,-0.43135310572761704,Doanh thu trung bình cao
fixture-user-853,18.0,5.0,160.0,15.0,2.0,2.0,1,0.13333333333333333,930.0,33.0,2,-0.416368974045729,0.8413722469868408,-0.5202824835880352,Nhóm hành vi còn lại
fixture-user-854,73.0,1.0,0.0,6.0,0.0,0.0,0,0.0,60.0,8.0,1,-4.951827114160079,-0.13461517315522942,-0.48185008826089964,Hoạt động gần nhất cách xa
fixture-user-855,11.0,8.0,0.0,21.0,12.0,3.0,0,0.5714285714285714,1630.0,63.0,0,1.5440020110863266,-1.8916105529499507,-0.2894737393083827,Tỷ lệ thêm giỏ/xem cao
fixture-user-856,6.0,13.0,880.0,34.0,9.0,6.0,3,0.2647058823529412,2440.0,84.0,3,2.793205514756805,0.9179893295870694,-0.3181395540304275,Doanh thu trung bình cao
fixture-user-857,19.0,6.0,180.0,16.0,3.0,2.0,1,0.1875,940.0,34.0,2,-0.11506542133983415,0.6524097200437152,-0.47729764843711464,Nhóm hành vi còn lại
fixture-user-858,74.0,2.0,0.0,7.0,0.0,0.0,0,0.0,70.0,9.0,1,-4.544300503596412,-0.08616879017803282,-0.28512883644029735,Hoạt động gần nhất cách xa
fixture-user-859,12.0,9.0,0.0,22.0,13.0,3.0,0,0.5909090909090909,1640.0,64.0,0,1.6610803566223118,-1.956635720808595,-0.20216044539729697,Tỷ lệ thêm giỏ/xem cao
fixture-user-860,7.0,14.0,900.0,35.0,10.0,6.0,3,0.2857142857142857,2450.0,85.0,3,2.865809296514496,0.8413885834551914,-0.21799543117210443,Doanh thu trung bình cao
fixture-user-861,20.0,7.0,200.0,17.0,4.0,2.0,1,0.23529411764705882,950.0,35.0,2,0.1412081418293925,0.49422871537243757,-0.4309330555436214,Nhóm hành vi còn lại
fixture-user-862,75.0,3.0,0.0,8.0,0.0,0.0,0,0.0,80.0,10.0,1,-4.226355602128988,-0.04652353682671037,-0.10556235721929748,Hoạt động gần nhất cách xa
fixture-user-863,13.0,10.0,0.0,23.0,14.0,3.0,0,0.6086956521739131,1650.0,65.0,0,1.769348185040836,-2.015953016612214,-0.1188564273584944,Tỷ lệ thêm giỏ/xem cao
fixture-user-864,8.0,12.0,920.0,36.0,8.0,6.0,3,0.2222222222222222,2460.0,86.0,3,2.6063737094369293,1.0851522433954928,-0.028162481097520817,Doanh thu trung bình cao
fixture-user-865,21.0,5.0,220.0,18.0,2.0,2.0,1,0.1111111111111111,960.0,36.0,2,-0.331015161317517,1.017672557566975,-0.18189320559016225,Nhóm hành vi còn lại
fixture-user-866,76.0,1.0,0.0,9.0,0.0,0.0,0,0.0,90.0,11.0,1,-4.5053809003710175,-0.051404916593935875,0.11674763187868262,Hoạt động gần nhất cách xa
fixture-user-867,14.0,8.0,0.0,24.0,12.0,3.0,0,0.5,1660.0,66.0,0,1.4649328760198592,-1.6524200575582768,0.10500751195665843,Tỷ lệ thêm giỏ/xem cao
fixture-user-868,9.0,13.0,940.0,37.0,9.0,6.0,3,0.24324324324324326,2470.0,87.0,3,2.6956818339500837,1.0065237107878025,0.05075676314821963,Doanh thu trung bình cao
fixture-user-869,22.0,6.0,240.0,19.0,3.0,2.0,1,0.15789473684210525,970.0,37.0,2,-0.045442287582045944,0.842002022281944,-0.14614921568949865,Nhóm hành vi còn lại
fixture-user-870,77.0,2.0,0.0,10.0,0.0,0.0,0,0.0,100.0,12.0,1,-4.145933218700002,-0.012175282230817307,0.25338192247508057,Hoạt động gần nhất cách xa
fixture-user-871,15.0,9.0,0.0,25.0,13.0,3.0,0,0.52,1670.0,67.0,0,1.5853970707566725,-1.7197729720568595,0.17473155318197717,Tỷ lệ thêm giỏ/xem cao
fixture-user-872,10.0,14.0,960.0,38.0,10.0,6.0,3,0.2631578947368421,2480.0,88.0,3,2.7805820478578775,0.9335515526720264,0.12366456013755259,Doanh thu trung bình cao
fixture-user-873,23.0,7.0,260.0,20.0,4.0,2.0,1,0.2,980.0,38.0,2,0.19806579033115437,0.6934432518431779,-0.10747748554529173,Nhóm hành vi còn lại
fixture-user-874,78.0,3.0,0.0,11.0,0.0,0.0,0,0.0,110.0,13.0,1,-3.866786492395833,0.020083464757670286,0.3842998554068919,Hoạt động gần nhất cách xa
fixture-user-875,16.0,10.0,0.0,26.0,14.0,3.0,0,0.5384615384615384,1680.0,68.0,0,1.696701628351615,-1.7818534565886186,0.24216164621576905,Tỷ lệ thêm giỏ/xem cao
fixture-user-876,11.0,12.0,980.0,39.0,8.0,6.0,3,0.20512820512820512,2490.0,89.0,3,2.539096994000912,1.1608947269527035,0.2849645070861152,Doanh thu trung bình cao
fixture-user-877,24.0,5.0,280.0,21.0,2.0,2.0,1,0.09523809523809523,990.0,39.0,2,-0.2535021844261599,1.1515543709784555,0.11036450120739257,Nhóm hành vi còn lại
fixture-user-878,79.0,1.0,0.0,12.0,0.0,0.0,0,0.0,120.0,14.0,1,-4.177806227183311,0.009148059352104415,0.5663777413394052,Hoạt động gần nhất cách xa
fixture-user-879,17.0,8.0,0.0,27.0,12.0,3.0,0,0.4444444444444444,1690.0,69.0,0,1.4131920056243967,-1.4634770190954087,0.43800042229131814,Tỷ lệ thêm giỏ/xem cao
fixture-user-880,12.0,13.0,1000.0,40.0,9.0,6.0,3,0.225,2500.0,90.0,3,2.6355970708016336,1.085750837529916,0.34560189762492727,Doanh thu trung bình cao
fixture-user-881,25.0,6.0,300.0,22.0,3.0,2.0,1,0.13636363636363635,1000.0,40.0,2,0.020448779079346835,0.987424175304437,0.14043401059775606,Nhóm hành vi còn lại
fixture-user-882,80.0,2.0,0.0,13.0,0.0,0.0,0,0.0,130.0,15.0,1,-3.8452080923989924,0.04332455321405482,0.6691606922603189,Hoạt động gần nhất cách xa
fixture-user-883,18.0,9.0,0.0,28.0,13.0,3.0,0,0.4642857142857143,1700.0,70.0,0,1.534830031286699,-1.5309960415171668,0.49554732017099296,Tỷ lệ thêm giỏ/xem cao
fixture-user-884,13.0,14.0,1020.0,41.0,10.0,6.0,3,0.24390243902439024,2510.0,91.0,3,2.7262823845513653,1.0157588009747183,0.4029662204898221,Doanh thu trung bình cao
fixture-user-885,26.0,7.0,320.0,23.0,4.0,2.0,1,0.17391304347826086,1010.0,41.0,2,0.2541908963254575,0.8477774875328858,0.17321533289513408,Nhóm hành vi còn lại
fixture-user-886,81.0,3.0,0.0,14.0,0.0,0.0,0,0.0,140.0,16.0,1,-3.58892156885437,0.07130138670265128,0.7711842983243252,Hoạt động gần nhất cách xa
fixture-user-887,19.0,10.0,0.0,29.0,14.0,3.0,0,0.4827586206896552,1710.0,71.0,0,1.6472575587743377,-1.5937242188893985,0.5517615405408011,Tỷ lệ thêm giỏ/xem cao
fixture-user-888,14.0,12.0,1040.0,42.0,8.0,6.0,3,0.19047619047619047,2520.0,92.0,3,2.49670495094491,1.2290037398474845,0.5454645736096191,Doanh thu trung bình cao
fixture-user-889,27.0,5.0,340.0,24.0,2.0,2.0,1,0.08333333333333333,1020.0,42.0,2,-0.18230360796635595,1.2586072038036613,0.3675912090530475,Nhóm hành vi còn lại
fixture-user-890,82.0,1.0,0.0,15.0,0.0,0.0,0,0.0,150.0,17.0,1,-3.9196432407459767,0.05669108652696236,0.9282979885680404,Hoạt động gần nhất cách xa
fixture-user-891,20.0,8.0,0.0,30.0,12.0,3.0,0,0.4,1720.0,72.0,0,1.3793488527403,-1.3100407571216666,0.7263442280480706,Tỷ lệ thêm giỏ/xem cao
fixture-user-892,15.0,13.0,1060.0,43.0,9.0,6.0,3,0.20930232558139536,2530.0,93.0,3,2.5967783052258118,1.1568322528607358,0.5946167775727039,Doanh thu trung bình cao
fixture-user-893,28.0,6.0,360.0,25.0,3.0,2.0,1,0.12,1030.0,43.0,2,0.08266019726750658,1.1041566022540645,0.39313910571678706,Nhóm hành vi còn lại
fixture-user-894,83.0,2.0,0.0,16.0,0.0,0.0,0,0.0,160.0,18.0,1,-3.604202552262844,0.08767912367278557,1.0092869375057245,Hoạt động gần nhất cách xa
fixture-user-895,21.0,9.0,0.0,31.0,13.0,3.0,0,0.41935483870967744,1730.0,73.0,0,1.501059534575714,-1.376636657189004,0.7749808036540073,Tỷ lệ thêm giỏ/xem cao
fixture-user-896,16.0,14.0,1080.0,44.0,10.0,6.0,3,0.22727272727272727,2540.0,94.0,3,2.690427951437499,1.0894358139626867,0.6418324646043475,Doanh thu trung bình cao
fixture-user-897,29.0,7.0,380.0,26.0,4.0,2.0,1,0.15384615384615385,1040.0,44.0,2,0.3086623039800275,0.9723028927926293,0.4212803240192725,Nhóm hành vi còn lại
fixture-user-898,84.0,3.0,0.0,17.0,0.0,0.0,0,0.0,170.0,19.0,1,-3.3629925377313117,0.11286336793280101,1.0921119219662825,Hoạt động gần nhất cách xa
fixture-user-899,22.0,10.0,0.0,32.0,14.0,3.0,0,0.4375,1740.0,74.0,0,1.6136201785899058,-1.438893929708042,0.822869682767591,Tỷ lệ thêm giỏ/xem cao
fixture-user-900,2.0,12.0,800.0,30.0,8.0,6.0,3,0.26666666666666666,2400.0,80.0,3,2.949000201807968,0.9104099322153842,-1.040664161835835,Doanh thu trung bình cao
fixture-user-901,15.0,5.0,100.0,12.0,2.0,2.0,1,0.16666666666666666,900.0,30.0,2,-0.5125113090819994,0.5888915999238798,-0.9213435417374367,Nhóm hành vi còn lại
fixture-user-902,70.0,1.0,0.0,3.0,0.0,0.0,0,0.0,30.0,5.0,1,-5.653074755432996,-0.26751935962468665,-1.3948414954693151,Hoạt động gần nhất cách xa
fixture-user-903,8.0,8.0,0.0,18.0,12.0,3.0,0,0.6666666666666666,1600.0,60.0,0,1.667619505045523,-2.2053810991863303,-0.7744155991773559,Tỷ lệ thêm giỏ/xem cao
fixture-user-904,3.0,13.0,820.0,31.0,9.0,6.0,3,0.2903225806451613,2410.0,81.0,3,2.9722504279555224,0.8202064154922466,-0.8360402617366788,Doanh thu trung bình cao
fixture-user-905,16.0,6.0,120.0,13.0,3.0,2.0,1,0.23076923076923078,910.0,31.0,2,-0.18823476857859642,0.3875447576114711,-0.8693490403338631,Nhóm hành vi còn lại
fixture-user-906,71.0,2.0,0.0,4.0,0.0,0.0,0,0.0,40.0,6.0,1,-5.132931592866225,-0.19697308259203808,-1.0600968999130056,Hoạt động gần nhất cách xa
fixture-user-907,9.0,9.0,0.0,19.0,13.0,3.0,0,0.6842105263157895,1610.0,61.0,0,1.7765266448407788,-2.263702585114586,-0.6595478640554292,Tỷ lệ thêm giỏ/xem cao
fixture-user-908,4.0,14.0,840.0,32.0,10.0,6.0,3,0.3125,2420.0,82.0,3,3.01229401895736,0.7383363392983261,-0.6738605748864045,Doanh thu trung bình cao
fixture-user-909,17.0,7.0,140.0,14.0,4.0,2.0,1,0.2857142857142857,920.0,32.0,2,0.08566905022148885,0.22145490054473832,-0.8127372610551373,Nhóm hành vi còn lại
fixture-user-910,72.0,3.0,0.0,5.0,0.0,0.0,0,0.0,50.0,7.0,1,-4.734049758831314,-0.1415652227069219,-0.7803874603946023,Hoạt động gần nhất cách xa
fixture-user-911,10.0,10.0,0.0,20.0,14.0,3.0,0,0.7,1620.0,62.0,0,1.8778157374373483,-2.316152393098142,-0.5521462253135105,Tỷ lệ thêm giỏ/xem cao
fixture-user-912,5.0,12.0,860.0,33.0,8.0,6.0,3,0.24242424242424243,2430.0,83.0,3,2.7201358279717427,1.0010280153705131,-0.43135310572761704,Doanh thu trung bình cao
fixture-user-913,18.0,5.0,160.0,15.0,2.0,2.0,1,0.13333333333333333,930.0,33.0,2,-0.416368974045729,0.8413722469868408,-0.5202824835880352,Nhóm hành vi còn lại
fixture-user-914,73.0,1.0,0.0,6.0,0.0,0.0,0,0.0,60.0,8.0,1,-4.951827114160079,-0.13461517315522942,-0.48185008826089964,Hoạt động gần nhất cách xa
fixture-user-915,11.0,8.0,0.0,21.0,12.0,3.0,0,0.5714285714285714,1630.0,63.0,0,1.5440020110863266,-1.8916105529499507,-0.2894737393083827,Tỷ lệ thêm giỏ/xem cao
fixture-user-916,6.0,13.0,880.0,34.0,9.0,6.0,3,0.2647058823529412,2440.0,84.0,3,2.793205514756805,0.9179893295870694,-0.3181395540304275,Doanh thu trung bình cao
fixture-user-917,19.0,6.0,180.0,16.0,3.0,2.0,1,0.1875,940.0,34.0,2,-0.11506542133983415,0.6524097200437152,-0.47729764843711464,Nhóm hành vi còn lại
fixture-user-918,74.0,2.0,0.0,7.0,0.0,0.0,0,0.0,70.0,9.0,1,-4.544300503596412,-0.08616879017803282,-0.28512883644029735,Hoạt động gần nhất cách xa
fixture-user-919,12.0,9.0,0.0,22.0,13.0,3.0,0,0.5909090909090909,1640.0,64.0,0,1.6610803566223118,-1.956635720808595,-0.20216044539729697,Tỷ lệ thêm giỏ/xem cao
fixture-user-920,7.0,14.0,900.0,35.0,10.0,6.0,3,0.2857142857142857,2450.0,85.0,3,2.865809296514496,0.8413885834551914,-0.21799543117210443,Doanh thu trung bình cao
fixture-user-921,20.0,7.0,200.0,17.0,4.0,2.0,1,0.23529411764705882,950.0,35.0,2,0.1412081418293925,0.49422871537243757,-0.4309330555436214,Nhóm hành vi còn lại
fixture-user-922,75.0,3.0,0.0,8.0,0.0,0.0,0,0.0,80.0,10.0,1,-4.226355602128988,-0.04652353682671037,-0.10556235721929748,Hoạt động gần nhất cách xa
fixture-user-923,13.0,10.0,0.0,23.0,14.0,3.0,0,0.6086956521739131,1650.0,65.0,0,1.769348185040836,-2.015953016612214,-0.1188564273584944,Tỷ lệ thêm giỏ/xem cao
fixture-user-924,8.0,12.0,920.0,36.0,8.0,6.0,3,0.2222222222222222,2460.0,86.0,3,2.6063737094369293,1.0851522433954928,-0.028162481097520817,Doanh thu trung bình cao
fixture-user-925,21.0,5.0,220.0,18.0,2.0,2.0,1,0.1111111111111111,960.0,36.0,2,-0.331015161317517,1.017672557566975,-0.18189320559016225,Nhóm hành vi còn lại
fixture-user-926,76.0,1.0,0.0,9.0,0.0,0.0,0,0.0,90.0,11.0,1,-4.5053809003710175,-0.051404916593935875,0.11674763187868262,Hoạt động gần nhất cách xa
fixture-user-927,14.0,8.0,0.0,24.0,12.0,3.0,0,0.5,1660.0,66.0,0,1.4649328760198592,-1.6524200575582768,0.10500751195665843,Tỷ lệ thêm giỏ/xem cao
fixture-user-928,9.0,13.0,940.0,37.0,9.0,6.0,3,0.24324324324324326,2470.0,87.0,3,2.6956818339500837,1.0065237107878025,0.05075676314821963,Doanh thu trung bình cao
fixture-user-929,22.0,6.0,240.0,19.0,3.0,2.0,1,0.15789473684210525,970.0,37.0,2,-0.045442287582045944,0.842002022281944,-0.14614921568949865,Nhóm hành vi còn lại
fixture-user-930,77.0,2.0,0.0,10.0,0.0,0.0,0,0.0,100.0,12.0,1,-4.145933218700002,-0.012175282230817307,0.25338192247508057,Hoạt động gần nhất cách xa
fixture-user-931,15.0,9.0,0.0,25.0,13.0,3.0,0,0.52,1670.0,67.0,0,1.5853970707566725,-1.7197729720568595,0.17473155318197717,Tỷ lệ thêm giỏ/xem cao
fixture-user-932,10.0,14.0,960.0,38.0,10.0,6.0,3,0.2631578947368421,2480.0,88.0,3,2.7805820478578775,0.9335515526720264,0.12366456013755259,Doanh thu trung bình cao
fixture-user-933,23.0,7.0,260.0,20.0,4.0,2.0,1,0.2,980.0,38.0,2,0.19806579033115437,0.6934432518431779,-0.10747748554529173,Nhóm hành vi còn lại
fixture-user-934,78.0,3.0,0.0,11.0,0.0,0.0,0,0.0,110.0,13.0,1,-3.866786492395833,0.020083464757670286,0.3842998554068919,Hoạt động gần nhất cách xa
fixture-user-935,16.0,10.0,0.0,26.0,14.0,3.0,0,0.5384615384615384,1680.0,68.0,0,1.696701628351615,-1.7818534565886186,0.24216164621576905,Tỷ lệ thêm giỏ/xem cao
fixture-user-936,11.0,12.0,980.0,39.0,8.0,6.0,3,0.20512820512820512,2490.0,89.0,3,2.539096994000912,1.1608947269527035,0.2849645070861152,Doanh thu trung bình cao
fixture-user-937,24.0,5.0,280.0,21.0,2.0,2.0,1,0.09523809523809523,990.0,39.0,2,-0.2535021844261599,1.1515543709784555,0.11036450120739257,Nhóm hành vi còn lại
fixture-user-938,79.0,1.0,0.0,12.0,0.0,0.0,0,0.0,120.0,14.0,1,-4.177806227183311,0.009148059352104415,0.5663777413394052,Hoạt động gần nhất cách xa
fixture-user-939,17.0,8.0,0.0,27.0,12.0,3.0,0,0.4444444444444444,1690.0,69.0,0,1.4131920056243967,-1.4634770190954087,0.43800042229131814,Tỷ lệ thêm giỏ/xem cao
fixture-user-940,12.0,13.0,1000.0,40.0,9.0,6.0,3,0.225,2500.0,90.0,3,2.6355970708016336,1.085750837529916,0.34560189762492727,Doanh thu trung bình cao
fixture-user-941,25.0,6.0,300.0,22.0,3.0,2.0,1,0.13636363636363635,1000.0,40.0,2,0.020448779079346835,0.987424175304437,0.14043401059775606,Nhóm hành vi còn lại
fixture-user-942,80.0,2.0,0.0,13.0,0.0,0.0,0,0.0,130.0,15.0,1,-3.8452080923989924,0.04332455321405482,0.6691606922603189,Hoạt động gần nhất cách xa
fixture-user-943,18.0,9.0,0.0,28.0,13.0,3.0,0,0.4642857142857143,1700.0,70.0,0,1.534830031286699,-1.5309960415171668,0.49554732017099296,Tỷ lệ thêm giỏ/xem cao
fixture-user-944,13.0,14.0,1020.0,41.0,10.0,6.0,3,0.24390243902439024,2510.0,91.0,3,2.7262823845513653,1.0157588009747183,0.4029662204898221,Doanh thu trung bình cao
fixture-user-945,26.0,7.0,320.0,23.0,4.0,2.0,1,0.17391304347826086,1010.0,41.0,2,0.2541908963254575,0.8477774875328858,0.17321533289513408,Nhóm hành vi còn lại
fixture-user-946,81.0,3.0,0.0,14.0,0.0,0.0,0,0.0,140.0,16.0,1,-3.58892156885437,0.07130138670265128,0.7711842983243252,Hoạt động gần nhất cách xa
fixture-user-947,19.0,10.0,0.0,29.0,14.0,3.0,0,0.4827586206896552,1710.0,71.0,0,1.6472575587743377,-1.5937242188893985,0.5517615405408011,Tỷ lệ thêm giỏ/xem cao
fixture-user-948,14.0,12.0,1040.0,42.0,8.0,6.0,3,0.19047619047619047,2520.0,92.0,3,2.49670495094491,1.2290037398474845,0.5454645736096191,Doanh thu trung bình cao
fixture-user-949,27.0,5.0,340.0,24.0,2.0,2.0,1,0.08333333333333333,1020.0,42.0,2,-0.18230360796635595,1.2586072038036613,0.3675912090530475,Nhóm hành vi còn lại
fixture-user-950,82.0,1.0,0.0,15.0,0.0,0.0,0,0.0,150.0,17.0,1,-3.9196432407459767,0.05669108652696236,0.9282979885680404,Hoạt động gần nhất cách xa
fixture-user-951,20.0,8.0,0.0,30.0,12.0,3.0,0,0.4,1720.0,72.0,0,1.3793488527403,-1.3100407571216666,0.7263442280480706,Tỷ lệ thêm giỏ/xem cao
fixture-user-952,15.0,13.0,1060.0,43.0,9.0,6.0,3,0.20930232558139536,2530.0,93.0,3,2.5967783052258118,1.1568322528607358,0.5946167775727039,Doanh thu trung bình cao
fixture-user-953,28.0,6.0,360.0,25.0,3.0,2.0,1,0.12,1030.0,43.0,2,0.08266019726750658,1.1041566022540645,0.39313910571678706,Nhóm hành vi còn lại
fixture-user-954,83.0,2.0,0.0,16.0,0.0,0.0,0,0.0,160.0,18.0,1,-3.604202552262844,0.08767912367278557,1.0092869375057245,Hoạt động gần nhất cách xa
fixture-user-955,21.0,9.0,0.0,31.0,13.0,3.0,0,0.41935483870967744,1730.0,73.0,0,1.501059534575714,-1.376636657189004,0.7749808036540073,Tỷ lệ thêm giỏ/xem cao
fixture-user-956,16.0,14.0,1080.0,44.0,10.0,6.0,3,0.22727272727272727,2540.0,94.0,3,2.690427951437499,1.0894358139626867,0.6418324646043475,Doanh thu trung bình cao
fixture-user-957,29.0,7.0,380.0,26.0,4.0,2.0,1,0.15384615384615385,1040.0,44.0,2,0.3086623039800275,0.9723028927926293,0.4212803240192725,Nhóm hành vi còn lại
fixture-user-958,84.0,3.0,0.0,17.0,0.0,0.0,0,0.0,170.0,19.0,1,-3.3629925377313117,0.11286336793280101,1.0921119219662825,Hoạt động gần nhất cách xa
fixture-user-959,22.0,10.0,0.0,32.0,14.0,3.0,0,0.4375,1740.0,74.0,0,1.6136201785899058,-1.438893929708042,0.822869682767591,Tỷ lệ thêm giỏ/xem cao
fixture-user-960,2.0,12.0,800.0,30.0,8.0,6.0,3,0.26666666666666666,2400.0,80.0,3,2.949000201807968,0.9104099322153842,-1.040664161835835,Doanh thu trung bình cao
fixture-user-961,15.0,5.0,100.0,12.0,2.0,2.0,1,0.16666666666666666,900.0,30.0,2,-0.5125113090819994,0.5888915999238798,-0.9213435417374367,Nhóm hành vi còn lại
fixture-user-962,70.0,1.0,0.0,3.0,0.0,0.0,0,0.0,30.0,5.0,1,-5.653074755432996,-0.26751935962468665,-1.3948414954693151,Hoạt động gần nhất cách xa
fixture-user-963,8.0,8.0,0.0,18.0,12.0,3.0,0,0.6666666666666666,1600.0,60.0,0,1.667619505045523,-2.2053810991863303,-0.7744155991773559,Tỷ lệ thêm giỏ/xem cao
fixture-user-964,3.0,13.0,820.0,31.0,9.0,6.0,3,0.2903225806451613,2410.0,81.0,3,2.9722504279555224,0.8202064154922466,-0.8360402617366788,Doanh thu trung bình cao
fixture-user-965,16.0,6.0,120.0,13.0,3.0,2.0,1,0.23076923076923078,910.0,31.0,2,-0.18823476857859642,0.3875447576114711,-0.8693490403338631,Nhóm hành vi còn lại
fixture-user-966,71.0,2.0,0.0,4.0,0.0,0.0,0,0.0,40.0,6.0,1,-5.132931592866225,-0.19697308259203808,-1.0600968999130056,Hoạt động gần nhất cách xa
fixture-user-967,9.0,9.0,0.0,19.0,13.0,3.0,0,0.6842105263157895,1610.0,61.0,0,1.7765266448407788,-2.263702585114586,-0.6595478640554292,Tỷ lệ thêm giỏ/xem cao
fixture-user-968,4.0,14.0,840.0,32.0,10.0,6.0,3,0.3125,2420.0,82.0,3,3.01229401895736,0.7383363392983261,-0.6738605748864045,Doanh thu trung bình cao
fixture-user-969,17.0,7.0,140.0,14.0,4.0,2.0,1,0.2857142857142857,920.0,32.0,2,0.08566905022148885,0.22145490054473832,-0.8127372610551373,Nhóm hành vi còn lại
fixture-user-970,72.0,3.0,0.0,5.0,0.0,0.0,0,0.0,50.0,7.0,1,-4.734049758831314,-0.1415652227069219,-0.7803874603946023,Hoạt động gần nhất cách xa
fixture-user-971,10.0,10.0,0.0,20.0,14.0,3.0,0,0.7,1620.0,62.0,0,1.8778157374373483,-2.316152393098142,-0.5521462253135105,Tỷ lệ thêm giỏ/xem cao
fixture-user-972,5.0,12.0,860.0,33.0,8.0,6.0,3,0.24242424242424243,2430.0,83.0,3,2.7201358279717427,1.0010280153705131,-0.43135310572761704,Doanh thu trung bình cao
fixture-user-973,18.0,5.0,160.0,15.0,2.0,2.0,1,0.13333333333333333,930.0,33.0,2,-0.416368974045729,0.8413722469868408,-0.5202824835880352,Nhóm hành vi còn lại
fixture-user-974,73.0,1.0,0.0,6.0,0.0,0.0,0,0.0,60.0,8.0,1,-4.951827114160079,-0.13461517315522942,-0.48185008826089964,Hoạt động gần nhất cách xa
fixture-user-975,11.0,8.0,0.0,21.0,12.0,3.0,0,0.5714285714285714,1630.0,63.0,0,1.5440020110863266,-1.8916105529499507,-0.2894737393083827,Tỷ lệ thêm giỏ/xem cao
fixture-user-976,6.0,13.0,880.0,34.0,9.0,6.0,3,0.2647058823529412,2440.0,84.0,3,2.793205514756805,0.9179893295870694,-0.3181395540304275,Doanh thu trung bình cao
fixture-user-977,19.0,6.0,180.0,16.0,3.0,2.0,1,0.1875,940.0,34.0,2,-0.11506542133983415,0.6524097200437152,-0.47729764843711464,Nhóm hành vi còn lại
fixture-user-978,74.0,2.0,0.0,7.0,0.0,0.0,0,0.0,70.0,9.0,1,-4.544300503596412,-0.08616879017803282,-0.28512883644029735,Hoạt động gần nhất cách xa
fixture-user-979,12.0,9.0,0.0,22.0,13.0,3.0,0,0.5909090909090909,1640.0,64.0,0,1.6610803566223118,-1.956635720808595,-0.20216044539729697,Tỷ lệ thêm giỏ/xem cao
fixture-user-980,7.0,14.0,900.0,35.0,10.0,6.0,3,0.2857142857142857,2450.0,85.0,3,2.865809296514496,0.8413885834551914,-0.21799543117210443,Doanh thu trung bình cao
fixture-user-981,20.0,7.0,200.0,17.0,4.0,2.0,1,0.23529411764705882,950.0,35.0,2,0.1412081418293925,0.49422871537243757,-0.4309330555436214,Nhóm hành vi còn lại
fixture-user-982,75.0,3.0,0.0,8.0,0.0,0.0,0,0.0,80.0,10.0,1,-4.226355602128988,-0.04652353682671037,-0.10556235721929748,Hoạt động gần nhất cách xa
fixture-user-983,13.0,10.0,0.0,23.0,14.0,3.0,0,0.6086956521739131,1650.0,65.0,0,1.769348185040836,-2.015953016612214,-0.1188564273584944,Tỷ lệ thêm giỏ/xem cao
fixture-user-984,8.0,12.0,920.0,36.0,8.0,6.0,3,0.2222222222222222,2460.0,86.0,3,2.6063737094369293,1.0851522433954928,-0.028162481097520817,Doanh thu trung bình cao
fixture-user-985,21.0,5.0,220.0,18.0,2.0,2.0,1,0.1111111111111111,960.0,36.0,2,-0.331015161317517,1.017672557566975,-0.18189320559016225,Nhóm hành vi còn lại
fixture-user-986,76.0,1.0,0.0,9.0,0.0,0.0,0,0.0,90.0,11.0,1,-4.5053809003710175,-0.051404916593935875,0.11674763187868262,Hoạt động gần nhất cách xa
fixture-user-987,14.0,8.0,0.0,24.0,12.0,3.0,0,0.5,1660.0,66.0,0,1.4649328760198592,-1.6524200575582768,0.10500751195665843,Tỷ lệ thêm giỏ/xem cao
fixture-user-988,9.0,13.0,940.0,37.0,9.0,6.0,3,0.24324324324324326,2470.0,87.0,3,2.6956818339500837,1.0065237107878025,0.05075676314821963,Doanh thu trung bình cao
fixture-user-989,22.0,6.0,240.0,19.0,3.0,2.0,1,0.15789473684210525,970.0,37.0,2,-0.045442287582045944,0.842002022281944,-0.14614921568949865,Nhóm hành vi còn lại
fixture-user-990,77.0,2.0,0.0,10.0,0.0,0.0,0,0.0,100.0,12.0,1,-4.145933218700002,-0.012175282230817307,0.25338192247508057,Hoạt động gần nhất cách xa
fixture-user-991,15.0,9.0,0.0,25.0,13.0,3.0,0,0.52,1670.0,67.0,0,1.5853970707566725,-1.7197729720568595,0.17473155318197717,Tỷ lệ thêm giỏ/xem cao
fixture-user-992,10.0,14.0,960.0,38.0,10.0,6.0,3,0.2631578947368421,2480.0,88.0,3,2.7805820478578775,0.9335515526720264,0.12366456013755259,Doanh thu trung bình cao
fixture-user-993,23.0,7.0,260.0,20.0,4.0,2.0,1,0.2,980.0,38.0,2,0.19806579033115437,0.6934432518431779,-0.10747748554529173,Nhóm hành vi còn lại
fixture-user-994,78.0,3.0,0.0,11.0,0.0,0.0,0,0.0,110.0,13.0,1,-3.866786492395833,0.020083464757670286,0.3842998554068919,Hoạt động gần nhất cách xa
fixture-user-995,16.0,10.0,0.0,26.0,14.0,3.0,0,0.5384615384615384,1680.0,68.0,0,1.696701628351615,-1.7818534565886186,0.24216164621576905,Tỷ lệ thêm giỏ/xem cao
fixture-user-996,11.0,12.0,980.0,39.0,8.0,6.0,3,0.20512820512820512,2490.0,89.0,3,2.539096994000912,1.1608947269527035,0.2849645070861152,Doanh thu trung bình cao
fixture-user-997,24.0,5.0,280.0,21.0,2.0,2.0,1,0.09523809523809523,990.0,39.0,2,-0.2535021844261599,1.1515543709784555,0.11036450120739257,Nhóm hành vi còn lại
fixture-user-998,79.0,1.0,0.0,12.0,0.0,0.0,0,0.0,120.0,14.0,1,-4.177806227183311,0.009148059352104415,0.5663777413394052,Hoạt động gần nhất cách xa
fixture-user-999,17.0,8.0,0.0,27.0,12.0,3.0,0,0.4444444444444444,1690.0,69.0,0,1.4131920056243967,-1.4634770190954087,0.43800042229131814,Tỷ lệ thêm giỏ/xem cao
fixture-user-1000,12.0,13.0,1000.0,40.0,9.0,6.0,3,0.225,2500.0,90.0,3,2.6355970708016336,1.085750837529916,0.34560189762492727,Doanh thu trung bình cao
fixture-user-1001,25.0,6.0,300.0,22.0,3.0,2.0,1,0.13636363636363635,1000.0,40.0,2,0.020448779079346835,0.987424175304437,0.14043401059775606,Nhóm hành vi còn lại
fixture-user-1002,80.0,2.0,0.0,13.0,0.0,0.0,0,0.0,130.0,15.0,1,-3.8452080923989924,0.04332455321405482,0.6691606922603189,Hoạt động gần nhất cách xa
fixture-user-1003,18.0,9.0,0.0,28.0,13.0,3.0,0,0.4642857142857143,1700.0,70.0,0,1.534830031286699,-1.5309960415171668,0.49554732017099296,Tỷ lệ thêm giỏ/xem cao
fixture-user-1004,13.0,14.0,1020.0,41.0,10.0,6.0,3,0.24390243902439024,2510.0,91.0,3,2.7262823845513653,1.0157588009747183,0.4029662204898221,Doanh thu trung bình cao
fixture-user-1005,26.0,7.0,320.0,23.0,4.0,2.0,1,0.17391304347826086,1010.0,41.0,2,0.2541908963254575,0.8477774875328858,0.17321533289513408,Nhóm hành vi còn lại
fixture-user-1006,81.0,3.0,0.0,14.0,0.0,0.0,0,0.0,140.0,16.0,1,-3.58892156885437,0.07130138670265128,0.7711842983243252,Hoạt động gần nhất cách xa
fixture-user-1007,19.0,10.0,0.0,29.0,14.0,3.0,0,0.4827586206896552,1710.0,71.0,0,1.6472575587743377,-1.5937242188893985,0.5517615405408011,Tỷ lệ thêm giỏ/xem cao
fixture-user-1008,14.0,12.0,1040.0,42.0,8.0,6.0,3,0.19047619047619047,2520.0,92.0,3,2.49670495094491,1.2290037398474845,0.5454645736096191,Doanh thu trung bình cao
fixture-user-1009,27.0,5.0,340.0,24.0,2.0,2.0,1,0.08333333333333333,1020.0,42.0,2,-0.18230360796635595,1.2586072038036613,0.3675912090530475,Nhóm hành vi còn lại
fixture-user-1010,82.0,1.0,0.0,15.0,0.0,0.0,0,0.0,150.0,17.0,1,-3.9196432407459767,0.05669108652696236,0.9282979885680404,Hoạt động gần nhất cách xa
fixture-user-1011,20.0,8.0,0.0,30.0,12.0,3.0,0,0.4,1720.0,72.0,0,1.3793488527403,-1.3100407571216666,0.7263442280480706,Tỷ lệ thêm giỏ/xem cao
fixture-user-1012,15.0,13.0,1060.0,43.0,9.0,6.0,3,0.20930232558139536,2530.0,93.0,3,2.5967783052258118,1.1568322528607358,0.5946167775727039,Doanh thu trung bình cao
fixture-user-1013,28.0,6.0,360.0,25.0,3.0,2.0,1,0.12,1030.0,43.0,2,0.08266019726750658,1.1041566022540645,0.39313910571678706,Nhóm hành vi còn lại
fixture-user-1014,83.0,2.0,0.0,16.0,0.0,0.0,0,0.0,160.0,18.0,1,-3.604202552262844,0.08767912367278557,1.0092869375057245,Hoạt động gần nhất cách xa
fixture-user-1015,21.0,9.0,0.0,31.0,13.0,3.0,0,0.41935483870967744,1730.0,73.0,0,1.501059534575714,-1.376636657189004,0.7749808036540073,Tỷ lệ thêm giỏ/xem cao
fixture-user-1016,16.0,14.0,1080.0,44.0,10.0,6.0,3,0.22727272727272727,2540.0,94.0,3,2.690427951437499,1.0894358139626867,0.6418324646043475,Doanh thu trung bình cao
fixture-user-1017,29.0,7.0,380.0,26.0,4.0,2.0,1,0.15384615384615385,1040.0,44.0,2,0.3086623039800275,0.9723028927926293,0.4212803240192725,Nhóm hành vi còn lại
fixture-user-1018,84.0,3.0,0.0,17.0,0.0,0.0,0,0.0,170.0,19.0,1,-3.3629925377313117,0.11286336793280101,1.0921119219662825,Hoạt động gần nhất cách xa
fixture-user-1019,22.0,10.0,0.0,32.0,14.0,3.0,0,0.4375,1740.0,74.0,0,1.6136201785899058,-1.438893929708042,0.822869682767591,Tỷ lệ thêm giỏ/xem cao
fixture-user-1020,2.0,12.0,800.0,30.0,8.0,6.0,3,0.26666666666666666,2400.0,80.0,3,2.949000201807968,0.9104099322153842,-1.040664161835835,Doanh thu trung bình cao
fixture-user-1021,15.0,5.0,100.0,12.0,2.0,2.0,1,0.16666666666666666,900.0,30.0,2,-0.5125113090819994,0.5888915999238798,-0.9213435417374367,Nhóm hành vi còn lại
fixture-user-1022,70.0,1.0,0.0,3.0,0.0,0.0,0,0.0,30.0,5.0,1,-5.653074755432996,-0.26751935962468665,-1.3948414954693151,Hoạt động gần nhất cách xa
fixture-user-1023,8.0,8.0,0.0,18.0,12.0,3.0,0,0.6666666666666666,1600.0,60.0,0,1.667619505045523,-2.2053810991863303,-0.7744155991773559,Tỷ lệ thêm giỏ/xem cao
fixture-user-1024,3.0,13.0,820.0,31.0,9.0,6.0,3,0.2903225806451613,2410.0,81.0,3,2.9722504279555224,0.8202064154922466,-0.8360402617366788,Doanh thu trung bình cao
fixture-user-1025,16.0,6.0,120.0,13.0,3.0,2.0,1,0.23076923076923078,910.0,31.0,2,-0.18823476857859642,0.3875447576114711,-0.8693490403338631,Nhóm hành vi còn lại
fixture-user-1026,71.0,2.0,0.0,4.0,0.0,0.0,0,0.0,40.0,6.0,1,-5.132931592866225,-0.19697308259203808,-1.0600968999130056,Hoạt động gần nhất cách xa
fixture-user-1027,9.0,9.0,0.0,19.0,13.0,3.0,0,0.6842105263157895,1610.0,61.0,0,1.7765266448407788,-2.263702585114586,-0.6595478640554292,Tỷ lệ thêm giỏ/xem cao
fixture-user-1028,4.0,14.0,840.0,32.0,10.0,6.0,3,0.3125,2420.0,82.0,3,3.01229401895736,0.7383363392983261,-0.6738605748864045,Doanh thu trung bình cao
fixture-user-1029,17.0,7.0,140.0,14.0,4.0,2.0,1,0.2857142857142857,920.0,32.0,2,0.08566905022148885,0.22145490054473832,-0.8127372610551373,Nhóm hành vi còn lại
fixture-user-1030,72.0,3.0,0.0,5.0,0.0,0.0,0,0.0,50.0,7.0,1,-4.734049758831314,-0.1415652227069219,-0.7803874603946023,Hoạt động gần nhất cách xa
fixture-user-1031,10.0,10.0,0.0,20.0,14.0,3.0,0,0.7,1620.0,62.0,0,1.8778157374373483,-2.316152393098142,-0.5521462253135105,Tỷ lệ thêm giỏ/xem cao
fixture-user-1032,5.0,12.0,860.0,33.0,8.0,6.0,3,0.24242424242424243,2430.0,83.0,3,2.7201358279717427,1.0010280153705131,-0.43135310572761704,Doanh thu trung bình cao
fixture-user-1033,18.0,5.0,160.0,15.0,2.0,2.0,1,0.13333333333333333,930.0,33.0,2,-0.416368974045729,0.8413722469868408,-0.5202824835880352,Nhóm hành vi còn lại
fixture-user-1034,73.0,1.0,0.0,6.0,0.0,0.0,0,0.0,60.0,8.0,1,-4.951827114160079,-0.13461517315522942,-0.48185008826089964,Hoạt động gần nhất cách xa
fixture-user-1035,11.0,8.0,0.0,21.0,12.0,3.0,0,0.5714285714285714,1630.0,63.0,0,1.5440020110863266,-1.8916105529499507,-0.2894737393083827,Tỷ lệ thêm giỏ/xem cao
fixture-user-1036,6.0,13.0,880.0,34.0,9.0,6.0,3,0.2647058823529412,2440.0,84.0,3,2.793205514756805,0.9179893295870694,-0.3181395540304275,Doanh thu trung bình cao
fixture-user-1037,19.0,6.0,180.0,16.0,3.0,2.0,1,0.1875,940.0,34.0,2,-0.11506542133983415,0.6524097200437152,-0.47729764843711464,Nhóm hành vi còn lại
fixture-user-1038,74.0,2.0,0.0,7.0,0.0,0.0,0,0.0,70.0,9.0,1,-4.544300503596412,-0.08616879017803282,-0.28512883644029735,Hoạt động gần nhất cách xa
fixture-user-1039,12.0,9.0,0.0,22.0,13.0,3.0,0,0.5909090909090909,1640.0,64.0,0,1.6610803566223118,-1.956635720808595,-0.20216044539729697,Tỷ lệ thêm giỏ/xem cao
fixture-user-1040,7.0,14.0,900.0,35.0,10.0,6.0,3,0.2857142857142857,2450.0,85.0,3,2.865809296514496,0.8413885834551914,-0.21799543117210443,Doanh thu trung bình cao
fixture-user-1041,20.0,7.0,200.0,17.0,4.0,2.0,1,0.23529411764705882,950.0,35.0,2,0.1412081418293925,0.49422871537243757,-0.4309330555436214,Nhóm hành vi còn lại
fixture-user-1042,75.0,3.0,0.0,8.0,0.0,0.0,0,0.0,80.0,10.0,1,-4.226355602128988,-0.04652353682671037,-0.10556235721929748,Hoạt động gần nhất cách xa
fixture-user-1043,13.0,10.0,0.0,23.0,14.0,3.0,0,0.6086956521739131,1650.0,65.0,0,1.769348185040836,-2.015953016612214,-0.1188564273584944,Tỷ lệ thêm giỏ/xem cao
fixture-user-1044,8.0,12.0,920.0,36.0,8.0,6.0,3,0.2222222222222222,2460.0,86.0,3,2.6063737094369293,1.0851522433954928,-0.028162481097520817,Doanh thu trung bình cao
fixture-user-1045,21.0,5.0,220.0,18.0,2.0,2.0,1,0.1111111111111111,960.0,36.0,2,-0.331015161317517,1.017672557566975,-0.18189320559016225,Nhóm hành vi còn lại
fixture-user-1046,76.0,1.0,0.0,9.0,0.0,0.0,0,0.0,90.0,11.0,1,-4.5053809003710175,-0.051404916593935875,0.11674763187868262,Hoạt động gần nhất cách xa
fixture-user-1047,14.0,8.0,0.0,24.0,12.0,3.0,0,0.5,1660.0,66.0,0,1.4649328760198592,-1.6524200575582768,0.10500751195665843,Tỷ lệ thêm giỏ/xem cao
fixture-user-1048,9.0,13.0,940.0,37.0,9.0,6.0,3,0.24324324324324326,2470.0,87.0,3,2.6956818339500837,1.0065237107878025,0.05075676314821963,Doanh thu trung bình cao
fixture-user-1049,22.0,6.0,240.0,19.0,3.0,2.0,1,0.15789473684210525,970.0,37.0,2,-0.045442287582045944,0.842002022281944,-0.14614921568949865,Nhóm hành vi còn lại
fixture-user-1050,77.0,2.0,0.0,10.0,0.0,0.0,0,0.0,100.0,12.0,1,-4.145933218700002,-0.012175282230817307,0.25338192247508057,Hoạt động gần nhất cách xa
fixture-user-1051,15.0,9.0,0.0,25.0,13.0,3.0,0,0.52,1670.0,67.0,0,1.5853970707566725,-1.7197729720568595,0.17473155318197717,Tỷ lệ thêm giỏ/xem cao
fixture-user-1052,10.0,14.0,960.0,38.0,10.0,6.0,3,0.2631578947368421,2480.0,88.0,3,2.7805820478578775,0.9335515526720264,0.12366456013755259,Doanh thu trung bình cao
fixture-user-1053,23.0,7.0,260.0,20.0,4.0,2.0,1,0.2,980.0,38.0,2,0.19806579033115437,0.6934432518431779,-0.10747748554529173,Nhóm hành vi còn lại
fixture-user-1054,78.0,3.0,0.0,11.0,0.0,0.0,0,0.0,110.0,13.0,1,-3.866786492395833,0.020083464757670286,0.3842998554068919,Hoạt động gần nhất cách xa
fixture-user-1055,16.0,10.0,0.0,26.0,14.0,3.0,0,0.5384615384615384,1680.0,68.0,0,1.696701628351615,-1.7818534565886186,0.24216164621576905,Tỷ lệ thêm giỏ/xem cao
fixture-user-1056,11.0,12.0,980.0,39.0,8.0,6.0,3,0.20512820512820512,2490.0,89.0,3,2.539096994000912,1.1608947269527035,0.2849645070861152,Doanh thu trung bình cao
fixture-user-1057,24.0,5.0,280.0,21.0,2.0,2.0,1,0.09523809523809523,990.0,39.0,2,-0.2535021844261599,1.1515543709784555,0.11036450120739257,Nhóm hành vi còn lại
fixture-user-1058,79.0,1.0,0.0,12.0,0.0,0.0,0,0.0,120.0,14.0,1,-4.177806227183311,0.009148059352104415,0.5663777413394052,Hoạt động gần nhất cách xa
fixture-user-1059,17.0,8.0,0.0,27.0,12.0,3.0,0,0.4444444444444444,1690.0,69.0,0,1.4131920056243967,-1.4634770190954087,0.43800042229131814,Tỷ lệ thêm giỏ/xem cao
fixture-user-1060,12.0,13.0,1000.0,40.0,9.0,6.0,3,0.225,2500.0,90.0,3,2.6355970708016336,1.085750837529916,0.34560189762492727,Doanh thu trung bình cao
fixture-user-1061,25.0,6.0,300.0,22.0,3.0,2.0,1,0.13636363636363635,1000.0,40.0,2,0.020448779079346835,0.987424175304437,0.14043401059775606,Nhóm hành vi còn lại
fixture-user-1062,80.0,2.0,0.0,13.0,0.0,0.0,0,0.0,130.0,15.0,1,-3.8452080923989924,0.04332455321405482,0.6691606922603189,Hoạt động gần nhất cách xa
fixture-user-1063,18.0,9.0,0.0,28.0,13.0,3.0,0,0.4642857142857143,1700.0,70.0,0,1.534830031286699,-1.5309960415171668,0.49554732017099296,Tỷ lệ thêm giỏ/xem cao
fixture-user-1064,13.0,14.0,1020.0,41.0,10.0,6.0,3,0.24390243902439024,2510.0,91.0,3,2.7262823845513653,1.0157588009747183,0.4029662204898221,Doanh thu trung bình cao
fixture-user-1065,26.0,7.0,320.0,23.0,4.0,2.0,1,0.17391304347826086,1010.0,41.0,2,0.2541908963254575,0.8477774875328858,0.17321533289513408,Nhóm hành vi còn lại
fixture-user-1066,81.0,3.0,0.0,14.0,0.0,0.0,0,0.0,140.0,16.0,1,-3.58892156885437,0.07130138670265128,0.7711842983243252,Hoạt động gần nhất cách xa
fixture-user-1067,19.0,10.0,0.0,29.0,14.0,3.0,0,0.4827586206896552,1710.0,71.0,0,1.6472575587743377,-1.5937242188893985,0.5517615405408011,Tỷ lệ thêm giỏ/xem cao
fixture-user-1068,14.0,12.0,1040.0,42.0,8.0,6.0,3,0.19047619047619047,2520.0,92.0,3,2.49670495094491,1.2290037398474845,0.5454645736096191,Doanh thu trung bình cao
fixture-user-1069,27.0,5.0,340.0,24.0,2.0,2.0,1,0.08333333333333333,1020.0,42.0,2,-0.18230360796635595,1.2586072038036613,0.3675912090530475,Nhóm hành vi còn lại
fixture-user-1070,82.0,1.0,0.0,15.0,0.0,0.0,0,0.0,150.0,17.0,1,-3.9196432407459767,0.05669108652696236,0.9282979885680404,Hoạt động gần nhất cách xa
fixture-user-1071,20.0,8.0,0.0,30.0,12.0,3.0,0,0.4,1720.0,72.0,0,1.3793488527403,-1.3100407571216666,0.7263442280480706,Tỷ lệ thêm giỏ/xem cao
fixture-user-1072,15.0,13.0,1060.0,43.0,9.0,6.0,3,0.20930232558139536,2530.0,93.0,3,2.5967783052258118,1.1568322528607358,0.5946167775727039,Doanh thu trung bình cao
fixture-user-1073,28.0,6.0,360.0,25.0,3.0,2.0,1,0.12,1030.0,43.0,2,0.08266019726750658,1.1041566022540645,0.39313910571678706,Nhóm hành vi còn lại
fixture-user-1074,83.0,2.0,0.0,16.0,0.0,0.0,0,0.0,160.0,18.0,1,-3.604202552262844,0.08767912367278557,1.0092869375057245,Hoạt động gần nhất cách xa
fixture-user-1075,21.0,9.0,0.0,31.0,13.0,3.0,0,0.41935483870967744,1730.0,73.0,0,1.501059534575714,-1.376636657189004,0.7749808036540073,Tỷ lệ thêm giỏ/xem cao
fixture-user-1076,16.0,14.0,1080.0,44.0,10.0,6.0,3,0.22727272727272727,2540.0,94.0,3,2.690427951437499,1.0894358139626867,0.6418324646043475,Doanh thu trung bình cao
fixture-user-1077,29.0,7.0,380.0,26.0,4.0,2.0,1,0.15384615384615385,1040.0,44.0,2,0.3086623039800275,0.9723028927926293,0.4212803240192725,Nhóm hành vi còn lại
fixture-user-1078,84.0,3.0,0.0,17.0,0.0,0.0,0,0.0,170.0,19.0,1,-3.3629925377313117,0.11286336793280101,1.0921119219662825,Hoạt động gần nhất cách xa
fixture-user-1079,22.0,10.0,0.0,32.0,14.0,3.0,0,0.4375,1740.0,74.0,0,1.6136201785899058,-1.438893929708042,0.822869682767591,Tỷ lệ thêm giỏ/xem cao
fixture-user-1080,2.0,12.0,800.0,30.0,8.0,6.0,3,0.26666666666666666,2400.0,80.0,3,2.949000201807968,0.9104099322153842,-1.040664161835835,Doanh thu trung bình cao
fixture-user-1081,15.0,5.0,100.0,12.0,2.0,2.0,1,0.16666666666666666,900.0,30.0,2,-0.5125113090819994,0.5888915999238798,-0.9213435417374367,Nhóm hành vi còn lại
fixture-user-1082,70.0,1.0,0.0,3.0,0.0,0.0,0,0.0,30.0,5.0,1,-5.653074755432996,-0.26751935962468665,-1.3948414954693151,Hoạt động gần nhất cách xa
fixture-user-1083,8.0,8.0,0.0,18.0,12.0,3.0,0,0.6666666666666666,1600.0,60.0,0,1.667619505045523,-2.2053810991863303,-0.7744155991773559,Tỷ lệ thêm giỏ/xem cao
fixture-user-1084,3.0,13.0,820.0,31.0,9.0,6.0,3,0.2903225806451613,2410.0,81.0,3,2.9722504279555224,0.8202064154922466,-0.8360402617366788,Doanh thu trung bình cao
fixture-user-1085,16.0,6.0,120.0,13.0,3.0,2.0,1,0.23076923076923078,910.0,31.0,2,-0.18823476857859642,0.3875447576114711,-0.8693490403338631,Nhóm hành vi còn lại
fixture-user-1086,71.0,2.0,0.0,4.0,0.0,0.0,0,0.0,40.0,6.0,1,-5.132931592866225,-0.19697308259203808,-1.0600968999130056,Hoạt động gần nhất cách xa
fixture-user-1087,9.0,9.0,0.0,19.0,13.0,3.0,0,0.6842105263157895,1610.0,61.0,0,1.7765266448407788,-2.263702585114586,-0.6595478640554292,Tỷ lệ thêm giỏ/xem cao
fixture-user-1088,4.0,14.0,840.0,32.0,10.0,6.0,3,0.3125,2420.0,82.0,3,3.01229401895736,0.7383363392983261,-0.6738605748864045,Doanh thu trung bình cao
fixture-user-1089,17.0,7.0,140.0,14.0,4.0,2.0,1,0.2857142857142857,920.0,32.0,2,0.08566905022148885,0.22145490054473832,-0.8127372610551373,Nhóm hành vi còn lại
fixture-user-1090,72.0,3.0,0.0,5.0,0.0,0.0,0,0.0,50.0,7.0,1,-4.734049758831314,-0.1415652227069219,-0.7803874603946023,Hoạt động gần nhất cách xa
fixture-user-1091,10.0,10.0,0.0,20.0,14.0,3.0,0,0.7,1620.0,62.0,0,1.8778157374373483,-2.316152393098142,-0.5521462253135105,Tỷ lệ thêm giỏ/xem cao
fixture-user-1092,5.0,12.0,860.0,33.0,8.0,6.0,3,0.24242424242424243,2430.0,83.0,3,2.7201358279717427,1.0010280153705131,-0.43135310572761704,Doanh thu trung bình cao
fixture-user-1093,18.0,5.0,160.0,15.0,2.0,2.0,1,0.13333333333333333,930.0,33.0,2,-0.416368974045729,0.8413722469868408,-0.5202824835880352,Nhóm hành vi còn lại
fixture-user-1094,73.0,1.0,0.0,6.0,0.0,0.0,0,0.0,60.0,8.0,1,-4.951827114160079,-0.13461517315522942,-0.48185008826089964,Hoạt động gần nhất cách xa
fixture-user-1095,11.0,8.0,0.0,21.0,12.0,3.0,0,0.5714285714285714,1630.0,63.0,0,1.5440020110863266,-1.8916105529499507,-0.2894737393083827,Tỷ lệ thêm giỏ/xem cao
fixture-user-1096,6.0,13.0,880.0,34.0,9.0,6.0,3,0.2647058823529412,2440.0,84.0,3,2.793205514756805,0.9179893295870694,-0.3181395540304275,Doanh thu trung bình cao
fixture-user-1097,19.0,6.0,180.0,16.0,3.0,2.0,1,0.1875,940.0,34.0,2,-0.11506542133983415,0.6524097200437152,-0.47729764843711464,Nhóm hành vi còn lại
fixture-user-1098,74.0,2.0,0.0,7.0,0.0,0.0,0,0.0,70.0,9.0,1,-4.544300503596412,-0.08616879017803282,-0.28512883644029735,Hoạt động gần nhất cách xa
fixture-user-1099,12.0,9.0,0.0,22.0,13.0,3.0,0,0.5909090909090909,1640.0,64.0,0,1.6610803566223118,-1.956635720808595,-0.20216044539729697,Tỷ lệ thêm giỏ/xem cao
fixture-user-1100,7.0,14.0,900.0,35.0,10.0,6.0,3,0.2857142857142857,2450.0,85.0,3,2.865809296514496,0.8413885834551914,-0.21799543117210443,Doanh thu trung bình cao
fixture-user-1101,20.0,7.0,200.0,17.0,4.0,2.0,1,0.23529411764705882,950.0,35.0,2,0.1412081418293925,0.49422871537243757,-0.4309330555436214,Nhóm hành vi còn lại
fixture-user-1102,75.0,3.0,0.0,8.0,0.0,0.0,0,0.0,80.0,10.0,1,-4.226355602128988,-0.04652353682671037,-0.10556235721929748,Hoạt động gần nhất cách xa
fixture-user-1103,13.0,10.0,0.0,23.0,14.0,3.0,0,0.6086956521739131,1650.0,65.0,0,1.769348185040836,-2.015953016612214,-0.1188564273584944,Tỷ lệ thêm giỏ/xem cao
fixture-user-1104,8.0,12.0,920.0,36.0,8.0,6.0,3,0.2222222222222222,2460.0,86.0,3,2.6063737094369293,1.0851522433954928,-0.028162481097520817,Doanh thu trung bình cao
fixture-user-1105,21.0,5.0,220.0,18.0,2.0,2.0,1,0.1111111111111111,960.0,36.0,2,-0.331015161317517,1.017672557566975,-0.18189320559016225,Nhóm hành vi còn lại
fixture-user-1106,76.0,1.0,0.0,9.0,0.0,0.0,0,0.0,90.0,11.0,1,-4.5053809003710175,-0.051404916593935875,0.11674763187868262,Hoạt động gần nhất cách xa
fixture-user-1107,14.0,8.0,0.0,24.0,12.0,3.0,0,0.5,1660.0,66.0,0,1.4649328760198592,-1.6524200575582768,0.10500751195665843,Tỷ lệ thêm giỏ/xem cao
fixture-user-1108,9.0,13.0,940.0,37.0,9.0,6.0,3,0.24324324324324326,2470.0,87.0,3,2.6956818339500837,1.0065237107878025,0.05075676314821963,Doanh thu trung bình cao
fixture-user-1109,22.0,6.0,240.0,19.0,3.0,2.0,1,0.15789473684210525,970.0,37.0,2,-0.045442287582045944,0.842002022281944,-0.14614921568949865,Nhóm hành vi còn lại
fixture-user-1110,77.0,2.0,0.0,10.0,0.0,0.0,0,0.0,100.0,12.0,1,-4.145933218700002,-0.012175282230817307,0.25338192247508057,Hoạt động gần nhất cách xa
fixture-user-1111,15.0,9.0,0.0,25.0,13.0,3.0,0,0.52,1670.0,67.0,0,1.5853970707566725,-1.7197729720568595,0.17473155318197717,Tỷ lệ thêm giỏ/xem cao
fixture-user-1112,10.0,14.0,960.0,38.0,10.0,6.0,3,0.2631578947368421,2480.0,88.0,3,2.7805820478578775,0.9335515526720264,0.12366456013755259,Doanh thu trung bình cao
fixture-user-1113,23.0,7.0,260.0,20.0,4.0,2.0,1,0.2,980.0,38.0,2,0.19806579033115437,0.6934432518431779,-0.10747748554529173,Nhóm hành vi còn lại
fixture-user-1114,78.0,3.0,0.0,11.0,0.0,0.0,0,0.0,110.0,13.0,1,-3.866786492395833,0.020083464757670286,0.3842998554068919,Hoạt động gần nhất cách xa
fixture-user-1115,16.0,10.0,0.0,26.0,14.0,3.0,0,0.5384615384615384,1680.0,68.0,0,1.696701628351615,-1.7818534565886186,0.24216164621576905,Tỷ lệ thêm giỏ/xem cao
fixture-user-1116,11.0,12.0,980.0,39.0,8.0,6.0,3,0.20512820512820512,2490.0,89.0,3,2.539096994000912,1.1608947269527035,0.2849645070861152,Doanh thu trung bình cao
fixture-user-1117,24.0,5.0,280.0,21.0,2.0,2.0,1,0.09523809523809523,990.0,39.0,2,-0.2535021844261599,1.1515543709784555,0.11036450120739257,Nhóm hành vi còn lại
fixture-user-1118,79.0,1.0,0.0,12.0,0.0,0.0,0,0.0,120.0,14.0,1,-4.177806227183311,0.009148059352104415,0.5663777413394052,Hoạt động gần nhất cách xa
fixture-user-1119,17.0,8.0,0.0,27.0,12.0,3.0,0,0.4444444444444444,1690.0,69.0,0,1.4131920056243967,-1.4634770190954087,0.43800042229131814,Tỷ lệ thêm giỏ/xem cao
fixture-user-1120,12.0,13.0,1000.0,40.0,9.0,6.0,3,0.225,2500.0,90.0,3,2.6355970708016336,1.085750837529916,0.34560189762492727,Doanh thu trung bình cao
fixture-user-1121,25.0,6.0,300.0,22.0,3.0,2.0,1,0.13636363636363635,1000.0,40.0,2,0.020448779079346835,0.987424175304437,0.14043401059775606,Nhóm hành vi còn lại
fixture-user-1122,80.0,2.0,0.0,13.0,0.0,0.0,0,0.0,130.0,15.0,1,-3.8452080923989924,0.04332455321405482,0.6691606922603189,Hoạt động gần nhất cách xa
fixture-user-1123,18.0,9.0,0.0,28.0,13.0,3.0,0,0.4642857142857143,1700.0,70.0,0,1.534830031286699,-1.5309960415171668,0.49554732017099296,Tỷ lệ thêm giỏ/xem cao
fixture-user-1124,13.0,14.0,1020.0,41.0,10.0,6.0,3,0.24390243902439024,2510.0,91.0,3,2.7262823845513653,1.0157588009747183,0.4029662204898221,Doanh thu trung bình cao
fixture-user-1125,26.0,7.0,320.0,23.0,4.0,2.0,1,0.17391304347826086,1010.0,41.0,2,0.2541908963254575,0.8477774875328858,0.17321533289513408,Nhóm hành vi còn lại
fixture-user-1126,81.0,3.0,0.0,14.0,0.0,0.0,0,0.0,140.0,16.0,1,-3.58892156885437,0.07130138670265128,0.7711842983243252,Hoạt động gần nhất cách xa
fixture-user-1127,19.0,10.0,0.0,29.0,14.0,3.0,0,0.4827586206896552,1710.0,71.0,0,1.6472575587743377,-1.5937242188893985,0.5517615405408011,Tỷ lệ thêm giỏ/xem cao
fixture-user-1128,14.0,12.0,1040.0,42.0,8.0,6.0,3,0.19047619047619047,2520.0,92.0,3,2.49670495094491,1.2290037398474845,0.5454645736096191,Doanh thu trung bình cao
fixture-user-1129,27.0,5.0,340.0,24.0,2.0,2.0,1,0.08333333333333333,1020.0,42.0,2,-0.18230360796635595,1.2586072038036613,0.3675912090530475,Nhóm hành vi còn lại
fixture-user-1130,82.0,1.0,0.0,15.0,0.0,0.0,0,0.0,150.0,17.0,1,-3.9196432407459767,0.05669108652696236,0.9282979885680404,Hoạt động gần nhất cách xa
fixture-user-1131,20.0,8.0,0.0,30.0,12.0,3.0,0,0.4,1720.0,72.0,0,1.3793488527403,-1.3100407571216666,0.7263442280480706,Tỷ lệ thêm giỏ/xem cao
fixture-user-1132,15.0,13.0,1060.0,43.0,9.0,6.0,3,0.20930232558139536,2530.0,93.0,3,2.5967783052258118,1.1568322528607358,0.5946167775727039,Doanh thu trung bình cao
fixture-user-1133,28.0,6.0,360.0,25.0,3.0,2.0,1,0.12,1030.0,43.0,2,0.08266019726750658,1.1041566022540645,0.39313910571678706,Nhóm hành vi còn lại
fixture-user-1134,83.0,2.0,0.0,16.0,0.0,0.0,0,0.0,160.0,18.0,1,-3.604202552262844,0.08767912367278557,1.0092869375057245,Hoạt động gần nhất cách xa
fixture-user-1135,21.0,9.0,0.0,31.0,13.0,3.0,0,0.41935483870967744,1730.0,73.0,0,1.501059534575714,-1.376636657189004,0.7749808036540073,Tỷ lệ thêm giỏ/xem cao
fixture-user-1136,16.0,14.0,1080.0,44.0,10.0,6.0,3,0.22727272727272727,2540.0,94.0,3,2.690427951437499,1.0894358139626867,0.6418324646043475,Doanh thu trung bình cao
fixture-user-1137,29.0,7.0,380.0,26.0,4.0,2.0,1,0.15384615384615385,1040.0,44.0,2,0.3086623039800275,0.9723028927926293,0.4212803240192725,Nhóm hành vi còn lại
fixture-user-1138,84.0,3.0,0.0,17.0,0.0,0.0,0,0.0,170.0,19.0,1,-3.3629925377313117,0.11286336793280101,1.0921119219662825,Hoạt động gần nhất cách xa
fixture-user-1139,22.0,10.0,0.0,32.0,14.0,3.0,0,0.4375,1740.0,74.0,0,1.6136201785899058,-1.438893929708042,0.822869682767591,Tỷ lệ thêm giỏ/xem cao
fixture-user-1140,2.0,12.0,800.0,30.0,8.0,6.0,3,0.26666666666666666,2400.0,80.0,3,2.949000201807968,0.9104099322153842,-1.040664161835835,Doanh thu trung bình cao
fixture-user-1141,15.0,5.0,100.0,12.0,2.0,2.0,1,0.16666666666666666,900.0,30.0,2,-0.5125113090819994,0.5888915999238798,-0.9213435417374367,Nhóm hành vi còn lại
fixture-user-1142,70.0,1.0,0.0,3.0,0.0,0.0,0,0.0,30.0,5.0,1,-5.653074755432996,-0.26751935962468665,-1.3948414954693151,Hoạt động gần nhất cách xa
fixture-user-1143,8.0,8.0,0.0,18.0,12.0,3.0,0,0.6666666666666666,1600.0,60.0,0,1.667619505045523,-2.2053810991863303,-0.7744155991773559,Tỷ lệ thêm giỏ/xem cao
fixture-user-1144,3.0,13.0,820.0,31.0,9.0,6.0,3,0.2903225806451613,2410.0,81.0,3,2.9722504279555224,0.8202064154922466,-0.8360402617366788,Doanh thu trung bình cao
fixture-user-1145,16.0,6.0,120.0,13.0,3.0,2.0,1,0.23076923076923078,910.0,31.0,2,-0.18823476857859642,0.3875447576114711,-0.8693490403338631,Nhóm hành vi còn lại
fixture-user-1146,71.0,2.0,0.0,4.0,0.0,0.0,0,0.0,40.0,6.0,1,-5.132931592866225,-0.19697308259203808,-1.0600968999130056,Hoạt động gần nhất cách xa
fixture-user-1147,9.0,9.0,0.0,19.0,13.0,3.0,0,0.6842105263157895,1610.0,61.0,0,1.7765266448407788,-2.263702585114586,-0.6595478640554292,Tỷ lệ thêm giỏ/xem cao
fixture-user-1148,4.0,14.0,840.0,32.0,10.0,6.0,3,0.3125,2420.0,82.0,3,3.01229401895736,0.7383363392983261,-0.6738605748864045,Doanh thu trung bình cao
fixture-user-1149,17.0,7.0,140.0,14.0,4.0,2.0,1,0.2857142857142857,920.0,32.0,2,0.08566905022148885,0.22145490054473832,-0.8127372610551373,Nhóm hành vi còn lại
fixture-user-1150,72.0,3.0,0.0,5.0,0.0,0.0,0,0.0,50.0,7.0,1,-4.734049758831314,-0.1415652227069219,-0.7803874603946023,Hoạt động gần nhất cách xa
fixture-user-1151,10.0,10.0,0.0,20.0,14.0,3.0,0,0.7,1620.0,62.0,0,1.8778157374373483,-2.316152393098142,-0.5521462253135105,Tỷ lệ thêm giỏ/xem cao
fixture-user-1152,5.0,12.0,860.0,33.0,8.0,6.0,3,0.24242424242424243,2430.0,83.0,3,2.7201358279717427,1.0010280153705131,-0.43135310572761704,Doanh thu trung bình cao
fixture-user-1153,18.0,5.0,160.0,15.0,2.0,2.0,1,0.13333333333333333,930.0,33.0,2,-0.416368974045729,0.8413722469868408,-0.5202824835880352,Nhóm hành vi còn lại
fixture-user-1154,73.0,1.0,0.0,6.0,0.0,0.0,0,0.0,60.0,8.0,1,-4.951827114160079,-0.13461517315522942,-0.48185008826089964,Hoạt động gần nhất cách xa
fixture-user-1155,11.0,8.0,0.0,21.0,12.0,3.0,0,0.5714285714285714,1630.0,63.0,0,1.5440020110863266,-1.8916105529499507,-0.2894737393083827,Tỷ lệ thêm giỏ/xem cao
fixture-user-1156,6.0,13.0,880.0,34.0,9.0,6.0,3,0.2647058823529412,2440.0,84.0,3,2.793205514756805,0.9179893295870694,-0.3181395540304275,Doanh thu trung bình cao
fixture-user-1157,19.0,6.0,180.0,16.0,3.0,2.0,1,0.1875,940.0,34.0,2,-0.11506542133983415,0.6524097200437152,-0.47729764843711464,Nhóm hành vi còn lại
fixture-user-1158,74.0,2.0,0.0,7.0,0.0,0.0,0,0.0,70.0,9.0,1,-4.544300503596412,-0.08616879017803282,-0.28512883644029735,Hoạt động gần nhất cách xa
fixture-user-1159,12.0,9.0,0.0,22.0,13.0,3.0,0,0.5909090909090909,1640.0,64.0,0,1.6610803566223118,-1.956635720808595,-0.20216044539729697,Tỷ lệ thêm giỏ/xem cao
fixture-user-1160,7.0,14.0,900.0,35.0,10.0,6.0,3,0.2857142857142857,2450.0,85.0,3,2.865809296514496,0.8413885834551914,-0.21799543117210443,Doanh thu trung bình cao
fixture-user-1161,20.0,7.0,200.0,17.0,4.0,2.0,1,0.23529411764705882,950.0,35.0,2,0.1412081418293925,0.49422871537243757,-0.4309330555436214,Nhóm hành vi còn lại
fixture-user-1162,75.0,3.0,0.0,8.0,0.0,0.0,0,0.0,80.0,10.0,1,-4.226355602128988,-0.04652353682671037,-0.10556235721929748,Hoạt động gần nhất cách xa
fixture-user-1163,13.0,10.0,0.0,23.0,14.0,3.0,0,0.6086956521739131,1650.0,65.0,0,1.769348185040836,-2.015953016612214,-0.1188564273584944,Tỷ lệ thêm giỏ/xem cao
fixture-user-1164,8.0,12.0,920.0,36.0,8.0,6.0,3,0.2222222222222222,2460.0,86.0,3,2.6063737094369293,1.0851522433954928,-0.028162481097520817,Doanh thu trung bình cao
fixture-user-1165,21.0,5.0,220.0,18.0,2.0,2.0,1,0.1111111111111111,960.0,36.0,2,-0.331015161317517,1.017672557566975,-0.18189320559016225,Nhóm hành vi còn lại
fixture-user-1166,76.0,1.0,0.0,9.0,0.0,0.0,0,0.0,90.0,11.0,1,-4.5053809003710175,-0.051404916593935875,0.11674763187868262,Hoạt động gần nhất cách xa
fixture-user-1167,14.0,8.0,0.0,24.0,12.0,3.0,0,0.5,1660.0,66.0,0,1.4649328760198592,-1.6524200575582768,0.10500751195665843,Tỷ lệ thêm giỏ/xem cao
fixture-user-1168,9.0,13.0,940.0,37.0,9.0,6.0,3,0.24324324324324326,2470.0,87.0,3,2.6956818339500837,1.0065237107878025,0.05075676314821963,Doanh thu trung bình cao
fixture-user-1169,22.0,6.0,240.0,19.0,3.0,2.0,1,0.15789473684210525,970.0,37.0,2,-0.045442287582045944,0.842002022281944,-0.14614921568949865,Nhóm hành vi còn lại
fixture-user-1170,77.0,2.0,0.0,10.0,0.0,0.0,0,0.0,100.0,12.0,1,-4.145933218700002,-0.012175282230817307,0.25338192247508057,Hoạt động gần nhất cách xa
fixture-user-1171,15.0,9.0,0.0,25.0,13.0,3.0,0,0.52,1670.0,67.0,0,1.5853970707566725,-1.7197729720568595,0.17473155318197717,Tỷ lệ thêm giỏ/xem cao
fixture-user-1172,10.0,14.0,960.0,38.0,10.0,6.0,3,0.2631578947368421,2480.0,88.0,3,2.7805820478578775,0.9335515526720264,0.12366456013755259,Doanh thu trung bình cao
fixture-user-1173,23.0,7.0,260.0,20.0,4.0,2.0,1,0.2,980.0,38.0,2,0.19806579033115437,0.6934432518431779,-0.10747748554529173,Nhóm hành vi còn lại
fixture-user-1174,78.0,3.0,0.0,11.0,0.0,0.0,0,0.0,110.0,13.0,1,-3.866786492395833,0.020083464757670286,0.3842998554068919,Hoạt động gần nhất cách xa
fixture-user-1175,16.0,10.0,0.0,26.0,14.0,3.0,0,0.5384615384615384,1680.0,68.0,0,1.696701628351615,-1.7818534565886186,0.24216164621576905,Tỷ lệ thêm giỏ/xem cao
fixture-user-1176,11.0,12.0,980.0,39.0,8.0,6.0,3,0.20512820512820512,2490.0,89.0,3,2.539096994000912,1.1608947269527035,0.2849645070861152,Doanh thu trung bình cao
fixture-user-1177,24.0,5.0,280.0,21.0,2.0,2.0,1,0.09523809523809523,990.0,39.0,2,-0.2535021844261599,1.1515543709784555,0.11036450120739257,Nhóm hành vi còn lại
fixture-user-1178,79.0,1.0,0.0,12.0,0.0,0.0,0,0.0,120.0,14.0,1,-4.177806227183311,0.009148059352104415,0.5663777413394052,Hoạt động gần nhất cách xa
fixture-user-1179,17.0,8.0,0.0,27.0,12.0,3.0,0,0.4444444444444444,1690.0,69.0,0,1.4131920056243967,-1.4634770190954087,0.43800042229131814,Tỷ lệ thêm giỏ/xem cao
fixture-user-1180,12.0,13.0,1000.0,40.0,9.0,6.0,3,0.225,2500.0,90.0,3,2.6355970708016336,1.085750837529916,0.34560189762492727,Doanh thu trung bình cao
fixture-user-1181,25.0,6.0,300.0,22.0,3.0,2.0,1,0.13636363636363635,1000.0,40.0,2,0.020448779079346835,0.987424175304437,0.14043401059775606,Nhóm hành vi còn lại
fixture-user-1182,80.0,2.0,0.0,13.0,0.0,0.0,0,0.0,130.0,15.0,1,-3.8452080923989924,0.04332455321405482,0.6691606922603189,Hoạt động gần nhất cách xa
fixture-user-1183,18.0,9.0,0.0,28.0,13.0,3.0,0,0.4642857142857143,1700.0,70.0,0,1.534830031286699,-1.5309960415171668,0.49554732017099296,Tỷ lệ thêm giỏ/xem cao
fixture-user-1184,13.0,14.0,1020.0,41.0,10.0,6.0,3,0.24390243902439024,2510.0,91.0,3,2.7262823845513653,1.0157588009747183,0.4029662204898221,Doanh thu trung bình cao
fixture-user-1185,26.0,7.0,320.0,23.0,4.0,2.0,1,0.17391304347826086,1010.0,41.0,2,0.2541908963254575,0.8477774875328858,0.17321533289513408,Nhóm hành vi còn lại
fixture-user-1186,81.0,3.0,0.0,14.0,0.0,0.0,0,0.0,140.0,16.0,1,-3.58892156885437,0.07130138670265128,0.7711842983243252,Hoạt động gần nhất cách xa
fixture-user-1187,19.0,10.0,0.0,29.0,14.0,3.0,0,0.4827586206896552,1710.0,71.0,0,1.6472575587743377,-1.5937242188893985,0.5517615405408011,Tỷ lệ thêm giỏ/xem cao
fixture-user-1188,14.0,12.0,1040.0,42.0,8.0,6.0,3,0.19047619047619047,2520.0,92.0,3,2.49670495094491,1.2290037398474845,0.5454645736096191,Doanh thu trung bình cao
fixture-user-1189,27.0,5.0,340.0,24.0,2.0,2.0,1,0.08333333333333333,1020.0,42.0,2,-0.18230360796635595,1.2586072038036613,0.3675912090530475,Nhóm hành vi còn lại
fixture-user-1190,82.0,1.0,0.0,15.0,0.0,0.0,0,0.0,150.0,17.0,1,-3.9196432407459767,0.05669108652696236,0.9282979885680404,Hoạt động gần nhất cách xa
fixture-user-1191,20.0,8.0,0.0,30.0,12.0,3.0,0,0.4,1720.0,72.0,0,1.3793488527403,-1.3100407571216666,0.7263442280480706,Tỷ lệ thêm giỏ/xem cao
fixture-user-1192,15.0,13.0,1060.0,43.0,9.0,6.0,3,0.20930232558139536,2530.0,93.0,3,2.5967783052258118,1.1568322528607358,0.5946167775727039,Doanh thu trung bình cao
fixture-user-1193,28.0,6.0,360.0,25.0,3.0,2.0,1,0.12,1030.0,43.0,2,0.08266019726750658,1.1041566022540645,0.39313910571678706,Nhóm hành vi còn lại
fixture-user-1194,83.0,2.0,0.0,16.0,0.0,0.0,0,0.0,160.0,18.0,1,-3.604202552262844,0.08767912367278557,1.0092869375057245,Hoạt động gần nhất cách xa
fixture-user-1195,21.0,9.0,0.0,31.0,13.0,3.0,0,0.41935483870967744,1730.0,73.0,0,1.501059534575714,-1.376636657189004,0.7749808036540073,Tỷ lệ thêm giỏ/xem cao
fixture-user-1196,16.0,14.0,1080.0,44.0,10.0,6.0,3,0.22727272727272727,2540.0,94.0,3,2.690427951437499,1.0894358139626867,0.6418324646043475,Doanh thu trung bình cao
fixture-user-1197,29.0,7.0,380.0,26.0,4.0,2.0,1,0.15384615384615385,1040.0,44.0,2,0.3086623039800275,0.9723028927926293,0.4212803240192725,Nhóm hành vi còn lại
fixture-user-1198,84.0,3.0,0.0,17.0,0.0,0.0,0,0.0,170.0,19.0,1,-3.3629925377313117,0.11286336793280101,1.0921119219662825,Hoạt động gần nhất cách xa
fixture-user-1199,22.0,10.0,0.0,32.0,14.0,3.0,0,0.4375,1740.0,74.0,0,1.6136201785899058,-1.438893929708042,0.822869682767591,Tỷ lệ thêm giỏ/xem cao
fixture-user-1200,2.0,12.0,800.0,30.0,8.0,6.0,3,0.26666666666666666,2400.0,80.0,3,2.949000201807968,0.9104099322153842,-1.040664161835835,Doanh thu trung bình cao
fixture-user-1201,15.0,5.0,100.0,12.0,2.0,2.0,1,0.16666666666666666,900.0,30.0,2,-0.5125113090819994,0.5888915999238798,-0.9213435417374367,Nhóm hành vi còn lại
fixture-user-1202,70.0,1.0,0.0,3.0,0.0,0.0,0,0.0,30.0,5.0,1,-5.653074755432996,-0.26751935962468665,-1.3948414954693151,Hoạt động gần nhất cách xa
fixture-user-1203,8.0,8.0,0.0,18.0,12.0,3.0,0,0.6666666666666666,1600.0,60.0,0,1.667619505045523,-2.2053810991863303,-0.7744155991773559,Tỷ lệ thêm giỏ/xem cao
fixture-user-1204,3.0,13.0,820.0,31.0,9.0,6.0,3,0.2903225806451613,2410.0,81.0,3,2.9722504279555224,0.8202064154922466,-0.8360402617366788,Doanh thu trung bình cao
fixture-user-1205,16.0,6.0,120.0,13.0,3.0,2.0,1,0.23076923076923078,910.0,31.0,2,-0.18823476857859642,0.3875447576114711,-0.8693490403338631,Nhóm hành vi còn lại
fixture-user-1206,71.0,2.0,0.0,4.0,0.0,0.0,0,0.0,40.0,6.0,1,-5.132931592866225,-0.19697308259203808,-1.0600968999130056,Hoạt động gần nhất cách xa
fixture-user-1207,9.0,9.0,0.0,19.0,13.0,3.0,0,0.6842105263157895,1610.0,61.0,0,1.7765266448407788,-2.263702585114586,-0.6595478640554292,Tỷ lệ thêm giỏ/xem cao
fixture-user-1208,4.0,14.0,840.0,32.0,10.0,6.0,3,0.3125,2420.0,82.0,3,3.01229401895736,0.7383363392983261,-0.6738605748864045,Doanh thu trung bình cao
fixture-user-1209,17.0,7.0,140.0,14.0,4.0,2.0,1,0.2857142857142857,920.0,32.0,2,0.08566905022148885,0.22145490054473832,-0.8127372610551373,Nhóm hành vi còn lại
fixture-user-1210,72.0,3.0,0.0,5.0,0.0,0.0,0,0.0,50.0,7.0,1,-4.734049758831314,-0.1415652227069219,-0.7803874603946023,Hoạt động gần nhất cách xa
fixture-user-1211,10.0,10.0,0.0,20.0,14.0,3.0,0,0.7,1620.0,62.0,0,1.8778157374373483,-2.316152393098142,-0.5521462253135105,Tỷ lệ thêm giỏ/xem cao
fixture-user-1212,5.0,12.0,860.0,33.0,8.0,6.0,3,0.24242424242424243,2430.0,83.0,3,2.7201358279717427,1.0010280153705131,-0.43135310572761704,Doanh thu trung bình cao
fixture-user-1213,18.0,5.0,160.0,15.0,2.0,2.0,1,0.13333333333333333,930.0,33.0,2,-0.416368974045729,0.8413722469868408,-0.5202824835880352,Nhóm hành vi còn lại
fixture-user-1214,73.0,1.0,0.0,6.0,0.0,0.0,0,0.0,60.0,8.0,1,-4.951827114160079,-0.13461517315522942,-0.48185008826089964,Hoạt động gần nhất cách xa
fixture-user-1215,11.0,8.0,0.0,21.0,12.0,3.0,0,0.5714285714285714,1630.0,63.0,0,1.5440020110863266,-1.8916105529499507,-0.2894737393083827,Tỷ lệ thêm giỏ/xem cao
fixture-user-1216,6.0,13.0,880.0,34.0,9.0,6.0,3,0.2647058823529412,2440.0,84.0,3,2.793205514756805,0.9179893295870694,-0.3181395540304275,Doanh thu trung bình cao
fixture-user-1217,19.0,6.0,180.0,16.0,3.0,2.0,1,0.1875,940.0,34.0,2,-0.11506542133983415,0.6524097200437152,-0.47729764843711464,Nhóm hành vi còn lại
fixture-user-1218,74.0,2.0,0.0,7.0,0.0,0.0,0,0.0,70.0,9.0,1,-4.544300503596412,-0.08616879017803282,-0.28512883644029735,Hoạt động gần nhất cách xa
fixture-user-1219,12.0,9.0,0.0,22.0,13.0,3.0,0,0.5909090909090909,1640.0,64.0,0,1.6610803566223118,-1.956635720808595,-0.20216044539729697,Tỷ lệ thêm giỏ/xem cao
fixture-user-1220,7.0,14.0,900.0,35.0,10.0,6.0,3,0.2857142857142857,2450.0,85.0,3,2.865809296514496,0.8413885834551914,-0.21799543117210443,Doanh thu trung bình cao
fixture-user-1221,20.0,7.0,200.0,17.0,4.0,2.0,1,0.23529411764705882,950.0,35.0,2,0.1412081418293925,0.49422871537243757,-0.4309330555436214,Nhóm hành vi còn lại
fixture-user-1222,75.0,3.0,0.0,8.0,0.0,0.0,0,0.0,80.0,10.0,1,-4.226355602128988,-0.04652353682671037,-0.10556235721929748,Hoạt động gần nhất cách xa
fixture-user-1223,13.0,10.0,0.0,23.0,14.0,3.0,0,0.6086956521739131,1650.0,65.0,0,1.769348185040836,-2.015953016612214,-0.1188564273584944,Tỷ lệ thêm giỏ/xem cao
fixture-user-1224,8.0,12.0,920.0,36.0,8.0,6.0,3,0.2222222222222222,2460.0,86.0,3,2.6063737094369293,1.0851522433954928,-0.028162481097520817,Doanh thu trung bình cao
fixture-user-1225,21.0,5.0,220.0,18.0,2.0,2.0,1,0.1111111111111111,960.0,36.0,2,-0.331015161317517,1.017672557566975,-0.18189320559016225,Nhóm hành vi còn lại
fixture-user-1226,76.0,1.0,0.0,9.0,0.0,0.0,0,0.0,90.0,11.0,1,-4.5053809003710175,-0.051404916593935875,0.11674763187868262,Hoạt động gần nhất cách xa
fixture-user-1227,14.0,8.0,0.0,24.0,12.0,3.0,0,0.5,1660.0,66.0,0,1.4649328760198592,-1.6524200575582768,0.10500751195665843,Tỷ lệ thêm giỏ/xem cao
fixture-user-1228,9.0,13.0,940.0,37.0,9.0,6.0,3,0.24324324324324326,2470.0,87.0,3,2.6956818339500837,1.0065237107878025,0.05075676314821963,Doanh thu trung bình cao
fixture-user-1229,22.0,6.0,240.0,19.0,3.0,2.0,1,0.15789473684210525,970.0,37.0,2,-0.045442287582045944,0.842002022281944,-0.14614921568949865,Nhóm hành vi còn lại
fixture-user-1230,77.0,2.0,0.0,10.0,0.0,0.0,0,0.0,100.0,12.0,1,-4.145933218700002,-0.012175282230817307,0.25338192247508057,Hoạt động gần nhất cách xa
fixture-user-1231,15.0,9.0,0.0,25.0,13.0,3.0,0,0.52,1670.0,67.0,0,1.5853970707566725,-1.7197729720568595,0.17473155318197717,Tỷ lệ thêm giỏ/xem cao
fixture-user-1232,10.0,14.0,960.0,38.0,10.0,6.0,3,0.2631578947368421,2480.0,88.0,3,2.7805820478578775,0.9335515526720264,0.12366456013755259,Doanh thu trung bình cao
fixture-user-1233,23.0,7.0,260.0,20.0,4.0,2.0,1,0.2,980.0,38.0,2,0.19806579033115437,0.6934432518431779,-0.10747748554529173,Nhóm hành vi còn lại
fixture-user-1234,78.0,3.0,0.0,11.0,0.0,0.0,0,0.0,110.0,13.0,1,-3.866786492395833,0.020083464757670286,0.3842998554068919,Hoạt động gần nhất cách xa
fixture-user-1235,16.0,10.0,0.0,26.0,14.0,3.0,0,0.5384615384615384,1680.0,68.0,0,1.696701628351615,-1.7818534565886186,0.24216164621576905,Tỷ lệ thêm giỏ/xem cao
fixture-user-1236,11.0,12.0,980.0,39.0,8.0,6.0,3,0.20512820512820512,2490.0,89.0,3,2.539096994000912,1.1608947269527035,0.2849645070861152,Doanh thu trung bình cao
fixture-user-1237,24.0,5.0,280.0,21.0,2.0,2.0,1,0.09523809523809523,990.0,39.0,2,-0.2535021844261599,1.1515543709784555,0.11036450120739257,Nhóm hành vi còn lại
fixture-user-1238,79.0,1.0,0.0,12.0,0.0,0.0,0,0.0,120.0,14.0,1,-4.177806227183311,0.009148059352104415,0.5663777413394052,Hoạt động gần nhất cách xa
fixture-user-1239,17.0,8.0,0.0,27.0,12.0,3.0,0,0.4444444444444444,1690.0,69.0,0,1.4131920056243967,-1.4634770190954087,0.43800042229131814,Tỷ lệ thêm giỏ/xem cao
fixture-user-1240,12.0,13.0,1000.0,40.0,9.0,6.0,3,0.225,2500.0,90.0,3,2.6355970708016336,1.085750837529916,0.34560189762492727,Doanh thu trung bình cao
fixture-user-1241,25.0,6.0,300.0,22.0,3.0,2.0,1,0.13636363636363635,1000.0,40.0,2,0.020448779079346835,0.987424175304437,0.14043401059775606,Nhóm hành vi còn lại
fixture-user-1242,80.0,2.0,0.0,13.0,0.0,0.0,0,0.0,130.0,15.0,1,-3.8452080923989924,0.04332455321405482,0.6691606922603189,Hoạt động gần nhất cách xa
fixture-user-1243,18.0,9.0,0.0,28.0,13.0,3.0,0,0.4642857142857143,1700.0,70.0,0,1.534830031286699,-1.5309960415171668,0.49554732017099296,Tỷ lệ thêm giỏ/xem cao
fixture-user-1244,13.0,14.0,1020.0,41.0,10.0,6.0,3,0.24390243902439024,2510.0,91.0,3,2.7262823845513653,1.0157588009747183,0.4029662204898221,Doanh thu trung bình cao
fixture-user-1245,26.0,7.0,320.0,23.0,4.0,2.0,1,0.17391304347826086,1010.0,41.0,2,0.2541908963254575,0.8477774875328858,0.17321533289513408,Nhóm hành vi còn lại
fixture-user-1246,81.0,3.0,0.0,14.0,0.0,0.0,0,0.0,140.0,16.0,1,-3.58892156885437,0.07130138670265128,0.7711842983243252,Hoạt động gần nhất cách xa
fixture-user-1247,19.0,10.0,0.0,29.0,14.0,3.0,0,0.4827586206896552,1710.0,71.0,0,1.6472575587743377,-1.5937242188893985,0.5517615405408011,Tỷ lệ thêm giỏ/xem cao
fixture-user-1248,14.0,12.0,1040.0,42.0,8.0,6.0,3,0.19047619047619047,2520.0,92.0,3,2.49670495094491,1.2290037398474845,0.5454645736096191,Doanh thu trung bình cao
fixture-user-1249,27.0,5.0,340.0,24.0,2.0,2.0,1,0.08333333333333333,1020.0,42.0,2,-0.18230360796635595,1.2586072038036613,0.3675912090530475,Nhóm hành vi còn lại
fixture-user-1250,82.0,1.0,0.0,15.0,0.0,0.0,0,0.0,150.0,17.0,1,-3.9196432407459767,0.05669108652696236,0.9282979885680404,Hoạt động gần nhất cách xa
fixture-user-1251,20.0,8.0,0.0,30.0,12.0,3.0,0,0.4,1720.0,72.0,0,1.3793488527403,-1.3100407571216666,0.7263442280480706,Tỷ lệ thêm giỏ/xem cao
fixture-user-1252,15.0,13.0,1060.0,43.0,9.0,6.0,3,0.20930232558139536,2530.0,93.0,3,2.5967783052258118,1.1568322528607358,0.5946167775727039,Doanh thu trung bình cao
fixture-user-1253,28.0,6.0,360.0,25.0,3.0,2.0,1,0.12,1030.0,43.0,2,0.08266019726750658,1.1041566022540645,0.39313910571678706,Nhóm hành vi còn lại
fixture-user-1254,83.0,2.0,0.0,16.0,0.0,0.0,0,0.0,160.0,18.0,1,-3.604202552262844,0.08767912367278557,1.0092869375057245,Hoạt động gần nhất cách xa
fixture-user-1255,21.0,9.0,0.0,31.0,13.0,3.0,0,0.41935483870967744,1730.0,73.0,0,1.501059534575714,-1.376636657189004,0.7749808036540073,Tỷ lệ thêm giỏ/xem cao
fixture-user-1256,16.0,14.0,1080.0,44.0,10.0,6.0,3,0.22727272727272727,2540.0,94.0,3,2.690427951437499,1.0894358139626867,0.6418324646043475,Doanh thu trung bình cao
fixture-user-1257,29.0,7.0,380.0,26.0,4.0,2.0,1,0.15384615384615385,1040.0,44.0,2,0.3086623039800275,0.9723028927926293,0.4212803240192725,Nhóm hành vi còn lại
fixture-user-1258,84.0,3.0,0.0,17.0,0.0,0.0,0,0.0,170.0,19.0,1,-3.3629925377313117,0.11286336793280101,1.0921119219662825,Hoạt động gần nhất cách xa
fixture-user-1259,22.0,10.0,0.0,32.0,14.0,3.0,0,0.4375,1740.0,74.0,0,1.6136201785899058,-1.438893929708042,0.822869682767591,Tỷ lệ thêm giỏ/xem cao
fixture-user-1260,2.0,12.0,800.0,30.0,8.0,6.0,3,0.26666666666666666,2400.0,80.0,3,2.949000201807968,0.9104099322153842,-1.040664161835835,Doanh thu trung bình cao
fixture-user-1261,15.0,5.0,100.0,12.0,2.0,2.0,1,0.16666666666666666,900.0,30.0,2,-0.5125113090819994,0.5888915999238798,-0.9213435417374367,Nhóm hành vi còn lại
fixture-user-1262,70.0,1.0,0.0,3.0,0.0,0.0,0,0.0,30.0,5.0,1,-5.653074755432996,-0.26751935962468665,-1.3948414954693151,Hoạt động gần nhất cách xa
fixture-user-1263,8.0,8.0,0.0,18.0,12.0,3.0,0,0.6666666666666666,1600.0,60.0,0,1.667619505045523,-2.2053810991863303,-0.7744155991773559,Tỷ lệ thêm giỏ/xem cao
fixture-user-1264,3.0,13.0,820.0,31.0,9.0,6.0,3,0.2903225806451613,2410.0,81.0,3,2.9722504279555224,0.8202064154922466,-0.8360402617366788,Doanh thu trung bình cao
fixture-user-1265,16.0,6.0,120.0,13.0,3.0,2.0,1,0.23076923076923078,910.0,31.0,2,-0.18823476857859642,0.3875447576114711,-0.8693490403338631,Nhóm hành vi còn lại
fixture-user-1266,71.0,2.0,0.0,4.0,0.0,0.0,0,0.0,40.0,6.0,1,-5.132931592866225,-0.19697308259203808,-1.0600968999130056,Hoạt động gần nhất cách xa
fixture-user-1267,9.0,9.0,0.0,19.0,13.0,3.0,0,0.6842105263157895,1610.0,61.0,0,1.7765266448407788,-2.263702585114586,-0.6595478640554292,Tỷ lệ thêm giỏ/xem cao
fixture-user-1268,4.0,14.0,840.0,32.0,10.0,6.0,3,0.3125,2420.0,82.0,3,3.01229401895736,0.7383363392983261,-0.6738605748864045,Doanh thu trung bình cao
fixture-user-1269,17.0,7.0,140.0,14.0,4.0,2.0,1,0.2857142857142857,920.0,32.0,2,0.08566905022148885,0.22145490054473832,-0.8127372610551373,Nhóm hành vi còn lại
fixture-user-1270,72.0,3.0,0.0,5.0,0.0,0.0,0,0.0,50.0,7.0,1,-4.734049758831314,-0.1415652227069219,-0.7803874603946023,Hoạt động gần nhất cách xa
fixture-user-1271,10.0,10.0,0.0,20.0,14.0,3.0,0,0.7,1620.0,62.0,0,1.8778157374373483,-2.316152393098142,-0.5521462253135105,Tỷ lệ thêm giỏ/xem cao
fixture-user-1272,5.0,12.0,860.0,33.0,8.0,6.0,3,0.24242424242424243,2430.0,83.0,3,2.7201358279717427,1.0010280153705131,-0.43135310572761704,Doanh thu trung bình cao
fixture-user-1273,18.0,5.0,160.0,15.0,2.0,2.0,1,0.13333333333333333,930.0,33.0,2,-0.416368974045729,0.8413722469868408,-0.5202824835880352,Nhóm hành vi còn lại
fixture-user-1274,73.0,1.0,0.0,6.0,0.0,0.0,0,0.0,60.0,8.0,1,-4.951827114160079,-0.13461517315522942,-0.48185008826089964,Hoạt động gần nhất cách xa
fixture-user-1275,11.0,8.0,0.0,21.0,12.0,3.0,0,0.5714285714285714,1630.0,63.0,0,1.5440020110863266,-1.8916105529499507,-0.2894737393083827,Tỷ lệ thêm giỏ/xem cao
fixture-user-1276,6.0,13.0,880.0,34.0,9.0,6.0,3,0.2647058823529412,2440.0,84.0,3,2.793205514756805,0.9179893295870694,-0.3181395540304275,Doanh thu trung bình cao
fixture-user-1277,19.0,6.0,180.0,16.0,3.0,2.0,1,0.1875,940.0,34.0,2,-0.11506542133983415,0.6524097200437152,-0.47729764843711464,Nhóm hành vi còn lại
fixture-user-1278,74.0,2.0,0.0,7.0,0.0,0.0,0,0.0,70.0,9.0,1,-4.544300503596412,-0.08616879017803282,-0.28512883644029735,Hoạt động gần nhất cách xa
fixture-user-1279,12.0,9.0,0.0,22.0,13.0,3.0,0,0.5909090909090909,1640.0,64.0,0,1.6610803566223118,-1.956635720808595,-0.20216044539729697,Tỷ lệ thêm giỏ/xem cao
fixture-user-1280,7.0,14.0,900.0,35.0,10.0,6.0,3,0.2857142857142857,2450.0,85.0,3,2.865809296514496,0.8413885834551914,-0.21799543117210443,Doanh thu trung bình cao
fixture-user-1281,20.0,7.0,200.0,17.0,4.0,2.0,1,0.23529411764705882,950.0,35.0,2,0.1412081418293925,0.49422871537243757,-0.4309330555436214,Nhóm hành vi còn lại
fixture-user-1282,75.0,3.0,0.0,8.0,0.0,0.0,0,0.0,80.0,10.0,1,-4.226355602128988,-0.04652353682671037,-0.10556235721929748,Hoạt động gần nhất cách xa
fixture-user-1283,13.0,10.0,0.0,23.0,14.0,3.0,0,0.6086956521739131,1650.0,65.0,0,1.769348185040836,-2.015953016612214,-0.1188564273584944,Tỷ lệ thêm giỏ/xem cao
fixture-user-1284,8.0,12.0,920.0,36.0,8.0,6.0,3,0.2222222222222222,2460.0,86.0,3,2.6063737094369293,1.0851522433954928,-0.028162481097520817,Doanh thu trung bình cao
fixture-user-1285,21.0,5.0,220.0,18.0,2.0,2.0,1,0.1111111111111111,960.0,36.0,2,-0.331015161317517,1.017672557566975,-0.18189320559016225,Nhóm hành vi còn lại
fixture-user-1286,76.0,1.0,0.0,9.0,0.0,0.0,0,0.0,90.0,11.0,1,-4.5053809003710175,-0.051404916593935875,0.11674763187868262,Hoạt động gần nhất cách xa
fixture-user-1287,14.0,8.0,0.0,24.0,12.0,3.0,0,0.5,1660.0,66.0,0,1.4649328760198592,-1.6524200575582768,0.10500751195665843,Tỷ lệ thêm giỏ/xem cao
fixture-user-1288,9.0,13.0,940.0,37.0,9.0,6.0,3,0.24324324324324326,2470.0,87.0,3,2.6956818339500837,1.0065237107878025,0.05075676314821963,Doanh thu trung bình cao
fixture-user-1289,22.0,6.0,240.0,19.0,3.0,2.0,1,0.15789473684210525,970.0,37.0,2,-0.045442287582045944,0.842002022281944,-0.14614921568949865,Nhóm hành vi còn lại
fixture-user-1290,77.0,2.0,0.0,10.0,0.0,0.0,0,0.0,100.0,12.0,1,-4.145933218700002,-0.012175282230817307,0.25338192247508057,Hoạt động gần nhất cách xa
fixture-user-1291,15.0,9.0,0.0,25.0,13.0,3.0,0,0.52,1670.0,67.0,0,1.5853970707566725,-1.7197729720568595,0.17473155318197717,Tỷ lệ thêm giỏ/xem cao
fixture-user-1292,10.0,14.0,960.0,38.0,10.0,6.0,3,0.2631578947368421,2480.0,88.0,3,2.7805820478578775,0.9335515526720264,0.12366456013755259,Doanh thu trung bình cao
fixture-user-1293,23.0,7.0,260.0,20.0,4.0,2.0,1,0.2,980.0,38.0,2,0.19806579033115437,0.6934432518431779,-0.10747748554529173,Nhóm hành vi còn lại
fixture-user-1294,78.0,3.0,0.0,11.0,0.0,0.0,0,0.0,110.0,13.0,1,-3.866786492395833,0.020083464757670286,0.3842998554068919,Hoạt động gần nhất cách xa
fixture-user-1295,16.0,10.0,0.0,26.0,14.0,3.0,0,0.5384615384615384,1680.0,68.0,0,1.696701628351615,-1.7818534565886186,0.24216164621576905,Tỷ lệ thêm giỏ/xem cao
fixture-user-1296,11.0,12.0,980.0,39.0,8.0,6.0,3,0.20512820512820512,2490.0,89.0,3,2.539096994000912,1.1608947269527035,0.2849645070861152,Doanh thu trung bình cao
fixture-user-1297,24.0,5.0,280.0,21.0,2.0,2.0,1,0.09523809523809523,990.0,39.0,2,-0.2535021844261599,1.1515543709784555,0.11036450120739257,Nhóm hành vi còn lại
fixture-user-1298,79.0,1.0,0.0,12.0,0.0,0.0,0,0.0,120.0,14.0,1,-4.177806227183311,0.009148059352104415,0.5663777413394052,Hoạt động gần nhất cách xa
fixture-user-1299,17.0,8.0,0.0,27.0,12.0,3.0,0,0.4444444444444444,1690.0,69.0,0,1.4131920056243967,-1.4634770190954087,0.43800042229131814,Tỷ lệ thêm giỏ/xem cao
fixture-user-1300,12.0,13.0,1000.0,40.0,9.0,6.0,3,0.225,2500.0,90.0,3,2.6355970708016336,1.085750837529916,0.34560189762492727,Doanh thu trung bình cao
fixture-user-1301,25.0,6.0,300.0,22.0,3.0,2.0,1,0.13636363636363635,1000.0,40.0,2,0.020448779079346835,0.987424175304437,0.14043401059775606,Nhóm hành vi còn lại
fixture-user-1302,80.0,2.0,0.0,13.0,0.0,0.0,0,0.0,130.0,15.0,1,-3.8452080923989924,0.04332455321405482,0.6691606922603189,Hoạt động gần nhất cách xa
fixture-user-1303,18.0,9.0,0.0,28.0,13.0,3.0,0,0.4642857142857143,1700.0,70.0,0,1.534830031286699,-1.5309960415171668,0.49554732017099296,Tỷ lệ thêm giỏ/xem cao
fixture-user-1304,13.0,14.0,1020.0,41.0,10.0,6.0,3,0.24390243902439024,2510.0,91.0,3,2.7262823845513653,1.0157588009747183,0.4029662204898221,Doanh thu trung bình cao
fixture-user-1305,26.0,7.0,320.0,23.0,4.0,2.0,1,0.17391304347826086,1010.0,41.0,2,0.2541908963254575,0.8477774875328858,0.17321533289513408,Nhóm hành vi còn lại
fixture-user-1306,81.0,3.0,0.0,14.0,0.0,0.0,0,0.0,140.0,16.0,1,-3.58892156885437,0.07130138670265128,0.7711842983243252,Hoạt động gần nhất cách xa
fixture-user-1307,19.0,10.0,0.0,29.0,14.0,3.0,0,0.4827586206896552,1710.0,71.0,0,1.6472575587743377,-1.5937242188893985,0.5517615405408011,Tỷ lệ thêm giỏ/xem cao
fixture-user-1308,14.0,12.0,1040.0,42.0,8.0,6.0,3,0.19047619047619047,2520.0,92.0,3,2.49670495094491,1.2290037398474845,0.5454645736096191,Doanh thu trung bình cao
fixture-user-1309,27.0,5.0,340.0,24.0,2.0,2.0,1,0.08333333333333333,1020.0,42.0,2,-0.18230360796635595,1.2586072038036613,0.3675912090530475,Nhóm hành vi còn lại
fixture-user-1310,82.0,1.0,0.0,15.0,0.0,0.0,0,0.0,150.0,17.0,1,-3.9196432407459767,0.05669108652696236,0.9282979885680404,Hoạt động gần nhất cách xa
fixture-user-1311,20.0,8.0,0.0,30.0,12.0,3.0,0,0.4,1720.0,72.0,0,1.3793488527403,-1.3100407571216666,0.7263442280480706,Tỷ lệ thêm giỏ/xem cao
fixture-user-1312,15.0,13.0,1060.0,43.0,9.0,6.0,3,0.20930232558139536,2530.0,93.0,3,2.5967783052258118,1.1568322528607358,0.5946167775727039,Doanh thu trung bình cao
fixture-user-1313,28.0,6.0,360.0,25.0,3.0,2.0,1,0.12,1030.0,43.0,2,0.08266019726750658,1.1041566022540645,0.39313910571678706,Nhóm hành vi còn lại
fixture-user-1314,83.0,2.0,0.0,16.0,0.0,0.0,0,0.0,160.0,18.0,1,-3.604202552262844,0.08767912367278557,1.0092869375057245,Hoạt động gần nhất cách xa
fixture-user-1315,21.0,9.0,0.0,31.0,13.0,3.0,0,0.41935483870967744,1730.0,73.0,0,1.501059534575714,-1.376636657189004,0.7749808036540073,Tỷ lệ thêm giỏ/xem cao
fixture-user-1316,16.0,14.0,1080.0,44.0,10.0,6.0,3,0.22727272727272727,2540.0,94.0,3,2.690427951437499,1.0894358139626867,0.6418324646043475,Doanh thu trung bình cao
fixture-user-1317,29.0,7.0,380.0,26.0,4.0,2.0,1,0.15384615384615385,1040.0,44.0,2,0.3086623039800275,0.9723028927926293,0.4212803240192725,Nhóm hành vi còn lại
fixture-user-1318,84.0,3.0,0.0,17.0,0.0,0.0,0,0.0,170.0,19.0,1,-3.3629925377313117,0.11286336793280101,1.0921119219662825,Hoạt động gần nhất cách xa
fixture-user-1319,22.0,10.0,0.0,32.0,14.0,3.0,0,0.4375,1740.0,74.0,0,1.6136201785899058,-1.438893929708042,0.822869682767591,Tỷ lệ thêm giỏ/xem cao
fixture-user-1320,2.0,12.0,800.0,30.0,8.0,6.0,3,0.26666666666666666,2400.0,80.0,3,2.949000201807968,0.9104099322153842,-1.040664161835835,Doanh thu trung bình cao
fixture-user-1321,15.0,5.0,100.0,12.0,2.0,2.0,1,0.16666666666666666,900.0,30.0,2,-0.5125113090819994,0.5888915999238798,-0.9213435417374367,Nhóm hành vi còn lại
fixture-user-1322,70.0,1.0,0.0,3.0,0.0,0.0,0,0.0,30.0,5.0,1,-5.653074755432996,-0.26751935962468665,-1.3948414954693151,Hoạt động gần nhất cách xa
fixture-user-1323,8.0,8.0,0.0,18.0,12.0,3.0,0,0.6666666666666666,1600.0,60.0,0,1.667619505045523,-2.2053810991863303,-0.7744155991773559,Tỷ lệ thêm giỏ/xem cao
fixture-user-1324,3.0,13.0,820.0,31.0,9.0,6.0,3,0.2903225806451613,2410.0,81.0,3,2.9722504279555224,0.8202064154922466,-0.8360402617366788,Doanh thu trung bình cao
fixture-user-1325,16.0,6.0,120.0,13.0,3.0,2.0,1,0.23076923076923078,910.0,31.0,2,-0.18823476857859642,0.3875447576114711,-0.8693490403338631,Nhóm hành vi còn lại
fixture-user-1326,71.0,2.0,0.0,4.0,0.0,0.0,0,0.0,40.0,6.0,1,-5.132931592866225,-0.19697308259203808,-1.0600968999130056,Hoạt động gần nhất cách xa
fixture-user-1327,9.0,9.0,0.0,19.0,13.0,3.0,0,0.6842105263157895,1610.0,61.0,0,1.7765266448407788,-2.263702585114586,-0.6595478640554292,Tỷ lệ thêm giỏ/xem cao
fixture-user-1328,4.0,14.0,840.0,32.0,10.0,6.0,3,0.3125,2420.0,82.0,3,3.01229401895736,0.7383363392983261,-0.6738605748864045,Doanh thu trung bình cao
fixture-user-1329,17.0,7.0,140.0,14.0,4.0,2.0,1,0.2857142857142857,920.0,32.0,2,0.08566905022148885,0.22145490054473832,-0.8127372610551373,Nhóm hành vi còn lại
fixture-user-1330,72.0,3.0,0.0,5.0,0.0,0.0,0,0.0,50.0,7.0,1,-4.734049758831314,-0.1415652227069219,-0.7803874603946023,Hoạt động gần nhất cách xa
fixture-user-1331,10.0,10.0,0.0,20.0,14.0,3.0,0,0.7,1620.0,62.0,0,1.8778157374373483,-2.316152393098142,-0.5521462253135105,Tỷ lệ thêm giỏ/xem cao
fixture-user-1332,5.0,12.0,860.0,33.0,8.0,6.0,3,0.24242424242424243,2430.0,83.0,3,2.7201358279717427,1.0010280153705131,-0.43135310572761704,Doanh thu trung bình cao
fixture-user-1333,18.0,5.0,160.0,15.0,2.0,2.0,1,0.13333333333333333,930.0,33.0,2,-0.416368974045729,0.8413722469868408,-0.5202824835880352,Nhóm hành vi còn lại
fixture-user-1334,73.0,1.0,0.0,6.0,0.0,0.0,0,0.0,60.0,8.0,1,-4.951827114160079,-0.13461517315522942,-0.48185008826089964,Hoạt động gần nhất cách xa
fixture-user-1335,11.0,8.0,0.0,21.0,12.0,3.0,0,0.5714285714285714,1630.0,63.0,0,1.5440020110863266,-1.8916105529499507,-0.2894737393083827,Tỷ lệ thêm giỏ/xem cao
fixture-user-1336,6.0,13.0,880.0,34.0,9.0,6.0,3,0.2647058823529412,2440.0,84.0,3,2.793205514756805,0.9179893295870694,-0.3181395540304275,Doanh thu trung bình cao
fixture-user-1337,19.0,6.0,180.0,16.0,3.0,2.0,1,0.1875,940.0,34.0,2,-0.11506542133983415,0.6524097200437152,-0.47729764843711464,Nhóm hành vi còn lại
fixture-user-1338,74.0,2.0,0.0,7.0,0.0,0.0,0,0.0,70.0,9.0,1,-4.544300503596412,-0.08616879017803282,-0.28512883644029735,Hoạt động gần nhất cách xa
fixture-user-1339,12.0,9.0,0.0,22.0,13.0,3.0,0,0.5909090909090909,1640.0,64.0,0,1.6610803566223118,-1.956635720808595,-0.20216044539729697,Tỷ lệ thêm giỏ/xem cao
fixture-user-1340,7.0,14.0,900.0,35.0,10.0,6.0,3,0.2857142857142857,2450.0,85.0,3,2.865809296514496,0.8413885834551914,-0.21799543117210443,Doanh thu trung bình cao
fixture-user-1341,20.0,7.0,200.0,17.0,4.0,2.0,1,0.23529411764705882,950.0,35.0,2,0.1412081418293925,0.49422871537243757,-0.4309330555436214,Nhóm hành vi còn lại
fixture-user-1342,75.0,3.0,0.0,8.0,0.0,0.0,0,0.0,80.0,10.0,1,-4.226355602128988,-0.04652353682671037,-0.10556235721929748,Hoạt động gần nhất cách xa
fixture-user-1343,13.0,10.0,0.0,23.0,14.0,3.0,0,0.6086956521739131,1650.0,65.0,0,1.769348185040836,-2.015953016612214,-0.1188564273584944,Tỷ lệ thêm giỏ/xem cao
fixture-user-1344,8.0,12.0,920.0,36.0,8.0,6.0,3,0.2222222222222222,2460.0,86.0,3,2.6063737094369293,1.0851522433954928,-0.028162481097520817,Doanh thu trung bình cao
fixture-user-1345,21.0,5.0,220.0,18.0,2.0,2.0,1,0.1111111111111111,960.0,36.0,2,-0.331015161317517,1.017672557566975,-0.18189320559016225,Nhóm hành vi còn lại
fixture-user-1346,76.0,1.0,0.0,9.0,0.0,0.0,0,0.0,90.0,11.0,1,-4.5053809003710175,-0.051404916593935875,0.11674763187868262,Hoạt động gần nhất cách xa
fixture-user-1347,14.0,8.0,0.0,24.0,12.0,3.0,0,0.5,1660.0,66.0,0,1.4649328760198592,-1.6524200575582768,0.10500751195665843,Tỷ lệ thêm giỏ/xem cao
fixture-user-1348,9.0,13.0,940.0,37.0,9.0,6.0,3,0.24324324324324326,2470.0,87.0,3,2.6956818339500837,1.0065237107878025,0.05075676314821963,Doanh thu trung bình cao
fixture-user-1349,22.0,6.0,240.0,19.0,3.0,2.0,1,0.15789473684210525,970.0,37.0,2,-0.045442287582045944,0.842002022281944,-0.14614921568949865,Nhóm hành vi còn lại
fixture-user-1350,77.0,2.0,0.0,10.0,0.0,0.0,0,0.0,100.0,12.0,1,-4.145933218700002,-0.012175282230817307,0.25338192247508057,Hoạt động gần nhất cách xa
fixture-user-1351,15.0,9.0,0.0,25.0,13.0,3.0,0,0.52,1670.0,67.0,0,1.5853970707566725,-1.7197729720568595,0.17473155318197717,Tỷ lệ thêm giỏ/xem cao
fixture-user-1352,10.0,14.0,960.0,38.0,10.0,6.0,3,0.2631578947368421,2480.0,88.0,3,2.7805820478578775,0.9335515526720264,0.12366456013755259,Doanh thu trung bình cao
fixture-user-1353,23.0,7.0,260.0,20.0,4.0,2.0,1,0.2,980.0,38.0,2,0.19806579033115437,0.6934432518431779,-0.10747748554529173,Nhóm hành vi còn lại
fixture-user-1354,78.0,3.0,0.0,11.0,0.0,0.0,0,0.0,110.0,13.0,1,-3.866786492395833,0.020083464757670286,0.3842998554068919,Hoạt động gần nhất cách xa
fixture-user-1355,16.0,10.0,0.0,26.0,14.0,3.0,0,0.5384615384615384,1680.0,68.0,0,1.696701628351615,-1.7818534565886186,0.24216164621576905,Tỷ lệ thêm giỏ/xem cao
fixture-user-1356,11.0,12.0,980.0,39.0,8.0,6.0,3,0.20512820512820512,2490.0,89.0,3,2.539096994000912,1.1608947269527035,0.2849645070861152,Doanh thu trung bình cao
fixture-user-1357,24.0,5.0,280.0,21.0,2.0,2.0,1,0.09523809523809523,990.0,39.0,2,-0.2535021844261599,1.1515543709784555,0.11036450120739257,Nhóm hành vi còn lại
fixture-user-1358,79.0,1.0,0.0,12.0,0.0,0.0,0,0.0,120.0,14.0,1,-4.177806227183311,0.009148059352104415,0.5663777413394052,Hoạt động gần nhất cách xa
fixture-user-1359,17.0,8.0,0.0,27.0,12.0,3.0,0,0.4444444444444444,1690.0,69.0,0,1.4131920056243967,-1.4634770190954087,0.43800042229131814,Tỷ lệ thêm giỏ/xem cao
fixture-user-1360,12.0,13.0,1000.0,40.0,9.0,6.0,3,0.225,2500.0,90.0,3,2.6355970708016336,1.085750837529916,0.34560189762492727,Doanh thu trung bình cao
fixture-user-1361,25.0,6.0,300.0,22.0,3.0,2.0,1,0.13636363636363635,1000.0,40.0,2,0.020448779079346835,0.987424175304437,0.14043401059775606,Nhóm hành vi còn lại
fixture-user-1362,80.0,2.0,0.0,13.0,0.0,0.0,0,0.0,130.0,15.0,1,-3.8452080923989924,0.04332455321405482,0.6691606922603189,Hoạt động gần nhất cách xa
fixture-user-1363,18.0,9.0,0.0,28.0,13.0,3.0,0,0.4642857142857143,1700.0,70.0,0,1.534830031286699,-1.5309960415171668,0.49554732017099296,Tỷ lệ thêm giỏ/xem cao
fixture-user-1364,13.0,14.0,1020.0,41.0,10.0,6.0,3,0.24390243902439024,2510.0,91.0,3,2.7262823845513653,1.0157588009747183,0.4029662204898221,Doanh thu trung bình cao
fixture-user-1365,26.0,7.0,320.0,23.0,4.0,2.0,1,0.17391304347826086,1010.0,41.0,2,0.2541908963254575,0.8477774875328858,0.17321533289513408,Nhóm hành vi còn lại
fixture-user-1366,81.0,3.0,0.0,14.0,0.0,0.0,0,0.0,140.0,16.0,1,-3.58892156885437,0.07130138670265128,0.7711842983243252,Hoạt động gần nhất cách xa
fixture-user-1367,19.0,10.0,0.0,29.0,14.0,3.0,0,0.4827586206896552,1710.0,71.0,0,1.6472575587743377,-1.5937242188893985,0.5517615405408011,Tỷ lệ thêm giỏ/xem cao
fixture-user-1368,14.0,12.0,1040.0,42.0,8.0,6.0,3,0.19047619047619047,2520.0,92.0,3,2.49670495094491,1.2290037398474845,0.5454645736096191,Doanh thu trung bình cao
fixture-user-1369,27.0,5.0,340.0,24.0,2.0,2.0,1,0.08333333333333333,1020.0,42.0,2,-0.18230360796635595,1.2586072038036613,0.3675912090530475,Nhóm hành vi còn lại
fixture-user-1370,82.0,1.0,0.0,15.0,0.0,0.0,0,0.0,150.0,17.0,1,-3.9196432407459767,0.05669108652696236,0.9282979885680404,Hoạt động gần nhất cách xa
fixture-user-1371,20.0,8.0,0.0,30.0,12.0,3.0,0,0.4,1720.0,72.0,0,1.3793488527403,-1.3100407571216666,0.7263442280480706,Tỷ lệ thêm giỏ/xem cao
fixture-user-1372,15.0,13.0,1060.0,43.0,9.0,6.0,3,0.20930232558139536,2530.0,93.0,3,2.5967783052258118,1.1568322528607358,0.5946167775727039,Doanh thu trung bình cao
fixture-user-1373,28.0,6.0,360.0,25.0,3.0,2.0,1,0.12,1030.0,43.0,2,0.08266019726750658,1.1041566022540645,0.39313910571678706,Nhóm hành vi còn lại
fixture-user-1374,83.0,2.0,0.0,16.0,0.0,0.0,0,0.0,160.0,18.0,1,-3.604202552262844,0.08767912367278557,1.0092869375057245,Hoạt động gần nhất cách xa
fixture-user-1375,21.0,9.0,0.0,31.0,13.0,3.0,0,0.41935483870967744,1730.0,73.0,0,1.501059534575714,-1.376636657189004,0.7749808036540073,Tỷ lệ thêm giỏ/xem cao
fixture-user-1376,16.0,14.0,1080.0,44.0,10.0,6.0,3,0.22727272727272727,2540.0,94.0,3,2.690427951437499,1.0894358139626867,0.6418324646043475,Doanh thu trung bình cao
fixture-user-1377,29.0,7.0,380.0,26.0,4.0,2.0,1,0.15384615384615385,1040.0,44.0,2,0.3086623039800275,0.9723028927926293,0.4212803240192725,Nhóm hành vi còn lại
fixture-user-1378,84.0,3.0,0.0,17.0,0.0,0.0,0,0.0,170.0,19.0,1,-3.3629925377313117,0.11286336793280101,1.0921119219662825,Hoạt động gần nhất cách xa
fixture-user-1379,22.0,10.0,0.0,32.0,14.0,3.0,0,0.4375,1740.0,74.0,0,1.6136201785899058,-1.438893929708042,0.822869682767591,Tỷ lệ thêm giỏ/xem cao
fixture-user-1380,2.0,12.0,800.0,30.0,8.0,6.0,3,0.26666666666666666,2400.0,80.0,3,2.949000201807968,0.9104099322153842,-1.040664161835835,Doanh thu trung bình cao
fixture-user-1381,15.0,5.0,100.0,12.0,2.0,2.0,1,0.16666666666666666,900.0,30.0,2,-0.5125113090819994,0.5888915999238798,-0.9213435417374367,Nhóm hành vi còn lại
fixture-user-1382,70.0,1.0,0.0,3.0,0.0,0.0,0,0.0,30.0,5.0,1,-5.653074755432996,-0.26751935962468665,-1.3948414954693151,Hoạt động gần nhất cách xa
fixture-user-1383,8.0,8.0,0.0,18.0,12.0,3.0,0,0.6666666666666666,1600.0,60.0,0,1.667619505045523,-2.2053810991863303,-0.7744155991773559,Tỷ lệ thêm giỏ/xem cao
fixture-user-1384,3.0,13.0,820.0,31.0,9.0,6.0,3,0.2903225806451613,2410.0,81.0,3,2.9722504279555224,0.8202064154922466,-0.8360402617366788,Doanh thu trung bình cao
fixture-user-1385,16.0,6.0,120.0,13.0,3.0,2.0,1,0.23076923076923078,910.0,31.0,2,-0.18823476857859642,0.3875447576114711,-0.8693490403338631,Nhóm hành vi còn lại
fixture-user-1386,71.0,2.0,0.0,4.0,0.0,0.0,0,0.0,40.0,6.0,1,-5.132931592866225,-0.19697308259203808,-1.0600968999130056,Hoạt động gần nhất cách xa
fixture-user-1387,9.0,9.0,0.0,19.0,13.0,3.0,0,0.6842105263157895,1610.0,61.0,0,1.7765266448407788,-2.263702585114586,-0.6595478640554292,Tỷ lệ thêm giỏ/xem cao
fixture-user-1388,4.0,14.0,840.0,32.0,10.0,6.0,3,0.3125,2420.0,82.0,3,3.01229401895736,0.7383363392983261,-0.6738605748864045,Doanh thu trung bình cao
fixture-user-1389,17.0,7.0,140.0,14.0,4.0,2.0,1,0.2857142857142857,920.0,32.0,2,0.08566905022148885,0.22145490054473832,-0.8127372610551373,Nhóm hành vi còn lại
fixture-user-1390,72.0,3.0,0.0,5.0,0.0,0.0,0,0.0,50.0,7.0,1,-4.734049758831314,-0.1415652227069219,-0.7803874603946023,Hoạt động gần nhất cách xa
fixture-user-1391,10.0,10.0,0.0,20.0,14.0,3.0,0,0.7,1620.0,62.0,0,1.8778157374373483,-2.316152393098142,-0.5521462253135105,Tỷ lệ thêm giỏ/xem cao
fixture-user-1392,5.0,12.0,860.0,33.0,8.0,6.0,3,0.24242424242424243,2430.0,83.0,3,2.7201358279717427,1.0010280153705131,-0.43135310572761704,Doanh thu trung bình cao
fixture-user-1393,18.0,5.0,160.0,15.0,2.0,2.0,1,0.13333333333333333,930.0,33.0,2,-0.416368974045729,0.8413722469868408,-0.5202824835880352,Nhóm hành vi còn lại
fixture-user-1394,73.0,1.0,0.0,6.0,0.0,0.0,0,0.0,60.0,8.0,1,-4.951827114160079,-0.13461517315522942,-0.48185008826089964,Hoạt động gần nhất cách xa
fixture-user-1395,11.0,8.0,0.0,21.0,12.0,3.0,0,0.5714285714285714,1630.0,63.0,0,1.5440020110863266,-1.8916105529499507,-0.2894737393083827,Tỷ lệ thêm giỏ/xem cao
fixture-user-1396,6.0,13.0,880.0,34.0,9.0,6.0,3,0.2647058823529412,2440.0,84.0,3,2.793205514756805,0.9179893295870694,-0.3181395540304275,Doanh thu trung bình cao
fixture-user-1397,19.0,6.0,180.0,16.0,3.0,2.0,1,0.1875,940.0,34.0,2,-0.11506542133983415,0.6524097200437152,-0.47729764843711464,Nhóm hành vi còn lại
fixture-user-1398,74.0,2.0,0.0,7.0,0.0,0.0,0,0.0,70.0,9.0,1,-4.544300503596412,-0.08616879017803282,-0.28512883644029735,Hoạt động gần nhất cách xa
fixture-user-1399,12.0,9.0,0.0,22.0,13.0,3.0,0,0.5909090909090909,1640.0,64.0,0,1.6610803566223118,-1.956635720808595,-0.20216044539729697,Tỷ lệ thêm giỏ/xem cao
fixture-user-1400,7.0,14.0,900.0,35.0,10.0,6.0,3,0.2857142857142857,2450.0,85.0,3,2.865809296514496,0.8413885834551914,-0.21799543117210443,Doanh thu trung bình cao
fixture-user-1401,20.0,7.0,200.0,17.0,4.0,2.0,1,0.23529411764705882,950.0,35.0,2,0.1412081418293925,0.49422871537243757,-0.4309330555436214,Nhóm hành vi còn lại
fixture-user-1402,75.0,3.0,0.0,8.0,0.0,0.0,0,0.0,80.0,10.0,1,-4.226355602128988,-0.04652353682671037,-0.10556235721929748,Hoạt động gần nhất cách xa
fixture-user-1403,13.0,10.0,0.0,23.0,14.0,3.0,0,0.6086956521739131,1650.0,65.0,0,1.769348185040836,-2.015953016612214,-0.1188564273584944,Tỷ lệ thêm giỏ/xem cao
fixture-user-1404,8.0,12.0,920.0,36.0,8.0,6.0,3,0.2222222222222222,2460.0,86.0,3,2.6063737094369293,1.0851522433954928,-0.028162481097520817,Doanh thu trung bình cao
fixture-user-1405,21.0,5.0,220.0,18.0,2.0,2.0,1,0.1111111111111111,960.0,36.0,2,-0.331015161317517,1.017672557566975,-0.18189320559016225,Nhóm hành vi còn lại
fixture-user-1406,76.0,1.0,0.0,9.0,0.0,0.0,0,0.0,90.0,11.0,1,-4.5053809003710175,-0.051404916593935875,0.11674763187868262,Hoạt động gần nhất cách xa
fixture-user-1407,14.0,8.0,0.0,24.0,12.0,3.0,0,0.5,1660.0,66.0,0,1.4649328760198592,-1.6524200575582768,0.10500751195665843,Tỷ lệ thêm giỏ/xem cao
fixture-user-1408,9.0,13.0,940.0,37.0,9.0,6.0,3,0.24324324324324326,2470.0,87.0,3,2.6956818339500837,1.0065237107878025,0.05075676314821963,Doanh thu trung bình cao
fixture-user-1409,22.0,6.0,240.0,19.0,3.0,2.0,1,0.15789473684210525,970.0,37.0,2,-0.045442287582045944,0.842002022281944,-0.14614921568949865,Nhóm hành vi còn lại
fixture-user-1410,77.0,2.0,0.0,10.0,0.0,0.0,0,0.0,100.0,12.0,1,-4.145933218700002,-0.012175282230817307,0.25338192247508057,Hoạt động gần nhất cách xa
fixture-user-1411,15.0,9.0,0.0,25.0,13.0,3.0,0,0.52,1670.0,67.0,0,1.5853970707566725,-1.7197729720568595,0.17473155318197717,Tỷ lệ thêm giỏ/xem cao
fixture-user-1412,10.0,14.0,960.0,38.0,10.0,6.0,3,0.2631578947368421,2480.0,88.0,3,2.7805820478578775,0.9335515526720264,0.12366456013755259,Doanh thu trung bình cao
fixture-user-1413,23.0,7.0,260.0,20.0,4.0,2.0,1,0.2,980.0,38.0,2,0.19806579033115437,0.6934432518431779,-0.10747748554529173,Nhóm hành vi còn lại
fixture-user-1414,78.0,3.0,0.0,11.0,0.0,0.0,0,0.0,110.0,13.0,1,-3.866786492395833,0.020083464757670286,0.3842998554068919,Hoạt động gần nhất cách xa
fixture-user-1415,16.0,10.0,0.0,26.0,14.0,3.0,0,0.5384615384615384,1680.0,68.0,0,1.696701628351615,-1.7818534565886186,0.24216164621576905,Tỷ lệ thêm giỏ/xem cao
fixture-user-1416,11.0,12.0,980.0,39.0,8.0,6.0,3,0.20512820512820512,2490.0,89.0,3,2.539096994000912,1.1608947269527035,0.2849645070861152,Doanh thu trung bình cao
fixture-user-1417,24.0,5.0,280.0,21.0,2.0,2.0,1,0.09523809523809523,990.0,39.0,2,-0.2535021844261599,1.1515543709784555,0.11036450120739257,Nhóm hành vi còn lại
fixture-user-1418,79.0,1.0,0.0,12.0,0.0,0.0,0,0.0,120.0,14.0,1,-4.177806227183311,0.009148059352104415,0.5663777413394052,Hoạt động gần nhất cách xa
fixture-user-1419,17.0,8.0,0.0,27.0,12.0,3.0,0,0.4444444444444444,1690.0,69.0,0,1.4131920056243967,-1.4634770190954087,0.43800042229131814,Tỷ lệ thêm giỏ/xem cao
fixture-user-1420,12.0,13.0,1000.0,40.0,9.0,6.0,3,0.225,2500.0,90.0,3,2.6355970708016336,1.085750837529916,0.34560189762492727,Doanh thu trung bình cao
fixture-user-1421,25.0,6.0,300.0,22.0,3.0,2.0,1,0.13636363636363635,1000.0,40.0,2,0.020448779079346835,0.987424175304437,0.14043401059775606,Nhóm hành vi còn lại
fixture-user-1422,80.0,2.0,0.0,13.0,0.0,0.0,0,0.0,130.0,15.0,1,-3.8452080923989924,0.04332455321405482,0.6691606922603189,Hoạt động gần nhất cách xa
fixture-user-1423,18.0,9.0,0.0,28.0,13.0,3.0,0,0.4642857142857143,1700.0,70.0,0,1.534830031286699,-1.5309960415171668,0.49554732017099296,Tỷ lệ thêm giỏ/xem cao
fixture-user-1424,13.0,14.0,1020.0,41.0,10.0,6.0,3,0.24390243902439024,2510.0,91.0,3,2.7262823845513653,1.0157588009747183,0.4029662204898221,Doanh thu trung bình cao
fixture-user-1425,26.0,7.0,320.0,23.0,4.0,2.0,1,0.17391304347826086,1010.0,41.0,2,0.2541908963254575,0.8477774875328858,0.17321533289513408,Nhóm hành vi còn lại
fixture-user-1426,81.0,3.0,0.0,14.0,0.0,0.0,0,0.0,140.0,16.0,1,-3.58892156885437,0.07130138670265128,0.7711842983243252,Hoạt động gần nhất cách xa
fixture-user-1427,19.0,10.0,0.0,29.0,14.0,3.0,0,0.4827586206896552,1710.0,71.0,0,1.6472575587743377,-1.5937242188893985,0.5517615405408011,Tỷ lệ thêm giỏ/xem cao
fixture-user-1428,14.0,12.0,1040.0,42.0,8.0,6.0,3,0.19047619047619047,2520.0,92.0,3,2.49670495094491,1.2290037398474845,0.5454645736096191,Doanh thu trung bình cao
fixture-user-1429,27.0,5.0,340.0,24.0,2.0,2.0,1,0.08333333333333333,1020.0,42.0,2,-0.18230360796635595,1.2586072038036613,0.3675912090530475,Nhóm hành vi còn lại
fixture-user-1430,82.0,1.0,0.0,15.0,0.0,0.0,0,0.0,150.0,17.0,1,-3.9196432407459767,0.05669108652696236,0.9282979885680404,Hoạt động gần nhất cách xa
fixture-user-1431,20.0,8.0,0.0,30.0,12.0,3.0,0,0.4,1720.0,72.0,0,1.3793488527403,-1.3100407571216666,0.7263442280480706,Tỷ lệ thêm giỏ/xem cao
fixture-user-1432,15.0,13.0,1060.0,43.0,9.0,6.0,3,0.20930232558139536,2530.0,93.0,3,2.5967783052258118,1.1568322528607358,0.5946167775727039,Doanh thu trung bình cao
fixture-user-1433,28.0,6.0,360.0,25.0,3.0,2.0,1,0.12,1030.0,43.0,2,0.08266019726750658,1.1041566022540645,0.39313910571678706,Nhóm hành vi còn lại
fixture-user-1434,83.0,2.0,0.0,16.0,0.0,0.0,0,0.0,160.0,18.0,1,-3.604202552262844,0.08767912367278557,1.0092869375057245,Hoạt động gần nhất cách xa
fixture-user-1435,21.0,9.0,0.0,31.0,13.0,3.0,0,0.41935483870967744,1730.0,73.0,0,1.501059534575714,-1.376636657189004,0.7749808036540073,Tỷ lệ thêm giỏ/xem cao
fixture-user-1436,16.0,14.0,1080.0,44.0,10.0,6.0,3,0.22727272727272727,2540.0,94.0,3,2.690427951437499,1.0894358139626867,0.6418324646043475,Doanh thu trung bình cao
fixture-user-1437,29.0,7.0,380.0,26.0,4.0,2.0,1,0.15384615384615385,1040.0,44.0,2,0.3086623039800275,0.9723028927926293,0.4212803240192725,Nhóm hành vi còn lại
fixture-user-1438,84.0,3.0,0.0,17.0,0.0,0.0,0,0.0,170.0,19.0,1,-3.3629925377313117,0.11286336793280101,1.0921119219662825,Hoạt động gần nhất cách xa
fixture-user-1439,22.0,10.0,0.0,32.0,14.0,3.0,0,0.4375,1740.0,74.0,0,1.6136201785899058,-1.438893929708042,0.822869682767591,Tỷ lệ thêm giỏ/xem cao
fixture-user-1440,2.0,12.0,800.0,30.0,8.0,6.0,3,0.26666666666666666,2400.0,80.0,3,2.949000201807968,0.9104099322153842,-1.040664161835835,Doanh thu trung bình cao
fixture-user-1441,15.0,5.0,100.0,12.0,2.0,2.0,1,0.16666666666666666,900.0,30.0,2,-0.5125113090819994,0.5888915999238798,-0.9213435417374367,Nhóm hành vi còn lại
fixture-user-1442,70.0,1.0,0.0,3.0,0.0,0.0,0,0.0,30.0,5.0,1,-5.653074755432996,-0.26751935962468665,-1.3948414954693151,Hoạt động gần nhất cách xa
fixture-user-1443,8.0,8.0,0.0,18.0,12.0,3.0,0,0.6666666666666666,1600.0,60.0,0,1.667619505045523,-2.2053810991863303,-0.7744155991773559,Tỷ lệ thêm giỏ/xem cao
fixture-user-1444,3.0,13.0,820.0,31.0,9.0,6.0,3,0.2903225806451613,2410.0,81.0,3,2.9722504279555224,0.8202064154922466,-0.8360402617366788,Doanh thu trung bình cao
fixture-user-1445,16.0,6.0,120.0,13.0,3.0,2.0,1,0.23076923076923078,910.0,31.0,2,-0.18823476857859642,0.3875447576114711,-0.8693490403338631,Nhóm hành vi còn lại
fixture-user-1446,71.0,2.0,0.0,4.0,0.0,0.0,0,0.0,40.0,6.0,1,-5.132931592866225,-0.19697308259203808,-1.0600968999130056,Hoạt động gần nhất cách xa
fixture-user-1447,9.0,9.0,0.0,19.0,13.0,3.0,0,0.6842105263157895,1610.0,61.0,0,1.7765266448407788,-2.263702585114586,-0.6595478640554292,Tỷ lệ thêm giỏ/xem cao
fixture-user-1448,4.0,14.0,840.0,32.0,10.0,6.0,3,0.3125,2420.0,82.0,3,3.01229401895736,0.7383363392983261,-0.6738605748864045,Doanh thu trung bình cao
fixture-user-1449,17.0,7.0,140.0,14.0,4.0,2.0,1,0.2857142857142857,920.0,32.0,2,0.08566905022148885,0.22145490054473832,-0.8127372610551373,Nhóm hành vi còn lại
fixture-user-1450,72.0,3.0,0.0,5.0,0.0,0.0,0,0.0,50.0,7.0,1,-4.734049758831314,-0.1415652227069219,-0.7803874603946023,Hoạt động gần nhất cách xa
fixture-user-1451,10.0,10.0,0.0,20.0,14.0,3.0,0,0.7,1620.0,62.0,0,1.8778157374373483,-2.316152393098142,-0.5521462253135105,Tỷ lệ thêm giỏ/xem cao
fixture-user-1452,5.0,12.0,860.0,33.0,8.0,6.0,3,0.24242424242424243,2430.0,83.0,3,2.7201358279717427,1.0010280153705131,-0.43135310572761704,Doanh thu trung bình cao
fixture-user-1453,18.0,5.0,160.0,15.0,2.0,2.0,1,0.13333333333333333,930.0,33.0,2,-0.416368974045729,0.8413722469868408,-0.5202824835880352,Nhóm hành vi còn lại
fixture-user-1454,73.0,1.0,0.0,6.0,0.0,0.0,0,0.0,60.0,8.0,1,-4.951827114160079,-0.13461517315522942,-0.48185008826089964,Hoạt động gần nhất cách xa
fixture-user-1455,11.0,8.0,0.0,21.0,12.0,3.0,0,0.5714285714285714,1630.0,63.0,0,1.5440020110863266,-1.8916105529499507,-0.2894737393083827,Tỷ lệ thêm giỏ/xem cao
fixture-user-1456,6.0,13.0,880.0,34.0,9.0,6.0,3,0.2647058823529412,2440.0,84.0,3,2.793205514756805,0.9179893295870694,-0.3181395540304275,Doanh thu trung bình cao
fixture-user-1457,19.0,6.0,180.0,16.0,3.0,2.0,1,0.1875,940.0,34.0,2,-0.11506542133983415,0.6524097200437152,-0.47729764843711464,Nhóm hành vi còn lại
fixture-user-1458,74.0,2.0,0.0,7.0,0.0,0.0,0,0.0,70.0,9.0,1,-4.544300503596412,-0.08616879017803282,-0.28512883644029735,Hoạt động gần nhất cách xa
fixture-user-1459,12.0,9.0,0.0,22.0,13.0,3.0,0,0.5909090909090909,1640.0,64.0,0,1.6610803566223118,-1.956635720808595,-0.20216044539729697,Tỷ lệ thêm giỏ/xem cao
fixture-user-1460,7.0,14.0,900.0,35.0,10.0,6.0,3,0.2857142857142857,2450.0,85.0,3,2.865809296514496,0.8413885834551914,-0.21799543117210443,Doanh thu trung bình cao
fixture-user-1461,20.0,7.0,200.0,17.0,4.0,2.0,1,0.23529411764705882,950.0,35.0,2,0.1412081418293925,0.49422871537243757,-0.4309330555436214,Nhóm hành vi còn lại
fixture-user-1462,75.0,3.0,0.0,8.0,0.0,0.0,0,0.0,80.0,10.0,1,-4.226355602128988,-0.04652353682671037,-0.10556235721929748,Hoạt động gần nhất cách xa
fixture-user-1463,13.0,10.0,0.0,23.0,14.0,3.0,0,0.6086956521739131,1650.0,65.0,0,1.769348185040836,-2.015953016612214,-0.1188564273584944,Tỷ lệ thêm giỏ/xem cao
fixture-user-1464,8.0,12.0,920.0,36.0,8.0,6.0,3,0.2222222222222222,2460.0,86.0,3,2.6063737094369293,1.0851522433954928,-0.028162481097520817,Doanh thu trung bình cao
fixture-user-1465,21.0,5.0,220.0,18.0,2.0,2.0,1,0.1111111111111111,960.0,36.0,2,-0.331015161317517,1.017672557566975,-0.18189320559016225,Nhóm hành vi còn lại
fixture-user-1466,76.0,1.0,0.0,9.0,0.0,0.0,0,0.0,90.0,11.0,1,-4.5053809003710175,-0.051404916593935875,0.11674763187868262,Hoạt động gần nhất cách xa
fixture-user-1467,14.0,8.0,0.0,24.0,12.0,3.0,0,0.5,1660.0,66.0,0,1.4649328760198592,-1.6524200575582768,0.10500751195665843,Tỷ lệ thêm giỏ/xem cao
fixture-user-1468,9.0,13.0,940.0,37.0,9.0,6.0,3,0.24324324324324326,2470.0,87.0,3,2.6956818339500837,1.0065237107878025,0.05075676314821963,Doanh thu trung bình cao
fixture-user-1469,22.0,6.0,240.0,19.0,3.0,2.0,1,0.15789473684210525,970.0,37.0,2,-0.045442287582045944,0.842002022281944,-0.14614921568949865,Nhóm hành vi còn lại
fixture-user-1470,77.0,2.0,0.0,10.0,0.0,0.0,0,0.0,100.0,12.0,1,-4.145933218700002,-0.012175282230817307,0.25338192247508057,Hoạt động gần nhất cách xa
fixture-user-1471,15.0,9.0,0.0,25.0,13.0,3.0,0,0.52,1670.0,67.0,0,1.5853970707566725,-1.7197729720568595,0.17473155318197717,Tỷ lệ thêm giỏ/xem cao
fixture-user-1472,10.0,14.0,960.0,38.0,10.0,6.0,3,0.2631578947368421,2480.0,88.0,3,2.7805820478578775,0.9335515526720264,0.12366456013755259,Doanh thu trung bình cao
fixture-user-1473,23.0,7.0,260.0,20.0,4.0,2.0,1,0.2,980.0,38.0,2,0.19806579033115437,0.6934432518431779,-0.10747748554529173,Nhóm hành vi còn lại
fixture-user-1474,78.0,3.0,0.0,11.0,0.0,0.0,0,0.0,110.0,13.0,1,-3.866786492395833,0.020083464757670286,0.3842998554068919,Hoạt động gần nhất cách xa
fixture-user-1475,16.0,10.0,0.0,26.0,14.0,3.0,0,0.5384615384615384,1680.0,68.0,0,1.696701628351615,-1.7818534565886186,0.24216164621576905,Tỷ lệ thêm giỏ/xem cao
fixture-user-1476,11.0,12.0,980.0,39.0,8.0,6.0,3,0.20512820512820512,2490.0,89.0,3,2.539096994000912,1.1608947269527035,0.2849645070861152,Doanh thu trung bình cao
fixture-user-1477,24.0,5.0,280.0,21.0,2.0,2.0,1,0.09523809523809523,990.0,39.0,2,-0.2535021844261599,1.1515543709784555,0.11036450120739257,Nhóm hành vi còn lại
fixture-user-1478,79.0,1.0,0.0,12.0,0.0,0.0,0,0.0,120.0,14.0,1,-4.177806227183311,0.009148059352104415,0.5663777413394052,Hoạt động gần nhất cách xa
fixture-user-1479,17.0,8.0,0.0,27.0,12.0,3.0,0,0.4444444444444444,1690.0,69.0,0,1.4131920056243967,-1.4634770190954087,0.43800042229131814,Tỷ lệ thêm giỏ/xem cao
fixture-user-1480,12.0,13.0,1000.0,40.0,9.0,6.0,3,0.225,2500.0,90.0,3,2.6355970708016336,1.085750837529916,0.34560189762492727,Doanh thu trung bình cao
fixture-user-1481,25.0,6.0,300.0,22.0,3.0,2.0,1,0.13636363636363635,1000.0,40.0,2,0.020448779079346835,0.987424175304437,0.14043401059775606,Nhóm hành vi còn lại
fixture-user-1482,80.0,2.0,0.0,13.0,0.0,0.0,0,0.0,130.0,15.0,1,-3.8452080923989924,0.04332455321405482,0.6691606922603189,Hoạt động gần nhất cách xa
fixture-user-1483,18.0,9.0,0.0,28.0,13.0,3.0,0,0.4642857142857143,1700.0,70.0,0,1.534830031286699,-1.5309960415171668,0.49554732017099296,Tỷ lệ thêm giỏ/xem cao
fixture-user-1484,13.0,14.0,1020.0,41.0,10.0,6.0,3,0.24390243902439024,2510.0,91.0,3,2.7262823845513653,1.0157588009747183,0.4029662204898221,Doanh thu trung bình cao
fixture-user-1485,26.0,7.0,320.0,23.0,4.0,2.0,1,0.17391304347826086,1010.0,41.0,2,0.2541908963254575,0.8477774875328858,0.17321533289513408,Nhóm hành vi còn lại
fixture-user-1486,81.0,3.0,0.0,14.0,0.0,0.0,0,0.0,140.0,16.0,1,-3.58892156885437,0.07130138670265128,0.7711842983243252,Hoạt động gần nhất cách xa
fixture-user-1487,19.0,10.0,0.0,29.0,14.0,3.0,0,0.4827586206896552,1710.0,71.0,0,1.6472575587743377,-1.5937242188893985,0.5517615405408011,Tỷ lệ thêm giỏ/xem cao
fixture-user-1488,14.0,12.0,1040.0,42.0,8.0,6.0,3,0.19047619047619047,2520.0,92.0,3,2.49670495094491,1.2290037398474845,0.5454645736096191,Doanh thu trung bình cao
fixture-user-1489,27.0,5.0,340.0,24.0,2.0,2.0,1,0.08333333333333333,1020.0,42.0,2,-0.18230360796635595,1.2586072038036613,0.3675912090530475,Nhóm hành vi còn lại
fixture-user-1490,82.0,1.0,0.0,15.0,0.0,0.0,0,0.0,150.0,17.0,1,-3.9196432407459767,0.05669108652696236,0.9282979885680404,Hoạt động gần nhất cách xa
fixture-user-1491,20.0,8.0,0.0,30.0,12.0,3.0,0,0.4,1720.0,72.0,0,1.3793488527403,-1.3100407571216666,0.7263442280480706,Tỷ lệ thêm giỏ/xem cao
fixture-user-1492,15.0,13.0,1060.0,43.0,9.0,6.0,3,0.20930232558139536,2530.0,93.0,3,2.5967783052258118,1.1568322528607358,0.5946167775727039,Doanh thu trung bình cao
fixture-user-1493,28.0,6.0,360.0,25.0,3.0,2.0,1,0.12,1030.0,43.0,2,0.08266019726750658,1.1041566022540645,0.39313910571678706,Nhóm hành vi còn lại
fixture-user-1494,83.0,2.0,0.0,16.0,0.0,0.0,0,0.0,160.0,18.0,1,-3.604202552262844,0.08767912367278557,1.0092869375057245,Hoạt động gần nhất cách xa
fixture-user-1495,21.0,9.0,0.0,31.0,13.0,3.0,0,0.41935483870967744,1730.0,73.0,0,1.501059534575714,-1.376636657189004,0.7749808036540073,Tỷ lệ thêm giỏ/xem cao
fixture-user-1496,16.0,14.0,1080.0,44.0,10.0,6.0,3,0.22727272727272727,2540.0,94.0,3,2.690427951437499,1.0894358139626867,0.6418324646043475,Doanh thu trung bình cao
fixture-user-1497,29.0,7.0,380.0,26.0,4.0,2.0,1,0.15384615384615385,1040.0,44.0,2,0.3086623039800275,0.9723028927926293,0.4212803240192725,Nhóm hành vi còn lại
fixture-user-1498,84.0,3.0,0.0,17.0,0.0,0.0,0,0.0,170.0,19.0,1,-3.3629925377313117,0.11286336793280101,1.0921119219662825,Hoạt động gần nhất cách xa
fixture-user-1499,22.0,10.0,0.0,32.0,14.0,3.0,0,0.4375,1740.0,74.0,0,1.6136201785899058,-1.438893929708042,0.822869682767591,Tỷ lệ thêm giỏ/xem cao
fixture-user-1500,2.0,12.0,800.0,30.0,8.0,6.0,3,0.26666666666666666,2400.0,80.0,3,2.949000201807968,0.9104099322153842,-1.040664161835835,Doanh thu trung bình cao
fixture-user-1501,15.0,5.0,100.0,12.0,2.0,2.0,1,0.16666666666666666,900.0,30.0,2,-0.5125113090819994,0.5888915999238798,-0.9213435417374367,Nhóm hành vi còn lại
fixture-user-1502,70.0,1.0,0.0,3.0,0.0,0.0,0,0.0,30.0,5.0,1,-5.653074755432996,-0.26751935962468665,-1.3948414954693151,Hoạt động gần nhất cách xa
fixture-user-1503,8.0,8.0,0.0,18.0,12.0,3.0,0,0.6666666666666666,1600.0,60.0,0,1.667619505045523,-2.2053810991863303,-0.7744155991773559,Tỷ lệ thêm giỏ/xem cao
fixture-user-1504,3.0,13.0,820.0,31.0,9.0,6.0,3,0.2903225806451613,2410.0,81.0,3,2.9722504279555224,0.8202064154922466,-0.8360402617366788,Doanh thu trung bình cao
fixture-user-1505,16.0,6.0,120.0,13.0,3.0,2.0,1,0.23076923076923078,910.0,31.0,2,-0.18823476857859642,0.3875447576114711,-0.8693490403338631,Nhóm hành vi còn lại
fixture-user-1506,71.0,2.0,0.0,4.0,0.0,0.0,0,0.0,40.0,6.0,1,-5.132931592866225,-0.19697308259203808,-1.0600968999130056,Hoạt động gần nhất cách xa
fixture-user-1507,9.0,9.0,0.0,19.0,13.0,3.0,0,0.6842105263157895,1610.0,61.0,0,1.7765266448407788,-2.263702585114586,-0.6595478640554292,Tỷ lệ thêm giỏ/xem cao
fixture-user-1508,4.0,14.0,840.0,32.0,10.0,6.0,3,0.3125,2420.0,82.0,3,3.01229401895736,0.7383363392983261,-0.6738605748864045,Doanh thu trung bình cao
fixture-user-1509,17.0,7.0,140.0,14.0,4.0,2.0,1,0.2857142857142857,920.0,32.0,2,0.08566905022148885,0.22145490054473832,-0.8127372610551373,Nhóm hành vi còn lại
fixture-user-1510,72.0,3.0,0.0,5.0,0.0,0.0,0,0.0,50.0,7.0,1,-4.734049758831314,-0.1415652227069219,-0.7803874603946023,Hoạt động gần nhất cách xa
fixture-user-1511,10.0,10.0,0.0,20.0,14.0,3.0,0,0.7,1620.0,62.0,0,1.8778157374373483,-2.316152393098142,-0.5521462253135105,Tỷ lệ thêm giỏ/xem cao
fixture-user-1512,5.0,12.0,860.0,33.0,8.0,6.0,3,0.24242424242424243,2430.0,83.0,3,2.7201358279717427,1.0010280153705131,-0.43135310572761704,Doanh thu trung bình cao
fixture-user-1513,18.0,5.0,160.0,15.0,2.0,2.0,1,0.13333333333333333,930.0,33.0,2,-0.416368974045729,0.8413722469868408,-0.5202824835880352,Nhóm hành vi còn lại
fixture-user-1514,73.0,1.0,0.0,6.0,0.0,0.0,0,0.0,60.0,8.0,1,-4.951827114160079,-0.13461517315522942,-0.48185008826089964,Hoạt động gần nhất cách xa
fixture-user-1515,11.0,8.0,0.0,21.0,12.0,3.0,0,0.5714285714285714,1630.0,63.0,0,1.5440020110863266,-1.8916105529499507,-0.2894737393083827,Tỷ lệ thêm giỏ/xem cao
fixture-user-1516,6.0,13.0,880.0,34.0,9.0,6.0,3,0.2647058823529412,2440.0,84.0,3,2.793205514756805,0.9179893295870694,-0.3181395540304275,Doanh thu trung bình cao
fixture-user-1517,19.0,6.0,180.0,16.0,3.0,2.0,1,0.1875,940.0,34.0,2,-0.11506542133983415,0.6524097200437152,-0.47729764843711464,Nhóm hành vi còn lại
fixture-user-1518,74.0,2.0,0.0,7.0,0.0,0.0,0,0.0,70.0,9.0,1,-4.544300503596412,-0.08616879017803282,-0.28512883644029735,Hoạt động gần nhất cách xa
fixture-user-1519,12.0,9.0,0.0,22.0,13.0,3.0,0,0.5909090909090909,1640.0,64.0,0,1.6610803566223118,-1.956635720808595,-0.20216044539729697,Tỷ lệ thêm giỏ/xem cao
fixture-user-1520,7.0,14.0,900.0,35.0,10.0,6.0,3,0.2857142857142857,2450.0,85.0,3,2.865809296514496,0.8413885834551914,-0.21799543117210443,Doanh thu trung bình cao
fixture-user-1521,20.0,7.0,200.0,17.0,4.0,2.0,1,0.23529411764705882,950.0,35.0,2,0.1412081418293925,0.49422871537243757,-0.4309330555436214,Nhóm hành vi còn lại
fixture-user-1522,75.0,3.0,0.0,8.0,0.0,0.0,0,0.0,80.0,10.0,1,-4.226355602128988,-0.04652353682671037,-0.10556235721929748,Hoạt động gần nhất cách xa
fixture-user-1523,13.0,10.0,0.0,23.0,14.0,3.0,0,0.6086956521739131,1650.0,65.0,0,1.769348185040836,-2.015953016612214,-0.1188564273584944,Tỷ lệ thêm giỏ/xem cao
fixture-user-1524,8.0,12.0,920.0,36.0,8.0,6.0,3,0.2222222222222222,2460.0,86.0,3,2.6063737094369293,1.0851522433954928,-0.028162481097520817,Doanh thu trung bình cao
fixture-user-1525,21.0,5.0,220.0,18.0,2.0,2.0,1,0.1111111111111111,960.0,36.0,2,-0.331015161317517,1.017672557566975,-0.18189320559016225,Nhóm hành vi còn lại
fixture-user-1526,76.0,1.0,0.0,9.0,0.0,0.0,0,0.0,90.0,11.0,1,-4.5053809003710175,-0.051404916593935875,0.11674763187868262,Hoạt động gần nhất cách xa
fixture-user-1527,14.0,8.0,0.0,24.0,12.0,3.0,0,0.5,1660.0,66.0,0,1.4649328760198592,-1.6524200575582768,0.10500751195665843,Tỷ lệ thêm giỏ/xem cao
fixture-user-1528,9.0,13.0,940.0,37.0,9.0,6.0,3,0.24324324324324326,2470.0,87.0,3,2.6956818339500837,1.0065237107878025,0.05075676314821963,Doanh thu trung bình cao
fixture-user-1529,22.0,6.0,240.0,19.0,3.0,2.0,1,0.15789473684210525,970.0,37.0,2,-0.045442287582045944,0.842002022281944,-0.14614921568949865,Nhóm hành vi còn lại
fixture-user-1530,77.0,2.0,0.0,10.0,0.0,0.0,0,0.0,100.0,12.0,1,-4.145933218700002,-0.012175282230817307,0.25338192247508057,Hoạt động gần nhất cách xa
fixture-user-1531,15.0,9.0,0.0,25.0,13.0,3.0,0,0.52,1670.0,67.0,0,1.5853970707566725,-1.7197729720568595,0.17473155318197717,Tỷ lệ thêm giỏ/xem cao
fixture-user-1532,10.0,14.0,960.0,38.0,10.0,6.0,3,0.2631578947368421,2480.0,88.0,3,2.7805820478578775,0.9335515526720264,0.12366456013755259,Doanh thu trung bình cao
fixture-user-1533,23.0,7.0,260.0,20.0,4.0,2.0,1,0.2,980.0,38.0,2,0.19806579033115437,0.6934432518431779,-0.10747748554529173,Nhóm hành vi còn lại
fixture-user-1534,78.0,3.0,0.0,11.0,0.0,0.0,0,0.0,110.0,13.0,1,-3.866786492395833,0.020083464757670286,0.3842998554068919,Hoạt động gần nhất cách xa
fixture-user-1535,16.0,10.0,0.0,26.0,14.0,3.0,0,0.5384615384615384,1680.0,68.0,0,1.696701628351615,-1.7818534565886186,0.24216164621576905,Tỷ lệ thêm giỏ/xem cao
fixture-user-1536,11.0,12.0,980.0,39.0,8.0,6.0,3,0.20512820512820512,2490.0,89.0,3,2.539096994000912,1.1608947269527035,0.2849645070861152,Doanh thu trung bình cao
fixture-user-1537,24.0,5.0,280.0,21.0,2.0,2.0,1,0.09523809523809523,990.0,39.0,2,-0.2535021844261599,1.1515543709784555,0.11036450120739257,Nhóm hành vi còn lại
fixture-user-1538,79.0,1.0,0.0,12.0,0.0,0.0,0,0.0,120.0,14.0,1,-4.177806227183311,0.009148059352104415,0.5663777413394052,Hoạt động gần nhất cách xa
fixture-user-1539,17.0,8.0,0.0,27.0,12.0,3.0,0,0.4444444444444444,1690.0,69.0,0,1.4131920056243967,-1.4634770190954087,0.43800042229131814,Tỷ lệ thêm giỏ/xem cao
fixture-user-1540,12.0,13.0,1000.0,40.0,9.0,6.0,3,0.225,2500.0,90.0,3,2.6355970708016336,1.085750837529916,0.34560189762492727,Doanh thu trung bình cao
fixture-user-1541,25.0,6.0,300.0,22.0,3.0,2.0,1,0.13636363636363635,1000.0,40.0,2,0.020448779079346835,0.987424175304437,0.14043401059775606,Nhóm hành vi còn lại
fixture-user-1542,80.0,2.0,0.0,13.0,0.0,0.0,0,0.0,130.0,15.0,1,-3.8452080923989924,0.04332455321405482,0.6691606922603189,Hoạt động gần nhất cách xa
fixture-user-1543,18.0,9.0,0.0,28.0,13.0,3.0,0,0.4642857142857143,1700.0,70.0,0,1.534830031286699,-1.5309960415171668,0.49554732017099296,Tỷ lệ thêm giỏ/xem cao
fixture-user-1544,13.0,14.0,1020.0,41.0,10.0,6.0,3,0.24390243902439024,2510.0,91.0,3,2.7262823845513653,1.0157588009747183,0.4029662204898221,Doanh thu trung bình cao
fixture-user-1545,26.0,7.0,320.0,23.0,4.0,2.0,1,0.17391304347826086,1010.0,41.0,2,0.2541908963254575,0.8477774875328858,0.17321533289513408,Nhóm hành vi còn lại
fixture-user-1546,81.0,3.0,0.0,14.0,0.0,0.0,0,0.0,140.0,16.0,1,-3.58892156885437,0.07130138670265128,0.7711842983243252,Hoạt động gần nhất cách xa
fixture-user-1547,19.0,10.0,0.0,29.0,14.0,3.0,0,0.4827586206896552,1710.0,71.0,0,1.6472575587743377,-1.5937242188893985,0.5517615405408011,Tỷ lệ thêm giỏ/xem cao
fixture-user-1548,14.0,12.0,1040.0,42.0,8.0,6.0,3,0.19047619047619047,2520.0,92.0,3,2.49670495094491,1.2290037398474845,0.5454645736096191,Doanh thu trung bình cao
fixture-user-1549,27.0,5.0,340.0,24.0,2.0,2.0,1,0.08333333333333333,1020.0,42.0,2,-0.18230360796635595,1.2586072038036613,0.3675912090530475,Nhóm hành vi còn lại
fixture-user-1550,82.0,1.0,0.0,15.0,0.0,0.0,0,0.0,150.0,17.0,1,-3.9196432407459767,0.05669108652696236,0.9282979885680404,Hoạt động gần nhất cách xa
fixture-user-1551,20.0,8.0,0.0,30.0,12.0,3.0,0,0.4,1720.0,72.0,0,1.3793488527403,-1.3100407571216666,0.7263442280480706,Tỷ lệ thêm giỏ/xem cao
fixture-user-1552,15.0,13.0,1060.0,43.0,9.0,6.0,3,0.20930232558139536,2530.0,93.0,3,2.5967783052258118,1.1568322528607358,0.5946167775727039,Doanh thu trung bình cao
fixture-user-1553,28.0,6.0,360.0,25.0,3.0,2.0,1,0.12,1030.0,43.0,2,0.08266019726750658,1.1041566022540645,0.39313910571678706,Nhóm hành vi còn lại
fixture-user-1554,83.0,2.0,0.0,16.0,0.0,0.0,0,0.0,160.0,18.0,1,-3.604202552262844,0.08767912367278557,1.0092869375057245,Hoạt động gần nhất cách xa
fixture-user-1555,21.0,9.0,0.0,31.0,13.0,3.0,0,0.41935483870967744,1730.0,73.0,0,1.501059534575714,-1.376636657189004,0.7749808036540073,Tỷ lệ thêm giỏ/xem cao
fixture-user-1556,16.0,14.0,1080.0,44.0,10.0,6.0,3,0.22727272727272727,2540.0,94.0,3,2.690427951437499,1.0894358139626867,0.6418324646043475,Doanh thu trung bình cao
fixture-user-1557,29.0,7.0,380.0,26.0,4.0,2.0,1,0.15384615384615385,1040.0,44.0,2,0.3086623039800275,0.9723028927926293,0.4212803240192725,Nhóm hành vi còn lại
fixture-user-1558,84.0,3.0,0.0,17.0,0.0,0.0,0,0.0,170.0,19.0,1,-3.3629925377313117,0.11286336793280101,1.0921119219662825,Hoạt động gần nhất cách xa
fixture-user-1559,22.0,10.0,0.0,32.0,14.0,3.0,0,0.4375,1740.0,74.0,0,1.6136201785899058,-1.438893929708042,0.822869682767591,Tỷ lệ thêm giỏ/xem cao
fixture-user-1560,2.0,12.0,800.0,30.0,8.0,6.0,3,0.26666666666666666,2400.0,80.0,3,2.949000201807968,0.9104099322153842,-1.040664161835835,Doanh thu trung bình cao
fixture-user-1561,15.0,5.0,100.0,12.0,2.0,2.0,1,0.16666666666666666,900.0,30.0,2,-0.5125113090819994,0.5888915999238798,-0.9213435417374367,Nhóm hành vi còn lại
fixture-user-1562,70.0,1.0,0.0,3.0,0.0,0.0,0,0.0,30.0,5.0,1,-5.653074755432996,-0.26751935962468665,-1.3948414954693151,Hoạt động gần nhất cách xa
fixture-user-1563,8.0,8.0,0.0,18.0,12.0,3.0,0,0.6666666666666666,1600.0,60.0,0,1.667619505045523,-2.2053810991863303,-0.7744155991773559,Tỷ lệ thêm giỏ/xem cao
fixture-user-1564,3.0,13.0,820.0,31.0,9.0,6.0,3,0.2903225806451613,2410.0,81.0,3,2.9722504279555224,0.8202064154922466,-0.8360402617366788,Doanh thu trung bình cao
fixture-user-1565,16.0,6.0,120.0,13.0,3.0,2.0,1,0.23076923076923078,910.0,31.0,2,-0.18823476857859642,0.3875447576114711,-0.8693490403338631,Nhóm hành vi còn lại
fixture-user-1566,71.0,2.0,0.0,4.0,0.0,0.0,0,0.0,40.0,6.0,1,-5.132931592866225,-0.19697308259203808,-1.0600968999130056,Hoạt động gần nhất cách xa
fixture-user-1567,9.0,9.0,0.0,19.0,13.0,3.0,0,0.6842105263157895,1610.0,61.0,0,1.7765266448407788,-2.263702585114586,-0.6595478640554292,Tỷ lệ thêm giỏ/xem cao
fixture-user-1568,4.0,14.0,840.0,32.0,10.0,6.0,3,0.3125,2420.0,82.0,3,3.01229401895736,0.7383363392983261,-0.6738605748864045,Doanh thu trung bình cao
fixture-user-1569,17.0,7.0,140.0,14.0,4.0,2.0,1,0.2857142857142857,920.0,32.0,2,0.08566905022148885,0.22145490054473832,-0.8127372610551373,Nhóm hành vi còn lại
fixture-user-1570,72.0,3.0,0.0,5.0,0.0,0.0,0,0.0,50.0,7.0,1,-4.734049758831314,-0.1415652227069219,-0.7803874603946023,Hoạt động gần nhất cách xa
fixture-user-1571,10.0,10.0,0.0,20.0,14.0,3.0,0,0.7,1620.0,62.0,0,1.8778157374373483,-2.316152393098142,-0.5521462253135105,Tỷ lệ thêm giỏ/xem cao
fixture-user-1572,5.0,12.0,860.0,33.0,8.0,6.0,3,0.24242424242424243,2430.0,83.0,3,2.7201358279717427,1.0010280153705131,-0.43135310572761704,Doanh thu trung bình cao
fixture-user-1573,18.0,5.0,160.0,15.0,2.0,2.0,1,0.13333333333333333,930.0,33.0,2,-0.416368974045729,0.8413722469868408,-0.5202824835880352,Nhóm hành vi còn lại
fixture-user-1574,73.0,1.0,0.0,6.0,0.0,0.0,0,0.0,60.0,8.0,1,-4.951827114160079,-0.13461517315522942,-0.48185008826089964,Hoạt động gần nhất cách xa
fixture-user-1575,11.0,8.0,0.0,21.0,12.0,3.0,0,0.5714285714285714,1630.0,63.0,0,1.5440020110863266,-1.8916105529499507,-0.2894737393083827,Tỷ lệ thêm giỏ/xem cao
fixture-user-1576,6.0,13.0,880.0,34.0,9.0,6.0,3,0.2647058823529412,2440.0,84.0,3,2.793205514756805,0.9179893295870694,-0.3181395540304275,Doanh thu trung bình cao
fixture-user-1577,19.0,6.0,180.0,16.0,3.0,2.0,1,0.1875,940.0,34.0,2,-0.11506542133983415,0.6524097200437152,-0.47729764843711464,Nhóm hành vi còn lại
fixture-user-1578,74.0,2.0,0.0,7.0,0.0,0.0,0,0.0,70.0,9.0,1,-4.544300503596412,-0.08616879017803282,-0.28512883644029735,Hoạt động gần nhất cách xa
fixture-user-1579,12.0,9.0,0.0,22.0,13.0,3.0,0,0.5909090909090909,1640.0,64.0,0,1.6610803566223118,-1.956635720808595,-0.20216044539729697,Tỷ lệ thêm giỏ/xem cao
fixture-user-1580,7.0,14.0,900.0,35.0,10.0,6.0,3,0.2857142857142857,2450.0,85.0,3,2.865809296514496,0.8413885834551914,-0.21799543117210443,Doanh thu trung bình cao
fixture-user-1581,20.0,7.0,200.0,17.0,4.0,2.0,1,0.23529411764705882,950.0,35.0,2,0.1412081418293925,0.49422871537243757,-0.4309330555436214,Nhóm hành vi còn lại
fixture-user-1582,75.0,3.0,0.0,8.0,0.0,0.0,0,0.0,80.0,10.0,1,-4.226355602128988,-0.04652353682671037,-0.10556235721929748,Hoạt động gần nhất cách xa
fixture-user-1583,13.0,10.0,0.0,23.0,14.0,3.0,0,0.6086956521739131,1650.0,65.0,0,1.769348185040836,-2.015953016612214,-0.1188564273584944,Tỷ lệ thêm giỏ/xem cao
fixture-user-1584,8.0,12.0,920.0,36.0,8.0,6.0,3,0.2222222222222222,2460.0,86.0,3,2.6063737094369293,1.0851522433954928,-0.028162481097520817,Doanh thu trung bình cao
fixture-user-1585,21.0,5.0,220.0,18.0,2.0,2.0,1,0.1111111111111111,960.0,36.0,2,-0.331015161317517,1.017672557566975,-0.18189320559016225,Nhóm hành vi còn lại
fixture-user-1586,76.0,1.0,0.0,9.0,0.0,0.0,0,0.0,90.0,11.0,1,-4.5053809003710175,-0.051404916593935875,0.11674763187868262,Hoạt động gần nhất cách xa
fixture-user-1587,14.0,8.0,0.0,24.0,12.0,3.0,0,0.5,1660.0,66.0,0,1.4649328760198592,-1.6524200575582768,0.10500751195665843,Tỷ lệ thêm giỏ/xem cao
fixture-user-1588,9.0,13.0,940.0,37.0,9.0,6.0,3,0.24324324324324326,2470.0,87.0,3,2.6956818339500837,1.0065237107878025,0.05075676314821963,Doanh thu trung bình cao
fixture-user-1589,22.0,6.0,240.0,19.0,3.0,2.0,1,0.15789473684210525,970.0,37.0,2,-0.045442287582045944,0.842002022281944,-0.14614921568949865,Nhóm hành vi còn lại
fixture-user-1590,77.0,2.0,0.0,10.0,0.0,0.0,0,0.0,100.0,12.0,1,-4.145933218700002,-0.012175282230817307,0.25338192247508057,Hoạt động gần nhất cách xa
fixture-user-1591,15.0,9.0,0.0,25.0,13.0,3.0,0,0.52,1670.0,67.0,0,1.5853970707566725,-1.7197729720568595,0.17473155318197717,Tỷ lệ thêm giỏ/xem cao
fixture-user-1592,10.0,14.0,960.0,38.0,10.0,6.0,3,0.2631578947368421,2480.0,88.0,3,2.7805820478578775,0.9335515526720264,0.12366456013755259,Doanh thu trung bình cao
fixture-user-1593,23.0,7.0,260.0,20.0,4.0,2.0,1,0.2,980.0,38.0,2,0.19806579033115437,0.6934432518431779,-0.10747748554529173,Nhóm hành vi còn lại
fixture-user-1594,78.0,3.0,0.0,11.0,0.0,0.0,0,0.0,110.0,13.0,1,-3.866786492395833,0.020083464757670286,0.3842998554068919,Hoạt động gần nhất cách xa
fixture-user-1595,16.0,10.0,0.0,26.0,14.0,3.0,0,0.5384615384615384,1680.0,68.0,0,1.696701628351615,-1.7818534565886186,0.24216164621576905,Tỷ lệ thêm giỏ/xem cao
fixture-user-1596,11.0,12.0,980.0,39.0,8.0,6.0,3,0.20512820512820512,2490.0,89.0,3,2.539096994000912,1.1608947269527035,0.2849645070861152,Doanh thu trung bình cao
fixture-user-1597,24.0,5.0,280.0,21.0,2.0,2.0,1,0.09523809523809523,990.0,39.0,2,-0.2535021844261599,1.1515543709784555,0.11036450120739257,Nhóm hành vi còn lại
fixture-user-1598,79.0,1.0,0.0,12.0,0.0,0.0,0,0.0,120.0,14.0,1,-4.177806227183311,0.009148059352104415,0.5663777413394052,Hoạt động gần nhất cách xa
fixture-user-1599,17.0,8.0,0.0,27.0,12.0,3.0,0,0.4444444444444444,1690.0,69.0,0,1.4131920056243967,-1.4634770190954087,0.43800042229131814,Tỷ lệ thêm giỏ/xem cao
fixture-user-1600,12.0,13.0,1000.0,40.0,9.0,6.0,3,0.225,2500.0,90.0,3,2.6355970708016336,1.085750837529916,0.34560189762492727,Doanh thu trung bình cao
fixture-user-1601,25.0,6.0,300.0,22.0,3.0,2.0,1,0.13636363636363635,1000.0,40.0,2,0.020448779079346835,0.987424175304437,0.14043401059775606,Nhóm hành vi còn lại
fixture-user-1602,80.0,2.0,0.0,13.0,0.0,0.0,0,0.0,130.0,15.0,1,-3.8452080923989924,0.04332455321405482,0.6691606922603189,Hoạt động gần nhất cách xa
fixture-user-1603,18.0,9.0,0.0,28.0,13.0,3.0,0,0.4642857142857143,1700.0,70.0,0,1.534830031286699,-1.5309960415171668,0.49554732017099296,Tỷ lệ thêm giỏ/xem cao
fixture-user-1604,13.0,14.0,1020.0,41.0,10.0,6.0,3,0.24390243902439024,2510.0,91.0,3,2.7262823845513653,1.0157588009747183,0.4029662204898221,Doanh thu trung bình cao
fixture-user-1605,26.0,7.0,320.0,23.0,4.0,2.0,1,0.17391304347826086,1010.0,41.0,2,0.2541908963254575,0.8477774875328858,0.17321533289513408,Nhóm hành vi còn lại
fixture-user-1606,81.0,3.0,0.0,14.0,0.0,0.0,0,0.0,140.0,16.0,1,-3.58892156885437,0.07130138670265128,0.7711842983243252,Hoạt động gần nhất cách xa
fixture-user-1607,19.0,10.0,0.0,29.0,14.0,3.0,0,0.4827586206896552,1710.0,71.0,0,1.6472575587743377,-1.5937242188893985,0.5517615405408011,Tỷ lệ thêm giỏ/xem cao
fixture-user-1608,14.0,12.0,1040.0,42.0,8.0,6.0,3,0.19047619047619047,2520.0,92.0,3,2.49670495094491,1.2290037398474845,0.5454645736096191,Doanh thu trung bình cao
fixture-user-1609,27.0,5.0,340.0,24.0,2.0,2.0,1,0.08333333333333333,1020.0,42.0,2,-0.18230360796635595,1.2586072038036613,0.3675912090530475,Nhóm hành vi còn lại
fixture-user-1610,82.0,1.0,0.0,15.0,0.0,0.0,0,0.0,150.0,17.0,1,-3.9196432407459767,0.05669108652696236,0.9282979885680404,Hoạt động gần nhất cách xa
fixture-user-1611,20.0,8.0,0.0,30.0,12.0,3.0,0,0.4,1720.0,72.0,0,1.3793488527403,-1.3100407571216666,0.7263442280480706,Tỷ lệ thêm giỏ/xem cao
fixture-user-1612,15.0,13.0,1060.0,43.0,9.0,6.0,3,0.20930232558139536,2530.0,93.0,3,2.5967783052258118,1.1568322528607358,0.5946167775727039,Doanh thu trung bình cao
fixture-user-1613,28.0,6.0,360.0,25.0,3.0,2.0,1,0.12,1030.0,43.0,2,0.08266019726750658,1.1041566022540645,0.39313910571678706,Nhóm hành vi còn lại
fixture-user-1614,83.0,2.0,0.0,16.0,0.0,0.0,0,0.0,160.0,18.0,1,-3.604202552262844,0.08767912367278557,1.0092869375057245,Hoạt động gần nhất cách xa
fixture-user-1615,21.0,9.0,0.0,31.0,13.0,3.0,0,0.41935483870967744,1730.0,73.0,0,1.501059534575714,-1.376636657189004,0.7749808036540073,Tỷ lệ thêm giỏ/xem cao
fixture-user-1616,16.0,14.0,1080.0,44.0,10.0,6.0,3,0.22727272727272727,2540.0,94.0,3,2.690427951437499,1.0894358139626867,0.6418324646043475,Doanh thu trung bình cao
fixture-user-1617,29.0,7.0,380.0,26.0,4.0,2.0,1,0.15384615384615385,1040.0,44.0,2,0.3086623039800275,0.9723028927926293,0.4212803240192725,Nhóm hành vi còn lại
fixture-user-1618,84.0,3.0,0.0,17.0,0.0,0.0,0,0.0,170.0,19.0,1,-3.3629925377313117,0.11286336793280101,1.0921119219662825,Hoạt động gần nhất cách xa
fixture-user-1619,22.0,10.0,0.0,32.0,14.0,3.0,0,0.4375,1740.0,74.0,0,1.6136201785899058,-1.438893929708042,0.822869682767591,Tỷ lệ thêm giỏ/xem cao
fixture-user-1620,2.0,12.0,800.0,30.0,8.0,6.0,3,0.26666666666666666,2400.0,80.0,3,2.949000201807968,0.9104099322153842,-1.040664161835835,Doanh thu trung bình cao
fixture-user-1621,15.0,5.0,100.0,12.0,2.0,2.0,1,0.16666666666666666,900.0,30.0,2,-0.5125113090819994,0.5888915999238798,-0.9213435417374367,Nhóm hành vi còn lại
fixture-user-1622,70.0,1.0,0.0,3.0,0.0,0.0,0,0.0,30.0,5.0,1,-5.653074755432996,-0.26751935962468665,-1.3948414954693151,Hoạt động gần nhất cách xa
fixture-user-1623,8.0,8.0,0.0,18.0,12.0,3.0,0,0.6666666666666666,1600.0,60.0,0,1.667619505045523,-2.2053810991863303,-0.7744155991773559,Tỷ lệ thêm giỏ/xem cao
fixture-user-1624,3.0,13.0,820.0,31.0,9.0,6.0,3,0.2903225806451613,2410.0,81.0,3,2.9722504279555224,0.8202064154922466,-0.8360402617366788,Doanh thu trung bình cao
fixture-user-1625,16.0,6.0,120.0,13.0,3.0,2.0,1,0.23076923076923078,910.0,31.0,2,-0.18823476857859642,0.3875447576114711,-0.8693490403338631,Nhóm hành vi còn lại
fixture-user-1626,71.0,2.0,0.0,4.0,0.0,0.0,0,0.0,40.0,6.0,1,-5.132931592866225,-0.19697308259203808,-1.0600968999130056,Hoạt động gần nhất cách xa
fixture-user-1627,9.0,9.0,0.0,19.0,13.0,3.0,0,0.6842105263157895,1610.0,61.0,0,1.7765266448407788,-2.263702585114586,-0.6595478640554292,Tỷ lệ thêm giỏ/xem cao
fixture-user-1628,4.0,14.0,840.0,32.0,10.0,6.0,3,0.3125,2420.0,82.0,3,3.01229401895736,0.7383363392983261,-0.6738605748864045,Doanh thu trung bình cao
fixture-user-1629,17.0,7.0,140.0,14.0,4.0,2.0,1,0.2857142857142857,920.0,32.0,2,0.08566905022148885,0.22145490054473832,-0.8127372610551373,Nhóm hành vi còn lại
fixture-user-1630,72.0,3.0,0.0,5.0,0.0,0.0,0,0.0,50.0,7.0,1,-4.734049758831314,-0.1415652227069219,-0.7803874603946023,Hoạt động gần nhất cách xa
fixture-user-1631,10.0,10.0,0.0,20.0,14.0,3.0,0,0.7,1620.0,62.0,0,1.8778157374373483,-2.316152393098142,-0.5521462253135105,Tỷ lệ thêm giỏ/xem cao
fixture-user-1632,5.0,12.0,860.0,33.0,8.0,6.0,3,0.24242424242424243,2430.0,83.0,3,2.7201358279717427,1.0010280153705131,-0.43135310572761704,Doanh thu trung bình cao
fixture-user-1633,18.0,5.0,160.0,15.0,2.0,2.0,1,0.13333333333333333,930.0,33.0,2,-0.416368974045729,0.8413722469868408,-0.5202824835880352,Nhóm hành vi còn lại
fixture-user-1634,73.0,1.0,0.0,6.0,0.0,0.0,0,0.0,60.0,8.0,1,-4.951827114160079,-0.13461517315522942,-0.48185008826089964,Hoạt động gần nhất cách xa
fixture-user-1635,11.0,8.0,0.0,21.0,12.0,3.0,0,0.5714285714285714,1630.0,63.0,0,1.5440020110863266,-1.8916105529499507,-0.2894737393083827,Tỷ lệ thêm giỏ/xem cao
fixture-user-1636,6.0,13.0,880.0,34.0,9.0,6.0,3,0.2647058823529412,2440.0,84.0,3,2.793205514756805,0.9179893295870694,-0.3181395540304275,Doanh thu trung bình cao
fixture-user-1637,19.0,6.0,180.0,16.0,3.0,2.0,1,0.1875,940.0,34.0,2,-0.11506542133983415,0.6524097200437152,-0.47729764843711464,Nhóm hành vi còn lại
fixture-user-1638,74.0,2.0,0.0,7.0,0.0,0.0,0,0.0,70.0,9.0,1,-4.544300503596412,-0.08616879017803282,-0.28512883644029735,Hoạt động gần nhất cách xa
fixture-user-1639,12.0,9.0,0.0,22.0,13.0,3.0,0,0.5909090909090909,1640.0,64.0,0,1.6610803566223118,-1.956635720808595,-0.20216044539729697,Tỷ lệ thêm giỏ/xem cao
fixture-user-1640,7.0,14.0,900.0,35.0,10.0,6.0,3,0.2857142857142857,2450.0,85.0,3,2.865809296514496,0.8413885834551914,-0.21799543117210443,Doanh thu trung bình cao
fixture-user-1641,20.0,7.0,200.0,17.0,4.0,2.0,1,0.23529411764705882,950.0,35.0,2,0.1412081418293925,0.49422871537243757,-0.4309330555436214,Nhóm hành vi còn lại
fixture-user-1642,75.0,3.0,0.0,8.0,0.0,0.0,0,0.0,80.0,10.0,1,-4.226355602128988,-0.04652353682671037,-0.10556235721929748,Hoạt động gần nhất cách xa
fixture-user-1643,13.0,10.0,0.0,23.0,14.0,3.0,0,0.6086956521739131,1650.0,65.0,0,1.769348185040836,-2.015953016612214,-0.1188564273584944,Tỷ lệ thêm giỏ/xem cao
fixture-user-1644,8.0,12.0,920.0,36.0,8.0,6.0,3,0.2222222222222222,2460.0,86.0,3,2.6063737094369293,1.0851522433954928,-0.028162481097520817,Doanh thu trung bình cao
fixture-user-1645,21.0,5.0,220.0,18.0,2.0,2.0,1,0.1111111111111111,960.0,36.0,2,-0.331015161317517,1.017672557566975,-0.18189320559016225,Nhóm hành vi còn lại
fixture-user-1646,76.0,1.0,0.0,9.0,0.0,0.0,0,0.0,90.0,11.0,1,-4.5053809003710175,-0.051404916593935875,0.11674763187868262,Hoạt động gần nhất cách xa
fixture-user-1647,14.0,8.0,0.0,24.0,12.0,3.0,0,0.5,1660.0,66.0,0,1.4649328760198592,-1.6524200575582768,0.10500751195665843,Tỷ lệ thêm giỏ/xem cao
fixture-user-1648,9.0,13.0,940.0,37.0,9.0,6.0,3,0.24324324324324326,2470.0,87.0,3,2.6956818339500837,1.0065237107878025,0.05075676314821963,Doanh thu trung bình cao
fixture-user-1649,22.0,6.0,240.0,19.0,3.0,2.0,1,0.15789473684210525,970.0,37.0,2,-0.045442287582045944,0.842002022281944,-0.14614921568949865,Nhóm hành vi còn lại
fixture-user-1650,77.0,2.0,0.0,10.0,0.0,0.0,0,0.0,100.0,12.0,1,-4.145933218700002,-0.012175282230817307,0.25338192247508057,Hoạt động gần nhất cách xa
fixture-user-1651,15.0,9.0,0.0,25.0,13.0,3.0,0,0.52,1670.0,67.0,0,1.5853970707566725,-1.7197729720568595,0.17473155318197717,Tỷ lệ thêm giỏ/xem cao
fixture-user-1652,10.0,14.0,960.0,38.0,10.0,6.0,3,0.2631578947368421,2480.0,88.0,3,2.7805820478578775,0.9335515526720264,0.12366456013755259,Doanh thu trung bình cao
fixture-user-1653,23.0,7.0,260.0,20.0,4.0,2.0,1,0.2,980.0,38.0,2,0.19806579033115437,0.6934432518431779,-0.10747748554529173,Nhóm hành vi còn lại
fixture-user-1654,78.0,3.0,0.0,11.0,0.0,0.0,0,0.0,110.0,13.0,1,-3.866786492395833,0.020083464757670286,0.3842998554068919,Hoạt động gần nhất cách xa
fixture-user-1655,16.0,10.0,0.0,26.0,14.0,3.0,0,0.5384615384615384,1680.0,68.0,0,1.696701628351615,-1.7818534565886186,0.24216164621576905,Tỷ lệ thêm giỏ/xem cao
fixture-user-1656,11.0,12.0,980.0,39.0,8.0,6.0,3,0.20512820512820512,2490.0,89.0,3,2.539096994000912,1.1608947269527035,0.2849645070861152,Doanh thu trung bình cao
fixture-user-1657,24.0,5.0,280.0,21.0,2.0,2.0,1,0.09523809523809523,990.0,39.0,2,-0.2535021844261599,1.1515543709784555,0.11036450120739257,Nhóm hành vi còn lại
fixture-user-1658,79.0,1.0,0.0,12.0,0.0,0.0,0,0.0,120.0,14.0,1,-4.177806227183311,0.009148059352104415,0.5663777413394052,Hoạt động gần nhất cách xa
fixture-user-1659,17.0,8.0,0.0,27.0,12.0,3.0,0,0.4444444444444444,1690.0,69.0,0,1.4131920056243967,-1.4634770190954087,0.43800042229131814,Tỷ lệ thêm giỏ/xem cao
fixture-user-1660,12.0,13.0,1000.0,40.0,9.0,6.0,3,0.225,2500.0,90.0,3,2.6355970708016336,1.085750837529916,0.34560189762492727,Doanh thu trung bình cao
fixture-user-1661,25.0,6.0,300.0,22.0,3.0,2.0,1,0.13636363636363635,1000.0,40.0,2,0.020448779079346835,0.987424175304437,0.14043401059775606,Nhóm hành vi còn lại
fixture-user-1662,80.0,2.0,0.0,13.0,0.0,0.0,0,0.0,130.0,15.0,1,-3.8452080923989924,0.04332455321405482,0.6691606922603189,Hoạt động gần nhất cách xa
fixture-user-1663,18.0,9.0,0.0,28.0,13.0,3.0,0,0.4642857142857143,1700.0,70.0,0,1.534830031286699,-1.5309960415171668,0.49554732017099296,Tỷ lệ thêm giỏ/xem cao
fixture-user-1664,13.0,14.0,1020.0,41.0,10.0,6.0,3,0.24390243902439024,2510.0,91.0,3,2.7262823845513653,1.0157588009747183,0.4029662204898221,Doanh thu trung bình cao
fixture-user-1665,26.0,7.0,320.0,23.0,4.0,2.0,1,0.17391304347826086,1010.0,41.0,2,0.2541908963254575,0.8477774875328858,0.17321533289513408,Nhóm hành vi còn lại
fixture-user-1666,81.0,3.0,0.0,14.0,0.0,0.0,0,0.0,140.0,16.0,1,-3.58892156885437,0.07130138670265128,0.7711842983243252,Hoạt động gần nhất cách xa
fixture-user-1667,19.0,10.0,0.0,29.0,14.0,3.0,0,0.4827586206896552,1710.0,71.0,0,1.6472575587743377,-1.5937242188893985,0.5517615405408011,Tỷ lệ thêm giỏ/xem cao
fixture-user-1668,14.0,12.0,1040.0,42.0,8.0,6.0,3,0.19047619047619047,2520.0,92.0,3,2.49670495094491,1.2290037398474845,0.5454645736096191,Doanh thu trung bình cao
fixture-user-1669,27.0,5.0,340.0,24.0,2.0,2.0,1,0.08333333333333333,1020.0,42.0,2,-0.18230360796635595,1.2586072038036613,0.3675912090530475,Nhóm hành vi còn lại
fixture-user-1670,82.0,1.0,0.0,15.0,0.0,0.0,0,0.0,150.0,17.0,1,-3.9196432407459767,0.05669108652696236,0.9282979885680404,Hoạt động gần nhất cách xa
fixture-user-1671,20.0,8.0,0.0,30.0,12.0,3.0,0,0.4,1720.0,72.0,0,1.3793488527403,-1.3100407571216666,0.7263442280480706,Tỷ lệ thêm giỏ/xem cao
fixture-user-1672,15.0,13.0,1060.0,43.0,9.0,6.0,3,0.20930232558139536,2530.0,93.0,3,2.5967783052258118,1.1568322528607358,0.5946167775727039,Doanh thu trung bình cao
fixture-user-1673,28.0,6.0,360.0,25.0,3.0,2.0,1,0.12,1030.0,43.0,2,0.08266019726750658,1.1041566022540645,0.39313910571678706,Nhóm hành vi còn lại
fixture-user-1674,83.0,2.0,0.0,16.0,0.0,0.0,0,0.0,160.0,18.0,1,-3.604202552262844,0.08767912367278557,1.0092869375057245,Hoạt động gần nhất cách xa
fixture-user-1675,21.0,9.0,0.0,31.0,13.0,3.0,0,0.41935483870967744,1730.0,73.0,0,1.501059534575714,-1.376636657189004,0.7749808036540073,Tỷ lệ thêm giỏ/xem cao
fixture-user-1676,16.0,14.0,1080.0,44.0,10.0,6.0,3,0.22727272727272727,2540.0,94.0,3,2.690427951437499,1.0894358139626867,0.6418324646043475,Doanh thu trung bình cao
fixture-user-1677,29.0,7.0,380.0,26.0,4.0,2.0,1,0.15384615384615385,1040.0,44.0,2,0.3086623039800275,0.9723028927926293,0.4212803240192725,Nhóm hành vi còn lại
fixture-user-1678,84.0,3.0,0.0,17.0,0.0,0.0,0,0.0,170.0,19.0,1,-3.3629925377313117,0.11286336793280101,1.0921119219662825,Hoạt động gần nhất cách xa
fixture-user-1679,22.0,10.0,0.0,32.0,14.0,3.0,0,0.4375,1740.0,74.0,0,1.6136201785899058,-1.438893929708042,0.822869682767591,Tỷ lệ thêm giỏ/xem cao
fixture-user-1680,2.0,12.0,800.0,30.0,8.0,6.0,3,0.26666666666666666,2400.0,80.0,3,2.949000201807968,0.9104099322153842,-1.040664161835835,Doanh thu trung bình cao
fixture-user-1681,15.0,5.0,100.0,12.0,2.0,2.0,1,0.16666666666666666,900.0,30.0,2,-0.5125113090819994,0.5888915999238798,-0.9213435417374367,Nhóm hành vi còn lại
fixture-user-1682,70.0,1.0,0.0,3.0,0.0,0.0,0,0.0,30.0,5.0,1,-5.653074755432996,-0.26751935962468665,-1.3948414954693151,Hoạt động gần nhất cách xa
fixture-user-1683,8.0,8.0,0.0,18.0,12.0,3.0,0,0.6666666666666666,1600.0,60.0,0,1.667619505045523,-2.2053810991863303,-0.7744155991773559,Tỷ lệ thêm giỏ/xem cao
fixture-user-1684,3.0,13.0,820.0,31.0,9.0,6.0,3,0.2903225806451613,2410.0,81.0,3,2.9722504279555224,0.8202064154922466,-0.8360402617366788,Doanh thu trung bình cao
fixture-user-1685,16.0,6.0,120.0,13.0,3.0,2.0,1,0.23076923076923078,910.0,31.0,2,-0.18823476857859642,0.3875447576114711,-0.8693490403338631,Nhóm hành vi còn lại
fixture-user-1686,71.0,2.0,0.0,4.0,0.0,0.0,0,0.0,40.0,6.0,1,-5.132931592866225,-0.19697308259203808,-1.0600968999130056,Hoạt động gần nhất cách xa
fixture-user-1687,9.0,9.0,0.0,19.0,13.0,3.0,0,0.6842105263157895,1610.0,61.0,0,1.7765266448407788,-2.263702585114586,-0.6595478640554292,Tỷ lệ thêm giỏ/xem cao
fixture-user-1688,4.0,14.0,840.0,32.0,10.0,6.0,3,0.3125,2420.0,82.0,3,3.01229401895736,0.7383363392983261,-0.6738605748864045,Doanh thu trung bình cao
fixture-user-1689,17.0,7.0,140.0,14.0,4.0,2.0,1,0.2857142857142857,920.0,32.0,2,0.08566905022148885,0.22145490054473832,-0.8127372610551373,Nhóm hành vi còn lại
fixture-user-1690,72.0,3.0,0.0,5.0,0.0,0.0,0,0.0,50.0,7.0,1,-4.734049758831314,-0.1415652227069219,-0.7803874603946023,Hoạt động gần nhất cách xa
fixture-user-1691,10.0,10.0,0.0,20.0,14.0,3.0,0,0.7,1620.0,62.0,0,1.8778157374373483,-2.316152393098142,-0.5521462253135105,Tỷ lệ thêm giỏ/xem cao
fixture-user-1692,5.0,12.0,860.0,33.0,8.0,6.0,3,0.24242424242424243,2430.0,83.0,3,2.7201358279717427,1.0010280153705131,-0.43135310572761704,Doanh thu trung bình cao
fixture-user-1693,18.0,5.0,160.0,15.0,2.0,2.0,1,0.13333333333333333,930.0,33.0,2,-0.416368974045729,0.8413722469868408,-0.5202824835880352,Nhóm hành vi còn lại
fixture-user-1694,73.0,1.0,0.0,6.0,0.0,0.0,0,0.0,60.0,8.0,1,-4.951827114160079,-0.13461517315522942,-0.48185008826089964,Hoạt động gần nhất cách xa
fixture-user-1695,11.0,8.0,0.0,21.0,12.0,3.0,0,0.5714285714285714,1630.0,63.0,0,1.5440020110863266,-1.8916105529499507,-0.2894737393083827,Tỷ lệ thêm giỏ/xem cao
fixture-user-1696,6.0,13.0,880.0,34.0,9.0,6.0,3,0.2647058823529412,2440.0,84.0,3,2.793205514756805,0.9179893295870694,-0.3181395540304275,Doanh thu trung bình cao
fixture-user-1697,19.0,6.0,180.0,16.0,3.0,2.0,1,0.1875,940.0,34.0,2,-0.11506542133983415,0.6524097200437152,-0.47729764843711464,Nhóm hành vi còn lại
fixture-user-1698,74.0,2.0,0.0,7.0,0.0,0.0,0,0.0,70.0,9.0,1,-4.544300503596412,-0.08616879017803282,-0.28512883644029735,Hoạt động gần nhất cách xa
fixture-user-1699,12.0,9.0,0.0,22.0,13.0,3.0,0,0.5909090909090909,1640.0,64.0,0,1.6610803566223118,-1.956635720808595,-0.20216044539729697,Tỷ lệ thêm giỏ/xem cao
fixture-user-1700,7.0,14.0,900.0,35.0,10.0,6.0,3,0.2857142857142857,2450.0,85.0,3,2.865809296514496,0.8413885834551914,-0.21799543117210443,Doanh thu trung bình cao
fixture-user-1701,20.0,7.0,200.0,17.0,4.0,2.0,1,0.23529411764705882,950.0,35.0,2,0.1412081418293925,0.49422871537243757,-0.4309330555436214,Nhóm hành vi còn lại
fixture-user-1702,75.0,3.0,0.0,8.0,0.0,0.0,0,0.0,80.0,10.0,1,-4.226355602128988,-0.04652353682671037,-0.10556235721929748,Hoạt động gần nhất cách xa
fixture-user-1703,13.0,10.0,0.0,23.0,14.0,3.0,0,0.6086956521739131,1650.0,65.0,0,1.769348185040836,-2.015953016612214,-0.1188564273584944,Tỷ lệ thêm giỏ/xem cao
fixture-user-1704,8.0,12.0,920.0,36.0,8.0,6.0,3,0.2222222222222222,2460.0,86.0,3,2.6063737094369293,1.0851522433954928,-0.028162481097520817,Doanh thu trung bình cao
fixture-user-1705,21.0,5.0,220.0,18.0,2.0,2.0,1,0.1111111111111111,960.0,36.0,2,-0.331015161317517,1.017672557566975,-0.18189320559016225,Nhóm hành vi còn lại
fixture-user-1706,76.0,1.0,0.0,9.0,0.0,0.0,0,0.0,90.0,11.0,1,-4.5053809003710175,-0.051404916593935875,0.11674763187868262,Hoạt động gần nhất cách xa
fixture-user-1707,14.0,8.0,0.0,24.0,12.0,3.0,0,0.5,1660.0,66.0,0,1.4649328760198592,-1.6524200575582768,0.10500751195665843,Tỷ lệ thêm giỏ/xem cao
fixture-user-1708,9.0,13.0,940.0,37.0,9.0,6.0,3,0.24324324324324326,2470.0,87.0,3,2.6956818339500837,1.0065237107878025,0.05075676314821963,Doanh thu trung bình cao
fixture-user-1709,22.0,6.0,240.0,19.0,3.0,2.0,1,0.15789473684210525,970.0,37.0,2,-0.045442287582045944,0.842002022281944,-0.14614921568949865,Nhóm hành vi còn lại
fixture-user-1710,77.0,2.0,0.0,10.0,0.0,0.0,0,0.0,100.0,12.0,1,-4.145933218700002,-0.012175282230817307,0.25338192247508057,Hoạt động gần nhất cách xa
fixture-user-1711,15.0,9.0,0.0,25.0,13.0,3.0,0,0.52,1670.0,67.0,0,1.5853970707566725,-1.7197729720568595,0.17473155318197717,Tỷ lệ thêm giỏ/xem cao
fixture-user-1712,10.0,14.0,960.0,38.0,10.0,6.0,3,0.2631578947368421,2480.0,88.0,3,2.7805820478578775,0.9335515526720264,0.12366456013755259,Doanh thu trung bình cao
fixture-user-1713,23.0,7.0,260.0,20.0,4.0,2.0,1,0.2,980.0,38.0,2,0.19806579033115437,0.6934432518431779,-0.10747748554529173,Nhóm hành vi còn lại
fixture-user-1714,78.0,3.0,0.0,11.0,0.0,0.0,0,0.0,110.0,13.0,1,-3.866786492395833,0.020083464757670286,0.3842998554068919,Hoạt động gần nhất cách xa
fixture-user-1715,16.0,10.0,0.0,26.0,14.0,3.0,0,0.5384615384615384,1680.0,68.0,0,1.696701628351615,-1.7818534565886186,0.24216164621576905,Tỷ lệ thêm giỏ/xem cao
fixture-user-1716,11.0,12.0,980.0,39.0,8.0,6.0,3,0.20512820512820512,2490.0,89.0,3,2.539096994000912,1.1608947269527035,0.2849645070861152,Doanh thu trung bình cao
fixture-user-1717,24.0,5.0,280.0,21.0,2.0,2.0,1,0.09523809523809523,990.0,39.0,2,-0.2535021844261599,1.1515543709784555,0.11036450120739257,Nhóm hành vi còn lại
fixture-user-1718,79.0,1.0,0.0,12.0,0.0,0.0,0,0.0,120.0,14.0,1,-4.177806227183311,0.009148059352104415,0.5663777413394052,Hoạt động gần nhất cách xa
fixture-user-1719,17.0,8.0,0.0,27.0,12.0,3.0,0,0.4444444444444444,1690.0,69.0,0,1.4131920056243967,-1.4634770190954087,0.43800042229131814,Tỷ lệ thêm giỏ/xem cao
fixture-user-1720,12.0,13.0,1000.0,40.0,9.0,6.0,3,0.225,2500.0,90.0,3,2.6355970708016336,1.085750837529916,0.34560189762492727,Doanh thu trung bình cao
fixture-user-1721,25.0,6.0,300.0,22.0,3.0,2.0,1,0.13636363636363635,1000.0,40.0,2,0.020448779079346835,0.987424175304437,0.14043401059775606,Nhóm hành vi còn lại
fixture-user-1722,80.0,2.0,0.0,13.0,0.0,0.0,0,0.0,130.0,15.0,1,-3.8452080923989924,0.04332455321405482,0.6691606922603189,Hoạt động gần nhất cách xa
fixture-user-1723,18.0,9.0,0.0,28.0,13.0,3.0,0,0.4642857142857143,1700.0,70.0,0,1.534830031286699,-1.5309960415171668,0.49554732017099296,Tỷ lệ thêm giỏ/xem cao
fixture-user-1724,13.0,14.0,1020.0,41.0,10.0,6.0,3,0.24390243902439024,2510.0,91.0,3,2.7262823845513653,1.0157588009747183,0.4029662204898221,Doanh thu trung bình cao
fixture-user-1725,26.0,7.0,320.0,23.0,4.0,2.0,1,0.17391304347826086,1010.0,41.0,2,0.2541908963254575,0.8477774875328858,0.17321533289513408,Nhóm hành vi còn lại
fixture-user-1726,81.0,3.0,0.0,14.0,0.0,0.0,0,0.0,140.0,16.0,1,-3.58892156885437,0.07130138670265128,0.7711842983243252,Hoạt động gần nhất cách xa
fixture-user-1727,19.0,10.0,0.0,29.0,14.0,3.0,0,0.4827586206896552,1710.0,71.0,0,1.6472575587743377,-1.5937242188893985,0.5517615405408011,Tỷ lệ thêm giỏ/xem cao
fixture-user-1728,14.0,12.0,1040.0,42.0,8.0,6.0,3,0.19047619047619047,2520.0,92.0,3,2.49670495094491,1.2290037398474845,0.5454645736096191,Doanh thu trung bình cao
fixture-user-1729,27.0,5.0,340.0,24.0,2.0,2.0,1,0.08333333333333333,1020.0,42.0,2,-0.18230360796635595,1.2586072038036613,0.3675912090530475,Nhóm hành vi còn lại
fixture-user-1730,82.0,1.0,0.0,15.0,0.0,0.0,0,0.0,150.0,17.0,1,-3.9196432407459767,0.05669108652696236,0.9282979885680404,Hoạt động gần nhất cách xa
fixture-user-1731,20.0,8.0,0.0,30.0,12.0,3.0,0,0.4,1720.0,72.0,0,1.3793488527403,-1.3100407571216666,0.7263442280480706,Tỷ lệ thêm giỏ/xem cao
fixture-user-1732,15.0,13.0,1060.0,43.0,9.0,6.0,3,0.20930232558139536,2530.0,93.0,3,2.5967783052258118,1.1568322528607358,0.5946167775727039,Doanh thu trung bình cao
fixture-user-1733,28.0,6.0,360.0,25.0,3.0,2.0,1,0.12,1030.0,43.0,2,0.08266019726750658,1.1041566022540645,0.39313910571678706,Nhóm hành vi còn lại
fixture-user-1734,83.0,2.0,0.0,16.0,0.0,0.0,0,0.0,160.0,18.0,1,-3.604202552262844,0.08767912367278557,1.0092869375057245,Hoạt động gần nhất cách xa
fixture-user-1735,21.0,9.0,0.0,31.0,13.0,3.0,0,0.41935483870967744,1730.0,73.0,0,1.501059534575714,-1.376636657189004,0.7749808036540073,Tỷ lệ thêm giỏ/xem cao
fixture-user-1736,16.0,14.0,1080.0,44.0,10.0,6.0,3,0.22727272727272727,2540.0,94.0,3,2.690427951437499,1.0894358139626867,0.6418324646043475,Doanh thu trung bình cao
fixture-user-1737,29.0,7.0,380.0,26.0,4.0,2.0,1,0.15384615384615385,1040.0,44.0,2,0.3086623039800275,0.9723028927926293,0.4212803240192725,Nhóm hành vi còn lại
fixture-user-1738,84.0,3.0,0.0,17.0,0.0,0.0,0,0.0,170.0,19.0,1,-3.3629925377313117,0.11286336793280101,1.0921119219662825,Hoạt động gần nhất cách xa
fixture-user-1739,22.0,10.0,0.0,32.0,14.0,3.0,0,0.4375,1740.0,74.0,0,1.6136201785899058,-1.438893929708042,0.822869682767591,Tỷ lệ thêm giỏ/xem cao
fixture-user-1740,2.0,12.0,800.0,30.0,8.0,6.0,3,0.26666666666666666,2400.0,80.0,3,2.949000201807968,0.9104099322153842,-1.040664161835835,Doanh thu trung bình cao
fixture-user-1741,15.0,5.0,100.0,12.0,2.0,2.0,1,0.16666666666666666,900.0,30.0,2,-0.5125113090819994,0.5888915999238798,-0.9213435417374367,Nhóm hành vi còn lại
fixture-user-1742,70.0,1.0,0.0,3.0,0.0,0.0,0,0.0,30.0,5.0,1,-5.653074755432996,-0.26751935962468665,-1.3948414954693151,Hoạt động gần nhất cách xa
fixture-user-1743,8.0,8.0,0.0,18.0,12.0,3.0,0,0.6666666666666666,1600.0,60.0,0,1.667619505045523,-2.2053810991863303,-0.7744155991773559,Tỷ lệ thêm giỏ/xem cao
fixture-user-1744,3.0,13.0,820.0,31.0,9.0,6.0,3,0.2903225806451613,2410.0,81.0,3,2.9722504279555224,0.8202064154922466,-0.8360402617366788,Doanh thu trung bình cao
fixture-user-1745,16.0,6.0,120.0,13.0,3.0,2.0,1,0.23076923076923078,910.0,31.0,2,-0.18823476857859642,0.3875447576114711,-0.8693490403338631,Nhóm hành vi còn lại
fixture-user-1746,71.0,2.0,0.0,4.0,0.0,0.0,0,0.0,40.0,6.0,1,-5.132931592866225,-0.19697308259203808,-1.0600968999130056,Hoạt động gần nhất cách xa
fixture-user-1747,9.0,9.0,0.0,19.0,13.0,3.0,0,0.6842105263157895,1610.0,61.0,0,1.7765266448407788,-2.263702585114586,-0.6595478640554292,Tỷ lệ thêm giỏ/xem cao
fixture-user-1748,4.0,14.0,840.0,32.0,10.0,6.0,3,0.3125,2420.0,82.0,3,3.01229401895736,0.7383363392983261,-0.6738605748864045,Doanh thu trung bình cao
fixture-user-1749,17.0,7.0,140.0,14.0,4.0,2.0,1,0.2857142857142857,920.0,32.0,2,0.08566905022148885,0.22145490054473832,-0.8127372610551373,Nhóm hành vi còn lại
fixture-user-1750,72.0,3.0,0.0,5.0,0.0,0.0,0,0.0,50.0,7.0,1,-4.734049758831314,-0.1415652227069219,-0.7803874603946023,Hoạt động gần nhất cách xa
fixture-user-1751,10.0,10.0,0.0,20.0,14.0,3.0,0,0.7,1620.0,62.0,0,1.8778157374373483,-2.316152393098142,-0.5521462253135105,Tỷ lệ thêm giỏ/xem cao
fixture-user-1752,5.0,12.0,860.0,33.0,8.0,6.0,3,0.24242424242424243,2430.0,83.0,3,2.7201358279717427,1.0010280153705131,-0.43135310572761704,Doanh thu trung bình cao
fixture-user-1753,18.0,5.0,160.0,15.0,2.0,2.0,1,0.13333333333333333,930.0,33.0,2,-0.416368974045729,0.8413722469868408,-0.5202824835880352,Nhóm hành vi còn lại
fixture-user-1754,73.0,1.0,0.0,6.0,0.0,0.0,0,0.0,60.0,8.0,1,-4.951827114160079,-0.13461517315522942,-0.48185008826089964,Hoạt động gần nhất cách xa
fixture-user-1755,11.0,8.0,0.0,21.0,12.0,3.0,0,0.5714285714285714,1630.0,63.0,0,1.5440020110863266,-1.8916105529499507,-0.2894737393083827,Tỷ lệ thêm giỏ/xem cao
fixture-user-1756,6.0,13.0,880.0,34.0,9.0,6.0,3,0.2647058823529412,2440.0,84.0,3,2.793205514756805,0.9179893295870694,-0.3181395540304275,Doanh thu trung bình cao
fixture-user-1757,19.0,6.0,180.0,16.0,3.0,2.0,1,0.1875,940.0,34.0,2,-0.11506542133983415,0.6524097200437152,-0.47729764843711464,Nhóm hành vi còn lại
fixture-user-1758,74.0,2.0,0.0,7.0,0.0,0.0,0,0.0,70.0,9.0,1,-4.544300503596412,-0.08616879017803282,-0.28512883644029735,Hoạt động gần nhất cách xa
fixture-user-1759,12.0,9.0,0.0,22.0,13.0,3.0,0,0.5909090909090909,1640.0,64.0,0,1.6610803566223118,-1.956635720808595,-0.20216044539729697,Tỷ lệ thêm giỏ/xem cao
fixture-user-1760,7.0,14.0,900.0,35.0,10.0,6.0,3,0.2857142857142857,2450.0,85.0,3,2.865809296514496,0.8413885834551914,-0.21799543117210443,Doanh thu trung bình cao
fixture-user-1761,20.0,7.0,200.0,17.0,4.0,2.0,1,0.23529411764705882,950.0,35.0,2,0.1412081418293925,0.49422871537243757,-0.4309330555436214,Nhóm hành vi còn lại
fixture-user-1762,75.0,3.0,0.0,8.0,0.0,0.0,0,0.0,80.0,10.0,1,-4.226355602128988,-0.04652353682671037,-0.10556235721929748,Hoạt động gần nhất cách xa
fixture-user-1763,13.0,10.0,0.0,23.0,14.0,3.0,0,0.6086956521739131,1650.0,65.0,0,1.769348185040836,-2.015953016612214,-0.1188564273584944,Tỷ lệ thêm giỏ/xem cao
fixture-user-1764,8.0,12.0,920.0,36.0,8.0,6.0,3,0.2222222222222222,2460.0,86.0,3,2.6063737094369293,1.0851522433954928,-0.028162481097520817,Doanh thu trung bình cao
fixture-user-1765,21.0,5.0,220.0,18.0,2.0,2.0,1,0.1111111111111111,960.0,36.0,2,-0.331015161317517,1.017672557566975,-0.18189320559016225,Nhóm hành vi còn lại
fixture-user-1766,76.0,1.0,0.0,9.0,0.0,0.0,0,0.0,90.0,11.0,1,-4.5053809003710175,-0.051404916593935875,0.11674763187868262,Hoạt động gần nhất cách xa
fixture-user-1767,14.0,8.0,0.0,24.0,12.0,3.0,0,0.5,1660.0,66.0,0,1.4649328760198592,-1.6524200575582768,0.10500751195665843,Tỷ lệ thêm giỏ/xem cao
fixture-user-1768,9.0,13.0,940.0,37.0,9.0,6.0,3,0.24324324324324326,2470.0,87.0,3,2.6956818339500837,1.0065237107878025,0.05075676314821963,Doanh thu trung bình cao
fixture-user-1769,22.0,6.0,240.0,19.0,3.0,2.0,1,0.15789473684210525,970.0,37.0,2,-0.045442287582045944,0.842002022281944,-0.14614921568949865,Nhóm hành vi còn lại
fixture-user-1770,77.0,2.0,0.0,10.0,0.0,0.0,0,0.0,100.0,12.0,1,-4.145933218700002,-0.012175282230817307,0.25338192247508057,Hoạt động gần nhất cách xa
fixture-user-1771,15.0,9.0,0.0,25.0,13.0,3.0,0,0.52,1670.0,67.0,0,1.5853970707566725,-1.7197729720568595,0.17473155318197717,Tỷ lệ thêm giỏ/xem cao
fixture-user-1772,10.0,14.0,960.0,38.0,10.0,6.0,3,0.2631578947368421,2480.0,88.0,3,2.7805820478578775,0.9335515526720264,0.12366456013755259,Doanh thu trung bình cao
fixture-user-1773,23.0,7.0,260.0,20.0,4.0,2.0,1,0.2,980.0,38.0,2,0.19806579033115437,0.6934432518431779,-0.10747748554529173,Nhóm hành vi còn lại
fixture-user-1774,78.0,3.0,0.0,11.0,0.0,0.0,0,0.0,110.0,13.0,1,-3.866786492395833,0.020083464757670286,0.3842998554068919,Hoạt động gần nhất cách xa
fixture-user-1775,16.0,10.0,0.0,26.0,14.0,3.0,0,0.5384615384615384,1680.0,68.0,0,1.696701628351615,-1.7818534565886186,0.24216164621576905,Tỷ lệ thêm giỏ/xem cao
fixture-user-1776,11.0,12.0,980.0,39.0,8.0,6.0,3,0.20512820512820512,2490.0,89.0,3,2.539096994000912,1.1608947269527035,0.2849645070861152,Doanh thu trung bình cao
fixture-user-1777,24.0,5.0,280.0,21.0,2.0,2.0,1,0.09523809523809523,990.0,39.0,2,-0.2535021844261599,1.1515543709784555,0.11036450120739257,Nhóm hành vi còn lại
fixture-user-1778,79.0,1.0,0.0,12.0,0.0,0.0,0,0.0,120.0,14.0,1,-4.177806227183311,0.009148059352104415,0.5663777413394052,Hoạt động gần nhất cách xa
fixture-user-1779,17.0,8.0,0.0,27.0,12.0,3.0,0,0.4444444444444444,1690.0,69.0,0,1.4131920056243967,-1.4634770190954087,0.43800042229131814,Tỷ lệ thêm giỏ/xem cao
fixture-user-1780,12.0,13.0,1000.0,40.0,9.0,6.0,3,0.225,2500.0,90.0,3,2.6355970708016336,1.085750837529916,0.34560189762492727,Doanh thu trung bình cao
fixture-user-1781,25.0,6.0,300.0,22.0,3.0,2.0,1,0.13636363636363635,1000.0,40.0,2,0.020448779079346835,0.987424175304437,0.14043401059775606,Nhóm hành vi còn lại
fixture-user-1782,80.0,2.0,0.0,13.0,0.0,0.0,0,0.0,130.0,15.0,1,-3.8452080923989924,0.04332455321405482,0.6691606922603189,Hoạt động gần nhất cách xa
fixture-user-1783,18.0,9.0,0.0,28.0,13.0,3.0,0,0.4642857142857143,1700.0,70.0,0,1.534830031286699,-1.5309960415171668,0.49554732017099296,Tỷ lệ thêm giỏ/xem cao
fixture-user-1784,13.0,14.0,1020.0,41.0,10.0,6.0,3,0.24390243902439024,2510.0,91.0,3,2.7262823845513653,1.0157588009747183,0.4029662204898221,Doanh thu trung bình cao
fixture-user-1785,26.0,7.0,320.0,23.0,4.0,2.0,1,0.17391304347826086,1010.0,41.0,2,0.2541908963254575,0.8477774875328858,0.17321533289513408,Nhóm hành vi còn lại
fixture-user-1786,81.0,3.0,0.0,14.0,0.0,0.0,0,0.0,140.0,16.0,1,-3.58892156885437,0.07130138670265128,0.7711842983243252,Hoạt động gần nhất cách xa
fixture-user-1787,19.0,10.0,0.0,29.0,14.0,3.0,0,0.4827586206896552,1710.0,71.0,0,1.6472575587743377,-1.5937242188893985,0.5517615405408011,Tỷ lệ thêm giỏ/xem cao
fixture-user-1788,14.0,12.0,1040.0,42.0,8.0,6.0,3,0.19047619047619047,2520.0,92.0,3,2.49670495094491,1.2290037398474845,0.5454645736096191,Doanh thu trung bình cao
fixture-user-1789,27.0,5.0,340.0,24.0,2.0,2.0,1,0.08333333333333333,1020.0,42.0,2,-0.18230360796635595,1.2586072038036613,0.3675912090530475,Nhóm hành vi còn lại
fixture-user-1790,82.0,1.0,0.0,15.0,0.0,0.0,0,0.0,150.0,17.0,1,-3.9196432407459767,0.05669108652696236,0.9282979885680404,Hoạt động gần nhất cách xa
fixture-user-1791,20.0,8.0,0.0,30.0,12.0,3.0,0,0.4,1720.0,72.0,0,1.3793488527403,-1.3100407571216666,0.7263442280480706,Tỷ lệ thêm giỏ/xem cao
fixture-user-1792,15.0,13.0,1060.0,43.0,9.0,6.0,3,0.20930232558139536,2530.0,93.0,3,2.5967783052258118,1.1568322528607358,0.5946167775727039,Doanh thu trung bình cao
fixture-user-1793,28.0,6.0,360.0,25.0,3.0,2.0,1,0.12,1030.0,43.0,2,0.08266019726750658,1.1041566022540645,0.39313910571678706,Nhóm hành vi còn lại
fixture-user-1794,83.0,2.0,0.0,16.0,0.0,0.0,0,0.0,160.0,18.0,1,-3.604202552262844,0.08767912367278557,1.0092869375057245,Hoạt động gần nhất cách xa
fixture-user-1795,21.0,9.0,0.0,31.0,13.0,3.0,0,0.41935483870967744,1730.0,73.0,0,1.501059534575714,-1.376636657189004,0.7749808036540073,Tỷ lệ thêm giỏ/xem cao
fixture-user-1796,16.0,14.0,1080.0,44.0,10.0,6.0,3,0.22727272727272727,2540.0,94.0,3,2.690427951437499,1.0894358139626867,0.6418324646043475,Doanh thu trung bình cao
fixture-user-1797,29.0,7.0,380.0,26.0,4.0,2.0,1,0.15384615384615385,1040.0,44.0,2,0.3086623039800275,0.9723028927926293,0.4212803240192725,Nhóm hành vi còn lại
fixture-user-1798,84.0,3.0,0.0,17.0,0.0,0.0,0,0.0,170.0,19.0,1,-3.3629925377313117,0.11286336793280101,1.0921119219662825,Hoạt động gần nhất cách xa
fixture-user-1799,22.0,10.0,0.0,32.0,14.0,3.0,0,0.4375,1740.0,74.0,0,1.6136201785899058,-1.438893929708042,0.822869682767591,Tỷ lệ thêm giỏ/xem cao
fixture-user-1800,2.0,12.0,800.0,30.0,8.0,6.0,3,0.26666666666666666,2400.0,80.0,3,2.949000201807968,0.9104099322153842,-1.040664161835835,Doanh thu trung bình cao
fixture-user-1801,15.0,5.0,100.0,12.0,2.0,2.0,1,0.16666666666666666,900.0,30.0,2,-0.5125113090819994,0.5888915999238798,-0.9213435417374367,Nhóm hành vi còn lại
fixture-user-1802,70.0,1.0,0.0,3.0,0.0,0.0,0,0.0,30.0,5.0,1,-5.653074755432996,-0.26751935962468665,-1.3948414954693151,Hoạt động gần nhất cách xa
fixture-user-1803,8.0,8.0,0.0,18.0,12.0,3.0,0,0.6666666666666666,1600.0,60.0,0,1.667619505045523,-2.2053810991863303,-0.7744155991773559,Tỷ lệ thêm giỏ/xem cao
fixture-user-1804,3.0,13.0,820.0,31.0,9.0,6.0,3,0.2903225806451613,2410.0,81.0,3,2.9722504279555224,0.8202064154922466,-0.8360402617366788,Doanh thu trung bình cao
fixture-user-1805,16.0,6.0,120.0,13.0,3.0,2.0,1,0.23076923076923078,910.0,31.0,2,-0.18823476857859642,0.3875447576114711,-0.8693490403338631,Nhóm hành vi còn lại
fixture-user-1806,71.0,2.0,0.0,4.0,0.0,0.0,0,0.0,40.0,6.0,1,-5.132931592866225,-0.19697308259203808,-1.0600968999130056,Hoạt động gần nhất cách xa
fixture-user-1807,9.0,9.0,0.0,19.0,13.0,3.0,0,0.6842105263157895,1610.0,61.0,0,1.7765266448407788,-2.263702585114586,-0.6595478640554292,Tỷ lệ thêm giỏ/xem cao
fixture-user-1808,4.0,14.0,840.0,32.0,10.0,6.0,3,0.3125,2420.0,82.0,3,3.01229401895736,0.7383363392983261,-0.6738605748864045,Doanh thu trung bình cao
fixture-user-1809,17.0,7.0,140.0,14.0,4.0,2.0,1,0.2857142857142857,920.0,32.0,2,0.08566905022148885,0.22145490054473832,-0.8127372610551373,Nhóm hành vi còn lại
fixture-user-1810,72.0,3.0,0.0,5.0,0.0,0.0,0,0.0,50.0,7.0,1,-4.734049758831314,-0.1415652227069219,-0.7803874603946023,Hoạt động gần nhất cách xa
fixture-user-1811,10.0,10.0,0.0,20.0,14.0,3.0,0,0.7,1620.0,62.0,0,1.8778157374373483,-2.316152393098142,-0.5521462253135105,Tỷ lệ thêm giỏ/xem cao
fixture-user-1812,5.0,12.0,860.0,33.0,8.0,6.0,3,0.24242424242424243,2430.0,83.0,3,2.7201358279717427,1.0010280153705131,-0.43135310572761704,Doanh thu trung bình cao
fixture-user-1813,18.0,5.0,160.0,15.0,2.0,2.0,1,0.13333333333333333,930.0,33.0,2,-0.416368974045729,0.8413722469868408,-0.5202824835880352,Nhóm hành vi còn lại
fixture-user-1814,73.0,1.0,0.0,6.0,0.0,0.0,0,0.0,60.0,8.0,1,-4.951827114160079,-0.13461517315522942,-0.48185008826089964,Hoạt động gần nhất cách xa
fixture-user-1815,11.0,8.0,0.0,21.0,12.0,3.0,0,0.5714285714285714,1630.0,63.0,0,1.5440020110863266,-1.8916105529499507,-0.2894737393083827,Tỷ lệ thêm giỏ/xem cao
fixture-user-1816,6.0,13.0,880.0,34.0,9.0,6.0,3,0.2647058823529412,2440.0,84.0,3,2.793205514756805,0.9179893295870694,-0.3181395540304275,Doanh thu trung bình cao
fixture-user-1817,19.0,6.0,180.0,16.0,3.0,2.0,1,0.1875,940.0,34.0,2,-0.11506542133983415,0.6524097200437152,-0.47729764843711464,Nhóm hành vi còn lại
fixture-user-1818,74.0,2.0,0.0,7.0,0.0,0.0,0,0.0,70.0,9.0,1,-4.544300503596412,-0.08616879017803282,-0.28512883644029735,Hoạt động gần nhất cách xa
fixture-user-1819,12.0,9.0,0.0,22.0,13.0,3.0,0,0.5909090909090909,1640.0,64.0,0,1.6610803566223118,-1.956635720808595,-0.20216044539729697,Tỷ lệ thêm giỏ/xem cao
fixture-user-1820,7.0,14.0,900.0,35.0,10.0,6.0,3,0.2857142857142857,2450.0,85.0,3,2.865809296514496,0.8413885834551914,-0.21799543117210443,Doanh thu trung bình cao
fixture-user-1821,20.0,7.0,200.0,17.0,4.0,2.0,1,0.23529411764705882,950.0,35.0,2,0.1412081418293925,0.49422871537243757,-0.4309330555436214,Nhóm hành vi còn lại
fixture-user-1822,75.0,3.0,0.0,8.0,0.0,0.0,0,0.0,80.0,10.0,1,-4.226355602128988,-0.04652353682671037,-0.10556235721929748,Hoạt động gần nhất cách xa
fixture-user-1823,13.0,10.0,0.0,23.0,14.0,3.0,0,0.6086956521739131,1650.0,65.0,0,1.769348185040836,-2.015953016612214,-0.1188564273584944,Tỷ lệ thêm giỏ/xem cao
fixture-user-1824,8.0,12.0,920.0,36.0,8.0,6.0,3,0.2222222222222222,2460.0,86.0,3,2.6063737094369293,1.0851522433954928,-0.028162481097520817,Doanh thu trung bình cao
fixture-user-1825,21.0,5.0,220.0,18.0,2.0,2.0,1,0.1111111111111111,960.0,36.0,2,-0.331015161317517,1.017672557566975,-0.18189320559016225,Nhóm hành vi còn lại
fixture-user-1826,76.0,1.0,0.0,9.0,0.0,0.0,0,0.0,90.0,11.0,1,-4.5053809003710175,-0.051404916593935875,0.11674763187868262,Hoạt động gần nhất cách xa
fixture-user-1827,14.0,8.0,0.0,24.0,12.0,3.0,0,0.5,1660.0,66.0,0,1.4649328760198592,-1.6524200575582768,0.10500751195665843,Tỷ lệ thêm giỏ/xem cao
fixture-user-1828,9.0,13.0,940.0,37.0,9.0,6.0,3,0.24324324324324326,2470.0,87.0,3,2.6956818339500837,1.0065237107878025,0.05075676314821963,Doanh thu trung bình cao
fixture-user-1829,22.0,6.0,240.0,19.0,3.0,2.0,1,0.15789473684210525,970.0,37.0,2,-0.045442287582045944,0.842002022281944,-0.14614921568949865,Nhóm hành vi còn lại
fixture-user-1830,77.0,2.0,0.0,10.0,0.0,0.0,0,0.0,100.0,12.0,1,-4.145933218700002,-0.012175282230817307,0.25338192247508057,Hoạt động gần nhất cách xa
fixture-user-1831,15.0,9.0,0.0,25.0,13.0,3.0,0,0.52,1670.0,67.0,0,1.5853970707566725,-1.7197729720568595,0.17473155318197717,Tỷ lệ thêm giỏ/xem cao
fixture-user-1832,10.0,14.0,960.0,38.0,10.0,6.0,3,0.2631578947368421,2480.0,88.0,3,2.7805820478578775,0.9335515526720264,0.12366456013755259,Doanh thu trung bình cao
fixture-user-1833,23.0,7.0,260.0,20.0,4.0,2.0,1,0.2,980.0,38.0,2,0.19806579033115437,0.6934432518431779,-0.10747748554529173,Nhóm hành vi còn lại
fixture-user-1834,78.0,3.0,0.0,11.0,0.0,0.0,0,0.0,110.0,13.0,1,-3.866786492395833,0.020083464757670286,0.3842998554068919,Hoạt động gần nhất cách xa
fixture-user-1835,16.0,10.0,0.0,26.0,14.0,3.0,0,0.5384615384615384,1680.0,68.0,0,1.696701628351615,-1.7818534565886186,0.24216164621576905,Tỷ lệ thêm giỏ/xem cao
fixture-user-1836,11.0,12.0,980.0,39.0,8.0,6.0,3,0.20512820512820512,2490.0,89.0,3,2.539096994000912,1.1608947269527035,0.2849645070861152,Doanh thu trung bình cao
fixture-user-1837,24.0,5.0,280.0,21.0,2.0,2.0,1,0.09523809523809523,990.0,39.0,2,-0.2535021844261599,1.1515543709784555,0.11036450120739257,Nhóm hành vi còn lại
fixture-user-1838,79.0,1.0,0.0,12.0,0.0,0.0,0,0.0,120.0,14.0,1,-4.177806227183311,0.009148059352104415,0.5663777413394052,Hoạt động gần nhất cách xa
fixture-user-1839,17.0,8.0,0.0,27.0,12.0,3.0,0,0.4444444444444444,1690.0,69.0,0,1.4131920056243967,-1.4634770190954087,0.43800042229131814,Tỷ lệ thêm giỏ/xem cao
fixture-user-1840,12.0,13.0,1000.0,40.0,9.0,6.0,3,0.225,2500.0,90.0,3,2.6355970708016336,1.085750837529916,0.34560189762492727,Doanh thu trung bình cao
fixture-user-1841,25.0,6.0,300.0,22.0,3.0,2.0,1,0.13636363636363635,1000.0,40.0,2,0.020448779079346835,0.987424175304437,0.14043401059775606,Nhóm hành vi còn lại
fixture-user-1842,80.0,2.0,0.0,13.0,0.0,0.0,0,0.0,130.0,15.0,1,-3.8452080923989924,0.04332455321405482,0.6691606922603189,Hoạt động gần nhất cách xa
fixture-user-1843,18.0,9.0,0.0,28.0,13.0,3.0,0,0.4642857142857143,1700.0,70.0,0,1.534830031286699,-1.5309960415171668,0.49554732017099296,Tỷ lệ thêm giỏ/xem cao
fixture-user-1844,13.0,14.0,1020.0,41.0,10.0,6.0,3,0.24390243902439024,2510.0,91.0,3,2.7262823845513653,1.0157588009747183,0.4029662204898221,Doanh thu trung bình cao
fixture-user-1845,26.0,7.0,320.0,23.0,4.0,2.0,1,0.17391304347826086,1010.0,41.0,2,0.2541908963254575,0.8477774875328858,0.17321533289513408,Nhóm hành vi còn lại
fixture-user-1846,81.0,3.0,0.0,14.0,0.0,0.0,0,0.0,140.0,16.0,1,-3.58892156885437,0.07130138670265128,0.7711842983243252,Hoạt động gần nhất cách xa
fixture-user-1847,19.0,10.0,0.0,29.0,14.0,3.0,0,0.4827586206896552,1710.0,71.0,0,1.6472575587743377,-1.5937242188893985,0.5517615405408011,Tỷ lệ thêm giỏ/xem cao
fixture-user-1848,14.0,12.0,1040.0,42.0,8.0,6.0,3,0.19047619047619047,2520.0,92.0,3,2.49670495094491,1.2290037398474845,0.5454645736096191,Doanh thu trung bình cao
fixture-user-1849,27.0,5.0,340.0,24.0,2.0,2.0,1,0.08333333333333333,1020.0,42.0,2,-0.18230360796635595,1.2586072038036613,0.3675912090530475,Nhóm hành vi còn lại
fixture-user-1850,82.0,1.0,0.0,15.0,0.0,0.0,0,0.0,150.0,17.0,1,-3.9196432407459767,0.05669108652696236,0.9282979885680404,Hoạt động gần nhất cách xa
fixture-user-1851,20.0,8.0,0.0,30.0,12.0,3.0,0,0.4,1720.0,72.0,0,1.3793488527403,-1.3100407571216666,0.7263442280480706,Tỷ lệ thêm giỏ/xem cao
fixture-user-1852,15.0,13.0,1060.0,43.0,9.0,6.0,3,0.20930232558139536,2530.0,93.0,3,2.5967783052258118,1.1568322528607358,0.5946167775727039,Doanh thu trung bình cao
fixture-user-1853,28.0,6.0,360.0,25.0,3.0,2.0,1,0.12,1030.0,43.0,2,0.08266019726750658,1.1041566022540645,0.39313910571678706,Nhóm hành vi còn lại
fixture-user-1854,83.0,2.0,0.0,16.0,0.0,0.0,0,0.0,160.0,18.0,1,-3.604202552262844,0.08767912367278557,1.0092869375057245,Hoạt động gần nhất cách xa
fixture-user-1855,21.0,9.0,0.0,31.0,13.0,3.0,0,0.41935483870967744,1730.0,73.0,0,1.501059534575714,-1.376636657189004,0.7749808036540073,Tỷ lệ thêm giỏ/xem cao
fixture-user-1856,16.0,14.0,1080.0,44.0,10.0,6.0,3,0.22727272727272727,2540.0,94.0,3,2.690427951437499,1.0894358139626867,0.6418324646043475,Doanh thu trung bình cao
fixture-user-1857,29.0,7.0,380.0,26.0,4.0,2.0,1,0.15384615384615385,1040.0,44.0,2,0.3086623039800275,0.9723028927926293,0.4212803240192725,Nhóm hành vi còn lại
fixture-user-1858,84.0,3.0,0.0,17.0,0.0,0.0,0,0.0,170.0,19.0,1,-3.3629925377313117,0.11286336793280101,1.0921119219662825,Hoạt động gần nhất cách xa
fixture-user-1859,22.0,10.0,0.0,32.0,14.0,3.0,0,0.4375,1740.0,74.0,0,1.6136201785899058,-1.438893929708042,0.822869682767591,Tỷ lệ thêm giỏ/xem cao
fixture-user-1860,2.0,12.0,800.0,30.0,8.0,6.0,3,0.26666666666666666,2400.0,80.0,3,2.949000201807968,0.9104099322153842,-1.040664161835835,Doanh thu trung bình cao
fixture-user-1861,15.0,5.0,100.0,12.0,2.0,2.0,1,0.16666666666666666,900.0,30.0,2,-0.5125113090819994,0.5888915999238798,-0.9213435417374367,Nhóm hành vi còn lại
fixture-user-1862,70.0,1.0,0.0,3.0,0.0,0.0,0,0.0,30.0,5.0,1,-5.653074755432996,-0.26751935962468665,-1.3948414954693151,Hoạt động gần nhất cách xa
fixture-user-1863,8.0,8.0,0.0,18.0,12.0,3.0,0,0.6666666666666666,1600.0,60.0,0,1.667619505045523,-2.2053810991863303,-0.7744155991773559,Tỷ lệ thêm giỏ/xem cao
fixture-user-1864,3.0,13.0,820.0,31.0,9.0,6.0,3,0.2903225806451613,2410.0,81.0,3,2.9722504279555224,0.8202064154922466,-0.8360402617366788,Doanh thu trung bình cao
fixture-user-1865,16.0,6.0,120.0,13.0,3.0,2.0,1,0.23076923076923078,910.0,31.0,2,-0.18823476857859642,0.3875447576114711,-0.8693490403338631,Nhóm hành vi còn lại
fixture-user-1866,71.0,2.0,0.0,4.0,0.0,0.0,0,0.0,40.0,6.0,1,-5.132931592866225,-0.19697308259203808,-1.0600968999130056,Hoạt động gần nhất cách xa
fixture-user-1867,9.0,9.0,0.0,19.0,13.0,3.0,0,0.6842105263157895,1610.0,61.0,0,1.7765266448407788,-2.263702585114586,-0.6595478640554292,Tỷ lệ thêm giỏ/xem cao
fixture-user-1868,4.0,14.0,840.0,32.0,10.0,6.0,3,0.3125,2420.0,82.0,3,3.01229401895736,0.7383363392983261,-0.6738605748864045,Doanh thu trung bình cao
fixture-user-1869,17.0,7.0,140.0,14.0,4.0,2.0,1,0.2857142857142857,920.0,32.0,2,0.08566905022148885,0.22145490054473832,-0.8127372610551373,Nhóm hành vi còn lại
fixture-user-1870,72.0,3.0,0.0,5.0,0.0,0.0,0,0.0,50.0,7.0,1,-4.734049758831314,-0.1415652227069219,-0.7803874603946023,Hoạt động gần nhất cách xa
fixture-user-1871,10.0,10.0,0.0,20.0,14.0,3.0,0,0.7,1620.0,62.0,0,1.8778157374373483,-2.316152393098142,-0.5521462253135105,Tỷ lệ thêm giỏ/xem cao
fixture-user-1872,5.0,12.0,860.0,33.0,8.0,6.0,3,0.24242424242424243,2430.0,83.0,3,2.7201358279717427,1.0010280153705131,-0.43135310572761704,Doanh thu trung bình cao
fixture-user-1873,18.0,5.0,160.0,15.0,2.0,2.0,1,0.13333333333333333,930.0,33.0,2,-0.416368974045729,0.8413722469868408,-0.5202824835880352,Nhóm hành vi còn lại
fixture-user-1874,73.0,1.0,0.0,6.0,0.0,0.0,0,0.0,60.0,8.0,1,-4.951827114160079,-0.13461517315522942,-0.48185008826089964,Hoạt động gần nhất cách xa
fixture-user-1875,11.0,8.0,0.0,21.0,12.0,3.0,0,0.5714285714285714,1630.0,63.0,0,1.5440020110863266,-1.8916105529499507,-0.2894737393083827,Tỷ lệ thêm giỏ/xem cao
fixture-user-1876,6.0,13.0,880.0,34.0,9.0,6.0,3,0.2647058823529412,2440.0,84.0,3,2.793205514756805,0.9179893295870694,-0.3181395540304275,Doanh thu trung bình cao
fixture-user-1877,19.0,6.0,180.0,16.0,3.0,2.0,1,0.1875,940.0,34.0,2,-0.11506542133983415,0.6524097200437152,-0.47729764843711464,Nhóm hành vi còn lại
fixture-user-1878,74.0,2.0,0.0,7.0,0.0,0.0,0,0.0,70.0,9.0,1,-4.544300503596412,-0.08616879017803282,-0.28512883644029735,Hoạt động gần nhất cách xa
fixture-user-1879,12.0,9.0,0.0,22.0,13.0,3.0,0,0.5909090909090909,1640.0,64.0,0,1.6610803566223118,-1.956635720808595,-0.20216044539729697,Tỷ lệ thêm giỏ/xem cao
fixture-user-1880,7.0,14.0,900.0,35.0,10.0,6.0,3,0.2857142857142857,2450.0,85.0,3,2.865809296514496,0.8413885834551914,-0.21799543117210443,Doanh thu trung bình cao
fixture-user-1881,20.0,7.0,200.0,17.0,4.0,2.0,1,0.23529411764705882,950.0,35.0,2,0.1412081418293925,0.49422871537243757,-0.4309330555436214,Nhóm hành vi còn lại
fixture-user-1882,75.0,3.0,0.0,8.0,0.0,0.0,0,0.0,80.0,10.0,1,-4.226355602128988,-0.04652353682671037,-0.10556235721929748,Hoạt động gần nhất cách xa
fixture-user-1883,13.0,10.0,0.0,23.0,14.0,3.0,0,0.6086956521739131,1650.0,65.0,0,1.769348185040836,-2.015953016612214,-0.1188564273584944,Tỷ lệ thêm giỏ/xem cao
fixture-user-1884,8.0,12.0,920.0,36.0,8.0,6.0,3,0.2222222222222222,2460.0,86.0,3,2.6063737094369293,1.0851522433954928,-0.028162481097520817,Doanh thu trung bình cao
fixture-user-1885,21.0,5.0,220.0,18.0,2.0,2.0,1,0.1111111111111111,960.0,36.0,2,-0.331015161317517,1.017672557566975,-0.18189320559016225,Nhóm hành vi còn lại
fixture-user-1886,76.0,1.0,0.0,9.0,0.0,0.0,0,0.0,90.0,11.0,1,-4.5053809003710175,-0.051404916593935875,0.11674763187868262,Hoạt động gần nhất cách xa
fixture-user-1887,14.0,8.0,0.0,24.0,12.0,3.0,0,0.5,1660.0,66.0,0,1.4649328760198592,-1.6524200575582768,0.10500751195665843,Tỷ lệ thêm giỏ/xem cao
fixture-user-1888,9.0,13.0,940.0,37.0,9.0,6.0,3,0.24324324324324326,2470.0,87.0,3,2.6956818339500837,1.0065237107878025,0.05075676314821963,Doanh thu trung bình cao
fixture-user-1889,22.0,6.0,240.0,19.0,3.0,2.0,1,0.15789473684210525,970.0,37.0,2,-0.045442287582045944,0.842002022281944,-0.14614921568949865,Nhóm hành vi còn lại
fixture-user-1890,77.0,2.0,0.0,10.0,0.0,0.0,0,0.0,100.0,12.0,1,-4.145933218700002,-0.012175282230817307,0.25338192247508057,Hoạt động gần nhất cách xa
fixture-user-1891,15.0,9.0,0.0,25.0,13.0,3.0,0,0.52,1670.0,67.0,0,1.5853970707566725,-1.7197729720568595,0.17473155318197717,Tỷ lệ thêm giỏ/xem cao
fixture-user-1892,10.0,14.0,960.0,38.0,10.0,6.0,3,0.2631578947368421,2480.0,88.0,3,2.7805820478578775,0.9335515526720264,0.12366456013755259,Doanh thu trung bình cao
fixture-user-1893,23.0,7.0,260.0,20.0,4.0,2.0,1,0.2,980.0,38.0,2,0.19806579033115437,0.6934432518431779,-0.10747748554529173,Nhóm hành vi còn lại
fixture-user-1894,78.0,3.0,0.0,11.0,0.0,0.0,0,0.0,110.0,13.0,1,-3.866786492395833,0.020083464757670286,0.3842998554068919,Hoạt động gần nhất cách xa
fixture-user-1895,16.0,10.0,0.0,26.0,14.0,3.0,0,0.5384615384615384,1680.0,68.0,0,1.696701628351615,-1.7818534565886186,0.24216164621576905,Tỷ lệ thêm giỏ/xem cao
fixture-user-1896,11.0,12.0,980.0,39.0,8.0,6.0,3,0.20512820512820512,2490.0,89.0,3,2.539096994000912,1.1608947269527035,0.2849645070861152,Doanh thu trung bình cao
fixture-user-1897,24.0,5.0,280.0,21.0,2.0,2.0,1,0.09523809523809523,990.0,39.0,2,-0.2535021844261599,1.1515543709784555,0.11036450120739257,Nhóm hành vi còn lại
fixture-user-1898,79.0,1.0,0.0,12.0,0.0,0.0,0,0.0,120.0,14.0,1,-4.177806227183311,0.009148059352104415,0.5663777413394052,Hoạt động gần nhất cách xa
fixture-user-1899,17.0,8.0,0.0,27.0,12.0,3.0,0,0.4444444444444444,1690.0,69.0,0,1.4131920056243967,-1.4634770190954087,0.43800042229131814,Tỷ lệ thêm giỏ/xem cao
fixture-user-1900,12.0,13.0,1000.0,40.0,9.0,6.0,3,0.225,2500.0,90.0,3,2.6355970708016336,1.085750837529916,0.34560189762492727,Doanh thu trung bình cao
fixture-user-1901,25.0,6.0,300.0,22.0,3.0,2.0,1,0.13636363636363635,1000.0,40.0,2,0.020448779079346835,0.987424175304437,0.14043401059775606,Nhóm hành vi còn lại
fixture-user-1902,80.0,2.0,0.0,13.0,0.0,0.0,0,0.0,130.0,15.0,1,-3.8452080923989924,0.04332455321405482,0.6691606922603189,Hoạt động gần nhất cách xa
fixture-user-1903,18.0,9.0,0.0,28.0,13.0,3.0,0,0.4642857142857143,1700.0,70.0,0,1.534830031286699,-1.5309960415171668,0.49554732017099296,Tỷ lệ thêm giỏ/xem cao
fixture-user-1904,13.0,14.0,1020.0,41.0,10.0,6.0,3,0.24390243902439024,2510.0,91.0,3,2.7262823845513653,1.0157588009747183,0.4029662204898221,Doanh thu trung bình cao
fixture-user-1905,26.0,7.0,320.0,23.0,4.0,2.0,1,0.17391304347826086,1010.0,41.0,2,0.2541908963254575,0.8477774875328858,0.17321533289513408,Nhóm hành vi còn lại
fixture-user-1906,81.0,3.0,0.0,14.0,0.0,0.0,0,0.0,140.0,16.0,1,-3.58892156885437,0.07130138670265128,0.7711842983243252,Hoạt động gần nhất cách xa
fixture-user-1907,19.0,10.0,0.0,29.0,14.0,3.0,0,0.4827586206896552,1710.0,71.0,0,1.6472575587743377,-1.5937242188893985,0.5517615405408011,Tỷ lệ thêm giỏ/xem cao
fixture-user-1908,14.0,12.0,1040.0,42.0,8.0,6.0,3,0.19047619047619047,2520.0,92.0,3,2.49670495094491,1.2290037398474845,0.5454645736096191,Doanh thu trung bình cao
fixture-user-1909,27.0,5.0,340.0,24.0,2.0,2.0,1,0.08333333333333333,1020.0,42.0,2,-0.18230360796635595,1.2586072038036613,0.3675912090530475,Nhóm hành vi còn lại
fixture-user-1910,82.0,1.0,0.0,15.0,0.0,0.0,0,0.0,150.0,17.0,1,-3.9196432407459767,0.05669108652696236,0.9282979885680404,Hoạt động gần nhất cách xa
fixture-user-1911,20.0,8.0,0.0,30.0,12.0,3.0,0,0.4,1720.0,72.0,0,1.3793488527403,-1.3100407571216666,0.7263442280480706,Tỷ lệ thêm giỏ/xem cao
fixture-user-1912,15.0,13.0,1060.0,43.0,9.0,6.0,3,0.20930232558139536,2530.0,93.0,3,2.5967783052258118,1.1568322528607358,0.5946167775727039,Doanh thu trung bình cao
fixture-user-1913,28.0,6.0,360.0,25.0,3.0,2.0,1,0.12,1030.0,43.0,2,0.08266019726750658,1.1041566022540645,0.39313910571678706,Nhóm hành vi còn lại
fixture-user-1914,83.0,2.0,0.0,16.0,0.0,0.0,0,0.0,160.0,18.0,1,-3.604202552262844,0.08767912367278557,1.0092869375057245,Hoạt động gần nhất cách xa
fixture-user-1915,21.0,9.0,0.0,31.0,13.0,3.0,0,0.41935483870967744,1730.0,73.0,0,1.501059534575714,-1.376636657189004,0.7749808036540073,Tỷ lệ thêm giỏ/xem cao
fixture-user-1916,16.0,14.0,1080.0,44.0,10.0,6.0,3,0.22727272727272727,2540.0,94.0,3,2.690427951437499,1.0894358139626867,0.6418324646043475,Doanh thu trung bình cao
fixture-user-1917,29.0,7.0,380.0,26.0,4.0,2.0,1,0.15384615384615385,1040.0,44.0,2,0.3086623039800275,0.9723028927926293,0.4212803240192725,Nhóm hành vi còn lại
fixture-user-1918,84.0,3.0,0.0,17.0,0.0,0.0,0,0.0,170.0,19.0,1,-3.3629925377313117,0.11286336793280101,1.0921119219662825,Hoạt động gần nhất cách xa
fixture-user-1919,22.0,10.0,0.0,32.0,14.0,3.0,0,0.4375,1740.0,74.0,0,1.6136201785899058,-1.438893929708042,0.822869682767591,Tỷ lệ thêm giỏ/xem cao
fixture-user-1920,2.0,12.0,800.0,30.0,8.0,6.0,3,0.26666666666666666,2400.0,80.0,3,2.949000201807968,0.9104099322153842,-1.040664161835835,Doanh thu trung bình cao
fixture-user-1921,15.0,5.0,100.0,12.0,2.0,2.0,1,0.16666666666666666,900.0,30.0,2,-0.5125113090819994,0.5888915999238798,-0.9213435417374367,Nhóm hành vi còn lại
fixture-user-1922,70.0,1.0,0.0,3.0,0.0,0.0,0,0.0,30.0,5.0,1,-5.653074755432996,-0.26751935962468665,-1.3948414954693151,Hoạt động gần nhất cách xa
fixture-user-1923,8.0,8.0,0.0,18.0,12.0,3.0,0,0.6666666666666666,1600.0,60.0,0,1.667619505045523,-2.2053810991863303,-0.7744155991773559,Tỷ lệ thêm giỏ/xem cao
fixture-user-1924,3.0,13.0,820.0,31.0,9.0,6.0,3,0.2903225806451613,2410.0,81.0,3,2.9722504279555224,0.8202064154922466,-0.8360402617366788,Doanh thu trung bình cao
fixture-user-1925,16.0,6.0,120.0,13.0,3.0,2.0,1,0.23076923076923078,910.0,31.0,2,-0.18823476857859642,0.3875447576114711,-0.8693490403338631,Nhóm hành vi còn lại
fixture-user-1926,71.0,2.0,0.0,4.0,0.0,0.0,0,0.0,40.0,6.0,1,-5.132931592866225,-0.19697308259203808,-1.0600968999130056,Hoạt động gần nhất cách xa
fixture-user-1927,9.0,9.0,0.0,19.0,13.0,3.0,0,0.6842105263157895,1610.0,61.0,0,1.7765266448407788,-2.263702585114586,-0.6595478640554292,Tỷ lệ thêm giỏ/xem cao
fixture-user-1928,4.0,14.0,840.0,32.0,10.0,6.0,3,0.3125,2420.0,82.0,3,3.01229401895736,0.7383363392983261,-0.6738605748864045,Doanh thu trung bình cao
fixture-user-1929,17.0,7.0,140.0,14.0,4.0,2.0,1,0.2857142857142857,920.0,32.0,2,0.08566905022148885,0.22145490054473832,-0.8127372610551373,Nhóm hành vi còn lại
fixture-user-1930,72.0,3.0,0.0,5.0,0.0,0.0,0,0.0,50.0,7.0,1,-4.734049758831314,-0.1415652227069219,-0.7803874603946023,Hoạt động gần nhất cách xa
fixture-user-1931,10.0,10.0,0.0,20.0,14.0,3.0,0,0.7,1620.0,62.0,0,1.8778157374373483,-2.316152393098142,-0.5521462253135105,Tỷ lệ thêm giỏ/xem cao
fixture-user-1932,5.0,12.0,860.0,33.0,8.0,6.0,3,0.24242424242424243,2430.0,83.0,3,2.7201358279717427,1.0010280153705131,-0.43135310572761704,Doanh thu trung bình cao
fixture-user-1933,18.0,5.0,160.0,15.0,2.0,2.0,1,0.13333333333333333,930.0,33.0,2,-0.416368974045729,0.8413722469868408,-0.5202824835880352,Nhóm hành vi còn lại
fixture-user-1934,73.0,1.0,0.0,6.0,0.0,0.0,0,0.0,60.0,8.0,1,-4.951827114160079,-0.13461517315522942,-0.48185008826089964,Hoạt động gần nhất cách xa
fixture-user-1935,11.0,8.0,0.0,21.0,12.0,3.0,0,0.5714285714285714,1630.0,63.0,0,1.5440020110863266,-1.8916105529499507,-0.2894737393083827,Tỷ lệ thêm giỏ/xem cao
fixture-user-1936,6.0,13.0,880.0,34.0,9.0,6.0,3,0.2647058823529412,2440.0,84.0,3,2.793205514756805,0.9179893295870694,-0.3181395540304275,Doanh thu trung bình cao
fixture-user-1937,19.0,6.0,180.0,16.0,3.0,2.0,1,0.1875,940.0,34.0,2,-0.11506542133983415,0.6524097200437152,-0.47729764843711464,Nhóm hành vi còn lại
fixture-user-1938,74.0,2.0,0.0,7.0,0.0,0.0,0,0.0,70.0,9.0,1,-4.544300503596412,-0.08616879017803282,-0.28512883644029735,Hoạt động gần nhất cách xa
fixture-user-1939,12.0,9.0,0.0,22.0,13.0,3.0,0,0.5909090909090909,1640.0,64.0,0,1.6610803566223118,-1.956635720808595,-0.20216044539729697,Tỷ lệ thêm giỏ/xem cao
fixture-user-1940,7.0,14.0,900.0,35.0,10.0,6.0,3,0.2857142857142857,2450.0,85.0,3,2.865809296514496,0.8413885834551914,-0.21799543117210443,Doanh thu trung bình cao
fixture-user-1941,20.0,7.0,200.0,17.0,4.0,2.0,1,0.23529411764705882,950.0,35.0,2,0.1412081418293925,0.49422871537243757,-0.4309330555436214,Nhóm hành vi còn lại
fixture-user-1942,75.0,3.0,0.0,8.0,0.0,0.0,0,0.0,80.0,10.0,1,-4.226355602128988,-0.04652353682671037,-0.10556235721929748,Hoạt động gần nhất cách xa
fixture-user-1943,13.0,10.0,0.0,23.0,14.0,3.0,0,0.6086956521739131,1650.0,65.0,0,1.769348185040836,-2.015953016612214,-0.1188564273584944,Tỷ lệ thêm giỏ/xem cao
fixture-user-1944,8.0,12.0,920.0,36.0,8.0,6.0,3,0.2222222222222222,2460.0,86.0,3,2.6063737094369293,1.0851522433954928,-0.028162481097520817,Doanh thu trung bình cao
fixture-user-1945,21.0,5.0,220.0,18.0,2.0,2.0,1,0.1111111111111111,960.0,36.0,2,-0.331015161317517,1.017672557566975,-0.18189320559016225,Nhóm hành vi còn lại
fixture-user-1946,76.0,1.0,0.0,9.0,0.0,0.0,0,0.0,90.0,11.0,1,-4.5053809003710175,-0.051404916593935875,0.11674763187868262,Hoạt động gần nhất cách xa
fixture-user-1947,14.0,8.0,0.0,24.0,12.0,3.0,0,0.5,1660.0,66.0,0,1.4649328760198592,-1.6524200575582768,0.10500751195665843,Tỷ lệ thêm giỏ/xem cao
fixture-user-1948,9.0,13.0,940.0,37.0,9.0,6.0,3,0.24324324324324326,2470.0,87.0,3,2.6956818339500837,1.0065237107878025,0.05075676314821963,Doanh thu trung bình cao
fixture-user-1949,22.0,6.0,240.0,19.0,3.0,2.0,1,0.15789473684210525,970.0,37.0,2,-0.045442287582045944,0.842002022281944,-0.14614921568949865,Nhóm hành vi còn lại
fixture-user-1950,77.0,2.0,0.0,10.0,0.0,0.0,0,0.0,100.0,12.0,1,-4.145933218700002,-0.012175282230817307,0.25338192247508057,Hoạt động gần nhất cách xa
fixture-user-1951,15.0,9.0,0.0,25.0,13.0,3.0,0,0.52,1670.0,67.0,0,1.5853970707566725,-1.7197729720568595,0.17473155318197717,Tỷ lệ thêm giỏ/xem cao
fixture-user-1952,10.0,14.0,960.0,38.0,10.0,6.0,3,0.2631578947368421,2480.0,88.0,3,2.7805820478578775,0.9335515526720264,0.12366456013755259,Doanh thu trung bình cao
fixture-user-1953,23.0,7.0,260.0,20.0,4.0,2.0,1,0.2,980.0,38.0,2,0.19806579033115437,0.6934432518431779,-0.10747748554529173,Nhóm hành vi còn lại
fixture-user-1954,78.0,3.0,0.0,11.0,0.0,0.0,0,0.0,110.0,13.0,1,-3.866786492395833,0.020083464757670286,0.3842998554068919,Hoạt động gần nhất cách xa
fixture-user-1955,16.0,10.0,0.0,26.0,14.0,3.0,0,0.5384615384615384,1680.0,68.0,0,1.696701628351615,-1.7818534565886186,0.24216164621576905,Tỷ lệ thêm giỏ/xem cao
fixture-user-1956,11.0,12.0,980.0,39.0,8.0,6.0,3,0.20512820512820512,2490.0,89.0,3,2.539096994000912,1.1608947269527035,0.2849645070861152,Doanh thu trung bình cao
fixture-user-1957,24.0,5.0,280.0,21.0,2.0,2.0,1,0.09523809523809523,990.0,39.0,2,-0.2535021844261599,1.1515543709784555,0.11036450120739257,Nhóm hành vi còn lại
fixture-user-1958,79.0,1.0,0.0,12.0,0.0,0.0,0,0.0,120.0,14.0,1,-4.177806227183311,0.009148059352104415,0.5663777413394052,Hoạt động gần nhất cách xa
fixture-user-1959,17.0,8.0,0.0,27.0,12.0,3.0,0,0.4444444444444444,1690.0,69.0,0,1.4131920056243967,-1.4634770190954087,0.43800042229131814,Tỷ lệ thêm giỏ/xem cao
fixture-user-1960,12.0,13.0,1000.0,40.0,9.0,6.0,3,0.225,2500.0,90.0,3,2.6355970708016336,1.085750837529916,0.34560189762492727,Doanh thu trung bình cao
fixture-user-1961,25.0,6.0,300.0,22.0,3.0,2.0,1,0.13636363636363635,1000.0,40.0,2,0.020448779079346835,0.987424175304437,0.14043401059775606,Nhóm hành vi còn lại
fixture-user-1962,80.0,2.0,0.0,13.0,0.0,0.0,0,0.0,130.0,15.0,1,-3.8452080923989924,0.04332455321405482,0.6691606922603189,Hoạt động gần nhất cách xa
fixture-user-1963,18.0,9.0,0.0,28.0,13.0,3.0,0,0.4642857142857143,1700.0,70.0,0,1.534830031286699,-1.5309960415171668,0.49554732017099296,Tỷ lệ thêm giỏ/xem cao
fixture-user-1964,13.0,14.0,1020.0,41.0,10.0,6.0,3,0.24390243902439024,2510.0,91.0,3,2.7262823845513653,1.0157588009747183,0.4029662204898221,Doanh thu trung bình cao
fixture-user-1965,26.0,7.0,320.0,23.0,4.0,2.0,1,0.17391304347826086,1010.0,41.0,2,0.2541908963254575,0.8477774875328858,0.17321533289513408,Nhóm hành vi còn lại
fixture-user-1966,81.0,3.0,0.0,14.0,0.0,0.0,0,0.0,140.0,16.0,1,-3.58892156885437,0.07130138670265128,0.7711842983243252,Hoạt động gần nhất cách xa
fixture-user-1967,19.0,10.0,0.0,29.0,14.0,3.0,0,0.4827586206896552,1710.0,71.0,0,1.6472575587743377,-1.5937242188893985,0.5517615405408011,Tỷ lệ thêm giỏ/xem cao
fixture-user-1968,14.0,12.0,1040.0,42.0,8.0,6.0,3,0.19047619047619047,2520.0,92.0,3,2.49670495094491,1.2290037398474845,0.5454645736096191,Doanh thu trung bình cao
fixture-user-1969,27.0,5.0,340.0,24.0,2.0,2.0,1,0.08333333333333333,1020.0,42.0,2,-0.18230360796635595,1.2586072038036613,0.3675912090530475,Nhóm hành vi còn lại
fixture-user-1970,82.0,1.0,0.0,15.0,0.0,0.0,0,0.0,150.0,17.0,1,-3.9196432407459767,0.05669108652696236,0.9282979885680404,Hoạt động gần nhất cách xa
fixture-user-1971,20.0,8.0,0.0,30.0,12.0,3.0,0,0.4,1720.0,72.0,0,1.3793488527403,-1.3100407571216666,0.7263442280480706,Tỷ lệ thêm giỏ/xem cao
fixture-user-1972,15.0,13.0,1060.0,43.0,9.0,6.0,3,0.20930232558139536,2530.0,93.0,3,2.5967783052258118,1.1568322528607358,0.5946167775727039,Doanh thu trung bình cao
fixture-user-1973,28.0,6.0,360.0,25.0,3.0,2.0,1,0.12,1030.0,43.0,2,0.08266019726750658,1.1041566022540645,0.39313910571678706,Nhóm hành vi còn lại
fixture-user-1974,83.0,2.0,0.0,16.0,0.0,0.0,0,0.0,160.0,18.0,1,-3.604202552262844,0.08767912367278557,1.0092869375057245,Hoạt động gần nhất cách xa
fixture-user-1975,21.0,9.0,0.0,31.0,13.0,3.0,0,0.41935483870967744,1730.0,73.0,0,1.501059534575714,-1.376636657189004,0.7749808036540073,Tỷ lệ thêm giỏ/xem cao
fixture-user-1976,16.0,14.0,1080.0,44.0,10.0,6.0,3,0.22727272727272727,2540.0,94.0,3,2.690427951437499,1.0894358139626867,0.6418324646043475,Doanh thu trung bình cao
fixture-user-1977,29.0,7.0,380.0,26.0,4.0,2.0,1,0.15384615384615385,1040.0,44.0,2,0.3086623039800275,0.9723028927926293,0.4212803240192725,Nhóm hành vi còn lại
fixture-user-1978,84.0,3.0,0.0,17.0,0.0,0.0,0,0.0,170.0,19.0,1,-3.3629925377313117,0.11286336793280101,1.0921119219662825,Hoạt động gần nhất cách xa
fixture-user-1979,22.0,10.0,0.0,32.0,14.0,3.0,0,0.4375,1740.0,74.0,0,1.6136201785899058,-1.438893929708042,0.822869682767591,Tỷ lệ thêm giỏ/xem cao
fixture-user-1980,2.0,12.0,800.0,30.0,8.0,6.0,3,0.26666666666666666,2400.0,80.0,3,2.949000201807968,0.9104099322153842,-1.040664161835835,Doanh thu trung bình cao
fixture-user-1981,15.0,5.0,100.0,12.0,2.0,2.0,1,0.16666666666666666,900.0,30.0,2,-0.5125113090819994,0.5888915999238798,-0.9213435417374367,Nhóm hành vi còn lại
fixture-user-1982,70.0,1.0,0.0,3.0,0.0,0.0,0,0.0,30.0,5.0,1,-5.653074755432996,-0.26751935962468665,-1.3948414954693151,Hoạt động gần nhất cách xa
fixture-user-1983,8.0,8.0,0.0,18.0,12.0,3.0,0,0.6666666666666666,1600.0,60.0,0,1.667619505045523,-2.2053810991863303,-0.7744155991773559,Tỷ lệ thêm giỏ/xem cao
fixture-user-1984,3.0,13.0,820.0,31.0,9.0,6.0,3,0.2903225806451613,2410.0,81.0,3,2.9722504279555224,0.8202064154922466,-0.8360402617366788,Doanh thu trung bình cao
fixture-user-1985,16.0,6.0,120.0,13.0,3.0,2.0,1,0.23076923076923078,910.0,31.0,2,-0.18823476857859642,0.3875447576114711,-0.8693490403338631,Nhóm hành vi còn lại
fixture-user-1986,71.0,2.0,0.0,4.0,0.0,0.0,0,0.0,40.0,6.0,1,-5.132931592866225,-0.19697308259203808,-1.0600968999130056,Hoạt động gần nhất cách xa
fixture-user-1987,9.0,9.0,0.0,19.0,13.0,3.0,0,0.6842105263157895,1610.0,61.0,0,1.7765266448407788,-2.263702585114586,-0.6595478640554292,Tỷ lệ thêm giỏ/xem cao
fixture-user-1988,4.0,14.0,840.0,32.0,10.0,6.0,3,0.3125,2420.0,82.0,3,3.01229401895736,0.7383363392983261,-0.6738605748864045,Doanh thu trung bình cao
fixture-user-1989,17.0,7.0,140.0,14.0,4.0,2.0,1,0.2857142857142857,920.0,32.0,2,0.08566905022148885,0.22145490054473832,-0.8127372610551373,Nhóm hành vi còn lại
fixture-user-1990,72.0,3.0,0.0,5.0,0.0,0.0,0,0.0,50.0,7.0,1,-4.734049758831314,-0.1415652227069219,-0.7803874603946023,Hoạt động gần nhất cách xa
fixture-user-1991,10.0,10.0,0.0,20.0,14.0,3.0,0,0.7,1620.0,62.0,0,1.8778157374373483,-2.316152393098142,-0.5521462253135105,Tỷ lệ thêm giỏ/xem cao
fixture-user-1992,5.0,12.0,860.0,33.0,8.0,6.0,3,0.24242424242424243,2430.0,83.0,3,2.7201358279717427,1.0010280153705131,-0.43135310572761704,Doanh thu trung bình cao
fixture-user-1993,18.0,5.0,160.0,15.0,2.0,2.0,1,0.13333333333333333,930.0,33.0,2,-0.416368974045729,0.8413722469868408,-0.5202824835880352,Nhóm hành vi còn lại
fixture-user-1994,73.0,1.0,0.0,6.0,0.0,0.0,0,0.0,60.0,8.0,1,-4.951827114160079,-0.13461517315522942,-0.48185008826089964,Hoạt động gần nhất cách xa
fixture-user-1995,11.0,8.0,0.0,21.0,12.0,3.0,0,0.5714285714285714,1630.0,63.0,0,1.5440020110863266,-1.8916105529499507,-0.2894737393083827,Tỷ lệ thêm giỏ/xem cao
fixture-user-1996,6.0,13.0,880.0,34.0,9.0,6.0,3,0.2647058823529412,2440.0,84.0,3,2.793205514756805,0.9179893295870694,-0.3181395540304275,Doanh thu trung bình cao
fixture-user-1997,19.0,6.0,180.0,16.0,3.0,2.0,1,0.1875,940.0,34.0,2,-0.11506542133983415,0.6524097200437152,-0.47729764843711464,Nhóm hành vi còn lại
fixture-user-1998,74.0,2.0,0.0,7.0,0.0,0.0,0,0.0,70.0,9.0,1,-4.544300503596412,-0.08616879017803282,-0.28512883644029735,Hoạt động gần nhất cách xa
fixture-user-1999,12.0,9.0,0.0,22.0,13.0,3.0,0,0.5909090909090909,1640.0,64.0,0,1.6610803566223118,-1.956635720808595,-0.20216044539729697,Tỷ lệ thêm giỏ/xem cao
fixture-user-2000,7.0,14.0,900.0,35.0,10.0,6.0,3,0.2857142857142857,2450.0,85.0,3,2.865809296514496,0.8413885834551914,-0.21799543117210443,Doanh thu trung bình cao
fixture-user-2001,20.0,7.0,200.0,17.0,4.0,2.0,1,0.23529411764705882,950.0,35.0,2,0.1412081418293925,0.49422871537243757,-0.4309330555436214,Nhóm hành vi còn lại
fixture-user-2002,75.0,3.0,0.0,8.0,0.0,0.0,0,0.0,80.0,10.0,1,-4.226355602128988,-0.04652353682671037,-0.10556235721929748,Hoạt động gần nhất cách xa
fixture-user-2003,13.0,10.0,0.0,23.0,14.0,3.0,0,0.6086956521739131,1650.0,65.0,0,1.769348185040836,-2.015953016612214,-0.1188564273584944,Tỷ lệ thêm giỏ/xem cao
fixture-user-2004,8.0,12.0,920.0,36.0,8.0,6.0,3,0.2222222222222222,2460.0,86.0,3,2.6063737094369293,1.0851522433954928,-0.028162481097520817,Doanh thu trung bình cao
fixture-user-2005,21.0,5.0,220.0,18.0,2.0,2.0,1,0.1111111111111111,960.0,36.0,2,-0.331015161317517,1.017672557566975,-0.18189320559016225,Nhóm hành vi còn lại
fixture-user-2006,76.0,1.0,0.0,9.0,0.0,0.0,0,0.0,90.0,11.0,1,-4.5053809003710175,-0.051404916593935875,0.11674763187868262,Hoạt động gần nhất cách xa
fixture-user-2007,14.0,8.0,0.0,24.0,12.0,3.0,0,0.5,1660.0,66.0,0,1.4649328760198592,-1.6524200575582768,0.10500751195665843,Tỷ lệ thêm giỏ/xem cao
fixture-user-2008,9.0,13.0,940.0,37.0,9.0,6.0,3,0.24324324324324326,2470.0,87.0,3,2.6956818339500837,1.0065237107878025,0.05075676314821963,Doanh thu trung bình cao
fixture-user-2009,22.0,6.0,240.0,19.0,3.0,2.0,1,0.15789473684210525,970.0,37.0,2,-0.045442287582045944,0.842002022281944,-0.14614921568949865,Nhóm hành vi còn lại
fixture-user-2010,77.0,2.0,0.0,10.0,0.0,0.0,0,0.0,100.0,12.0,1,-4.145933218700002,-0.012175282230817307,0.25338192247508057,Hoạt động gần nhất cách xa
fixture-user-2011,15.0,9.0,0.0,25.0,13.0,3.0,0,0.52,1670.0,67.0,0,1.5853970707566725,-1.7197729720568595,0.17473155318197717,Tỷ lệ thêm giỏ/xem cao
fixture-user-2012,10.0,14.0,960.0,38.0,10.0,6.0,3,0.2631578947368421,2480.0,88.0,3,2.7805820478578775,0.9335515526720264,0.12366456013755259,Doanh thu trung bình cao
fixture-user-2013,23.0,7.0,260.0,20.0,4.0,2.0,1,0.2,980.0,38.0,2,0.19806579033115437,0.6934432518431779,-0.10747748554529173,Nhóm hành vi còn lại
fixture-user-2014,78.0,3.0,0.0,11.0,0.0,0.0,0,0.0,110.0,13.0,1,-3.866786492395833,0.020083464757670286,0.3842998554068919,Hoạt động gần nhất cách xa
fixture-user-2015,16.0,10.0,0.0,26.0,14.0,3.0,0,0.5384615384615384,1680.0,68.0,0,1.696701628351615,-1.7818534565886186,0.24216164621576905,Tỷ lệ thêm giỏ/xem cao
fixture-user-2016,11.0,12.0,980.0,39.0,8.0,6.0,3,0.20512820512820512,2490.0,89.0,3,2.539096994000912,1.1608947269527035,0.2849645070861152,Doanh thu trung bình cao
fixture-user-2017,24.0,5.0,280.0,21.0,2.0,2.0,1,0.09523809523809523,990.0,39.0,2,-0.2535021844261599,1.1515543709784555,0.11036450120739257,Nhóm hành vi còn lại
fixture-user-2018,79.0,1.0,0.0,12.0,0.0,0.0,0,0.0,120.0,14.0,1,-4.177806227183311,0.009148059352104415,0.5663777413394052,Hoạt động gần nhất cách xa
fixture-user-2019,17.0,8.0,0.0,27.0,12.0,3.0,0,0.4444444444444444,1690.0,69.0,0,1.4131920056243967,-1.4634770190954087,0.43800042229131814,Tỷ lệ thêm giỏ/xem cao
fixture-user-2020,12.0,13.0,1000.0,40.0,9.0,6.0,3,0.225,2500.0,90.0,3,2.6355970708016336,1.085750837529916,0.34560189762492727,Doanh thu trung bình cao
fixture-user-2021,25.0,6.0,300.0,22.0,3.0,2.0,1,0.13636363636363635,1000.0,40.0,2,0.020448779079346835,0.987424175304437,0.14043401059775606,Nhóm hành vi còn lại
fixture-user-2022,80.0,2.0,0.0,13.0,0.0,0.0,0,0.0,130.0,15.0,1,-3.8452080923989924,0.04332455321405482,0.6691606922603189,Hoạt động gần nhất cách xa
fixture-user-2023,18.0,9.0,0.0,28.0,13.0,3.0,0,0.4642857142857143,1700.0,70.0,0,1.534830031286699,-1.5309960415171668,0.49554732017099296,Tỷ lệ thêm giỏ/xem cao
fixture-user-2024,13.0,14.0,1020.0,41.0,10.0,6.0,3,0.24390243902439024,2510.0,91.0,3,2.7262823845513653,1.0157588009747183,0.4029662204898221,Doanh thu trung bình cao
fixture-user-2025,26.0,7.0,320.0,23.0,4.0,2.0,1,0.17391304347826086,1010.0,41.0,2,0.2541908963254575,0.8477774875328858,0.17321533289513408,Nhóm hành vi còn lại
fixture-user-2026,81.0,3.0,0.0,14.0,0.0,0.0,0,0.0,140.0,16.0,1,-3.58892156885437,0.07130138670265128,0.7711842983243252,Hoạt động gần nhất cách xa
fixture-user-2027,19.0,10.0,0.0,29.0,14.0,3.0,0,0.4827586206896552,1710.0,71.0,0,1.6472575587743377,-1.5937242188893985,0.5517615405408011,Tỷ lệ thêm giỏ/xem cao
fixture-user-2028,14.0,12.0,1040.0,42.0,8.0,6.0,3,0.19047619047619047,2520.0,92.0,3,2.49670495094491,1.2290037398474845,0.5454645736096191,Doanh thu trung bình cao
fixture-user-2029,27.0,5.0,340.0,24.0,2.0,2.0,1,0.08333333333333333,1020.0,42.0,2,-0.18230360796635595,1.2586072038036613,0.3675912090530475,Nhóm hành vi còn lại
fixture-user-2030,82.0,1.0,0.0,15.0,0.0,0.0,0,0.0,150.0,17.0,1,-3.9196432407459767,0.05669108652696236,0.9282979885680404,Hoạt động gần nhất cách xa
fixture-user-2031,20.0,8.0,0.0,30.0,12.0,3.0,0,0.4,1720.0,72.0,0,1.3793488527403,-1.3100407571216666,0.7263442280480706,Tỷ lệ thêm giỏ/xem cao
fixture-user-2032,15.0,13.0,1060.0,43.0,9.0,6.0,3,0.20930232558139536,2530.0,93.0,3,2.5967783052258118,1.1568322528607358,0.5946167775727039,Doanh thu trung bình cao
fixture-user-2033,28.0,6.0,360.0,25.0,3.0,2.0,1,0.12,1030.0,43.0,2,0.08266019726750658,1.1041566022540645,0.39313910571678706,Nhóm hành vi còn lại
fixture-user-2034,83.0,2.0,0.0,16.0,0.0,0.0,0,0.0,160.0,18.0,1,-3.604202552262844,0.08767912367278557,1.0092869375057245,Hoạt động gần nhất cách xa
fixture-user-2035,21.0,9.0,0.0,31.0,13.0,3.0,0,0.41935483870967744,1730.0,73.0,0,1.501059534575714,-1.376636657189004,0.7749808036540073,Tỷ lệ thêm giỏ/xem cao
fixture-user-2036,16.0,14.0,1080.0,44.0,10.0,6.0,3,0.22727272727272727,2540.0,94.0,3,2.690427951437499,1.0894358139626867,0.6418324646043475,Doanh thu trung bình cao
fixture-user-2037,29.0,7.0,380.0,26.0,4.0,2.0,1,0.15384615384615385,1040.0,44.0,2,0.3086623039800275,0.9723028927926293,0.4212803240192725,Nhóm hành vi còn lại
fixture-user-2038,84.0,3.0,0.0,17.0,0.0,0.0,0,0.0,170.0,19.0,1,-3.3629925377313117,0.11286336793280101,1.0921119219662825,Hoạt động gần nhất cách xa
fixture-user-2039,22.0,10.0,0.0,32.0,14.0,3.0,0,0.4375,1740.0,74.0,0,1.6136201785899058,-1.438893929708042,0.822869682767591,Tỷ lệ thêm giỏ/xem cao
fixture-user-2040,2.0,12.0,800.0,30.0,8.0,6.0,3,0.26666666666666666,2400.0,80.0,3,2.949000201807968,0.9104099322153842,-1.040664161835835,Doanh thu trung bình cao
fixture-user-2041,15.0,5.0,100.0,12.0,2.0,2.0,1,0.16666666666666666,900.0,30.0,2,-0.5125113090819994,0.5888915999238798,-0.9213435417374367,Nhóm hành vi còn lại
fixture-user-2042,70.0,1.0,0.0,3.0,0.0,0.0,0,0.0,30.0,5.0,1,-5.653074755432996,-0.26751935962468665,-1.3948414954693151,Hoạt động gần nhất cách xa
fixture-user-2043,8.0,8.0,0.0,18.0,12.0,3.0,0,0.6666666666666666,1600.0,60.0,0,1.667619505045523,-2.2053810991863303,-0.7744155991773559,Tỷ lệ thêm giỏ/xem cao
fixture-user-2044,3.0,13.0,820.0,31.0,9.0,6.0,3,0.2903225806451613,2410.0,81.0,3,2.9722504279555224,0.8202064154922466,-0.8360402617366788,Doanh thu trung bình cao
fixture-user-2045,16.0,6.0,120.0,13.0,3.0,2.0,1,0.23076923076923078,910.0,31.0,2,-0.18823476857859642,0.3875447576114711,-0.8693490403338631,Nhóm hành vi còn lại
fixture-user-2046,71.0,2.0,0.0,4.0,0.0,0.0,0,0.0,40.0,6.0,1,-5.132931592866225,-0.19697308259203808,-1.0600968999130056,Hoạt động gần nhất cách xa
fixture-user-2047,9.0,9.0,0.0,19.0,13.0,3.0,0,0.6842105263157895,1610.0,61.0,0,1.7765266448407788,-2.263702585114586,-0.6595478640554292,Tỷ lệ thêm giỏ/xem cao
fixture-user-2048,4.0,14.0,840.0,32.0,10.0,6.0,3,0.3125,2420.0,82.0,3,3.01229401895736,0.7383363392983261,-0.6738605748864045,Doanh thu trung bình cao
fixture-user-2049,17.0,7.0,140.0,14.0,4.0,2.0,1,0.2857142857142857,920.0,32.0,2,0.08566905022148885,0.22145490054473832,-0.8127372610551373,Nhóm hành vi còn lại
fixture-user-2050,72.0,3.0,0.0,5.0,0.0,0.0,0,0.0,50.0,7.0,1,-4.734049758831314,-0.1415652227069219,-0.7803874603946023,Hoạt động gần nhất cách xa
fixture-user-2051,10.0,10.0,0.0,20.0,14.0,3.0,0,0.7,1620.0,62.0,0,1.8778157374373483,-2.316152393098142,-0.5521462253135105,Tỷ lệ thêm giỏ/xem cao
fixture-user-2052,5.0,12.0,860.0,33.0,8.0,6.0,3,0.24242424242424243,2430.0,83.0,3,2.7201358279717427,1.0010280153705131,-0.43135310572761704,Doanh thu trung bình cao
fixture-user-2053,18.0,5.0,160.0,15.0,2.0,2.0,1,0.13333333333333333,930.0,33.0,2,-0.416368974045729,0.8413722469868408,-0.5202824835880352,Nhóm hành vi còn lại
fixture-user-2054,73.0,1.0,0.0,6.0,0.0,0.0,0,0.0,60.0,8.0,1,-4.951827114160079,-0.13461517315522942,-0.48185008826089964,Hoạt động gần nhất cách xa
fixture-user-2055,11.0,8.0,0.0,21.0,12.0,3.0,0,0.5714285714285714,1630.0,63.0,0,1.5440020110863266,-1.8916105529499507,-0.2894737393083827,Tỷ lệ thêm giỏ/xem cao
fixture-user-2056,6.0,13.0,880.0,34.0,9.0,6.0,3,0.2647058823529412,2440.0,84.0,3,2.793205514756805,0.9179893295870694,-0.3181395540304275,Doanh thu trung bình cao
fixture-user-2057,19.0,6.0,180.0,16.0,3.0,2.0,1,0.1875,940.0,34.0,2,-0.11506542133983415,0.6524097200437152,-0.47729764843711464,Nhóm hành vi còn lại
fixture-user-2058,74.0,2.0,0.0,7.0,0.0,0.0,0,0.0,70.0,9.0,1,-4.544300503596412,-0.08616879017803282,-0.28512883644029735,Hoạt động gần nhất cách xa
fixture-user-2059,12.0,9.0,0.0,22.0,13.0,3.0,0,0.5909090909090909,1640.0,64.0,0,1.6610803566223118,-1.956635720808595,-0.20216044539729697,Tỷ lệ thêm giỏ/xem cao
fixture-user-2060,7.0,14.0,900.0,35.0,10.0,6.0,3,0.2857142857142857,2450.0,85.0,3,2.865809296514496,0.8413885834551914,-0.21799543117210443,Doanh thu trung bình cao
fixture-user-2061,20.0,7.0,200.0,17.0,4.0,2.0,1,0.23529411764705882,950.0,35.0,2,0.1412081418293925,0.49422871537243757,-0.4309330555436214,Nhóm hành vi còn lại
fixture-user-2062,75.0,3.0,0.0,8.0,0.0,0.0,0,0.0,80.0,10.0,1,-4.226355602128988,-0.04652353682671037,-0.10556235721929748,Hoạt động gần nhất cách xa
fixture-user-2063,13.0,10.0,0.0,23.0,14.0,3.0,0,0.6086956521739131,1650.0,65.0,0,1.769348185040836,-2.015953016612214,-0.1188564273584944,Tỷ lệ thêm giỏ/xem cao
fixture-user-2064,8.0,12.0,920.0,36.0,8.0,6.0,3,0.2222222222222222,2460.0,86.0,3,2.6063737094369293,1.0851522433954928,-0.028162481097520817,Doanh thu trung bình cao
fixture-user-2065,21.0,5.0,220.0,18.0,2.0,2.0,1,0.1111111111111111,960.0,36.0,2,-0.331015161317517,1.017672557566975,-0.18189320559016225,Nhóm hành vi còn lại
fixture-user-2066,76.0,1.0,0.0,9.0,0.0,0.0,0,0.0,90.0,11.0,1,-4.5053809003710175,-0.051404916593935875,0.11674763187868262,Hoạt động gần nhất cách xa
fixture-user-2067,14.0,8.0,0.0,24.0,12.0,3.0,0,0.5,1660.0,66.0,0,1.4649328760198592,-1.6524200575582768,0.10500751195665843,Tỷ lệ thêm giỏ/xem cao
fixture-user-2068,9.0,13.0,940.0,37.0,9.0,6.0,3,0.24324324324324326,2470.0,87.0,3,2.6956818339500837,1.0065237107878025,0.05075676314821963,Doanh thu trung bình cao
fixture-user-2069,22.0,6.0,240.0,19.0,3.0,2.0,1,0.15789473684210525,970.0,37.0,2,-0.045442287582045944,0.842002022281944,-0.14614921568949865,Nhóm hành vi còn lại
fixture-user-2070,77.0,2.0,0.0,10.0,0.0,0.0,0,0.0,100.0,12.0,1,-4.145933218700002,-0.012175282230817307,0.25338192247508057,Hoạt động gần nhất cách xa
fixture-user-2071,15.0,9.0,0.0,25.0,13.0,3.0,0,0.52,1670.0,67.0,0,1.5853970707566725,-1.7197729720568595,0.17473155318197717,Tỷ lệ thêm giỏ/xem cao
fixture-user-2072,10.0,14.0,960.0,38.0,10.0,6.0,3,0.2631578947368421,2480.0,88.0,3,2.7805820478578775,0.9335515526720264,0.12366456013755259,Doanh thu trung bình cao
fixture-user-2073,23.0,7.0,260.0,20.0,4.0,2.0,1,0.2,980.0,38.0,2,0.19806579033115437,0.6934432518431779,-0.10747748554529173,Nhóm hành vi còn lại
fixture-user-2074,78.0,3.0,0.0,11.0,0.0,0.0,0,0.0,110.0,13.0,1,-3.866786492395833,0.020083464757670286,0.3842998554068919,Hoạt động gần nhất cách xa
fixture-user-2075,16.0,10.0,0.0,26.0,14.0,3.0,0,0.5384615384615384,1680.0,68.0,0,1.696701628351615,-1.7818534565886186,0.24216164621576905,Tỷ lệ thêm giỏ/xem cao
fixture-user-2076,11.0,12.0,980.0,39.0,8.0,6.0,3,0.20512820512820512,2490.0,89.0,3,2.539096994000912,1.1608947269527035,0.2849645070861152,Doanh thu trung bình cao
fixture-user-2077,24.0,5.0,280.0,21.0,2.0,2.0,1,0.09523809523809523,990.0,39.0,2,-0.2535021844261599,1.1515543709784555,0.11036450120739257,Nhóm hành vi còn lại
fixture-user-2078,79.0,1.0,0.0,12.0,0.0,0.0,0,0.0,120.0,14.0,1,-4.177806227183311,0.009148059352104415,0.5663777413394052,Hoạt động gần nhất cách xa
fixture-user-2079,17.0,8.0,0.0,27.0,12.0,3.0,0,0.4444444444444444,1690.0,69.0,0,1.4131920056243967,-1.4634770190954087,0.43800042229131814,Tỷ lệ thêm giỏ/xem cao
fixture-user-2080,12.0,13.0,1000.0,40.0,9.0,6.0,3,0.225,2500.0,90.0,3,2.6355970708016336,1.085750837529916,0.34560189762492727,Doanh thu trung bình cao
fixture-user-2081,25.0,6.0,300.0,22.0,3.0,2.0,1,0.13636363636363635,1000.0,40.0,2,0.020448779079346835,0.987424175304437,0.14043401059775606,Nhóm hành vi còn lại
fixture-user-2082,80.0,2.0,0.0,13.0,0.0,0.0,0,0.0,130.0,15.0,1,-3.8452080923989924,0.04332455321405482,0.6691606922603189,Hoạt động gần nhất cách xa
fixture-user-2083,18.0,9.0,0.0,28.0,13.0,3.0,0,0.4642857142857143,1700.0,70.0,0,1.534830031286699,-1.5309960415171668,0.49554732017099296,Tỷ lệ thêm giỏ/xem cao
fixture-user-2084,13.0,14.0,1020.0,41.0,10.0,6.0,3,0.24390243902439024,2510.0,91.0,3,2.7262823845513653,1.0157588009747183,0.4029662204898221,Doanh thu trung bình cao
fixture-user-2085,26.0,7.0,320.0,23.0,4.0,2.0,1,0.17391304347826086,1010.0,41.0,2,0.2541908963254575,0.8477774875328858,0.17321533289513408,Nhóm hành vi còn lại
fixture-user-2086,81.0,3.0,0.0,14.0,0.0,0.0,0,0.0,140.0,16.0,1,-3.58892156885437,0.07130138670265128,0.7711842983243252,Hoạt động gần nhất cách xa
fixture-user-2087,19.0,10.0,0.0,29.0,14.0,3.0,0,0.4827586206896552,1710.0,71.0,0,1.6472575587743377,-1.5937242188893985,0.5517615405408011,Tỷ lệ thêm giỏ/xem cao
fixture-user-2088,14.0,12.0,1040.0,42.0,8.0,6.0,3,0.19047619047619047,2520.0,92.0,3,2.49670495094491,1.2290037398474845,0.5454645736096191,Doanh thu trung bình cao
fixture-user-2089,27.0,5.0,340.0,24.0,2.0,2.0,1,0.08333333333333333,1020.0,42.0,2,-0.18230360796635595,1.2586072038036613,0.3675912090530475,Nhóm hành vi còn lại
fixture-user-2090,82.0,1.0,0.0,15.0,0.0,0.0,0,0.0,150.0,17.0,1,-3.9196432407459767,0.05669108652696236,0.9282979885680404,Hoạt động gần nhất cách xa
fixture-user-2091,20.0,8.0,0.0,30.0,12.0,3.0,0,0.4,1720.0,72.0,0,1.3793488527403,-1.3100407571216666,0.7263442280480706,Tỷ lệ thêm giỏ/xem cao
fixture-user-2092,15.0,13.0,1060.0,43.0,9.0,6.0,3,0.20930232558139536,2530.0,93.0,3,2.5967783052258118,1.1568322528607358,0.5946167775727039,Doanh thu trung bình cao
fixture-user-2093,28.0,6.0,360.0,25.0,3.0,2.0,1,0.12,1030.0,43.0,2,0.08266019726750658,1.1041566022540645,0.39313910571678706,Nhóm hành vi còn lại
fixture-user-2094,83.0,2.0,0.0,16.0,0.0,0.0,0,0.0,160.0,18.0,1,-3.604202552262844,0.08767912367278557,1.0092869375057245,Hoạt động gần nhất cách xa
fixture-user-2095,21.0,9.0,0.0,31.0,13.0,3.0,0,0.41935483870967744,1730.0,73.0,0,1.501059534575714,-1.376636657189004,0.7749808036540073,Tỷ lệ thêm giỏ/xem cao
fixture-user-2096,16.0,14.0,1080.0,44.0,10.0,6.0,3,0.22727272727272727,2540.0,94.0,3,2.690427951437499,1.0894358139626867,0.6418324646043475,Doanh thu trung bình cao
fixture-user-2097,29.0,7.0,380.0,26.0,4.0,2.0,1,0.15384615384615385,1040.0,44.0,2,0.3086623039800275,0.9723028927926293,0.4212803240192725,Nhóm hành vi còn lại
fixture-user-2098,84.0,3.0,0.0,17.0,0.0,0.0,0,0.0,170.0,19.0,1,-3.3629925377313117,0.11286336793280101,1.0921119219662825,Hoạt động gần nhất cách xa
fixture-user-2099,22.0,10.0,0.0,32.0,14.0,3.0,0,0.4375,1740.0,74.0,0,1.6136201785899058,-1.438893929708042,0.822869682767591,Tỷ lệ thêm giỏ/xem cao
fixture-user-2100,2.0,12.0,800.0,30.0,8.0,6.0,3,0.26666666666666666,2400.0,80.0,3,2.949000201807968,0.9104099322153842,-1.040664161835835,Doanh thu trung bình cao
fixture-user-2101,15.0,5.0,100.0,12.0,2.0,2.0,1,0.16666666666666666,900.0,30.0,2,-0.5125113090819994,0.5888915999238798,-0.9213435417374367,Nhóm hành vi còn lại
fixture-user-2102,70.0,1.0,0.0,3.0,0.0,0.0,0,0.0,30.0,5.0,1,-5.653074755432996,-0.26751935962468665,-1.3948414954693151,Hoạt động gần nhất cách xa
fixture-user-2103,8.0,8.0,0.0,18.0,12.0,3.0,0,0.6666666666666666,1600.0,60.0,0,1.667619505045523,-2.2053810991863303,-0.7744155991773559,Tỷ lệ thêm giỏ/xem cao
fixture-user-2104,3.0,13.0,820.0,31.0,9.0,6.0,3,0.2903225806451613,2410.0,81.0,3,2.9722504279555224,0.8202064154922466,-0.8360402617366788,Doanh thu trung bình cao
fixture-user-2105,16.0,6.0,120.0,13.0,3.0,2.0,1,0.23076923076923078,910.0,31.0,2,-0.18823476857859642,0.3875447576114711,-0.8693490403338631,Nhóm hành vi còn lại
fixture-user-2106,71.0,2.0,0.0,4.0,0.0,0.0,0,0.0,40.0,6.0,1,-5.132931592866225,-0.19697308259203808,-1.0600968999130056,Hoạt động gần nhất cách xa
fixture-user-2107,9.0,9.0,0.0,19.0,13.0,3.0,0,0.6842105263157895,1610.0,61.0,0,1.7765266448407788,-2.263702585114586,-0.6595478640554292,Tỷ lệ thêm giỏ/xem cao
fixture-user-2108,4.0,14.0,840.0,32.0,10.0,6.0,3,0.3125,2420.0,82.0,3,3.01229401895736,0.7383363392983261,-0.6738605748864045,Doanh thu trung bình cao
fixture-user-2109,17.0,7.0,140.0,14.0,4.0,2.0,1,0.2857142857142857,920.0,32.0,2,0.08566905022148885,0.22145490054473832,-0.8127372610551373,Nhóm hành vi còn lại
fixture-user-2110,72.0,3.0,0.0,5.0,0.0,0.0,0,0.0,50.0,7.0,1,-4.734049758831314,-0.1415652227069219,-0.7803874603946023,Hoạt động gần nhất cách xa
fixture-user-2111,10.0,10.0,0.0,20.0,14.0,3.0,0,0.7,1620.0,62.0,0,1.8778157374373483,-2.316152393098142,-0.5521462253135105,Tỷ lệ thêm giỏ/xem cao
fixture-user-2112,5.0,12.0,860.0,33.0,8.0,6.0,3,0.24242424242424243,2430.0,83.0,3,2.7201358279717427,1.0010280153705131,-0.43135310572761704,Doanh thu trung bình cao
fixture-user-2113,18.0,5.0,160.0,15.0,2.0,2.0,1,0.13333333333333333,930.0,33.0,2,-0.416368974045729,0.8413722469868408,-0.5202824835880352,Nhóm hành vi còn lại
fixture-user-2114,73.0,1.0,0.0,6.0,0.0,0.0,0,0.0,60.0,8.0,1,-4.951827114160079,-0.13461517315522942,-0.48185008826089964,Hoạt động gần nhất cách xa
fixture-user-2115,11.0,8.0,0.0,21.0,12.0,3.0,0,0.5714285714285714,1630.0,63.0,0,1.5440020110863266,-1.8916105529499507,-0.2894737393083827,Tỷ lệ thêm giỏ/xem cao
fixture-user-2116,6.0,13.0,880.0,34.0,9.0,6.0,3,0.2647058823529412,2440.0,84.0,3,2.793205514756805,0.9179893295870694,-0.3181395540304275,Doanh thu trung bình cao
fixture-user-2117,19.0,6.0,180.0,16.0,3.0,2.0,1,0.1875,940.0,34.0,2,-0.11506542133983415,0.6524097200437152,-0.47729764843711464,Nhóm hành vi còn lại
fixture-user-2118,74.0,2.0,0.0,7.0,0.0,0.0,0,0.0,70.0,9.0,1,-4.544300503596412,-0.08616879017803282,-0.28512883644029735,Hoạt động gần nhất cách xa
fixture-user-2119,12.0,9.0,0.0,22.0,13.0,3.0,0,0.5909090909090909,1640.0,64.0,0,1.6610803566223118,-1.956635720808595,-0.20216044539729697,Tỷ lệ thêm giỏ/xem cao
fixture-user-2120,7.0,14.0,900.0,35.0,10.0,6.0,3,0.2857142857142857,2450.0,85.0,3,2.865809296514496,0.8413885834551914,-0.21799543117210443,Doanh thu trung bình cao
fixture-user-2121,20.0,7.0,200.0,17.0,4.0,2.0,1,0.23529411764705882,950.0,35.0,2,0.1412081418293925,0.49422871537243757,-0.4309330555436214,Nhóm hành vi còn lại
fixture-user-2122,75.0,3.0,0.0,8.0,0.0,0.0,0,0.0,80.0,10.0,1,-4.226355602128988,-0.04652353682671037,-0.10556235721929748,Hoạt động gần nhất cách xa
fixture-user-2123,13.0,10.0,0.0,23.0,14.0,3.0,0,0.6086956521739131,1650.0,65.0,0,1.769348185040836,-2.015953016612214,-0.1188564273584944,Tỷ lệ thêm giỏ/xem cao
fixture-user-2124,8.0,12.0,920.0,36.0,8.0,6.0,3,0.2222222222222222,2460.0,86.0,3,2.6063737094369293,1.0851522433954928,-0.028162481097520817,Doanh thu trung bình cao
fixture-user-2125,21.0,5.0,220.0,18.0,2.0,2.0,1,0.1111111111111111,960.0,36.0,2,-0.331015161317517,1.017672557566975,-0.18189320559016225,Nhóm hành vi còn lại
fixture-user-2126,76.0,1.0,0.0,9.0,0.0,0.0,0,0.0,90.0,11.0,1,-4.5053809003710175,-0.051404916593935875,0.11674763187868262,Hoạt động gần nhất cách xa
fixture-user-2127,14.0,8.0,0.0,24.0,12.0,3.0,0,0.5,1660.0,66.0,0,1.4649328760198592,-1.6524200575582768,0.10500751195665843,Tỷ lệ thêm giỏ/xem cao
fixture-user-2128,9.0,13.0,940.0,37.0,9.0,6.0,3,0.24324324324324326,2470.0,87.0,3,2.6956818339500837,1.0065237107878025,0.05075676314821963,Doanh thu trung bình cao
fixture-user-2129,22.0,6.0,240.0,19.0,3.0,2.0,1,0.15789473684210525,970.0,37.0,2,-0.045442287582045944,0.842002022281944,-0.14614921568949865,Nhóm hành vi còn lại
fixture-user-2130,77.0,2.0,0.0,10.0,0.0,0.0,0,0.0,100.0,12.0,1,-4.145933218700002,-0.012175282230817307,0.25338192247508057,Hoạt động gần nhất cách xa
fixture-user-2131,15.0,9.0,0.0,25.0,13.0,3.0,0,0.52,1670.0,67.0,0,1.5853970707566725,-1.7197729720568595,0.17473155318197717,Tỷ lệ thêm giỏ/xem cao
fixture-user-2132,10.0,14.0,960.0,38.0,10.0,6.0,3,0.2631578947368421,2480.0,88.0,3,2.7805820478578775,0.9335515526720264,0.12366456013755259,Doanh thu trung bình cao
fixture-user-2133,23.0,7.0,260.0,20.0,4.0,2.0,1,0.2,980.0,38.0,2,0.19806579033115437,0.6934432518431779,-0.10747748554529173,Nhóm hành vi còn lại
fixture-user-2134,78.0,3.0,0.0,11.0,0.0,0.0,0,0.0,110.0,13.0,1,-3.866786492395833,0.020083464757670286,0.3842998554068919,Hoạt động gần nhất cách xa
fixture-user-2135,16.0,10.0,0.0,26.0,14.0,3.0,0,0.5384615384615384,1680.0,68.0,0,1.696701628351615,-1.7818534565886186,0.24216164621576905,Tỷ lệ thêm giỏ/xem cao
fixture-user-2136,11.0,12.0,980.0,39.0,8.0,6.0,3,0.20512820512820512,2490.0,89.0,3,2.539096994000912,1.1608947269527035,0.2849645070861152,Doanh thu trung bình cao
fixture-user-2137,24.0,5.0,280.0,21.0,2.0,2.0,1,0.09523809523809523,990.0,39.0,2,-0.2535021844261599,1.1515543709784555,0.11036450120739257,Nhóm hành vi còn lại
fixture-user-2138,79.0,1.0,0.0,12.0,0.0,0.0,0,0.0,120.0,14.0,1,-4.177806227183311,0.009148059352104415,0.5663777413394052,Hoạt động gần nhất cách xa
fixture-user-2139,17.0,8.0,0.0,27.0,12.0,3.0,0,0.4444444444444444,1690.0,69.0,0,1.4131920056243967,-1.4634770190954087,0.43800042229131814,Tỷ lệ thêm giỏ/xem cao
fixture-user-2140,12.0,13.0,1000.0,40.0,9.0,6.0,3,0.225,2500.0,90.0,3,2.6355970708016336,1.085750837529916,0.34560189762492727,Doanh thu trung bình cao
fixture-user-2141,25.0,6.0,300.0,22.0,3.0,2.0,1,0.13636363636363635,1000.0,40.0,2,0.020448779079346835,0.987424175304437,0.14043401059775606,Nhóm hành vi còn lại
fixture-user-2142,80.0,2.0,0.0,13.0,0.0,0.0,0,0.0,130.0,15.0,1,-3.8452080923989924,0.04332455321405482,0.6691606922603189,Hoạt động gần nhất cách xa
fixture-user-2143,18.0,9.0,0.0,28.0,13.0,3.0,0,0.4642857142857143,1700.0,70.0,0,1.534830031286699,-1.5309960415171668,0.49554732017099296,Tỷ lệ thêm giỏ/xem cao
fixture-user-2144,13.0,14.0,1020.0,41.0,10.0,6.0,3,0.24390243902439024,2510.0,91.0,3,2.7262823845513653,1.0157588009747183,0.4029662204898221,Doanh thu trung bình cao
fixture-user-2145,26.0,7.0,320.0,23.0,4.0,2.0,1,0.17391304347826086,1010.0,41.0,2,0.2541908963254575,0.8477774875328858,0.17321533289513408,Nhóm hành vi còn lại
fixture-user-2146,81.0,3.0,0.0,14.0,0.0,0.0,0,0.0,140.0,16.0,1,-3.58892156885437,0.07130138670265128,0.7711842983243252,Hoạt động gần nhất cách xa
fixture-user-2147,19.0,10.0,0.0,29.0,14.0,3.0,0,0.4827586206896552,1710.0,71.0,0,1.6472575587743377,-1.5937242188893985,0.5517615405408011,Tỷ lệ thêm giỏ/xem cao
fixture-user-2148,14.0,12.0,1040.0,42.0,8.0,6.0,3,0.19047619047619047,2520.0,92.0,3,2.49670495094491,1.2290037398474845,0.5454645736096191,Doanh thu trung bình cao
fixture-user-2149,27.0,5.0,340.0,24.0,2.0,2.0,1,0.08333333333333333,1020.0,42.0,2,-0.18230360796635595,1.2586072038036613,0.3675912090530475,Nhóm hành vi còn lại
fixture-user-2150,82.0,1.0,0.0,15.0,0.0,0.0,0,0.0,150.0,17.0,1,-3.9196432407459767,0.05669108652696236,0.9282979885680404,Hoạt động gần nhất cách xa
fixture-user-2151,20.0,8.0,0.0,30.0,12.0,3.0,0,0.4,1720.0,72.0,0,1.3793488527403,-1.3100407571216666,0.7263442280480706,Tỷ lệ thêm giỏ/xem cao
fixture-user-2152,15.0,13.0,1060.0,43.0,9.0,6.0,3,0.20930232558139536,2530.0,93.0,3,2.5967783052258118,1.1568322528607358,0.5946167775727039,Doanh thu trung bình cao
fixture-user-2153,28.0,6.0,360.0,25.0,3.0,2.0,1,0.12,1030.0,43.0,2,0.08266019726750658,1.1041566022540645,0.39313910571678706,Nhóm hành vi còn lại
fixture-user-2154,83.0,2.0,0.0,16.0,0.0,0.0,0,0.0,160.0,18.0,1,-3.604202552262844,0.08767912367278557,1.0092869375057245,Hoạt động gần nhất cách xa
fixture-user-2155,21.0,9.0,0.0,31.0,13.0,3.0,0,0.41935483870967744,1730.0,73.0,0,1.501059534575714,-1.376636657189004,0.7749808036540073,Tỷ lệ thêm giỏ/xem cao
fixture-user-2156,16.0,14.0,1080.0,44.0,10.0,6.0,3,0.22727272727272727,2540.0,94.0,3,2.690427951437499,1.0894358139626867,0.6418324646043475,Doanh thu trung bình cao
fixture-user-2157,29.0,7.0,380.0,26.0,4.0,2.0,1,0.15384615384615385,1040.0,44.0,2,0.3086623039800275,0.9723028927926293,0.4212803240192725,Nhóm hành vi còn lại
fixture-user-2158,84.0,3.0,0.0,17.0,0.0,0.0,0,0.0,170.0,19.0,1,-3.3629925377313117,0.11286336793280101,1.0921119219662825,Hoạt động gần nhất cách xa
fixture-user-2159,22.0,10.0,0.0,32.0,14.0,3.0,0,0.4375,1740.0,74.0,0,1.6136201785899058,-1.438893929708042,0.822869682767591,Tỷ lệ thêm giỏ/xem cao
fixture-user-2160,2.0,12.0,800.0,30.0,8.0,6.0,3,0.26666666666666666,2400.0,80.0,3,2.949000201807968,0.9104099322153842,-1.040664161835835,Doanh thu trung bình cao
fixture-user-2161,15.0,5.0,100.0,12.0,2.0,2.0,1,0.16666666666666666,900.0,30.0,2,-0.5125113090819994,0.5888915999238798,-0.9213435417374367,Nhóm hành vi còn lại
fixture-user-2162,70.0,1.0,0.0,3.0,0.0,0.0,0,0.0,30.0,5.0,1,-5.653074755432996,-0.26751935962468665,-1.3948414954693151,Hoạt động gần nhất cách xa
fixture-user-2163,8.0,8.0,0.0,18.0,12.0,3.0,0,0.6666666666666666,1600.0,60.0,0,1.667619505045523,-2.2053810991863303,-0.7744155991773559,Tỷ lệ thêm giỏ/xem cao
fixture-user-2164,3.0,13.0,820.0,31.0,9.0,6.0,3,0.2903225806451613,2410.0,81.0,3,2.9722504279555224,0.8202064154922466,-0.8360402617366788,Doanh thu trung bình cao
fixture-user-2165,16.0,6.0,120.0,13.0,3.0,2.0,1,0.23076923076923078,910.0,31.0,2,-0.18823476857859642,0.3875447576114711,-0.8693490403338631,Nhóm hành vi còn lại
fixture-user-2166,71.0,2.0,0.0,4.0,0.0,0.0,0,0.0,40.0,6.0,1,-5.132931592866225,-0.19697308259203808,-1.0600968999130056,Hoạt động gần nhất cách xa
fixture-user-2167,9.0,9.0,0.0,19.0,13.0,3.0,0,0.6842105263157895,1610.0,61.0,0,1.7765266448407788,-2.263702585114586,-0.6595478640554292,Tỷ lệ thêm giỏ/xem cao
fixture-user-2168,4.0,14.0,840.0,32.0,10.0,6.0,3,0.3125,2420.0,82.0,3,3.01229401895736,0.7383363392983261,-0.6738605748864045,Doanh thu trung bình cao
fixture-user-2169,17.0,7.0,140.0,14.0,4.0,2.0,1,0.2857142857142857,920.0,32.0,2,0.08566905022148885,0.22145490054473832,-0.8127372610551373,Nhóm hành vi còn lại
fixture-user-2170,72.0,3.0,0.0,5.0,0.0,0.0,0,0.0,50.0,7.0,1,-4.734049758831314,-0.1415652227069219,-0.7803874603946023,Hoạt động gần nhất cách xa
fixture-user-2171,10.0,10.0,0.0,20.0,14.0,3.0,0,0.7,1620.0,62.0,0,1.8778157374373483,-2.316152393098142,-0.5521462253135105,Tỷ lệ thêm giỏ/xem cao
fixture-user-2172,5.0,12.0,860.0,33.0,8.0,6.0,3,0.24242424242424243,2430.0,83.0,3,2.7201358279717427,1.0010280153705131,-0.43135310572761704,Doanh thu trung bình cao
fixture-user-2173,18.0,5.0,160.0,15.0,2.0,2.0,1,0.13333333333333333,930.0,33.0,2,-0.416368974045729,0.8413722469868408,-0.5202824835880352,Nhóm hành vi còn lại
fixture-user-2174,73.0,1.0,0.0,6.0,0.0,0.0,0,0.0,60.0,8.0,1,-4.951827114160079,-0.13461517315522942,-0.48185008826089964,Hoạt động gần nhất cách xa
fixture-user-2175,11.0,8.0,0.0,21.0,12.0,3.0,0,0.5714285714285714,1630.0,63.0,0,1.5440020110863266,-1.8916105529499507,-0.2894737393083827,Tỷ lệ thêm giỏ/xem cao
fixture-user-2176,6.0,13.0,880.0,34.0,9.0,6.0,3,0.2647058823529412,2440.0,84.0,3,2.793205514756805,0.9179893295870694,-0.3181395540304275,Doanh thu trung bình cao
fixture-user-2177,19.0,6.0,180.0,16.0,3.0,2.0,1,0.1875,940.0,34.0,2,-0.11506542133983415,0.6524097200437152,-0.47729764843711464,Nhóm hành vi còn lại
fixture-user-2178,74.0,2.0,0.0,7.0,0.0,0.0,0,0.0,70.0,9.0,1,-4.544300503596412,-0.08616879017803282,-0.28512883644029735,Hoạt động gần nhất cách xa
fixture-user-2179,12.0,9.0,0.0,22.0,13.0,3.0,0,0.5909090909090909,1640.0,64.0,0,1.6610803566223118,-1.956635720808595,-0.20216044539729697,Tỷ lệ thêm giỏ/xem cao
fixture-user-2180,7.0,14.0,900.0,35.0,10.0,6.0,3,0.2857142857142857,2450.0,85.0,3,2.865809296514496,0.8413885834551914,-0.21799543117210443,Doanh thu trung bình cao
fixture-user-2181,20.0,7.0,200.0,17.0,4.0,2.0,1,0.23529411764705882,950.0,35.0,2,0.1412081418293925,0.49422871537243757,-0.4309330555436214,Nhóm hành vi còn lại
fixture-user-2182,75.0,3.0,0.0,8.0,0.0,0.0,0,0.0,80.0,10.0,1,-4.226355602128988,-0.04652353682671037,-0.10556235721929748,Hoạt động gần nhất cách xa
fixture-user-2183,13.0,10.0,0.0,23.0,14.0,3.0,0,0.6086956521739131,1650.0,65.0,0,1.769348185040836,-2.015953016612214,-0.1188564273584944,Tỷ lệ thêm giỏ/xem cao
fixture-user-2184,8.0,12.0,920.0,36.0,8.0,6.0,3,0.2222222222222222,2460.0,86.0,3,2.6063737094369293,1.0851522433954928,-0.028162481097520817,Doanh thu trung bình cao
fixture-user-2185,21.0,5.0,220.0,18.0,2.0,2.0,1,0.1111111111111111,960.0,36.0,2,-0.331015161317517,1.017672557566975,-0.18189320559016225,Nhóm hành vi còn lại
fixture-user-2186,76.0,1.0,0.0,9.0,0.0,0.0,0,0.0,90.0,11.0,1,-4.5053809003710175,-0.051404916593935875,0.11674763187868262,Hoạt động gần nhất cách xa
fixture-user-2187,14.0,8.0,0.0,24.0,12.0,3.0,0,0.5,1660.0,66.0,0,1.4649328760198592,-1.6524200575582768,0.10500751195665843,Tỷ lệ thêm giỏ/xem cao
fixture-user-2188,9.0,13.0,940.0,37.0,9.0,6.0,3,0.24324324324324326,2470.0,87.0,3,2.6956818339500837,1.0065237107878025,0.05075676314821963,Doanh thu trung bình cao
fixture-user-2189,22.0,6.0,240.0,19.0,3.0,2.0,1,0.15789473684210525,970.0,37.0,2,-0.045442287582045944,0.842002022281944,-0.14614921568949865,Nhóm hành vi còn lại
fixture-user-2190,77.0,2.0,0.0,10.0,0.0,0.0,0,0.0,100.0,12.0,1,-4.145933218700002,-0.012175282230817307,0.25338192247508057,Hoạt động gần nhất cách xa
fixture-user-2191,15.0,9.0,0.0,25.0,13.0,3.0,0,0.52,1670.0,67.0,0,1.5853970707566725,-1.7197729720568595,0.17473155318197717,Tỷ lệ thêm giỏ/xem cao
fixture-user-2192,10.0,14.0,960.0,38.0,10.0,6.0,3,0.2631578947368421,2480.0,88.0,3,2.7805820478578775,0.9335515526720264,0.12366456013755259,Doanh thu trung bình cao
fixture-user-2193,23.0,7.0,260.0,20.0,4.0,2.0,1,0.2,980.0,38.0,2,0.19806579033115437,0.6934432518431779,-0.10747748554529173,Nhóm hành vi còn lại
fixture-user-2194,78.0,3.0,0.0,11.0,0.0,0.0,0,0.0,110.0,13.0,1,-3.866786492395833,0.020083464757670286,0.3842998554068919,Hoạt động gần nhất cách xa
fixture-user-2195,16.0,10.0,0.0,26.0,14.0,3.0,0,0.5384615384615384,1680.0,68.0,0,1.696701628351615,-1.7818534565886186,0.24216164621576905,Tỷ lệ thêm giỏ/xem cao
fixture-user-2196,11.0,12.0,980.0,39.0,8.0,6.0,3,0.20512820512820512,2490.0,89.0,3,2.539096994000912,1.1608947269527035,0.2849645070861152,Doanh thu trung bình cao
fixture-user-2197,24.0,5.0,280.0,21.0,2.0,2.0,1,0.09523809523809523,990.0,39.0,2,-0.2535021844261599,1.1515543709784555,0.11036450120739257,Nhóm hành vi còn lại
fixture-user-2198,79.0,1.0,0.0,12.0,0.0,0.0,0,0.0,120.0,14.0,1,-4.177806227183311,0.009148059352104415,0.5663777413394052,Hoạt động gần nhất cách xa
fixture-user-2199,17.0,8.0,0.0,27.0,12.0,3.0,0,0.4444444444444444,1690.0,69.0,0,1.4131920056243967,-1.4634770190954087,0.43800042229131814,Tỷ lệ thêm giỏ/xem cao
fixture-user-2200,12.0,13.0,1000.0,40.0,9.0,6.0,3,0.225,2500.0,90.0,3,2.6355970708016336,1.085750837529916,0.34560189762492727,Doanh thu trung bình cao
fixture-user-2201,25.0,6.0,300.0,22.0,3.0,2.0,1,0.13636363636363635,1000.0,40.0,2,0.020448779079346835,0.987424175304437,0.14043401059775606,Nhóm hành vi còn lại
fixture-user-2202,80.0,2.0,0.0,13.0,0.0,0.0,0,0.0,130.0,15.0,1,-3.8452080923989924,0.04332455321405482,0.6691606922603189,Hoạt động gần nhất cách xa
fixture-user-2203,18.0,9.0,0.0,28.0,13.0,3.0,0,0.4642857142857143,1700.0,70.0,0,1.534830031286699,-1.5309960415171668,0.49554732017099296,Tỷ lệ thêm giỏ/xem cao
fixture-user-2204,13.0,14.0,1020.0,41.0,10.0,6.0,3,0.24390243902439024,2510.0,91.0,3,2.7262823845513653,1.0157588009747183,0.4029662204898221,Doanh thu trung bình cao
fixture-user-2205,26.0,7.0,320.0,23.0,4.0,2.0,1,0.17391304347826086,1010.0,41.0,2,0.2541908963254575,0.8477774875328858,0.17321533289513408,Nhóm hành vi còn lại
fixture-user-2206,81.0,3.0,0.0,14.0,0.0,0.0,0,0.0,140.0,16.0,1,-3.58892156885437,0.07130138670265128,0.7711842983243252,Hoạt động gần nhất cách xa
fixture-user-2207,19.0,10.0,0.0,29.0,14.0,3.0,0,0.4827586206896552,1710.0,71.0,0,1.6472575587743377,-1.5937242188893985,0.5517615405408011,Tỷ lệ thêm giỏ/xem cao
fixture-user-2208,14.0,12.0,1040.0,42.0,8.0,6.0,3,0.19047619047619047,2520.0,92.0,3,2.49670495094491,1.2290037398474845,0.5454645736096191,Doanh thu trung bình cao
fixture-user-2209,27.0,5.0,340.0,24.0,2.0,2.0,1,0.08333333333333333,1020.0,42.0,2,-0.18230360796635595,1.2586072038036613,0.3675912090530475,Nhóm hành vi còn lại
fixture-user-2210,82.0,1.0,0.0,15.0,0.0,0.0,0,0.0,150.0,17.0,1,-3.9196432407459767,0.05669108652696236,0.9282979885680404,Hoạt động gần nhất cách xa
fixture-user-2211,20.0,8.0,0.0,30.0,12.0,3.0,0,0.4,1720.0,72.0,0,1.3793488527403,-1.3100407571216666,0.7263442280480706,Tỷ lệ thêm giỏ/xem cao
fixture-user-2212,15.0,13.0,1060.0,43.0,9.0,6.0,3,0.20930232558139536,2530.0,93.0,3,2.5967783052258118,1.1568322528607358,0.5946167775727039,Doanh thu trung bình cao
fixture-user-2213,28.0,6.0,360.0,25.0,3.0,2.0,1,0.12,1030.0,43.0,2,0.08266019726750658,1.1041566022540645,0.39313910571678706,Nhóm hành vi còn lại
fixture-user-2214,83.0,2.0,0.0,16.0,0.0,0.0,0,0.0,160.0,18.0,1,-3.604202552262844,0.08767912367278557,1.0092869375057245,Hoạt động gần nhất cách xa
fixture-user-2215,21.0,9.0,0.0,31.0,13.0,3.0,0,0.41935483870967744,1730.0,73.0,0,1.501059534575714,-1.376636657189004,0.7749808036540073,Tỷ lệ thêm giỏ/xem cao
fixture-user-2216,16.0,14.0,1080.0,44.0,10.0,6.0,3,0.22727272727272727,2540.0,94.0,3,2.690427951437499,1.0894358139626867,0.6418324646043475,Doanh thu trung bình cao
fixture-user-2217,29.0,7.0,380.0,26.0,4.0,2.0,1,0.15384615384615385,1040.0,44.0,2,0.3086623039800275,0.9723028927926293,0.4212803240192725,Nhóm hành vi còn lại
fixture-user-2218,84.0,3.0,0.0,17.0,0.0,0.0,0,0.0,170.0,19.0,1,-3.3629925377313117,0.11286336793280101,1.0921119219662825,Hoạt động gần nhất cách xa
fixture-user-2219,22.0,10.0,0.0,32.0,14.0,3.0,0,0.4375,1740.0,74.0,0,1.6136201785899058,-1.438893929708042,0.822869682767591,Tỷ lệ thêm giỏ/xem cao
fixture-user-2220,2.0,12.0,800.0,30.0,8.0,6.0,3,0.26666666666666666,2400.0,80.0,3,2.949000201807968,0.9104099322153842,-1.040664161835835,Doanh thu trung bình cao
fixture-user-2221,15.0,5.0,100.0,12.0,2.0,2.0,1,0.16666666666666666,900.0,30.0,2,-0.5125113090819994,0.5888915999238798,-0.9213435417374367,Nhóm hành vi còn lại
fixture-user-2222,70.0,1.0,0.0,3.0,0.0,0.0,0,0.0,30.0,5.0,1,-5.653074755432996,-0.26751935962468665,-1.3948414954693151,Hoạt động gần nhất cách xa
fixture-user-2223,8.0,8.0,0.0,18.0,12.0,3.0,0,0.6666666666666666,1600.0,60.0,0,1.667619505045523,-2.2053810991863303,-0.7744155991773559,Tỷ lệ thêm giỏ/xem cao
fixture-user-2224,3.0,13.0,820.0,31.0,9.0,6.0,3,0.2903225806451613,2410.0,81.0,3,2.9722504279555224,0.8202064154922466,-0.8360402617366788,Doanh thu trung bình cao
fixture-user-2225,16.0,6.0,120.0,13.0,3.0,2.0,1,0.23076923076923078,910.0,31.0,2,-0.18823476857859642,0.3875447576114711,-0.8693490403338631,Nhóm hành vi còn lại
fixture-user-2226,71.0,2.0,0.0,4.0,0.0,0.0,0,0.0,40.0,6.0,1,-5.132931592866225,-0.19697308259203808,-1.0600968999130056,Hoạt động gần nhất cách xa
fixture-user-2227,9.0,9.0,0.0,19.0,13.0,3.0,0,0.6842105263157895,1610.0,61.0,0,1.7765266448407788,-2.263702585114586,-0.6595478640554292,Tỷ lệ thêm giỏ/xem cao
fixture-user-2228,4.0,14.0,840.0,32.0,10.0,6.0,3,0.3125,2420.0,82.0,3,3.01229401895736,0.7383363392983261,-0.6738605748864045,Doanh thu trung bình cao
fixture-user-2229,17.0,7.0,140.0,14.0,4.0,2.0,1,0.2857142857142857,920.0,32.0,2,0.08566905022148885,0.22145490054473832,-0.8127372610551373,Nhóm hành vi còn lại
fixture-user-2230,72.0,3.0,0.0,5.0,0.0,0.0,0,0.0,50.0,7.0,1,-4.734049758831314,-0.1415652227069219,-0.7803874603946023,Hoạt động gần nhất cách xa
fixture-user-2231,10.0,10.0,0.0,20.0,14.0,3.0,0,0.7,1620.0,62.0,0,1.8778157374373483,-2.316152393098142,-0.5521462253135105,Tỷ lệ thêm giỏ/xem cao
fixture-user-2232,5.0,12.0,860.0,33.0,8.0,6.0,3,0.24242424242424243,2430.0,83.0,3,2.7201358279717427,1.0010280153705131,-0.43135310572761704,Doanh thu trung bình cao
fixture-user-2233,18.0,5.0,160.0,15.0,2.0,2.0,1,0.13333333333333333,930.0,33.0,2,-0.416368974045729,0.8413722469868408,-0.5202824835880352,Nhóm hành vi còn lại
fixture-user-2234,73.0,1.0,0.0,6.0,0.0,0.0,0,0.0,60.0,8.0,1,-4.951827114160079,-0.13461517315522942,-0.48185008826089964,Hoạt động gần nhất cách xa
fixture-user-2235,11.0,8.0,0.0,21.0,12.0,3.0,0,0.5714285714285714,1630.0,63.0,0,1.5440020110863266,-1.8916105529499507,-0.2894737393083827,Tỷ lệ thêm giỏ/xem cao
fixture-user-2236,6.0,13.0,880.0,34.0,9.0,6.0,3,0.2647058823529412,2440.0,84.0,3,2.793205514756805,0.9179893295870694,-0.3181395540304275,Doanh thu trung bình cao
fixture-user-2237,19.0,6.0,180.0,16.0,3.0,2.0,1,0.1875,940.0,34.0,2,-0.11506542133983415,0.6524097200437152,-0.47729764843711464,Nhóm hành vi còn lại
fixture-user-2238,74.0,2.0,0.0,7.0,0.0,0.0,0,0.0,70.0,9.0,1,-4.544300503596412,-0.08616879017803282,-0.28512883644029735,Hoạt động gần nhất cách xa
fixture-user-2239,12.0,9.0,0.0,22.0,13.0,3.0,0,0.5909090909090909,1640.0,64.0,0,1.6610803566223118,-1.956635720808595,-0.20216044539729697,Tỷ lệ thêm giỏ/xem cao
fixture-user-2240,7.0,14.0,900.0,35.0,10.0,6.0,3,0.2857142857142857,2450.0,85.0,3,2.865809296514496,0.8413885834551914,-0.21799543117210443,Doanh thu trung bình cao
fixture-user-2241,20.0,7.0,200.0,17.0,4.0,2.0,1,0.23529411764705882,950.0,35.0,2,0.1412081418293925,0.49422871537243757,-0.4309330555436214,Nhóm hành vi còn lại
fixture-user-2242,75.0,3.0,0.0,8.0,0.0,0.0,0,0.0,80.0,10.0,1,-4.226355602128988,-0.04652353682671037,-0.10556235721929748,Hoạt động gần nhất cách xa
fixture-user-2243,13.0,10.0,0.0,23.0,14.0,3.0,0,0.6086956521739131,1650.0,65.0,0,1.769348185040836,-2.015953016612214,-0.1188564273584944,Tỷ lệ thêm giỏ/xem cao
fixture-user-2244,8.0,12.0,920.0,36.0,8.0,6.0,3,0.2222222222222222,2460.0,86.0,3,2.6063737094369293,1.0851522433954928,-0.028162481097520817,Doanh thu trung bình cao
fixture-user-2245,21.0,5.0,220.0,18.0,2.0,2.0,1,0.1111111111111111,960.0,36.0,2,-0.331015161317517,1.017672557566975,-0.18189320559016225,Nhóm hành vi còn lại
fixture-user-2246,76.0,1.0,0.0,9.0,0.0,0.0,0,0.0,90.0,11.0,1,-4.5053809003710175,-0.051404916593935875,0.11674763187868262,Hoạt động gần nhất cách xa
fixture-user-2247,14.0,8.0,0.0,24.0,12.0,3.0,0,0.5,1660.0,66.0,0,1.4649328760198592,-1.6524200575582768,0.10500751195665843,Tỷ lệ thêm giỏ/xem cao
fixture-user-2248,9.0,13.0,940.0,37.0,9.0,6.0,3,0.24324324324324326,2470.0,87.0,3,2.6956818339500837,1.0065237107878025,0.05075676314821963,Doanh thu trung bình cao
fixture-user-2249,22.0,6.0,240.0,19.0,3.0,2.0,1,0.15789473684210525,970.0,37.0,2,-0.045442287582045944,0.842002022281944,-0.14614921568949865,Nhóm hành vi còn lại
fixture-user-2250,77.0,2.0,0.0,10.0,0.0,0.0,0,0.0,100.0,12.0,1,-4.145933218700002,-0.012175282230817307,0.25338192247508057,Hoạt động gần nhất cách xa
fixture-user-2251,15.0,9.0,0.0,25.0,13.0,3.0,0,0.52,1670.0,67.0,0,1.5853970707566725,-1.7197729720568595,0.17473155318197717,Tỷ lệ thêm giỏ/xem cao
fixture-user-2252,10.0,14.0,960.0,38.0,10.0,6.0,3,0.2631578947368421,2480.0,88.0,3,2.7805820478578775,0.9335515526720264,0.12366456013755259,Doanh thu trung bình cao
fixture-user-2253,23.0,7.0,260.0,20.0,4.0,2.0,1,0.2,980.0,38.0,2,0.19806579033115437,0.6934432518431779,-0.10747748554529173,Nhóm hành vi còn lại
fixture-user-2254,78.0,3.0,0.0,11.0,0.0,0.0,0,0.0,110.0,13.0,1,-3.866786492395833,0.020083464757670286,0.3842998554068919,Hoạt động gần nhất cách xa
fixture-user-2255,16.0,10.0,0.0,26.0,14.0,3.0,0,0.5384615384615384,1680.0,68.0,0,1.696701628351615,-1.7818534565886186,0.24216164621576905,Tỷ lệ thêm giỏ/xem cao
fixture-user-2256,11.0,12.0,980.0,39.0,8.0,6.0,3,0.20512820512820512,2490.0,89.0,3,2.539096994000912,1.1608947269527035,0.2849645070861152,Doanh thu trung bình cao
fixture-user-2257,24.0,5.0,280.0,21.0,2.0,2.0,1,0.09523809523809523,990.0,39.0,2,-0.2535021844261599,1.1515543709784555,0.11036450120739257,Nhóm hành vi còn lại
fixture-user-2258,79.0,1.0,0.0,12.0,0.0,0.0,0,0.0,120.0,14.0,1,-4.177806227183311,0.009148059352104415,0.5663777413394052,Hoạt động gần nhất cách xa
fixture-user-2259,17.0,8.0,0.0,27.0,12.0,3.0,0,0.4444444444444444,1690.0,69.0,0,1.4131920056243967,-1.4634770190954087,0.43800042229131814,Tỷ lệ thêm giỏ/xem cao
fixture-user-2260,12.0,13.0,1000.0,40.0,9.0,6.0,3,0.225,2500.0,90.0,3,2.6355970708016336,1.085750837529916,0.34560189762492727,Doanh thu trung bình cao
fixture-user-2261,25.0,6.0,300.0,22.0,3.0,2.0,1,0.13636363636363635,1000.0,40.0,2,0.020448779079346835,0.987424175304437,0.14043401059775606,Nhóm hành vi còn lại
fixture-user-2262,80.0,2.0,0.0,13.0,0.0,0.0,0,0.0,130.0,15.0,1,-3.8452080923989924,0.04332455321405482,0.6691606922603189,Hoạt động gần nhất cách xa
fixture-user-2263,18.0,9.0,0.0,28.0,13.0,3.0,0,0.4642857142857143,1700.0,70.0,0,1.534830031286699,-1.5309960415171668,0.49554732017099296,Tỷ lệ thêm giỏ/xem cao
fixture-user-2264,13.0,14.0,1020.0,41.0,10.0,6.0,3,0.24390243902439024,2510.0,91.0,3,2.7262823845513653,1.0157588009747183,0.4029662204898221,Doanh thu trung bình cao
fixture-user-2265,26.0,7.0,320.0,23.0,4.0,2.0,1,0.17391304347826086,1010.0,41.0,2,0.2541908963254575,0.8477774875328858,0.17321533289513408,Nhóm hành vi còn lại
fixture-user-2266,81.0,3.0,0.0,14.0,0.0,0.0,0,0.0,140.0,16.0,1,-3.58892156885437,0.07130138670265128,0.7711842983243252,Hoạt động gần nhất cách xa
fixture-user-2267,19.0,10.0,0.0,29.0,14.0,3.0,0,0.4827586206896552,1710.0,71.0,0,1.6472575587743377,-1.5937242188893985,0.5517615405408011,Tỷ lệ thêm giỏ/xem cao
fixture-user-2268,14.0,12.0,1040.0,42.0,8.0,6.0,3,0.19047619047619047,2520.0,92.0,3,2.49670495094491,1.2290037398474845,0.5454645736096191,Doanh thu trung bình cao
fixture-user-2269,27.0,5.0,340.0,24.0,2.0,2.0,1,0.08333333333333333,1020.0,42.0,2,-0.18230360796635595,1.2586072038036613,0.3675912090530475,Nhóm hành vi còn lại
fixture-user-2270,82.0,1.0,0.0,15.0,0.0,0.0,0,0.0,150.0,17.0,1,-3.9196432407459767,0.05669108652696236,0.9282979885680404,Hoạt động gần nhất cách xa
fixture-user-2271,20.0,8.0,0.0,30.0,12.0,3.0,0,0.4,1720.0,72.0,0,1.3793488527403,-1.3100407571216666,0.7263442280480706,Tỷ lệ thêm giỏ/xem cao
fixture-user-2272,15.0,13.0,1060.0,43.0,9.0,6.0,3,0.20930232558139536,2530.0,93.0,3,2.5967783052258118,1.1568322528607358,0.5946167775727039,Doanh thu trung bình cao
fixture-user-2273,28.0,6.0,360.0,25.0,3.0,2.0,1,0.12,1030.0,43.0,2,0.08266019726750658,1.1041566022540645,0.39313910571678706,Nhóm hành vi còn lại
fixture-user-2274,83.0,2.0,0.0,16.0,0.0,0.0,0,0.0,160.0,18.0,1,-3.604202552262844,0.08767912367278557,1.0092869375057245,Hoạt động gần nhất cách xa
fixture-user-2275,21.0,9.0,0.0,31.0,13.0,3.0,0,0.41935483870967744,1730.0,73.0,0,1.501059534575714,-1.376636657189004,0.7749808036540073,Tỷ lệ thêm giỏ/xem cao
fixture-user-2276,16.0,14.0,1080.0,44.0,10.0,6.0,3,0.22727272727272727,2540.0,94.0,3,2.690427951437499,1.0894358139626867,0.6418324646043475,Doanh thu trung bình cao
fixture-user-2277,29.0,7.0,380.0,26.0,4.0,2.0,1,0.15384615384615385,1040.0,44.0,2,0.3086623039800275,0.9723028927926293,0.4212803240192725,Nhóm hành vi còn lại
fixture-user-2278,84.0,3.0,0.0,17.0,0.0,0.0,0,0.0,170.0,19.0,1,-3.3629925377313117,0.11286336793280101,1.0921119219662825,Hoạt động gần nhất cách xa
fixture-user-2279,22.0,10.0,0.0,32.0,14.0,3.0,0,0.4375,1740.0,74.0,0,1.6136201785899058,-1.438893929708042,0.822869682767591,Tỷ lệ thêm giỏ/xem cao
fixture-user-2280,2.0,12.0,800.0,30.0,8.0,6.0,3,0.26666666666666666,2400.0,80.0,3,2.949000201807968,0.9104099322153842,-1.040664161835835,Doanh thu trung bình cao
fixture-user-2281,15.0,5.0,100.0,12.0,2.0,2.0,1,0.16666666666666666,900.0,30.0,2,-0.5125113090819994,0.5888915999238798,-0.9213435417374367,Nhóm hành vi còn lại
fixture-user-2282,70.0,1.0,0.0,3.0,0.0,0.0,0,0.0,30.0,5.0,1,-5.653074755432996,-0.26751935962468665,-1.3948414954693151,Hoạt động gần nhất cách xa
fixture-user-2283,8.0,8.0,0.0,18.0,12.0,3.0,0,0.6666666666666666,1600.0,60.0,0,1.667619505045523,-2.2053810991863303,-0.7744155991773559,Tỷ lệ thêm giỏ/xem cao
fixture-user-2284,3.0,13.0,820.0,31.0,9.0,6.0,3,0.2903225806451613,2410.0,81.0,3,2.9722504279555224,0.8202064154922466,-0.8360402617366788,Doanh thu trung bình cao
fixture-user-2285,16.0,6.0,120.0,13.0,3.0,2.0,1,0.23076923076923078,910.0,31.0,2,-0.18823476857859642,0.3875447576114711,-0.8693490403338631,Nhóm hành vi còn lại
fixture-user-2286,71.0,2.0,0.0,4.0,0.0,0.0,0,0.0,40.0,6.0,1,-5.132931592866225,-0.19697308259203808,-1.0600968999130056,Hoạt động gần nhất cách xa
fixture-user-2287,9.0,9.0,0.0,19.0,13.0,3.0,0,0.6842105263157895,1610.0,61.0,0,1.7765266448407788,-2.263702585114586,-0.6595478640554292,Tỷ lệ thêm giỏ/xem cao
fixture-user-2288,4.0,14.0,840.0,32.0,10.0,6.0,3,0.3125,2420.0,82.0,3,3.01229401895736,0.7383363392983261,-0.6738605748864045,Doanh thu trung bình cao
fixture-user-2289,17.0,7.0,140.0,14.0,4.0,2.0,1,0.2857142857142857,920.0,32.0,2,0.08566905022148885,0.22145490054473832,-0.8127372610551373,Nhóm hành vi còn lại
fixture-user-2290,72.0,3.0,0.0,5.0,0.0,0.0,0,0.0,50.0,7.0,1,-4.734049758831314,-0.1415652227069219,-0.7803874603946023,Hoạt động gần nhất cách xa
fixture-user-2291,10.0,10.0,0.0,20.0,14.0,3.0,0,0.7,1620.0,62.0,0,1.8778157374373483,-2.316152393098142,-0.5521462253135105,Tỷ lệ thêm giỏ/xem cao
fixture-user-2292,5.0,12.0,860.0,33.0,8.0,6.0,3,0.24242424242424243,2430.0,83.0,3,2.7201358279717427,1.0010280153705131,-0.43135310572761704,Doanh thu trung bình cao
fixture-user-2293,18.0,5.0,160.0,15.0,2.0,2.0,1,0.13333333333333333,930.0,33.0,2,-0.416368974045729,0.8413722469868408,-0.5202824835880352,Nhóm hành vi còn lại
fixture-user-2294,73.0,1.0,0.0,6.0,0.0,0.0,0,0.0,60.0,8.0,1,-4.951827114160079,-0.13461517315522942,-0.48185008826089964,Hoạt động gần nhất cách xa
fixture-user-2295,11.0,8.0,0.0,21.0,12.0,3.0,0,0.5714285714285714,1630.0,63.0,0,1.5440020110863266,-1.8916105529499507,-0.2894737393083827,Tỷ lệ thêm giỏ/xem cao
fixture-user-2296,6.0,13.0,880.0,34.0,9.0,6.0,3,0.2647058823529412,2440.0,84.0,3,2.793205514756805,0.9179893295870694,-0.3181395540304275,Doanh thu trung bình cao
fixture-user-2297,19.0,6.0,180.0,16.0,3.0,2.0,1,0.1875,940.0,34.0,2,-0.11506542133983415,0.6524097200437152,-0.47729764843711464,Nhóm hành vi còn lại
fixture-user-2298,74.0,2.0,0.0,7.0,0.0,0.0,0,0.0,70.0,9.0,1,-4.544300503596412,-0.08616879017803282,-0.28512883644029735,Hoạt động gần nhất cách xa
fixture-user-2299,12.0,9.0,0.0,22.0,13.0,3.0,0,0.5909090909090909,1640.0,64.0,0,1.6610803566223118,-1.956635720808595,-0.20216044539729697,Tỷ lệ thêm giỏ/xem cao
fixture-user-2300,7.0,14.0,900.0,35.0,10.0,6.0,3,0.2857142857142857,2450.0,85.0,3,2.865809296514496,0.8413885834551914,-0.21799543117210443,Doanh thu trung bình cao
fixture-user-2301,20.0,7.0,200.0,17.0,4.0,2.0,1,0.23529411764705882,950.0,35.0,2,0.1412081418293925,0.49422871537243757,-0.4309330555436214,Nhóm hành vi còn lại
fixture-user-2302,75.0,3.0,0.0,8.0,0.0,0.0,0,0.0,80.0,10.0,1,-4.226355602128988,-0.04652353682671037,-0.10556235721929748,Hoạt động gần nhất cách xa
fixture-user-2303,13.0,10.0,0.0,23.0,14.0,3.0,0,0.6086956521739131,1650.0,65.0,0,1.769348185040836,-2.015953016612214,-0.1188564273584944,Tỷ lệ thêm giỏ/xem cao
fixture-user-2304,8.0,12.0,920.0,36.0,8.0,6.0,3,0.2222222222222222,2460.0,86.0,3,2.6063737094369293,1.0851522433954928,-0.028162481097520817,Doanh thu trung bình cao
fixture-user-2305,21.0,5.0,220.0,18.0,2.0,2.0,1,0.1111111111111111,960.0,36.0,2,-0.331015161317517,1.017672557566975,-0.18189320559016225,Nhóm hành vi còn lại
fixture-user-2306,76.0,1.0,0.0,9.0,0.0,0.0,0,0.0,90.0,11.0,1,-4.5053809003710175,-0.051404916593935875,0.11674763187868262,Hoạt động gần nhất cách xa
fixture-user-2307,14.0,8.0,0.0,24.0,12.0,3.0,0,0.5,1660.0,66.0,0,1.4649328760198592,-1.6524200575582768,0.10500751195665843,Tỷ lệ thêm giỏ/xem cao
fixture-user-2308,9.0,13.0,940.0,37.0,9.0,6.0,3,0.24324324324324326,2470.0,87.0,3,2.6956818339500837,1.0065237107878025,0.05075676314821963,Doanh thu trung bình cao
fixture-user-2309,22.0,6.0,240.0,19.0,3.0,2.0,1,0.15789473684210525,970.0,37.0,2,-0.045442287582045944,0.842002022281944,-0.14614921568949865,Nhóm hành vi còn lại
fixture-user-2310,77.0,2.0,0.0,10.0,0.0,0.0,0,0.0,100.0,12.0,1,-4.145933218700002,-0.012175282230817307,0.25338192247508057,Hoạt động gần nhất cách xa
fixture-user-2311,15.0,9.0,0.0,25.0,13.0,3.0,0,0.52,1670.0,67.0,0,1.5853970707566725,-1.7197729720568595,0.17473155318197717,Tỷ lệ thêm giỏ/xem cao
fixture-user-2312,10.0,14.0,960.0,38.0,10.0,6.0,3,0.2631578947368421,2480.0,88.0,3,2.7805820478578775,0.9335515526720264,0.12366456013755259,Doanh thu trung bình cao
fixture-user-2313,23.0,7.0,260.0,20.0,4.0,2.0,1,0.2,980.0,38.0,2,0.19806579033115437,0.6934432518431779,-0.10747748554529173,Nhóm hành vi còn lại
fixture-user-2314,78.0,3.0,0.0,11.0,0.0,0.0,0,0.0,110.0,13.0,1,-3.866786492395833,0.020083464757670286,0.3842998554068919,Hoạt động gần nhất cách xa
fixture-user-2315,16.0,10.0,0.0,26.0,14.0,3.0,0,0.5384615384615384,1680.0,68.0,0,1.696701628351615,-1.7818534565886186,0.24216164621576905,Tỷ lệ thêm giỏ/xem cao
fixture-user-2316,11.0,12.0,980.0,39.0,8.0,6.0,3,0.20512820512820512,2490.0,89.0,3,2.539096994000912,1.1608947269527035,0.2849645070861152,Doanh thu trung bình cao
fixture-user-2317,24.0,5.0,280.0,21.0,2.0,2.0,1,0.09523809523809523,990.0,39.0,2,-0.2535021844261599,1.1515543709784555,0.11036450120739257,Nhóm hành vi còn lại
fixture-user-2318,79.0,1.0,0.0,12.0,0.0,0.0,0,0.0,120.0,14.0,1,-4.177806227183311,0.009148059352104415,0.5663777413394052,Hoạt động gần nhất cách xa
fixture-user-2319,17.0,8.0,0.0,27.0,12.0,3.0,0,0.4444444444444444,1690.0,69.0,0,1.4131920056243967,-1.4634770190954087,0.43800042229131814,Tỷ lệ thêm giỏ/xem cao
fixture-user-2320,12.0,13.0,1000.0,40.0,9.0,6.0,3,0.225,2500.0,90.0,3,2.6355970708016336,1.085750837529916,0.34560189762492727,Doanh thu trung bình cao
fixture-user-2321,25.0,6.0,300.0,22.0,3.0,2.0,1,0.13636363636363635,1000.0,40.0,2,0.020448779079346835,0.987424175304437,0.14043401059775606,Nhóm hành vi còn lại
fixture-user-2322,80.0,2.0,0.0,13.0,0.0,0.0,0,0.0,130.0,15.0,1,-3.8452080923989924,0.04332455321405482,0.6691606922603189,Hoạt động gần nhất cách xa
fixture-user-2323,18.0,9.0,0.0,28.0,13.0,3.0,0,0.4642857142857143,1700.0,70.0,0,1.534830031286699,-1.5309960415171668,0.49554732017099296,Tỷ lệ thêm giỏ/xem cao
fixture-user-2324,13.0,14.0,1020.0,41.0,10.0,6.0,3,0.24390243902439024,2510.0,91.0,3,2.7262823845513653,1.0157588009747183,0.4029662204898221,Doanh thu trung bình cao
fixture-user-2325,26.0,7.0,320.0,23.0,4.0,2.0,1,0.17391304347826086,1010.0,41.0,2,0.2541908963254575,0.8477774875328858,0.17321533289513408,Nhóm hành vi còn lại
fixture-user-2326,81.0,3.0,0.0,14.0,0.0,0.0,0,0.0,140.0,16.0,1,-3.58892156885437,0.07130138670265128,0.7711842983243252,Hoạt động gần nhất cách xa
fixture-user-2327,19.0,10.0,0.0,29.0,14.0,3.0,0,0.4827586206896552,1710.0,71.0,0,1.6472575587743377,-1.5937242188893985,0.5517615405408011,Tỷ lệ thêm giỏ/xem cao
fixture-user-2328,14.0,12.0,1040.0,42.0,8.0,6.0,3,0.19047619047619047,2520.0,92.0,3,2.49670495094491,1.2290037398474845,0.5454645736096191,Doanh thu trung bình cao
fixture-user-2329,27.0,5.0,340.0,24.0,2.0,2.0,1,0.08333333333333333,1020.0,42.0,2,-0.18230360796635595,1.2586072038036613,0.3675912090530475,Nhóm hành vi còn lại
fixture-user-2330,82.0,1.0,0.0,15.0,0.0,0.0,0,0.0,150.0,17.0,1,-3.9196432407459767,0.05669108652696236,0.9282979885680404,Hoạt động gần nhất cách xa
fixture-user-2331,20.0,8.0,0.0,30.0,12.0,3.0,0,0.4,1720.0,72.0,0,1.3793488527403,-1.3100407571216666,0.7263442280480706,Tỷ lệ thêm giỏ/xem cao
fixture-user-2332,15.0,13.0,1060.0,43.0,9.0,6.0,3,0.20930232558139536,2530.0,93.0,3,2.5967783052258118,1.1568322528607358,0.5946167775727039,Doanh thu trung bình cao
fixture-user-2333,28.0,6.0,360.0,25.0,3.0,2.0,1,0.12,1030.0,43.0,2,0.08266019726750658,1.1041566022540645,0.39313910571678706,Nhóm hành vi còn lại
fixture-user-2334,83.0,2.0,0.0,16.0,0.0,0.0,0,0.0,160.0,18.0,1,-3.604202552262844,0.08767912367278557,1.0092869375057245,Hoạt động gần nhất cách xa
fixture-user-2335,21.0,9.0,0.0,31.0,13.0,3.0,0,0.41935483870967744,1730.0,73.0,0,1.501059534575714,-1.376636657189004,0.7749808036540073,Tỷ lệ thêm giỏ/xem cao
fixture-user-2336,16.0,14.0,1080.0,44.0,10.0,6.0,3,0.22727272727272727,2540.0,94.0,3,2.690427951437499,1.0894358139626867,0.6418324646043475,Doanh thu trung bình cao
fixture-user-2337,29.0,7.0,380.0,26.0,4.0,2.0,1,0.15384615384615385,1040.0,44.0,2,0.3086623039800275,0.9723028927926293,0.4212803240192725,Nhóm hành vi còn lại
fixture-user-2338,84.0,3.0,0.0,17.0,0.0,0.0,0,0.0,170.0,19.0,1,-3.3629925377313117,0.11286336793280101,1.0921119219662825,Hoạt động gần nhất cách xa
fixture-user-2339,22.0,10.0,0.0,32.0,14.0,3.0,0,0.4375,1740.0,74.0,0,1.6136201785899058,-1.438893929708042,0.822869682767591,Tỷ lệ thêm giỏ/xem cao
fixture-user-2340,2.0,12.0,800.0,30.0,8.0,6.0,3,0.26666666666666666,2400.0,80.0,3,2.949000201807968,0.9104099322153842,-1.040664161835835,Doanh thu trung bình cao
fixture-user-2341,15.0,5.0,100.0,12.0,2.0,2.0,1,0.16666666666666666,900.0,30.0,2,-0.5125113090819994,0.5888915999238798,-0.9213435417374367,Nhóm hành vi còn lại
fixture-user-2342,70.0,1.0,0.0,3.0,0.0,0.0,0,0.0,30.0,5.0,1,-5.653074755432996,-0.26751935962468665,-1.3948414954693151,Hoạt động gần nhất cách xa
fixture-user-2343,8.0,8.0,0.0,18.0,12.0,3.0,0,0.6666666666666666,1600.0,60.0,0,1.667619505045523,-2.2053810991863303,-0.7744155991773559,Tỷ lệ thêm giỏ/xem cao
fixture-user-2344,3.0,13.0,820.0,31.0,9.0,6.0,3,0.2903225806451613,2410.0,81.0,3,2.9722504279555224,0.8202064154922466,-0.8360402617366788,Doanh thu trung bình cao
fixture-user-2345,16.0,6.0,120.0,13.0,3.0,2.0,1,0.23076923076923078,910.0,31.0,2,-0.18823476857859642,0.3875447576114711,-0.8693490403338631,Nhóm hành vi còn lại
fixture-user-2346,71.0,2.0,0.0,4.0,0.0,0.0,0,0.0,40.0,6.0,1,-5.132931592866225,-0.19697308259203808,-1.0600968999130056,Hoạt động gần nhất cách xa
fixture-user-2347,9.0,9.0,0.0,19.0,13.0,3.0,0,0.6842105263157895,1610.0,61.0,0,1.7765266448407788,-2.263702585114586,-0.6595478640554292,Tỷ lệ thêm giỏ/xem cao
fixture-user-2348,4.0,14.0,840.0,32.0,10.0,6.0,3,0.3125,2420.0,82.0,3,3.01229401895736,0.7383363392983261,-0.6738605748864045,Doanh thu trung bình cao
fixture-user-2349,17.0,7.0,140.0,14.0,4.0,2.0,1,0.2857142857142857,920.0,32.0,2,0.08566905022148885,0.22145490054473832,-0.8127372610551373,Nhóm hành vi còn lại
fixture-user-2350,72.0,3.0,0.0,5.0,0.0,0.0,0,0.0,50.0,7.0,1,-4.734049758831314,-0.1415652227069219,-0.7803874603946023,Hoạt động gần nhất cách xa
fixture-user-2351,10.0,10.0,0.0,20.0,14.0,3.0,0,0.7,1620.0,62.0,0,1.8778157374373483,-2.316152393098142,-0.5521462253135105,Tỷ lệ thêm giỏ/xem cao
fixture-user-2352,5.0,12.0,860.0,33.0,8.0,6.0,3,0.24242424242424243,2430.0,83.0,3,2.7201358279717427,1.0010280153705131,-0.43135310572761704,Doanh thu trung bình cao
fixture-user-2353,18.0,5.0,160.0,15.0,2.0,2.0,1,0.13333333333333333,930.0,33.0,2,-0.416368974045729,0.8413722469868408,-0.5202824835880352,Nhóm hành vi còn lại
fixture-user-2354,73.0,1.0,0.0,6.0,0.0,0.0,0,0.0,60.0,8.0,1,-4.951827114160079,-0.13461517315522942,-0.48185008826089964,Hoạt động gần nhất cách xa
fixture-user-2355,11.0,8.0,0.0,21.0,12.0,3.0,0,0.5714285714285714,1630.0,63.0,0,1.5440020110863266,-1.8916105529499507,-0.2894737393083827,Tỷ lệ thêm giỏ/xem cao
fixture-user-2356,6.0,13.0,880.0,34.0,9.0,6.0,3,0.2647058823529412,2440.0,84.0,3,2.793205514756805,0.9179893295870694,-0.3181395540304275,Doanh thu trung bình cao
fixture-user-2357,19.0,6.0,180.0,16.0,3.0,2.0,1,0.1875,940.0,34.0,2,-0.11506542133983415,0.6524097200437152,-0.47729764843711464,Nhóm hành vi còn lại
fixture-user-2358,74.0,2.0,0.0,7.0,0.0,0.0,0,0.0,70.0,9.0,1,-4.544300503596412,-0.08616879017803282,-0.28512883644029735,Hoạt động gần nhất cách xa
fixture-user-2359,12.0,9.0,0.0,22.0,13.0,3.0,0,0.5909090909090909,1640.0,64.0,0,1.6610803566223118,-1.956635720808595,-0.20216044539729697,Tỷ lệ thêm giỏ/xem cao
fixture-user-2360,7.0,14.0,900.0,35.0,10.0,6.0,3,0.2857142857142857,2450.0,85.0,3,2.865809296514496,0.8413885834551914,-0.21799543117210443,Doanh thu trung bình cao
fixture-user-2361,20.0,7.0,200.0,17.0,4.0,2.0,1,0.23529411764705882,950.0,35.0,2,0.1412081418293925,0.49422871537243757,-0.4309330555436214,Nhóm hành vi còn lại
fixture-user-2362,75.0,3.0,0.0,8.0,0.0,0.0,0,0.0,80.0,10.0,1,-4.226355602128988,-0.04652353682671037,-0.10556235721929748,Hoạt động gần nhất cách xa
fixture-user-2363,13.0,10.0,0.0,23.0,14.0,3.0,0,0.6086956521739131,1650.0,65.0,0,1.769348185040836,-2.015953016612214,-0.1188564273584944,Tỷ lệ thêm giỏ/xem cao
fixture-user-2364,8.0,12.0,920.0,36.0,8.0,6.0,3,0.2222222222222222,2460.0,86.0,3,2.6063737094369293,1.0851522433954928,-0.028162481097520817,Doanh thu trung bình cao
fixture-user-2365,21.0,5.0,220.0,18.0,2.0,2.0,1,0.1111111111111111,960.0,36.0,2,-0.331015161317517,1.017672557566975,-0.18189320559016225,Nhóm hành vi còn lại
fixture-user-2366,76.0,1.0,0.0,9.0,0.0,0.0,0,0.0,90.0,11.0,1,-4.5053809003710175,-0.051404916593935875,0.11674763187868262,Hoạt động gần nhất cách xa
fixture-user-2367,14.0,8.0,0.0,24.0,12.0,3.0,0,0.5,1660.0,66.0,0,1.4649328760198592,-1.6524200575582768,0.10500751195665843,Tỷ lệ thêm giỏ/xem cao
fixture-user-2368,9.0,13.0,940.0,37.0,9.0,6.0,3,0.24324324324324326,2470.0,87.0,3,2.6956818339500837,1.0065237107878025,0.05075676314821963,Doanh thu trung bình cao
fixture-user-2369,22.0,6.0,240.0,19.0,3.0,2.0,1,0.15789473684210525,970.0,37.0,2,-0.045442287582045944,0.842002022281944,-0.14614921568949865,Nhóm hành vi còn lại
fixture-user-2370,77.0,2.0,0.0,10.0,0.0,0.0,0,0.0,100.0,12.0,1,-4.145933218700002,-0.012175282230817307,0.25338192247508057,Hoạt động gần nhất cách xa
fixture-user-2371,15.0,9.0,0.0,25.0,13.0,3.0,0,0.52,1670.0,67.0,0,1.5853970707566725,-1.7197729720568595,0.17473155318197717,Tỷ lệ thêm giỏ/xem cao
fixture-user-2372,10.0,14.0,960.0,38.0,10.0,6.0,3,0.2631578947368421,2480.0,88.0,3,2.7805820478578775,0.9335515526720264,0.12366456013755259,Doanh thu trung bình cao
fixture-user-2373,23.0,7.0,260.0,20.0,4.0,2.0,1,0.2,980.0,38.0,2,0.19806579033115437,0.6934432518431779,-0.10747748554529173,Nhóm hành vi còn lại
fixture-user-2374,78.0,3.0,0.0,11.0,0.0,0.0,0,0.0,110.0,13.0,1,-3.866786492395833,0.020083464757670286,0.3842998554068919,Hoạt động gần nhất cách xa
fixture-user-2375,16.0,10.0,0.0,26.0,14.0,3.0,0,0.5384615384615384,1680.0,68.0,0,1.696701628351615,-1.7818534565886186,0.24216164621576905,Tỷ lệ thêm giỏ/xem cao
fixture-user-2376,11.0,12.0,980.0,39.0,8.0,6.0,3,0.20512820512820512,2490.0,89.0,3,2.539096994000912,1.1608947269527035,0.2849645070861152,Doanh thu trung bình cao
fixture-user-2377,24.0,5.0,280.0,21.0,2.0,2.0,1,0.09523809523809523,990.0,39.0,2,-0.2535021844261599,1.1515543709784555,0.11036450120739257,Nhóm hành vi còn lại
fixture-user-2378,79.0,1.0,0.0,12.0,0.0,0.0,0,0.0,120.0,14.0,1,-4.177806227183311,0.009148059352104415,0.5663777413394052,Hoạt động gần nhất cách xa
fixture-user-2379,17.0,8.0,0.0,27.0,12.0,3.0,0,0.4444444444444444,1690.0,69.0,0,1.4131920056243967,-1.4634770190954087,0.43800042229131814,Tỷ lệ thêm giỏ/xem cao
fixture-user-2380,12.0,13.0,1000.0,40.0,9.0,6.0,3,0.225,2500.0,90.0,3,2.6355970708016336,1.085750837529916,0.34560189762492727,Doanh thu trung bình cao
fixture-user-2381,25.0,6.0,300.0,22.0,3.0,2.0,1,0.13636363636363635,1000.0,40.0,2,0.020448779079346835,0.987424175304437,0.14043401059775606,Nhóm hành vi còn lại
fixture-user-2382,80.0,2.0,0.0,13.0,0.0,0.0,0,0.0,130.0,15.0,1,-3.8452080923989924,0.04332455321405482,0.6691606922603189,Hoạt động gần nhất cách xa
fixture-user-2383,18.0,9.0,0.0,28.0,13.0,3.0,0,0.4642857142857143,1700.0,70.0,0,1.534830031286699,-1.5309960415171668,0.49554732017099296,Tỷ lệ thêm giỏ/xem cao
fixture-user-2384,13.0,14.0,1020.0,41.0,10.0,6.0,3,0.24390243902439024,2510.0,91.0,3,2.7262823845513653,1.0157588009747183,0.4029662204898221,Doanh thu trung bình cao
fixture-user-2385,26.0,7.0,320.0,23.0,4.0,2.0,1,0.17391304347826086,1010.0,41.0,2,0.2541908963254575,0.8477774875328858,0.17321533289513408,Nhóm hành vi còn lại
fixture-user-2386,81.0,3.0,0.0,14.0,0.0,0.0,0,0.0,140.0,16.0,1,-3.58892156885437,0.07130138670265128,0.7711842983243252,Hoạt động gần nhất cách xa
fixture-user-2387,19.0,10.0,0.0,29.0,14.0,3.0,0,0.4827586206896552,1710.0,71.0,0,1.6472575587743377,-1.5937242188893985,0.5517615405408011,Tỷ lệ thêm giỏ/xem cao
fixture-user-2388,14.0,12.0,1040.0,42.0,8.0,6.0,3,0.19047619047619047,2520.0,92.0,3,2.49670495094491,1.2290037398474845,0.5454645736096191,Doanh thu trung bình cao
fixture-user-2389,27.0,5.0,340.0,24.0,2.0,2.0,1,0.08333333333333333,1020.0,42.0,2,-0.18230360796635595,1.2586072038036613,0.3675912090530475,Nhóm hành vi còn lại
fixture-user-2390,82.0,1.0,0.0,15.0,0.0,0.0,0,0.0,150.0,17.0,1,-3.9196432407459767,0.05669108652696236,0.9282979885680404,Hoạt động gần nhất cách xa
fixture-user-2391,20.0,8.0,0.0,30.0,12.0,3.0,0,0.4,1720.0,72.0,0,1.3793488527403,-1.3100407571216666,0.7263442280480706,Tỷ lệ thêm giỏ/xem cao
fixture-user-2392,15.0,13.0,1060.0,43.0,9.0,6.0,3,0.20930232558139536,2530.0,93.0,3,2.5967783052258118,1.1568322528607358,0.5946167775727039,Doanh thu trung bình cao
fixture-user-2393,28.0,6.0,360.0,25.0,3.0,2.0,1,0.12,1030.0,43.0,2,0.08266019726750658,1.1041566022540645,0.39313910571678706,Nhóm hành vi còn lại
fixture-user-2394,83.0,2.0,0.0,16.0,0.0,0.0,0,0.0,160.0,18.0,1,-3.604202552262844,0.08767912367278557,1.0092869375057245,Hoạt động gần nhất cách xa
fixture-user-2395,21.0,9.0,0.0,31.0,13.0,3.0,0,0.41935483870967744,1730.0,73.0,0,1.501059534575714,-1.376636657189004,0.7749808036540073,Tỷ lệ thêm giỏ/xem cao
fixture-user-2396,16.0,14.0,1080.0,44.0,10.0,6.0,3,0.22727272727272727,2540.0,94.0,3,2.690427951437499,1.0894358139626867,0.6418324646043475,Doanh thu trung bình cao
fixture-user-2397,29.0,7.0,380.0,26.0,4.0,2.0,1,0.15384615384615385,1040.0,44.0,2,0.3086623039800275,0.9723028927926293,0.4212803240192725,Nhóm hành vi còn lại
fixture-user-2398,84.0,3.0,0.0,17.0,0.0,0.0,0,0.0,170.0,19.0,1,-3.3629925377313117,0.11286336793280101,1.0921119219662825,Hoạt động gần nhất cách xa
fixture-user-2399,22.0,10.0,0.0,32.0,14.0,3.0,0,0.4375,1740.0,74.0,0,1.6136201785899058,-1.438893929708042,0.822869682767591,Tỷ lệ thêm giỏ/xem cao
fixture-user-2400,2.0,12.0,800.0,30.0,8.0,6.0,3,0.26666666666666666,2400.0,80.0,3,2.949000201807968,0.9104099322153842,-1.040664161835835,Doanh thu trung bình cao
fixture-user-2401,15.0,5.0,100.0,12.0,2.0,2.0,1,0.16666666666666666,900.0,30.0,2,-0.5125113090819994,0.5888915999238798,-0.9213435417374367,Nhóm hành vi còn lại
fixture-user-2402,70.0,1.0,0.0,3.0,0.0,0.0,0,0.0,30.0,5.0,1,-5.653074755432996,-0.26751935962468665,-1.3948414954693151,Hoạt động gần nhất cách xa
fixture-user-2403,8.0,8.0,0.0,18.0,12.0,3.0,0,0.6666666666666666,1600.0,60.0,0,1.667619505045523,-2.2053810991863303,-0.7744155991773559,Tỷ lệ thêm giỏ/xem cao
fixture-user-2404,3.0,13.0,820.0,31.0,9.0,6.0,3,0.2903225806451613,2410.0,81.0,3,2.9722504279555224,0.8202064154922466,-0.8360402617366788,Doanh thu trung bình cao
fixture-user-2405,16.0,6.0,120.0,13.0,3.0,2.0,1,0.23076923076923078,910.0,31.0,2,-0.18823476857859642,0.3875447576114711,-0.8693490403338631,Nhóm hành vi còn lại
fixture-user-2406,71.0,2.0,0.0,4.0,0.0,0.0,0,0.0,40.0,6.0,1,-5.132931592866225,-0.19697308259203808,-1.0600968999130056,Hoạt động gần nhất cách xa
fixture-user-2407,9.0,9.0,0.0,19.0,13.0,3.0,0,0.6842105263157895,1610.0,61.0,0,1.7765266448407788,-2.263702585114586,-0.6595478640554292,Tỷ lệ thêm giỏ/xem cao
fixture-user-2408,4.0,14.0,840.0,32.0,10.0,6.0,3,0.3125,2420.0,82.0,3,3.01229401895736,0.7383363392983261,-0.6738605748864045,Doanh thu trung bình cao
fixture-user-2409,17.0,7.0,140.0,14.0,4.0,2.0,1,0.2857142857142857,920.0,32.0,2,0.08566905022148885,0.22145490054473832,-0.8127372610551373,Nhóm hành vi còn lại
fixture-user-2410,72.0,3.0,0.0,5.0,0.0,0.0,0,0.0,50.0,7.0,1,-4.734049758831314,-0.1415652227069219,-0.7803874603946023,Hoạt động gần nhất cách xa
fixture-user-2411,10.0,10.0,0.0,20.0,14.0,3.0,0,0.7,1620.0,62.0,0,1.8778157374373483,-2.316152393098142,-0.5521462253135105,Tỷ lệ thêm giỏ/xem cao
fixture-user-2412,5.0,12.0,860.0,33.0,8.0,6.0,3,0.24242424242424243,2430.0,83.0,3,2.7201358279717427,1.0010280153705131,-0.43135310572761704,Doanh thu trung bình cao
fixture-user-2413,18.0,5.0,160.0,15.0,2.0,2.0,1,0.13333333333333333,930.0,33.0,2,-0.416368974045729,0.8413722469868408,-0.5202824835880352,Nhóm hành vi còn lại
fixture-user-2414,73.0,1.0,0.0,6.0,0.0,0.0,0,0.0,60.0,8.0,1,-4.951827114160079,-0.13461517315522942,-0.48185008826089964,Hoạt động gần nhất cách xa
fixture-user-2415,11.0,8.0,0.0,21.0,12.0,3.0,0,0.5714285714285714,1630.0,63.0,0,1.5440020110863266,-1.8916105529499507,-0.2894737393083827,Tỷ lệ thêm giỏ/xem cao
fixture-user-2416,6.0,13.0,880.0,34.0,9.0,6.0,3,0.2647058823529412,2440.0,84.0,3,2.793205514756805,0.9179893295870694,-0.3181395540304275,Doanh thu trung bình cao
fixture-user-2417,19.0,6.0,180.0,16.0,3.0,2.0,1,0.1875,940.0,34.0,2,-0.11506542133983415,0.6524097200437152,-0.47729764843711464,Nhóm hành vi còn lại
fixture-user-2418,74.0,2.0,0.0,7.0,0.0,0.0,0,0.0,70.0,9.0,1,-4.544300503596412,-0.08616879017803282,-0.28512883644029735,Hoạt động gần nhất cách xa
fixture-user-2419,12.0,9.0,0.0,22.0,13.0,3.0,0,0.5909090909090909,1640.0,64.0,0,1.6610803566223118,-1.956635720808595,-0.20216044539729697,Tỷ lệ thêm giỏ/xem cao
fixture-user-2420,7.0,14.0,900.0,35.0,10.0,6.0,3,0.2857142857142857,2450.0,85.0,3,2.865809296514496,0.8413885834551914,-0.21799543117210443,Doanh thu trung bình cao
fixture-user-2421,20.0,7.0,200.0,17.0,4.0,2.0,1,0.23529411764705882,950.0,35.0,2,0.1412081418293925,0.49422871537243757,-0.4309330555436214,Nhóm hành vi còn lại
fixture-user-2422,75.0,3.0,0.0,8.0,0.0,0.0,0,0.0,80.0,10.0,1,-4.226355602128988,-0.04652353682671037,-0.10556235721929748,Hoạt động gần nhất cách xa
fixture-user-2423,13.0,10.0,0.0,23.0,14.0,3.0,0,0.6086956521739131,1650.0,65.0,0,1.769348185040836,-2.015953016612214,-0.1188564273584944,Tỷ lệ thêm giỏ/xem cao
fixture-user-2424,8.0,12.0,920.0,36.0,8.0,6.0,3,0.2222222222222222,2460.0,86.0,3,2.6063737094369293,1.0851522433954928,-0.028162481097520817,Doanh thu trung bình cao
fixture-user-2425,21.0,5.0,220.0,18.0,2.0,2.0,1,0.1111111111111111,960.0,36.0,2,-0.331015161317517,1.017672557566975,-0.18189320559016225,Nhóm hành vi còn lại
fixture-user-2426,76.0,1.0,0.0,9.0,0.0,0.0,0,0.0,90.0,11.0,1,-4.5053809003710175,-0.051404916593935875,0.11674763187868262,Hoạt động gần nhất cách xa
fixture-user-2427,14.0,8.0,0.0,24.0,12.0,3.0,0,0.5,1660.0,66.0,0,1.4649328760198592,-1.6524200575582768,0.10500751195665843,Tỷ lệ thêm giỏ/xem cao
fixture-user-2428,9.0,13.0,940.0,37.0,9.0,6.0,3,0.24324324324324326,2470.0,87.0,3,2.6956818339500837,1.0065237107878025,0.05075676314821963,Doanh thu trung bình cao
fixture-user-2429,22.0,6.0,240.0,19.0,3.0,2.0,1,0.15789473684210525,970.0,37.0,2,-0.045442287582045944,0.842002022281944,-0.14614921568949865,Nhóm hành vi còn lại
fixture-user-2430,77.0,2.0,0.0,10.0,0.0,0.0,0,0.0,100.0,12.0,1,-4.145933218700002,-0.012175282230817307,0.25338192247508057,Hoạt động gần nhất cách xa
fixture-user-2431,15.0,9.0,0.0,25.0,13.0,3.0,0,0.52,1670.0,67.0,0,1.5853970707566725,-1.7197729720568595,0.17473155318197717,Tỷ lệ thêm giỏ/xem cao
fixture-user-2432,10.0,14.0,960.0,38.0,10.0,6.0,3,0.2631578947368421,2480.0,88.0,3,2.7805820478578775,0.9335515526720264,0.12366456013755259,Doanh thu trung bình cao
fixture-user-2433,23.0,7.0,260.0,20.0,4.0,2.0,1,0.2,980.0,38.0,2,0.19806579033115437,0.6934432518431779,-0.10747748554529173,Nhóm hành vi còn lại
fixture-user-2434,78.0,3.0,0.0,11.0,0.0,0.0,0,0.0,110.0,13.0,1,-3.866786492395833,0.020083464757670286,0.3842998554068919,Hoạt động gần nhất cách xa
fixture-user-2435,16.0,10.0,0.0,26.0,14.0,3.0,0,0.5384615384615384,1680.0,68.0,0,1.696701628351615,-1.7818534565886186,0.24216164621576905,Tỷ lệ thêm giỏ/xem cao
fixture-user-2436,11.0,12.0,980.0,39.0,8.0,6.0,3,0.20512820512820512,2490.0,89.0,3,2.539096994000912,1.1608947269527035,0.2849645070861152,Doanh thu trung bình cao
fixture-user-2437,24.0,5.0,280.0,21.0,2.0,2.0,1,0.09523809523809523,990.0,39.0,2,-0.2535021844261599,1.1515543709784555,0.11036450120739257,Nhóm hành vi còn lại
fixture-user-2438,79.0,1.0,0.0,12.0,0.0,0.0,0,0.0,120.0,14.0,1,-4.177806227183311,0.009148059352104415,0.5663777413394052,Hoạt động gần nhất cách xa
fixture-user-2439,17.0,8.0,0.0,27.0,12.0,3.0,0,0.4444444444444444,1690.0,69.0,0,1.4131920056243967,-1.4634770190954087,0.43800042229131814,Tỷ lệ thêm giỏ/xem cao
fixture-user-2440,12.0,13.0,1000.0,40.0,9.0,6.0,3,0.225,2500.0,90.0,3,2.6355970708016336,1.085750837529916,0.34560189762492727,Doanh thu trung bình cao
fixture-user-2441,25.0,6.0,300.0,22.0,3.0,2.0,1,0.13636363636363635,1000.0,40.0,2,0.020448779079346835,0.987424175304437,0.14043401059775606,Nhóm hành vi còn lại
fixture-user-2442,80.0,2.0,0.0,13.0,0.0,0.0,0,0.0,130.0,15.0,1,-3.8452080923989924,0.04332455321405482,0.6691606922603189,Hoạt động gần nhất cách xa
fixture-user-2443,18.0,9.0,0.0,28.0,13.0,3.0,0,0.4642857142857143,1700.0,70.0,0,1.534830031286699,-1.5309960415171668,0.49554732017099296,Tỷ lệ thêm giỏ/xem cao
fixture-user-2444,13.0,14.0,1020.0,41.0,10.0,6.0,3,0.24390243902439024,2510.0,91.0,3,2.7262823845513653,1.0157588009747183,0.4029662204898221,Doanh thu trung bình cao
fixture-user-2445,26.0,7.0,320.0,23.0,4.0,2.0,1,0.17391304347826086,1010.0,41.0,2,0.2541908963254575,0.8477774875328858,0.17321533289513408,Nhóm hành vi còn lại
fixture-user-2446,81.0,3.0,0.0,14.0,0.0,0.0,0,0.0,140.0,16.0,1,-3.58892156885437,0.07130138670265128,0.7711842983243252,Hoạt động gần nhất cách xa
fixture-user-2447,19.0,10.0,0.0,29.0,14.0,3.0,0,0.4827586206896552,1710.0,71.0,0,1.6472575587743377,-1.5937242188893985,0.5517615405408011,Tỷ lệ thêm giỏ/xem cao
fixture-user-2448,14.0,12.0,1040.0,42.0,8.0,6.0,3,0.19047619047619047,2520.0,92.0,3,2.49670495094491,1.2290037398474845,0.5454645736096191,Doanh thu trung bình cao
fixture-user-2449,27.0,5.0,340.0,24.0,2.0,2.0,1,0.08333333333333333,1020.0,42.0,2,-0.18230360796635595,1.2586072038036613,0.3675912090530475,Nhóm hành vi còn lại
fixture-user-2450,82.0,1.0,0.0,15.0,0.0,0.0,0,0.0,150.0,17.0,1,-3.9196432407459767,0.05669108652696236,0.9282979885680404,Hoạt động gần nhất cách xa
fixture-user-2451,20.0,8.0,0.0,30.0,12.0,3.0,0,0.4,1720.0,72.0,0,1.3793488527403,-1.3100407571216666,0.7263442280480706,Tỷ lệ thêm giỏ/xem cao
fixture-user-2452,15.0,13.0,1060.0,43.0,9.0,6.0,3,0.20930232558139536,2530.0,93.0,3,2.5967783052258118,1.1568322528607358,0.5946167775727039,Doanh thu trung bình cao
fixture-user-2453,28.0,6.0,360.0,25.0,3.0,2.0,1,0.12,1030.0,43.0,2,0.08266019726750658,1.1041566022540645,0.39313910571678706,Nhóm hành vi còn lại
fixture-user-2454,83.0,2.0,0.0,16.0,0.0,0.0,0,0.0,160.0,18.0,1,-3.604202552262844,0.08767912367278557,1.0092869375057245,Hoạt động gần nhất cách xa
fixture-user-2455,21.0,9.0,0.0,31.0,13.0,3.0,0,0.41935483870967744,1730.0,73.0,0,1.501059534575714,-1.376636657189004,0.7749808036540073,Tỷ lệ thêm giỏ/xem cao
fixture-user-2456,16.0,14.0,1080.0,44.0,10.0,6.0,3,0.22727272727272727,2540.0,94.0,3,2.690427951437499,1.0894358139626867,0.6418324646043475,Doanh thu trung bình cao
fixture-user-2457,29.0,7.0,380.0,26.0,4.0,2.0,1,0.15384615384615385,1040.0,44.0,2,0.3086623039800275,0.9723028927926293,0.4212803240192725,Nhóm hành vi còn lại
fixture-user-2458,84.0,3.0,0.0,17.0,0.0,0.0,0,0.0,170.0,19.0,1,-3.3629925377313117,0.11286336793280101,1.0921119219662825,Hoạt động gần nhất cách xa
fixture-user-2459,22.0,10.0,0.0,32.0,14.0,3.0,0,0.4375,1740.0,74.0,0,1.6136201785899058,-1.438893929708042,0.822869682767591,Tỷ lệ thêm giỏ/xem cao
fixture-user-2460,2.0,12.0,800.0,30.0,8.0,6.0,3,0.26666666666666666,2400.0,80.0,3,2.949000201807968,0.9104099322153842,-1.040664161835835,Doanh thu trung bình cao
fixture-user-2461,15.0,5.0,100.0,12.0,2.0,2.0,1,0.16666666666666666,900.0,30.0,2,-0.5125113090819994,0.5888915999238798,-0.9213435417374367,Nhóm hành vi còn lại
fixture-user-2462,70.0,1.0,0.0,3.0,0.0,0.0,0,0.0,30.0,5.0,1,-5.653074755432996,-0.26751935962468665,-1.3948414954693151,Hoạt động gần nhất cách xa
fixture-user-2463,8.0,8.0,0.0,18.0,12.0,3.0,0,0.6666666666666666,1600.0,60.0,0,1.667619505045523,-2.2053810991863303,-0.7744155991773559,Tỷ lệ thêm giỏ/xem cao
fixture-user-2464,3.0,13.0,820.0,31.0,9.0,6.0,3,0.2903225806451613,2410.0,81.0,3,2.9722504279555224,0.8202064154922466,-0.8360402617366788,Doanh thu trung bình cao
fixture-user-2465,16.0,6.0,120.0,13.0,3.0,2.0,1,0.23076923076923078,910.0,31.0,2,-0.18823476857859642,0.3875447576114711,-0.8693490403338631,Nhóm hành vi còn lại
fixture-user-2466,71.0,2.0,0.0,4.0,0.0,0.0,0,0.0,40.0,6.0,1,-5.132931592866225,-0.19697308259203808,-1.0600968999130056,Hoạt động gần nhất cách xa
fixture-user-2467,9.0,9.0,0.0,19.0,13.0,3.0,0,0.6842105263157895,1610.0,61.0,0,1.7765266448407788,-2.263702585114586,-0.6595478640554292,Tỷ lệ thêm giỏ/xem cao
fixture-user-2468,4.0,14.0,840.0,32.0,10.0,6.0,3,0.3125,2420.0,82.0,3,3.01229401895736,0.7383363392983261,-0.6738605748864045,Doanh thu trung bình cao
fixture-user-2469,17.0,7.0,140.0,14.0,4.0,2.0,1,0.2857142857142857,920.0,32.0,2,0.08566905022148885,0.22145490054473832,-0.8127372610551373,Nhóm hành vi còn lại
fixture-user-2470,72.0,3.0,0.0,5.0,0.0,0.0,0,0.0,50.0,7.0,1,-4.734049758831314,-0.1415652227069219,-0.7803874603946023,Hoạt động gần nhất cách xa
fixture-user-2471,10.0,10.0,0.0,20.0,14.0,3.0,0,0.7,1620.0,62.0,0,1.8778157374373483,-2.316152393098142,-0.5521462253135105,Tỷ lệ thêm giỏ/xem cao
fixture-user-2472,5.0,12.0,860.0,33.0,8.0,6.0,3,0.24242424242424243,2430.0,83.0,3,2.7201358279717427,1.0010280153705131,-0.43135310572761704,Doanh thu trung bình cao
fixture-user-2473,18.0,5.0,160.0,15.0,2.0,2.0,1,0.13333333333333333,930.0,33.0,2,-0.416368974045729,0.8413722469868408,-0.5202824835880352,Nhóm hành vi còn lại
fixture-user-2474,73.0,1.0,0.0,6.0,0.0,0.0,0,0.0,60.0,8.0,1,-4.951827114160079,-0.13461517315522942,-0.48185008826089964,Hoạt động gần nhất cách xa
fixture-user-2475,11.0,8.0,0.0,21.0,12.0,3.0,0,0.5714285714285714,1630.0,63.0,0,1.5440020110863266,-1.8916105529499507,-0.2894737393083827,Tỷ lệ thêm giỏ/xem cao
fixture-user-2476,6.0,13.0,880.0,34.0,9.0,6.0,3,0.2647058823529412,2440.0,84.0,3,2.793205514756805,0.9179893295870694,-0.3181395540304275,Doanh thu trung bình cao
fixture-user-2477,19.0,6.0,180.0,16.0,3.0,2.0,1,0.1875,940.0,34.0,2,-0.11506542133983415,0.6524097200437152,-0.47729764843711464,Nhóm hành vi còn lại
fixture-user-2478,74.0,2.0,0.0,7.0,0.0,0.0,0,0.0,70.0,9.0,1,-4.544300503596412,-0.08616879017803282,-0.28512883644029735,Hoạt động gần nhất cách xa
fixture-user-2479,12.0,9.0,0.0,22.0,13.0,3.0,0,0.5909090909090909,1640.0,64.0,0,1.6610803566223118,-1.956635720808595,-0.20216044539729697,Tỷ lệ thêm giỏ/xem cao
fixture-user-2480,7.0,14.0,900.0,35.0,10.0,6.0,3,0.2857142857142857,2450.0,85.0,3,2.865809296514496,0.8413885834551914,-0.21799543117210443,Doanh thu trung bình cao
fixture-user-2481,20.0,7.0,200.0,17.0,4.0,2.0,1,0.23529411764705882,950.0,35.0,2,0.1412081418293925,0.49422871537243757,-0.4309330555436214,Nhóm hành vi còn lại
fixture-user-2482,75.0,3.0,0.0,8.0,0.0,0.0,0,0.0,80.0,10.0,1,-4.226355602128988,-0.04652353682671037,-0.10556235721929748,Hoạt động gần nhất cách xa
fixture-user-2483,13.0,10.0,0.0,23.0,14.0,3.0,0,0.6086956521739131,1650.0,65.0,0,1.769348185040836,-2.015953016612214,-0.1188564273584944,Tỷ lệ thêm giỏ/xem cao
fixture-user-2484,8.0,12.0,920.0,36.0,8.0,6.0,3,0.2222222222222222,2460.0,86.0,3,2.6063737094369293,1.0851522433954928,-0.028162481097520817,Doanh thu trung bình cao
fixture-user-2485,21.0,5.0,220.0,18.0,2.0,2.0,1,0.1111111111111111,960.0,36.0,2,-0.331015161317517,1.017672557566975,-0.18189320559016225,Nhóm hành vi còn lại
fixture-user-2486,76.0,1.0,0.0,9.0,0.0,0.0,0,0.0,90.0,11.0,1,-4.5053809003710175,-0.051404916593935875,0.11674763187868262,Hoạt động gần nhất cách xa
fixture-user-2487,14.0,8.0,0.0,24.0,12.0,3.0,0,0.5,1660.0,66.0,0,1.4649328760198592,-1.6524200575582768,0.10500751195665843,Tỷ lệ thêm giỏ/xem cao
fixture-user-2488,9.0,13.0,940.0,37.0,9.0,6.0,3,0.24324324324324326,2470.0,87.0,3,2.6956818339500837,1.0065237107878025,0.05075676314821963,Doanh thu trung bình cao
fixture-user-2489,22.0,6.0,240.0,19.0,3.0,2.0,1,0.15789473684210525,970.0,37.0,2,-0.045442287582045944,0.842002022281944,-0.14614921568949865,Nhóm hành vi còn lại
fixture-user-2490,77.0,2.0,0.0,10.0,0.0,0.0,0,0.0,100.0,12.0,1,-4.145933218700002,-0.012175282230817307,0.25338192247508057,Hoạt động gần nhất cách xa
fixture-user-2491,15.0,9.0,0.0,25.0,13.0,3.0,0,0.52,1670.0,67.0,0,1.5853970707566725,-1.7197729720568595,0.17473155318197717,Tỷ lệ thêm giỏ/xem cao
fixture-user-2492,10.0,14.0,960.0,38.0,10.0,6.0,3,0.2631578947368421,2480.0,88.0,3,2.7805820478578775,0.9335515526720264,0.12366456013755259,Doanh thu trung bình cao
fixture-user-2493,23.0,7.0,260.0,20.0,4.0,2.0,1,0.2,980.0,38.0,2,0.19806579033115437,0.6934432518431779,-0.10747748554529173,Nhóm hành vi còn lại
fixture-user-2494,78.0,3.0,0.0,11.0,0.0,0.0,0,0.0,110.0,13.0,1,-3.866786492395833,0.020083464757670286,0.3842998554068919,Hoạt động gần nhất cách xa
fixture-user-2495,16.0,10.0,0.0,26.0,14.0,3.0,0,0.5384615384615384,1680.0,68.0,0,1.696701628351615,-1.7818534565886186,0.24216164621576905,Tỷ lệ thêm giỏ/xem cao
fixture-user-2496,11.0,12.0,980.0,39.0,8.0,6.0,3,0.20512820512820512,2490.0,89.0,3,2.539096994000912,1.1608947269527035,0.2849645070861152,Doanh thu trung bình cao
fixture-user-2497,24.0,5.0,280.0,21.0,2.0,2.0,1,0.09523809523809523,990.0,39.0,2,-0.2535021844261599,1.1515543709784555,0.11036450120739257,Nhóm hành vi còn lại
fixture-user-2498,79.0,1.0,0.0,12.0,0.0,0.0,0,0.0,120.0,14.0,1,-4.177806227183311,0.009148059352104415,0.5663777413394052,Hoạt động gần nhất cách xa
fixture-user-2499,17.0,8.0,0.0,27.0,12.0,3.0,0,0.4444444444444444,1690.0,69.0,0,1.4131920056243967,-1.4634770190954087,0.43800042229131814,Tỷ lệ thêm giỏ/xem cao
fixture-user-2500,12.0,13.0,1000.0,40.0,9.0,6.0,3,0.225,2500.0,90.0,3,2.6355970708016336,1.085750837529916,0.34560189762492727,Doanh thu trung bình cao
fixture-user-2501,25.0,6.0,300.0,22.0,3.0,2.0,1,0.13636363636363635,1000.0,40.0,2,0.020448779079346835,0.987424175304437,0.14043401059775606,Nhóm hành vi còn lại
fixture-user-2502,80.0,2.0,0.0,13.0,0.0,0.0,0,0.0,130.0,15.0,1,-3.8452080923989924,0.04332455321405482,0.6691606922603189,Hoạt động gần nhất cách xa
fixture-user-2503,18.0,9.0,0.0,28.0,13.0,3.0,0,0.4642857142857143,1700.0,70.0,0,1.534830031286699,-1.5309960415171668,0.49554732017099296,Tỷ lệ thêm giỏ/xem cao
fixture-user-2504,13.0,14.0,1020.0,41.0,10.0,6.0,3,0.24390243902439024,2510.0,91.0,3,2.7262823845513653,1.0157588009747183,0.4029662204898221,Doanh thu trung bình cao
fixture-user-2505,26.0,7.0,320.0,23.0,4.0,2.0,1,0.17391304347826086,1010.0,41.0,2,0.2541908963254575,0.8477774875328858,0.17321533289513408,Nhóm hành vi còn lại
fixture-user-2506,81.0,3.0,0.0,14.0,0.0,0.0,0,0.0,140.0,16.0,1,-3.58892156885437,0.07130138670265128,0.7711842983243252,Hoạt động gần nhất cách xa
fixture-user-2507,19.0,10.0,0.0,29.0,14.0,3.0,0,0.4827586206896552,1710.0,71.0,0,1.6472575587743377,-1.5937242188893985,0.5517615405408011,Tỷ lệ thêm giỏ/xem cao
fixture-user-2508,14.0,12.0,1040.0,42.0,8.0,6.0,3,0.19047619047619047,2520.0,92.0,3,2.49670495094491,1.2290037398474845,0.5454645736096191,Doanh thu trung bình cao
fixture-user-2509,27.0,5.0,340.0,24.0,2.0,2.0,1,0.08333333333333333,1020.0,42.0,2,-0.18230360796635595,1.2586072038036613,0.3675912090530475,Nhóm hành vi còn lại
fixture-user-2510,82.0,1.0,0.0,15.0,0.0,0.0,0,0.0,150.0,17.0,1,-3.9196432407459767,0.05669108652696236,0.9282979885680404,Hoạt động gần nhất cách xa
fixture-user-2511,20.0,8.0,0.0,30.0,12.0,3.0,0,0.4,1720.0,72.0,0,1.3793488527403,-1.3100407571216666,0.7263442280480706,Tỷ lệ thêm giỏ/xem cao
fixture-user-2512,15.0,13.0,1060.0,43.0,9.0,6.0,3,0.20930232558139536,2530.0,93.0,3,2.5967783052258118,1.1568322528607358,0.5946167775727039,Doanh thu trung bình cao
fixture-user-2513,28.0,6.0,360.0,25.0,3.0,2.0,1,0.12,1030.0,43.0,2,0.08266019726750658,1.1041566022540645,0.39313910571678706,Nhóm hành vi còn lại
fixture-user-2514,83.0,2.0,0.0,16.0,0.0,0.0,0,0.0,160.0,18.0,1,-3.604202552262844,0.08767912367278557,1.0092869375057245,Hoạt động gần nhất cách xa
fixture-user-2515,21.0,9.0,0.0,31.0,13.0,3.0,0,0.41935483870967744,1730.0,73.0,0,1.501059534575714,-1.376636657189004,0.7749808036540073,Tỷ lệ thêm giỏ/xem cao
fixture-user-2516,16.0,14.0,1080.0,44.0,10.0,6.0,3,0.22727272727272727,2540.0,94.0,3,2.690427951437499,1.0894358139626867,0.6418324646043475,Doanh thu trung bình cao
fixture-user-2517,29.0,7.0,380.0,26.0,4.0,2.0,1,0.15384615384615385,1040.0,44.0,2,0.3086623039800275,0.9723028927926293,0.4212803240192725,Nhóm hành vi còn lại
fixture-user-2518,84.0,3.0,0.0,17.0,0.0,0.0,0,0.0,170.0,19.0,1,-3.3629925377313117,0.11286336793280101,1.0921119219662825,Hoạt động gần nhất cách xa
fixture-user-2519,22.0,10.0,0.0,32.0,14.0,3.0,0,0.4375,1740.0,74.0,0,1.6136201785899058,-1.438893929708042,0.822869682767591,Tỷ lệ thêm giỏ/xem cao
fixture-user-2520,2.0,12.0,800.0,30.0,8.0,6.0,3,0.26666666666666666,2400.0,80.0,3,2.949000201807968,0.9104099322153842,-1.040664161835835,Doanh thu trung bình cao
fixture-user-2521,15.0,5.0,100.0,12.0,2.0,2.0,1,0.16666666666666666,900.0,30.0,2,-0.5125113090819994,0.5888915999238798,-0.9213435417374367,Nhóm hành vi còn lại
fixture-user-2522,70.0,1.0,0.0,3.0,0.0,0.0,0,0.0,30.0,5.0,1,-5.653074755432996,-0.26751935962468665,-1.3948414954693151,Hoạt động gần nhất cách xa
fixture-user-2523,8.0,8.0,0.0,18.0,12.0,3.0,0,0.6666666666666666,1600.0,60.0,0,1.667619505045523,-2.2053810991863303,-0.7744155991773559,Tỷ lệ thêm giỏ/xem cao
fixture-user-2524,3.0,13.0,820.0,31.0,9.0,6.0,3,0.2903225806451613,2410.0,81.0,3,2.9722504279555224,0.8202064154922466,-0.8360402617366788,Doanh thu trung bình cao
fixture-user-2525,16.0,6.0,120.0,13.0,3.0,2.0,1,0.23076923076923078,910.0,31.0,2,-0.18823476857859642,0.3875447576114711,-0.8693490403338631,Nhóm hành vi còn lại
fixture-user-2526,71.0,2.0,0.0,4.0,0.0,0.0,0,0.0,40.0,6.0,1,-5.132931592866225,-0.19697308259203808,-1.0600968999130056,Hoạt động gần nhất cách xa
fixture-user-2527,9.0,9.0,0.0,19.0,13.0,3.0,0,0.6842105263157895,1610.0,61.0,0,1.7765266448407788,-2.263702585114586,-0.6595478640554292,Tỷ lệ thêm giỏ/xem cao
fixture-user-2528,4.0,14.0,840.0,32.0,10.0,6.0,3,0.3125,2420.0,82.0,3,3.01229401895736,0.7383363392983261,-0.6738605748864045,Doanh thu trung bình cao
fixture-user-2529,17.0,7.0,140.0,14.0,4.0,2.0,1,0.2857142857142857,920.0,32.0,2,0.08566905022148885,0.22145490054473832,-0.8127372610551373,Nhóm hành vi còn lại
fixture-user-2530,72.0,3.0,0.0,5.0,0.0,0.0,0,0.0,50.0,7.0,1,-4.734049758831314,-0.1415652227069219,-0.7803874603946023,Hoạt động gần nhất cách xa
fixture-user-2531,10.0,10.0,0.0,20.0,14.0,3.0,0,0.7,1620.0,62.0,0,1.8778157374373483,-2.316152393098142,-0.5521462253135105,Tỷ lệ thêm giỏ/xem cao
fixture-user-2532,5.0,12.0,860.0,33.0,8.0,6.0,3,0.24242424242424243,2430.0,83.0,3,2.7201358279717427,1.0010280153705131,-0.43135310572761704,Doanh thu trung bình cao
fixture-user-2533,18.0,5.0,160.0,15.0,2.0,2.0,1,0.13333333333333333,930.0,33.0,2,-0.416368974045729,0.8413722469868408,-0.5202824835880352,Nhóm hành vi còn lại
fixture-user-2534,73.0,1.0,0.0,6.0,0.0,0.0,0,0.0,60.0,8.0,1,-4.951827114160079,-0.13461517315522942,-0.48185008826089964,Hoạt động gần nhất cách xa
fixture-user-2535,11.0,8.0,0.0,21.0,12.0,3.0,0,0.5714285714285714,1630.0,63.0,0,1.5440020110863266,-1.8916105529499507,-0.2894737393083827,Tỷ lệ thêm giỏ/xem cao
fixture-user-2536,6.0,13.0,880.0,34.0,9.0,6.0,3,0.2647058823529412,2440.0,84.0,3,2.793205514756805,0.9179893295870694,-0.3181395540304275,Doanh thu trung bình cao
fixture-user-2537,19.0,6.0,180.0,16.0,3.0,2.0,1,0.1875,940.0,34.0,2,-0.11506542133983415,0.6524097200437152,-0.47729764843711464,Nhóm hành vi còn lại
fixture-user-2538,74.0,2.0,0.0,7.0,0.0,0.0,0,0.0,70.0,9.0,1,-4.544300503596412,-0.08616879017803282,-0.28512883644029735,Hoạt động gần nhất cách xa
fixture-user-2539,12.0,9.0,0.0,22.0,13.0,3.0,0,0.5909090909090909,1640.0,64.0,0,1.6610803566223118,-1.956635720808595,-0.20216044539729697,Tỷ lệ thêm giỏ/xem cao
fixture-user-2540,7.0,14.0,900.0,35.0,10.0,6.0,3,0.2857142857142857,2450.0,85.0,3,2.865809296514496,0.8413885834551914,-0.21799543117210443,Doanh thu trung bình cao
fixture-user-2541,20.0,7.0,200.0,17.0,4.0,2.0,1,0.23529411764705882,950.0,35.0,2,0.1412081418293925,0.49422871537243757,-0.4309330555436214,Nhóm hành vi còn lại
fixture-user-2542,75.0,3.0,0.0,8.0,0.0,0.0,0,0.0,80.0,10.0,1,-4.226355602128988,-0.04652353682671037,-0.10556235721929748,Hoạt động gần nhất cách xa
fixture-user-2543,13.0,10.0,0.0,23.0,14.0,3.0,0,0.6086956521739131,1650.0,65.0,0,1.769348185040836,-2.015953016612214,-0.1188564273584944,Tỷ lệ thêm giỏ/xem cao
fixture-user-2544,8.0,12.0,920.0,36.0,8.0,6.0,3,0.2222222222222222,2460.0,86.0,3,2.6063737094369293,1.0851522433954928,-0.028162481097520817,Doanh thu trung bình cao
fixture-user-2545,21.0,5.0,220.0,18.0,2.0,2.0,1,0.1111111111111111,960.0,36.0,2,-0.331015161317517,1.017672557566975,-0.18189320559016225,Nhóm hành vi còn lại
fixture-user-2546,76.0,1.0,0.0,9.0,0.0,0.0,0,0.0,90.0,11.0,1,-4.5053809003710175,-0.051404916593935875,0.11674763187868262,Hoạt động gần nhất cách xa
fixture-user-2547,14.0,8.0,0.0,24.0,12.0,3.0,0,0.5,1660.0,66.0,0,1.4649328760198592,-1.6524200575582768,0.10500751195665843,Tỷ lệ thêm giỏ/xem cao
fixture-user-2548,9.0,13.0,940.0,37.0,9.0,6.0,3,0.24324324324324326,2470.0,87.0,3,2.6956818339500837,1.0065237107878025,0.05075676314821963,Doanh thu trung bình cao
fixture-user-2549,22.0,6.0,240.0,19.0,3.0,2.0,1,0.15789473684210525,970.0,37.0,2,-0.045442287582045944,0.842002022281944,-0.14614921568949865,Nhóm hành vi còn lại
fixture-user-2550,77.0,2.0,0.0,10.0,0.0,0.0,0,0.0,100.0,12.0,1,-4.145933218700002,-0.012175282230817307,0.25338192247508057,Hoạt động gần nhất cách xa
fixture-user-2551,15.0,9.0,0.0,25.0,13.0,3.0,0,0.52,1670.0,67.0,0,1.5853970707566725,-1.7197729720568595,0.17473155318197717,Tỷ lệ thêm giỏ/xem cao
fixture-user-2552,10.0,14.0,960.0,38.0,10.0,6.0,3,0.2631578947368421,2480.0,88.0,3,2.7805820478578775,0.9335515526720264,0.12366456013755259,Doanh thu trung bình cao
fixture-user-2553,23.0,7.0,260.0,20.0,4.0,2.0,1,0.2,980.0,38.0,2,0.19806579033115437,0.6934432518431779,-0.10747748554529173,Nhóm hành vi còn lại
fixture-user-2554,78.0,3.0,0.0,11.0,0.0,0.0,0,0.0,110.0,13.0,1,-3.866786492395833,0.020083464757670286,0.3842998554068919,Hoạt động gần nhất cách xa
fixture-user-2555,16.0,10.0,0.0,26.0,14.0,3.0,0,0.5384615384615384,1680.0,68.0,0,1.696701628351615,-1.7818534565886186,0.24216164621576905,Tỷ lệ thêm giỏ/xem cao
fixture-user-2556,11.0,12.0,980.0,39.0,8.0,6.0,3,0.20512820512820512,2490.0,89.0,3,2.539096994000912,1.1608947269527035,0.2849645070861152,Doanh thu trung bình cao
fixture-user-2557,24.0,5.0,280.0,21.0,2.0,2.0,1,0.09523809523809523,990.0,39.0,2,-0.2535021844261599,1.1515543709784555,0.11036450120739257,Nhóm hành vi còn lại
fixture-user-2558,79.0,1.0,0.0,12.0,0.0,0.0,0,0.0,120.0,14.0,1,-4.177806227183311,0.009148059352104415,0.5663777413394052,Hoạt động gần nhất cách xa
fixture-user-2559,17.0,8.0,0.0,27.0,12.0,3.0,0,0.4444444444444444,1690.0,69.0,0,1.4131920056243967,-1.4634770190954087,0.43800042229131814,Tỷ lệ thêm giỏ/xem cao
fixture-user-2560,12.0,13.0,1000.0,40.0,9.0,6.0,3,0.225,2500.0,90.0,3,2.6355970708016336,1.085750837529916,0.34560189762492727,Doanh thu trung bình cao
fixture-user-2561,25.0,6.0,300.0,22.0,3.0,2.0,1,0.13636363636363635,1000.0,40.0,2,0.020448779079346835,0.987424175304437,0.14043401059775606,Nhóm hành vi còn lại
fixture-user-2562,80.0,2.0,0.0,13.0,0.0,0.0,0,0.0,130.0,15.0,1,-3.8452080923989924,0.04332455321405482,0.6691606922603189,Hoạt động gần nhất cách xa
fixture-user-2563,18.0,9.0,0.0,28.0,13.0,3.0,0,0.4642857142857143,1700.0,70.0,0,1.534830031286699,-1.5309960415171668,0.49554732017099296,Tỷ lệ thêm giỏ/xem cao
fixture-user-2564,13.0,14.0,1020.0,41.0,10.0,6.0,3,0.24390243902439024,2510.0,91.0,3,2.7262823845513653,1.0157588009747183,0.4029662204898221,Doanh thu trung bình cao
fixture-user-2565,26.0,7.0,320.0,23.0,4.0,2.0,1,0.17391304347826086,1010.0,41.0,2,0.2541908963254575,0.8477774875328858,0.17321533289513408,Nhóm hành vi còn lại
fixture-user-2566,81.0,3.0,0.0,14.0,0.0,0.0,0,0.0,140.0,16.0,1,-3.58892156885437,0.07130138670265128,0.7711842983243252,Hoạt động gần nhất cách xa
fixture-user-2567,19.0,10.0,0.0,29.0,14.0,3.0,0,0.4827586206896552,1710.0,71.0,0,1.6472575587743377,-1.5937242188893985,0.5517615405408011,Tỷ lệ thêm giỏ/xem cao
fixture-user-2568,14.0,12.0,1040.0,42.0,8.0,6.0,3,0.19047619047619047,2520.0,92.0,3,2.49670495094491,1.2290037398474845,0.5454645736096191,Doanh thu trung bình cao
fixture-user-2569,27.0,5.0,340.0,24.0,2.0,2.0,1,0.08333333333333333,1020.0,42.0,2,-0.18230360796635595,1.2586072038036613,0.3675912090530475,Nhóm hành vi còn lại
fixture-user-2570,82.0,1.0,0.0,15.0,0.0,0.0,0,0.0,150.0,17.0,1,-3.9196432407459767,0.05669108652696236,0.9282979885680404,Hoạt động gần nhất cách xa
fixture-user-2571,20.0,8.0,0.0,30.0,12.0,3.0,0,0.4,1720.0,72.0,0,1.3793488527403,-1.3100407571216666,0.7263442280480706,Tỷ lệ thêm giỏ/xem cao
fixture-user-2572,15.0,13.0,1060.0,43.0,9.0,6.0,3,0.20930232558139536,2530.0,93.0,3,2.5967783052258118,1.1568322528607358,0.5946167775727039,Doanh thu trung bình cao
fixture-user-2573,28.0,6.0,360.0,25.0,3.0,2.0,1,0.12,1030.0,43.0,2,0.08266019726750658,1.1041566022540645,0.39313910571678706,Nhóm hành vi còn lại
fixture-user-2574,83.0,2.0,0.0,16.0,0.0,0.0,0,0.0,160.0,18.0,1,-3.604202552262844,0.08767912367278557,1.0092869375057245,Hoạt động gần nhất cách xa
fixture-user-2575,21.0,9.0,0.0,31.0,13.0,3.0,0,0.41935483870967744,1730.0,73.0,0,1.501059534575714,-1.376636657189004,0.7749808036540073,Tỷ lệ thêm giỏ/xem cao
fixture-user-2576,16.0,14.0,1080.0,44.0,10.0,6.0,3,0.22727272727272727,2540.0,94.0,3,2.690427951437499,1.0894358139626867,0.6418324646043475,Doanh thu trung bình cao
fixture-user-2577,29.0,7.0,380.0,26.0,4.0,2.0,1,0.15384615384615385,1040.0,44.0,2,0.3086623039800275,0.9723028927926293,0.4212803240192725,Nhóm hành vi còn lại
fixture-user-2578,84.0,3.0,0.0,17.0,0.0,0.0,0,0.0,170.0,19.0,1,-3.3629925377313117,0.11286336793280101,1.0921119219662825,Hoạt động gần nhất cách xa
fixture-user-2579,22.0,10.0,0.0,32.0,14.0,3.0,0,0.4375,1740.0,74.0,0,1.6136201785899058,-1.438893929708042,0.822869682767591,Tỷ lệ thêm giỏ/xem cao
fixture-user-2580,2.0,12.0,800.0,30.0,8.0,6.0,3,0.26666666666666666,2400.0,80.0,3,2.949000201807968,0.9104099322153842,-1.040664161835835,Doanh thu trung bình cao
fixture-user-2581,15.0,5.0,100.0,12.0,2.0,2.0,1,0.16666666666666666,900.0,30.0,2,-0.5125113090819994,0.5888915999238798,-0.9213435417374367,Nhóm hành vi còn lại
fixture-user-2582,70.0,1.0,0.0,3.0,0.0,0.0,0,0.0,30.0,5.0,1,-5.653074755432996,-0.26751935962468665,-1.3948414954693151,Hoạt động gần nhất cách xa
fixture-user-2583,8.0,8.0,0.0,18.0,12.0,3.0,0,0.6666666666666666,1600.0,60.0,0,1.667619505045523,-2.2053810991863303,-0.7744155991773559,Tỷ lệ thêm giỏ/xem cao
fixture-user-2584,3.0,13.0,820.0,31.0,9.0,6.0,3,0.2903225806451613,2410.0,81.0,3,2.9722504279555224,0.8202064154922466,-0.8360402617366788,Doanh thu trung bình cao
fixture-user-2585,16.0,6.0,120.0,13.0,3.0,2.0,1,0.23076923076923078,910.0,31.0,2,-0.18823476857859642,0.3875447576114711,-0.8693490403338631,Nhóm hành vi còn lại
fixture-user-2586,71.0,2.0,0.0,4.0,0.0,0.0,0,0.0,40.0,6.0,1,-5.132931592866225,-0.19697308259203808,-1.0600968999130056,Hoạt động gần nhất cách xa
fixture-user-2587,9.0,9.0,0.0,19.0,13.0,3.0,0,0.6842105263157895,1610.0,61.0,0,1.7765266448407788,-2.263702585114586,-0.6595478640554292,Tỷ lệ thêm giỏ/xem cao
fixture-user-2588,4.0,14.0,840.0,32.0,10.0,6.0,3,0.3125,2420.0,82.0,3,3.01229401895736,0.7383363392983261,-0.6738605748864045,Doanh thu trung bình cao
fixture-user-2589,17.0,7.0,140.0,14.0,4.0,2.0,1,0.2857142857142857,920.0,32.0,2,0.08566905022148885,0.22145490054473832,-0.8127372610551373,Nhóm hành vi còn lại
fixture-user-2590,72.0,3.0,0.0,5.0,0.0,0.0,0,0.0,50.0,7.0,1,-4.734049758831314,-0.1415652227069219,-0.7803874603946023,Hoạt động gần nhất cách xa
fixture-user-2591,10.0,10.0,0.0,20.0,14.0,3.0,0,0.7,1620.0,62.0,0,1.8778157374373483,-2.316152393098142,-0.5521462253135105,Tỷ lệ thêm giỏ/xem cao
fixture-user-2592,5.0,12.0,860.0,33.0,8.0,6.0,3,0.24242424242424243,2430.0,83.0,3,2.7201358279717427,1.0010280153705131,-0.43135310572761704,Doanh thu trung bình cao
fixture-user-2593,18.0,5.0,160.0,15.0,2.0,2.0,1,0.13333333333333333,930.0,33.0,2,-0.416368974045729,0.8413722469868408,-0.5202824835880352,Nhóm hành vi còn lại
fixture-user-2594,73.0,1.0,0.0,6.0,0.0,0.0,0,0.0,60.0,8.0,1,-4.951827114160079,-0.13461517315522942,-0.48185008826089964,Hoạt động gần nhất cách xa
fixture-user-2595,11.0,8.0,0.0,21.0,12.0,3.0,0,0.5714285714285714,1630.0,63.0,0,1.5440020110863266,-1.8916105529499507,-0.2894737393083827,Tỷ lệ thêm giỏ/xem cao
fixture-user-2596,6.0,13.0,880.0,34.0,9.0,6.0,3,0.2647058823529412,2440.0,84.0,3,2.793205514756805,0.9179893295870694,-0.3181395540304275,Doanh thu trung bình cao
fixture-user-2597,19.0,6.0,180.0,16.0,3.0,2.0,1,0.1875,940.0,34.0,2,-0.11506542133983415,0.6524097200437152,-0.47729764843711464,Nhóm hành vi còn lại
fixture-user-2598,74.0,2.0,0.0,7.0,0.0,0.0,0,0.0,70.0,9.0,1,-4.544300503596412,-0.08616879017803282,-0.28512883644029735,Hoạt động gần nhất cách xa
fixture-user-2599,12.0,9.0,0.0,22.0,13.0,3.0,0,0.5909090909090909,1640.0,64.0,0,1.6610803566223118,-1.956635720808595,-0.20216044539729697,Tỷ lệ thêm giỏ/xem cao
fixture-user-2600,7.0,14.0,900.0,35.0,10.0,6.0,3,0.2857142857142857,2450.0,85.0,3,2.865809296514496,0.8413885834551914,-0.21799543117210443,Doanh thu trung bình cao
fixture-user-2601,20.0,7.0,200.0,17.0,4.0,2.0,1,0.23529411764705882,950.0,35.0,2,0.1412081418293925,0.49422871537243757,-0.4309330555436214,Nhóm hành vi còn lại
fixture-user-2602,75.0,3.0,0.0,8.0,0.0,0.0,0,0.0,80.0,10.0,1,-4.226355602128988,-0.04652353682671037,-0.10556235721929748,Hoạt động gần nhất cách xa
fixture-user-2603,13.0,10.0,0.0,23.0,14.0,3.0,0,0.6086956521739131,1650.0,65.0,0,1.769348185040836,-2.015953016612214,-0.1188564273584944,Tỷ lệ thêm giỏ/xem cao
fixture-user-2604,8.0,12.0,920.0,36.0,8.0,6.0,3,0.2222222222222222,2460.0,86.0,3,2.6063737094369293,1.0851522433954928,-0.028162481097520817,Doanh thu trung bình cao
fixture-user-2605,21.0,5.0,220.0,18.0,2.0,2.0,1,0.1111111111111111,960.0,36.0,2,-0.331015161317517,1.017672557566975,-0.18189320559016225,Nhóm hành vi còn lại
fixture-user-2606,76.0,1.0,0.0,9.0,0.0,0.0,0,0.0,90.0,11.0,1,-4.5053809003710175,-0.051404916593935875,0.11674763187868262,Hoạt động gần nhất cách xa
fixture-user-2607,14.0,8.0,0.0,24.0,12.0,3.0,0,0.5,1660.0,66.0,0,1.4649328760198592,-1.6524200575582768,0.10500751195665843,Tỷ lệ thêm giỏ/xem cao
fixture-user-2608,9.0,13.0,940.0,37.0,9.0,6.0,3,0.24324324324324326,2470.0,87.0,3,2.6956818339500837,1.0065237107878025,0.05075676314821963,Doanh thu trung bình cao
fixture-user-2609,22.0,6.0,240.0,19.0,3.0,2.0,1,0.15789473684210525,970.0,37.0,2,-0.045442287582045944,0.842002022281944,-0.14614921568949865,Nhóm hành vi còn lại
fixture-user-2610,77.0,2.0,0.0,10.0,0.0,0.0,0,0.0,100.0,12.0,1,-4.145933218700002,-0.012175282230817307,0.25338192247508057,Hoạt động gần nhất cách xa
fixture-user-2611,15.0,9.0,0.0,25.0,13.0,3.0,0,0.52,1670.0,67.0,0,1.5853970707566725,-1.7197729720568595,0.17473155318197717,Tỷ lệ thêm giỏ/xem cao
fixture-user-2612,10.0,14.0,960.0,38.0,10.0,6.0,3,0.2631578947368421,2480.0,88.0,3,2.7805820478578775,0.9335515526720264,0.12366456013755259,Doanh thu trung bình cao
fixture-user-2613,23.0,7.0,260.0,20.0,4.0,2.0,1,0.2,980.0,38.0,2,0.19806579033115437,0.6934432518431779,-0.10747748554529173,Nhóm hành vi còn lại
fixture-user-2614,78.0,3.0,0.0,11.0,0.0,0.0,0,0.0,110.0,13.0,1,-3.866786492395833,0.020083464757670286,0.3842998554068919,Hoạt động gần nhất cách xa
fixture-user-2615,16.0,10.0,0.0,26.0,14.0,3.0,0,0.5384615384615384,1680.0,68.0,0,1.696701628351615,-1.7818534565886186,0.24216164621576905,Tỷ lệ thêm giỏ/xem cao
fixture-user-2616,11.0,12.0,980.0,39.0,8.0,6.0,3,0.20512820512820512,2490.0,89.0,3,2.539096994000912,1.1608947269527035,0.2849645070861152,Doanh thu trung bình cao
fixture-user-2617,24.0,5.0,280.0,21.0,2.0,2.0,1,0.09523809523809523,990.0,39.0,2,-0.2535021844261599,1.1515543709784555,0.11036450120739257,Nhóm hành vi còn lại
fixture-user-2618,79.0,1.0,0.0,12.0,0.0,0.0,0,0.0,120.0,14.0,1,-4.177806227183311,0.009148059352104415,0.5663777413394052,Hoạt động gần nhất cách xa
fixture-user-2619,17.0,8.0,0.0,27.0,12.0,3.0,0,0.4444444444444444,1690.0,69.0,0,1.4131920056243967,-1.4634770190954087,0.43800042229131814,Tỷ lệ thêm giỏ/xem cao
fixture-user-2620,12.0,13.0,1000.0,40.0,9.0,6.0,3,0.225,2500.0,90.0,3,2.6355970708016336,1.085750837529916,0.34560189762492727,Doanh thu trung bình cao
fixture-user-2621,25.0,6.0,300.0,22.0,3.0,2.0,1,0.13636363636363635,1000.0,40.0,2,0.020448779079346835,0.987424175304437,0.14043401059775606,Nhóm hành vi còn lại
fixture-user-2622,80.0,2.0,0.0,13.0,0.0,0.0,0,0.0,130.0,15.0,1,-3.8452080923989924,0.04332455321405482,0.6691606922603189,Hoạt động gần nhất cách xa
fixture-user-2623,18.0,9.0,0.0,28.0,13.0,3.0,0,0.4642857142857143,1700.0,70.0,0,1.534830031286699,-1.5309960415171668,0.49554732017099296,Tỷ lệ thêm giỏ/xem cao
fixture-user-2624,13.0,14.0,1020.0,41.0,10.0,6.0,3,0.24390243902439024,2510.0,91.0,3,2.7262823845513653,1.0157588009747183,0.4029662204898221,Doanh thu trung bình cao
fixture-user-2625,26.0,7.0,320.0,23.0,4.0,2.0,1,0.17391304347826086,1010.0,41.0,2,0.2541908963254575,0.8477774875328858,0.17321533289513408,Nhóm hành vi còn lại
fixture-user-2626,81.0,3.0,0.0,14.0,0.0,0.0,0,0.0,140.0,16.0,1,-3.58892156885437,0.07130138670265128,0.7711842983243252,Hoạt động gần nhất cách xa
fixture-user-2627,19.0,10.0,0.0,29.0,14.0,3.0,0,0.4827586206896552,1710.0,71.0,0,1.6472575587743377,-1.5937242188893985,0.5517615405408011,Tỷ lệ thêm giỏ/xem cao
fixture-user-2628,14.0,12.0,1040.0,42.0,8.0,6.0,3,0.19047619047619047,2520.0,92.0,3,2.49670495094491,1.2290037398474845,0.5454645736096191,Doanh thu trung bình cao
fixture-user-2629,27.0,5.0,340.0,24.0,2.0,2.0,1,0.08333333333333333,1020.0,42.0,2,-0.18230360796635595,1.2586072038036613,0.3675912090530475,Nhóm hành vi còn lại
fixture-user-2630,82.0,1.0,0.0,15.0,0.0,0.0,0,0.0,150.0,17.0,1,-3.9196432407459767,0.05669108652696236,0.9282979885680404,Hoạt động gần nhất cách xa
fixture-user-2631,20.0,8.0,0.0,30.0,12.0,3.0,0,0.4,1720.0,72.0,0,1.3793488527403,-1.3100407571216666,0.7263442280480706,Tỷ lệ thêm giỏ/xem cao
fixture-user-2632,15.0,13.0,1060.0,43.0,9.0,6.0,3,0.20930232558139536,2530.0,93.0,3,2.5967783052258118,1.1568322528607358,0.5946167775727039,Doanh thu trung bình cao
fixture-user-2633,28.0,6.0,360.0,25.0,3.0,2.0,1,0.12,1030.0,43.0,2,0.08266019726750658,1.1041566022540645,0.39313910571678706,Nhóm hành vi còn lại
fixture-user-2634,83.0,2.0,0.0,16.0,0.0,0.0,0,0.0,160.0,18.0,1,-3.604202552262844,0.08767912367278557,1.0092869375057245,Hoạt động gần nhất cách xa
fixture-user-2635,21.0,9.0,0.0,31.0,13.0,3.0,0,0.41935483870967744,1730.0,73.0,0,1.501059534575714,-1.376636657189004,0.7749808036540073,Tỷ lệ thêm giỏ/xem cao
fixture-user-2636,16.0,14.0,1080.0,44.0,10.0,6.0,3,0.22727272727272727,2540.0,94.0,3,2.690427951437499,1.0894358139626867,0.6418324646043475,Doanh thu trung bình cao
fixture-user-2637,29.0,7.0,380.0,26.0,4.0,2.0,1,0.15384615384615385,1040.0,44.0,2,0.3086623039800275,0.9723028927926293,0.4212803240192725,Nhóm hành vi còn lại
fixture-user-2638,84.0,3.0,0.0,17.0,0.0,0.0,0,0.0,170.0,19.0,1,-3.3629925377313117,0.11286336793280101,1.0921119219662825,Hoạt động gần nhất cách xa
fixture-user-2639,22.0,10.0,0.0,32.0,14.0,3.0,0,0.4375,1740.0,74.0,0,1.6136201785899058,-1.438893929708042,0.822869682767591,Tỷ lệ thêm giỏ/xem cao
fixture-user-2640,2.0,12.0,800.0,30.0,8.0,6.0,3,0.26666666666666666,2400.0,80.0,3,2.949000201807968,0.9104099322153842,-1.040664161835835,Doanh thu trung bình cao
fixture-user-2641,15.0,5.0,100.0,12.0,2.0,2.0,1,0.16666666666666666,900.0,30.0,2,-0.5125113090819994,0.5888915999238798,-0.9213435417374367,Nhóm hành vi còn lại
fixture-user-2642,70.0,1.0,0.0,3.0,0.0,0.0,0,0.0,30.0,5.0,1,-5.653074755432996,-0.26751935962468665,-1.3948414954693151,Hoạt động gần nhất cách xa
fixture-user-2643,8.0,8.0,0.0,18.0,12.0,3.0,0,0.6666666666666666,1600.0,60.0,0,1.667619505045523,-2.2053810991863303,-0.7744155991773559,Tỷ lệ thêm giỏ/xem cao
fixture-user-2644,3.0,13.0,820.0,31.0,9.0,6.0,3,0.2903225806451613,2410.0,81.0,3,2.9722504279555224,0.8202064154922466,-0.8360402617366788,Doanh thu trung bình cao
fixture-user-2645,16.0,6.0,120.0,13.0,3.0,2.0,1,0.23076923076923078,910.0,31.0,2,-0.18823476857859642,0.3875447576114711,-0.8693490403338631,Nhóm hành vi còn lại
fixture-user-2646,71.0,2.0,0.0,4.0,0.0,0.0,0,0.0,40.0,6.0,1,-5.132931592866225,-0.19697308259203808,-1.0600968999130056,Hoạt động gần nhất cách xa
fixture-user-2647,9.0,9.0,0.0,19.0,13.0,3.0,0,0.6842105263157895,1610.0,61.0,0,1.7765266448407788,-2.263702585114586,-0.6595478640554292,Tỷ lệ thêm giỏ/xem cao
fixture-user-2648,4.0,14.0,840.0,32.0,10.0,6.0,3,0.3125,2420.0,82.0,3,3.01229401895736,0.7383363392983261,-0.6738605748864045,Doanh thu trung bình cao
fixture-user-2649,17.0,7.0,140.0,14.0,4.0,2.0,1,0.2857142857142857,920.0,32.0,2,0.08566905022148885,0.22145490054473832,-0.8127372610551373,Nhóm hành vi còn lại
fixture-user-2650,72.0,3.0,0.0,5.0,0.0,0.0,0,0.0,50.0,7.0,1,-4.734049758831314,-0.1415652227069219,-0.7803874603946023,Hoạt động gần nhất cách xa
fixture-user-2651,10.0,10.0,0.0,20.0,14.0,3.0,0,0.7,1620.0,62.0,0,1.8778157374373483,-2.316152393098142,-0.5521462253135105,Tỷ lệ thêm giỏ/xem cao
fixture-user-2652,5.0,12.0,860.0,33.0,8.0,6.0,3,0.24242424242424243,2430.0,83.0,3,2.7201358279717427,1.0010280153705131,-0.43135310572761704,Doanh thu trung bình cao
fixture-user-2653,18.0,5.0,160.0,15.0,2.0,2.0,1,0.13333333333333333,930.0,33.0,2,-0.416368974045729,0.8413722469868408,-0.5202824835880352,Nhóm hành vi còn lại
fixture-user-2654,73.0,1.0,0.0,6.0,0.0,0.0,0,0.0,60.0,8.0,1,-4.951827114160079,-0.13461517315522942,-0.48185008826089964,Hoạt động gần nhất cách xa
fixture-user-2655,11.0,8.0,0.0,21.0,12.0,3.0,0,0.5714285714285714,1630.0,63.0,0,1.5440020110863266,-1.8916105529499507,-0.2894737393083827,Tỷ lệ thêm giỏ/xem cao
fixture-user-2656,6.0,13.0,880.0,34.0,9.0,6.0,3,0.2647058823529412,2440.0,84.0,3,2.793205514756805,0.9179893295870694,-0.3181395540304275,Doanh thu trung bình cao
fixture-user-2657,19.0,6.0,180.0,16.0,3.0,2.0,1,0.1875,940.0,34.0,2,-0.11506542133983415,0.6524097200437152,-0.47729764843711464,Nhóm hành vi còn lại
fixture-user-2658,74.0,2.0,0.0,7.0,0.0,0.0,0,0.0,70.0,9.0,1,-4.544300503596412,-0.08616879017803282,-0.28512883644029735,Hoạt động gần nhất cách xa
fixture-user-2659,12.0,9.0,0.0,22.0,13.0,3.0,0,0.5909090909090909,1640.0,64.0,0,1.6610803566223118,-1.956635720808595,-0.20216044539729697,Tỷ lệ thêm giỏ/xem cao
fixture-user-2660,7.0,14.0,900.0,35.0,10.0,6.0,3,0.2857142857142857,2450.0,85.0,3,2.865809296514496,0.8413885834551914,-0.21799543117210443,Doanh thu trung bình cao
fixture-user-2661,20.0,7.0,200.0,17.0,4.0,2.0,1,0.23529411764705882,950.0,35.0,2,0.1412081418293925,0.49422871537243757,-0.4309330555436214,Nhóm hành vi còn lại
fixture-user-2662,75.0,3.0,0.0,8.0,0.0,0.0,0,0.0,80.0,10.0,1,-4.226355602128988,-0.04652353682671037,-0.10556235721929748,Hoạt động gần nhất cách xa
fixture-user-2663,13.0,10.0,0.0,23.0,14.0,3.0,0,0.6086956521739131,1650.0,65.0,0,1.769348185040836,-2.015953016612214,-0.1188564273584944,Tỷ lệ thêm giỏ/xem cao
fixture-user-2664,8.0,12.0,920.0,36.0,8.0,6.0,3,0.2222222222222222,2460.0,86.0,3,2.6063737094369293,1.0851522433954928,-0.028162481097520817,Doanh thu trung bình cao
fixture-user-2665,21.0,5.0,220.0,18.0,2.0,2.0,1,0.1111111111111111,960.0,36.0,2,-0.331015161317517,1.017672557566975,-0.18189320559016225,Nhóm hành vi còn lại
fixture-user-2666,76.0,1.0,0.0,9.0,0.0,0.0,0,0.0,90.0,11.0,1,-4.5053809003710175,-0.051404916593935875,0.11674763187868262,Hoạt động gần nhất cách xa
fixture-user-2667,14.0,8.0,0.0,24.0,12.0,3.0,0,0.5,1660.0,66.0,0,1.4649328760198592,-1.6524200575582768,0.10500751195665843,Tỷ lệ thêm giỏ/xem cao
fixture-user-2668,9.0,13.0,940.0,37.0,9.0,6.0,3,0.24324324324324326,2470.0,87.0,3,2.6956818339500837,1.0065237107878025,0.05075676314821963,Doanh thu trung bình cao
fixture-user-2669,22.0,6.0,240.0,19.0,3.0,2.0,1,0.15789473684210525,970.0,37.0,2,-0.045442287582045944,0.842002022281944,-0.14614921568949865,Nhóm hành vi còn lại
fixture-user-2670,77.0,2.0,0.0,10.0,0.0,0.0,0,0.0,100.0,12.0,1,-4.145933218700002,-0.012175282230817307,0.25338192247508057,Hoạt động gần nhất cách xa
fixture-user-2671,15.0,9.0,0.0,25.0,13.0,3.0,0,0.52,1670.0,67.0,0,1.5853970707566725,-1.7197729720568595,0.17473155318197717,Tỷ lệ thêm giỏ/xem cao
fixture-user-2672,10.0,14.0,960.0,38.0,10.0,6.0,3,0.2631578947368421,2480.0,88.0,3,2.7805820478578775,0.9335515526720264,0.12366456013755259,Doanh thu trung bình cao
fixture-user-2673,23.0,7.0,260.0,20.0,4.0,2.0,1,0.2,980.0,38.0,2,0.19806579033115437,0.6934432518431779,-0.10747748554529173,Nhóm hành vi còn lại
fixture-user-2674,78.0,3.0,0.0,11.0,0.0,0.0,0,0.0,110.0,13.0,1,-3.866786492395833,0.020083464757670286,0.3842998554068919,Hoạt động gần nhất cách xa
fixture-user-2675,16.0,10.0,0.0,26.0,14.0,3.0,0,0.5384615384615384,1680.0,68.0,0,1.696701628351615,-1.7818534565886186,0.24216164621576905,Tỷ lệ thêm giỏ/xem cao
fixture-user-2676,11.0,12.0,980.0,39.0,8.0,6.0,3,0.20512820512820512,2490.0,89.0,3,2.539096994000912,1.1608947269527035,0.2849645070861152,Doanh thu trung bình cao
fixture-user-2677,24.0,5.0,280.0,21.0,2.0,2.0,1,0.09523809523809523,990.0,39.0,2,-0.2535021844261599,1.1515543709784555,0.11036450120739257,Nhóm hành vi còn lại
fixture-user-2678,79.0,1.0,0.0,12.0,0.0,0.0,0,0.0,120.0,14.0,1,-4.177806227183311,0.009148059352104415,0.5663777413394052,Hoạt động gần nhất cách xa
fixture-user-2679,17.0,8.0,0.0,27.0,12.0,3.0,0,0.4444444444444444,1690.0,69.0,0,1.4131920056243967,-1.4634770190954087,0.43800042229131814,Tỷ lệ thêm giỏ/xem cao
fixture-user-2680,12.0,13.0,1000.0,40.0,9.0,6.0,3,0.225,2500.0,90.0,3,2.6355970708016336,1.085750837529916,0.34560189762492727,Doanh thu trung bình cao
fixture-user-2681,25.0,6.0,300.0,22.0,3.0,2.0,1,0.13636363636363635,1000.0,40.0,2,0.020448779079346835,0.987424175304437,0.14043401059775606,Nhóm hành vi còn lại
fixture-user-2682,80.0,2.0,0.0,13.0,0.0,0.0,0,0.0,130.0,15.0,1,-3.8452080923989924,0.04332455321405482,0.6691606922603189,Hoạt động gần nhất cách xa
fixture-user-2683,18.0,9.0,0.0,28.0,13.0,3.0,0,0.4642857142857143,1700.0,70.0,0,1.534830031286699,-1.5309960415171668,0.49554732017099296,Tỷ lệ thêm giỏ/xem cao
fixture-user-2684,13.0,14.0,1020.0,41.0,10.0,6.0,3,0.24390243902439024,2510.0,91.0,3,2.7262823845513653,1.0157588009747183,0.4029662204898221,Doanh thu trung bình cao
fixture-user-2685,26.0,7.0,320.0,23.0,4.0,2.0,1,0.17391304347826086,1010.0,41.0,2,0.2541908963254575,0.8477774875328858,0.17321533289513408,Nhóm hành vi còn lại
fixture-user-2686,81.0,3.0,0.0,14.0,0.0,0.0,0,0.0,140.0,16.0,1,-3.58892156885437,0.07130138670265128,0.7711842983243252,Hoạt động gần nhất cách xa
fixture-user-2687,19.0,10.0,0.0,29.0,14.0,3.0,0,0.4827586206896552,1710.0,71.0,0,1.6472575587743377,-1.5937242188893985,0.5517615405408011,Tỷ lệ thêm giỏ/xem cao
fixture-user-2688,14.0,12.0,1040.0,42.0,8.0,6.0,3,0.19047619047619047,2520.0,92.0,3,2.49670495094491,1.2290037398474845,0.5454645736096191,Doanh thu trung bình cao
fixture-user-2689,27.0,5.0,340.0,24.0,2.0,2.0,1,0.08333333333333333,1020.0,42.0,2,-0.18230360796635595,1.2586072038036613,0.3675912090530475,Nhóm hành vi còn lại
fixture-user-2690,82.0,1.0,0.0,15.0,0.0,0.0,0,0.0,150.0,17.0,1,-3.9196432407459767,0.05669108652696236,0.9282979885680404,Hoạt động gần nhất cách xa
fixture-user-2691,20.0,8.0,0.0,30.0,12.0,3.0,0,0.4,1720.0,72.0,0,1.3793488527403,-1.3100407571216666,0.7263442280480706,Tỷ lệ thêm giỏ/xem cao
fixture-user-2692,15.0,13.0,1060.0,43.0,9.0,6.0,3,0.20930232558139536,2530.0,93.0,3,2.5967783052258118,1.1568322528607358,0.5946167775727039,Doanh thu trung bình cao
fixture-user-2693,28.0,6.0,360.0,25.0,3.0,2.0,1,0.12,1030.0,43.0,2,0.08266019726750658,1.1041566022540645,0.39313910571678706,Nhóm hành vi còn lại
fixture-user-2694,83.0,2.0,0.0,16.0,0.0,0.0,0,0.0,160.0,18.0,1,-3.604202552262844,0.08767912367278557,1.0092869375057245,Hoạt động gần nhất cách xa
fixture-user-2695,21.0,9.0,0.0,31.0,13.0,3.0,0,0.41935483870967744,1730.0,73.0,0,1.501059534575714,-1.376636657189004,0.7749808036540073,Tỷ lệ thêm giỏ/xem cao
fixture-user-2696,16.0,14.0,1080.0,44.0,10.0,6.0,3,0.22727272727272727,2540.0,94.0,3,2.690427951437499,1.0894358139626867,0.6418324646043475,Doanh thu trung bình cao
fixture-user-2697,29.0,7.0,380.0,26.0,4.0,2.0,1,0.15384615384615385,1040.0,44.0,2,0.3086623039800275,0.9723028927926293,0.4212803240192725,Nhóm hành vi còn lại
fixture-user-2698,84.0,3.0,0.0,17.0,0.0,0.0,0,0.0,170.0,19.0,1,-3.3629925377313117,0.11286336793280101,1.0921119219662825,Hoạt động gần nhất cách xa
fixture-user-2699,22.0,10.0,0.0,32.0,14.0,3.0,0,0.4375,1740.0,74.0,0,1.6136201785899058,-1.438893929708042,0.822869682767591,Tỷ lệ thêm giỏ/xem cao
fixture-user-2700,2.0,12.0,800.0,30.0,8.0,6.0,3,0.26666666666666666,2400.0,80.0,3,2.949000201807968,0.9104099322153842,-1.040664161835835,Doanh thu trung bình cao
fixture-user-2701,15.0,5.0,100.0,12.0,2.0,2.0,1,0.16666666666666666,900.0,30.0,2,-0.5125113090819994,0.5888915999238798,-0.9213435417374367,Nhóm hành vi còn lại
fixture-user-2702,70.0,1.0,0.0,3.0,0.0,0.0,0,0.0,30.0,5.0,1,-5.653074755432996,-0.26751935962468665,-1.3948414954693151,Hoạt động gần nhất cách xa
fixture-user-2703,8.0,8.0,0.0,18.0,12.0,3.0,0,0.6666666666666666,1600.0,60.0,0,1.667619505045523,-2.2053810991863303,-0.7744155991773559,Tỷ lệ thêm giỏ/xem cao
fixture-user-2704,3.0,13.0,820.0,31.0,9.0,6.0,3,0.2903225806451613,2410.0,81.0,3,2.9722504279555224,0.8202064154922466,-0.8360402617366788,Doanh thu trung bình cao
fixture-user-2705,16.0,6.0,120.0,13.0,3.0,2.0,1,0.23076923076923078,910.0,31.0,2,-0.18823476857859642,0.3875447576114711,-0.8693490403338631,Nhóm hành vi còn lại
fixture-user-2706,71.0,2.0,0.0,4.0,0.0,0.0,0,0.0,40.0,6.0,1,-5.132931592866225,-0.19697308259203808,-1.0600968999130056,Hoạt động gần nhất cách xa
fixture-user-2707,9.0,9.0,0.0,19.0,13.0,3.0,0,0.6842105263157895,1610.0,61.0,0,1.7765266448407788,-2.263702585114586,-0.6595478640554292,Tỷ lệ thêm giỏ/xem cao
fixture-user-2708,4.0,14.0,840.0,32.0,10.0,6.0,3,0.3125,2420.0,82.0,3,3.01229401895736,0.7383363392983261,-0.6738605748864045,Doanh thu trung bình cao
fixture-user-2709,17.0,7.0,140.0,14.0,4.0,2.0,1,0.2857142857142857,920.0,32.0,2,0.08566905022148885,0.22145490054473832,-0.8127372610551373,Nhóm hành vi còn lại
fixture-user-2710,72.0,3.0,0.0,5.0,0.0,0.0,0,0.0,50.0,7.0,1,-4.734049758831314,-0.1415652227069219,-0.7803874603946023,Hoạt động gần nhất cách xa
fixture-user-2711,10.0,10.0,0.0,20.0,14.0,3.0,0,0.7,1620.0,62.0,0,1.8778157374373483,-2.316152393098142,-0.5521462253135105,Tỷ lệ thêm giỏ/xem cao
fixture-user-2712,5.0,12.0,860.0,33.0,8.0,6.0,3,0.24242424242424243,2430.0,83.0,3,2.7201358279717427,1.0010280153705131,-0.43135310572761704,Doanh thu trung bình cao
fixture-user-2713,18.0,5.0,160.0,15.0,2.0,2.0,1,0.13333333333333333,930.0,33.0,2,-0.416368974045729,0.8413722469868408,-0.5202824835880352,Nhóm hành vi còn lại
fixture-user-2714,73.0,1.0,0.0,6.0,0.0,0.0,0,0.0,60.0,8.0,1,-4.951827114160079,-0.13461517315522942,-0.48185008826089964,Hoạt động gần nhất cách xa
fixture-user-2715,11.0,8.0,0.0,21.0,12.0,3.0,0,0.5714285714285714,1630.0,63.0,0,1.5440020110863266,-1.8916105529499507,-0.2894737393083827,Tỷ lệ thêm giỏ/xem cao
fixture-user-2716,6.0,13.0,880.0,34.0,9.0,6.0,3,0.2647058823529412,2440.0,84.0,3,2.793205514756805,0.9179893295870694,-0.3181395540304275,Doanh thu trung bình cao
fixture-user-2717,19.0,6.0,180.0,16.0,3.0,2.0,1,0.1875,940.0,34.0,2,-0.11506542133983415,0.6524097200437152,-0.47729764843711464,Nhóm hành vi còn lại
fixture-user-2718,74.0,2.0,0.0,7.0,0.0,0.0,0,0.0,70.0,9.0,1,-4.544300503596412,-0.08616879017803282,-0.28512883644029735,Hoạt động gần nhất cách xa
fixture-user-2719,12.0,9.0,0.0,22.0,13.0,3.0,0,0.5909090909090909,1640.0,64.0,0,1.6610803566223118,-1.956635720808595,-0.20216044539729697,Tỷ lệ thêm giỏ/xem cao
fixture-user-2720,7.0,14.0,900.0,35.0,10.0,6.0,3,0.2857142857142857,2450.0,85.0,3,2.865809296514496,0.8413885834551914,-0.21799543117210443,Doanh thu trung bình cao
fixture-user-2721,20.0,7.0,200.0,17.0,4.0,2.0,1,0.23529411764705882,950.0,35.0,2,0.1412081418293925,0.49422871537243757,-0.4309330555436214,Nhóm hành vi còn lại
fixture-user-2722,75.0,3.0,0.0,8.0,0.0,0.0,0,0.0,80.0,10.0,1,-4.226355602128988,-0.04652353682671037,-0.10556235721929748,Hoạt động gần nhất cách xa
fixture-user-2723,13.0,10.0,0.0,23.0,14.0,3.0,0,0.6086956521739131,1650.0,65.0,0,1.769348185040836,-2.015953016612214,-0.1188564273584944,Tỷ lệ thêm giỏ/xem cao
fixture-user-2724,8.0,12.0,920.0,36.0,8.0,6.0,3,0.2222222222222222,2460.0,86.0,3,2.6063737094369293,1.0851522433954928,-0.028162481097520817,Doanh thu trung bình cao
fixture-user-2725,21.0,5.0,220.0,18.0,2.0,2.0,1,0.1111111111111111,960.0,36.0,2,-0.331015161317517,1.017672557566975,-0.18189320559016225,Nhóm hành vi còn lại
fixture-user-2726,76.0,1.0,0.0,9.0,0.0,0.0,0,0.0,90.0,11.0,1,-4.5053809003710175,-0.051404916593935875,0.11674763187868262,Hoạt động gần nhất cách xa
fixture-user-2727,14.0,8.0,0.0,24.0,12.0,3.0,0,0.5,1660.0,66.0,0,1.4649328760198592,-1.6524200575582768,0.10500751195665843,Tỷ lệ thêm giỏ/xem cao
fixture-user-2728,9.0,13.0,940.0,37.0,9.0,6.0,3,0.24324324324324326,2470.0,87.0,3,2.6956818339500837,1.0065237107878025,0.05075676314821963,Doanh thu trung bình cao
fixture-user-2729,22.0,6.0,240.0,19.0,3.0,2.0,1,0.15789473684210525,970.0,37.0,2,-0.045442287582045944,0.842002022281944,-0.14614921568949865,Nhóm hành vi còn lại
fixture-user-2730,77.0,2.0,0.0,10.0,0.0,0.0,0,0.0,100.0,12.0,1,-4.145933218700002,-0.012175282230817307,0.25338192247508057,Hoạt động gần nhất cách xa
fixture-user-2731,15.0,9.0,0.0,25.0,13.0,3.0,0,0.52,1670.0,67.0,0,1.5853970707566725,-1.7197729720568595,0.17473155318197717,Tỷ lệ thêm giỏ/xem cao
fixture-user-2732,10.0,14.0,960.0,38.0,10.0,6.0,3,0.2631578947368421,2480.0,88.0,3,2.7805820478578775,0.9335515526720264,0.12366456013755259,Doanh thu trung bình cao
fixture-user-2733,23.0,7.0,260.0,20.0,4.0,2.0,1,0.2,980.0,38.0,2,0.19806579033115437,0.6934432518431779,-0.10747748554529173,Nhóm hành vi còn lại
fixture-user-2734,78.0,3.0,0.0,11.0,0.0,0.0,0,0.0,110.0,13.0,1,-3.866786492395833,0.020083464757670286,0.3842998554068919,Hoạt động gần nhất cách xa
fixture-user-2735,16.0,10.0,0.0,26.0,14.0,3.0,0,0.5384615384615384,1680.0,68.0,0,1.696701628351615,-1.7818534565886186,0.24216164621576905,Tỷ lệ thêm giỏ/xem cao
fixture-user-2736,11.0,12.0,980.0,39.0,8.0,6.0,3,0.20512820512820512,2490.0,89.0,3,2.539096994000912,1.1608947269527035,0.2849645070861152,Doanh thu trung bình cao
fixture-user-2737,24.0,5.0,280.0,21.0,2.0,2.0,1,0.09523809523809523,990.0,39.0,2,-0.2535021844261599,1.1515543709784555,0.11036450120739257,Nhóm hành vi còn lại
fixture-user-2738,79.0,1.0,0.0,12.0,0.0,0.0,0,0.0,120.0,14.0,1,-4.177806227183311,0.009148059352104415,0.5663777413394052,Hoạt động gần nhất cách xa
fixture-user-2739,17.0,8.0,0.0,27.0,12.0,3.0,0,0.4444444444444444,1690.0,69.0,0,1.4131920056243967,-1.4634770190954087,0.43800042229131814,Tỷ lệ thêm giỏ/xem cao
fixture-user-2740,12.0,13.0,1000.0,40.0,9.0,6.0,3,0.225,2500.0,90.0,3,2.6355970708016336,1.085750837529916,0.34560189762492727,Doanh thu trung bình cao
fixture-user-2741,25.0,6.0,300.0,22.0,3.0,2.0,1,0.13636363636363635,1000.0,40.0,2,0.020448779079346835,0.987424175304437,0.14043401059775606,Nhóm hành vi còn lại
fixture-user-2742,80.0,2.0,0.0,13.0,0.0,0.0,0,0.0,130.0,15.0,1,-3.8452080923989924,0.04332455321405482,0.6691606922603189,Hoạt động gần nhất cách xa
fixture-user-2743,18.0,9.0,0.0,28.0,13.0,3.0,0,0.4642857142857143,1700.0,70.0,0,1.534830031286699,-1.5309960415171668,0.49554732017099296,Tỷ lệ thêm giỏ/xem cao
fixture-user-2744,13.0,14.0,1020.0,41.0,10.0,6.0,3,0.24390243902439024,2510.0,91.0,3,2.7262823845513653,1.0157588009747183,0.4029662204898221,Doanh thu trung bình cao
fixture-user-2745,26.0,7.0,320.0,23.0,4.0,2.0,1,0.17391304347826086,1010.0,41.0,2,0.2541908963254575,0.8477774875328858,0.17321533289513408,Nhóm hành vi còn lại
fixture-user-2746,81.0,3.0,0.0,14.0,0.0,0.0,0,0.0,140.0,16.0,1,-3.58892156885437,0.07130138670265128,0.7711842983243252,Hoạt động gần nhất cách xa
fixture-user-2747,19.0,10.0,0.0,29.0,14.0,3.0,0,0.4827586206896552,1710.0,71.0,0,1.6472575587743377,-1.5937242188893985,0.5517615405408011,Tỷ lệ thêm giỏ/xem cao
fixture-user-2748,14.0,12.0,1040.0,42.0,8.0,6.0,3,0.19047619047619047,2520.0,92.0,3,2.49670495094491,1.2290037398474845,0.5454645736096191,Doanh thu trung bình cao
fixture-user-2749,27.0,5.0,340.0,24.0,2.0,2.0,1,0.08333333333333333,1020.0,42.0,2,-0.18230360796635595,1.2586072038036613,0.3675912090530475,Nhóm hành vi còn lại
fixture-user-2750,82.0,1.0,0.0,15.0,0.0,0.0,0,0.0,150.0,17.0,1,-3.9196432407459767,0.05669108652696236,0.9282979885680404,Hoạt động gần nhất cách xa
fixture-user-2751,20.0,8.0,0.0,30.0,12.0,3.0,0,0.4,1720.0,72.0,0,1.3793488527403,-1.3100407571216666,0.7263442280480706,Tỷ lệ thêm giỏ/xem cao
fixture-user-2752,15.0,13.0,1060.0,43.0,9.0,6.0,3,0.20930232558139536,2530.0,93.0,3,2.5967783052258118,1.1568322528607358,0.5946167775727039,Doanh thu trung bình cao
fixture-user-2753,28.0,6.0,360.0,25.0,3.0,2.0,1,0.12,1030.0,43.0,2,0.08266019726750658,1.1041566022540645,0.39313910571678706,Nhóm hành vi còn lại
fixture-user-2754,83.0,2.0,0.0,16.0,0.0,0.0,0,0.0,160.0,18.0,1,-3.604202552262844,0.08767912367278557,1.0092869375057245,Hoạt động gần nhất cách xa
fixture-user-2755,21.0,9.0,0.0,31.0,13.0,3.0,0,0.41935483870967744,1730.0,73.0,0,1.501059534575714,-1.376636657189004,0.7749808036540073,Tỷ lệ thêm giỏ/xem cao
fixture-user-2756,16.0,14.0,1080.0,44.0,10.0,6.0,3,0.22727272727272727,2540.0,94.0,3,2.690427951437499,1.0894358139626867,0.6418324646043475,Doanh thu trung bình cao
fixture-user-2757,29.0,7.0,380.0,26.0,4.0,2.0,1,0.15384615384615385,1040.0,44.0,2,0.3086623039800275,0.9723028927926293,0.4212803240192725,Nhóm hành vi còn lại
fixture-user-2758,84.0,3.0,0.0,17.0,0.0,0.0,0,0.0,170.0,19.0,1,-3.3629925377313117,0.11286336793280101,1.0921119219662825,Hoạt động gần nhất cách xa
fixture-user-2759,22.0,10.0,0.0,32.0,14.0,3.0,0,0.4375,1740.0,74.0,0,1.6136201785899058,-1.438893929708042,0.822869682767591,Tỷ lệ thêm giỏ/xem cao
fixture-user-2760,2.0,12.0,800.0,30.0,8.0,6.0,3,0.26666666666666666,2400.0,80.0,3,2.949000201807968,0.9104099322153842,-1.040664161835835,Doanh thu trung bình cao
fixture-user-2761,15.0,5.0,100.0,12.0,2.0,2.0,1,0.16666666666666666,900.0,30.0,2,-0.5125113090819994,0.5888915999238798,-0.9213435417374367,Nhóm hành vi còn lại
fixture-user-2762,70.0,1.0,0.0,3.0,0.0,0.0,0,0.0,30.0,5.0,1,-5.653074755432996,-0.26751935962468665,-1.3948414954693151,Hoạt động gần nhất cách xa
fixture-user-2763,8.0,8.0,0.0,18.0,12.0,3.0,0,0.6666666666666666,1600.0,60.0,0,1.667619505045523,-2.2053810991863303,-0.7744155991773559,Tỷ lệ thêm giỏ/xem cao
fixture-user-2764,3.0,13.0,820.0,31.0,9.0,6.0,3,0.2903225806451613,2410.0,81.0,3,2.9722504279555224,0.8202064154922466,-0.8360402617366788,Doanh thu trung bình cao
fixture-user-2765,16.0,6.0,120.0,13.0,3.0,2.0,1,0.23076923076923078,910.0,31.0,2,-0.18823476857859642,0.3875447576114711,-0.8693490403338631,Nhóm hành vi còn lại
fixture-user-2766,71.0,2.0,0.0,4.0,0.0,0.0,0,0.0,40.0,6.0,1,-5.132931592866225,-0.19697308259203808,-1.0600968999130056,Hoạt động gần nhất cách xa
fixture-user-2767,9.0,9.0,0.0,19.0,13.0,3.0,0,0.6842105263157895,1610.0,61.0,0,1.7765266448407788,-2.263702585114586,-0.6595478640554292,Tỷ lệ thêm giỏ/xem cao
fixture-user-2768,4.0,14.0,840.0,32.0,10.0,6.0,3,0.3125,2420.0,82.0,3,3.01229401895736,0.7383363392983261,-0.6738605748864045,Doanh thu trung bình cao
fixture-user-2769,17.0,7.0,140.0,14.0,4.0,2.0,1,0.2857142857142857,920.0,32.0,2,0.08566905022148885,0.22145490054473832,-0.8127372610551373,Nhóm hành vi còn lại
fixture-user-2770,72.0,3.0,0.0,5.0,0.0,0.0,0,0.0,50.0,7.0,1,-4.734049758831314,-0.1415652227069219,-0.7803874603946023,Hoạt động gần nhất cách xa
fixture-user-2771,10.0,10.0,0.0,20.0,14.0,3.0,0,0.7,1620.0,62.0,0,1.8778157374373483,-2.316152393098142,-0.5521462253135105,Tỷ lệ thêm giỏ/xem cao
fixture-user-2772,5.0,12.0,860.0,33.0,8.0,6.0,3,0.24242424242424243,2430.0,83.0,3,2.7201358279717427,1.0010280153705131,-0.43135310572761704,Doanh thu trung bình cao
fixture-user-2773,18.0,5.0,160.0,15.0,2.0,2.0,1,0.13333333333333333,930.0,33.0,2,-0.416368974045729,0.8413722469868408,-0.5202824835880352,Nhóm hành vi còn lại
fixture-user-2774,73.0,1.0,0.0,6.0,0.0,0.0,0,0.0,60.0,8.0,1,-4.951827114160079,-0.13461517315522942,-0.48185008826089964,Hoạt động gần nhất cách xa
fixture-user-2775,11.0,8.0,0.0,21.0,12.0,3.0,0,0.5714285714285714,1630.0,63.0,0,1.5440020110863266,-1.8916105529499507,-0.2894737393083827,Tỷ lệ thêm giỏ/xem cao
fixture-user-2776,6.0,13.0,880.0,34.0,9.0,6.0,3,0.2647058823529412,2440.0,84.0,3,2.793205514756805,0.9179893295870694,-0.3181395540304275,Doanh thu trung bình cao
fixture-user-2777,19.0,6.0,180.0,16.0,3.0,2.0,1,0.1875,940.0,34.0,2,-0.11506542133983415,0.6524097200437152,-0.47729764843711464,Nhóm hành vi còn lại
fixture-user-2778,74.0,2.0,0.0,7.0,0.0,0.0,0,0.0,70.0,9.0,1,-4.544300503596412,-0.08616879017803282,-0.28512883644029735,Hoạt động gần nhất cách xa
fixture-user-2779,12.0,9.0,0.0,22.0,13.0,3.0,0,0.5909090909090909,1640.0,64.0,0,1.6610803566223118,-1.956635720808595,-0.20216044539729697,Tỷ lệ thêm giỏ/xem cao
fixture-user-2780,7.0,14.0,900.0,35.0,10.0,6.0,3,0.2857142857142857,2450.0,85.0,3,2.865809296514496,0.8413885834551914,-0.21799543117210443,Doanh thu trung bình cao
fixture-user-2781,20.0,7.0,200.0,17.0,4.0,2.0,1,0.23529411764705882,950.0,35.0,2,0.1412081418293925,0.49422871537243757,-0.4309330555436214,Nhóm hành vi còn lại
fixture-user-2782,75.0,3.0,0.0,8.0,0.0,0.0,0,0.0,80.0,10.0,1,-4.226355602128988,-0.04652353682671037,-0.10556235721929748,Hoạt động gần nhất cách xa
fixture-user-2783,13.0,10.0,0.0,23.0,14.0,3.0,0,0.6086956521739131,1650.0,65.0,0,1.769348185040836,-2.015953016612214,-0.1188564273584944,Tỷ lệ thêm giỏ/xem cao
fixture-user-2784,8.0,12.0,920.0,36.0,8.0,6.0,3,0.2222222222222222,2460.0,86.0,3,2.6063737094369293,1.0851522433954928,-0.028162481097520817,Doanh thu trung bình cao
fixture-user-2785,21.0,5.0,220.0,18.0,2.0,2.0,1,0.1111111111111111,960.0,36.0,2,-0.331015161317517,1.017672557566975,-0.18189320559016225,Nhóm hành vi còn lại
fixture-user-2786,76.0,1.0,0.0,9.0,0.0,0.0,0,0.0,90.0,11.0,1,-4.5053809003710175,-0.051404916593935875,0.11674763187868262,Hoạt động gần nhất cách xa
fixture-user-2787,14.0,8.0,0.0,24.0,12.0,3.0,0,0.5,1660.0,66.0,0,1.4649328760198592,-1.6524200575582768,0.10500751195665843,Tỷ lệ thêm giỏ/xem cao
fixture-user-2788,9.0,13.0,940.0,37.0,9.0,6.0,3,0.24324324324324326,2470.0,87.0,3,2.6956818339500837,1.0065237107878025,0.05075676314821963,Doanh thu trung bình cao
fixture-user-2789,22.0,6.0,240.0,19.0,3.0,2.0,1,0.15789473684210525,970.0,37.0,2,-0.045442287582045944,0.842002022281944,-0.14614921568949865,Nhóm hành vi còn lại
fixture-user-2790,77.0,2.0,0.0,10.0,0.0,0.0,0,0.0,100.0,12.0,1,-4.145933218700002,-0.012175282230817307,0.25338192247508057,Hoạt động gần nhất cách xa
fixture-user-2791,15.0,9.0,0.0,25.0,13.0,3.0,0,0.52,1670.0,67.0,0,1.5853970707566725,-1.7197729720568595,0.17473155318197717,Tỷ lệ thêm giỏ/xem cao
fixture-user-2792,10.0,14.0,960.0,38.0,10.0,6.0,3,0.2631578947368421,2480.0,88.0,3,2.7805820478578775,0.9335515526720264,0.12366456013755259,Doanh thu trung bình cao
fixture-user-2793,23.0,7.0,260.0,20.0,4.0,2.0,1,0.2,980.0,38.0,2,0.19806579033115437,0.6934432518431779,-0.10747748554529173,Nhóm hành vi còn lại
fixture-user-2794,78.0,3.0,0.0,11.0,0.0,0.0,0,0.0,110.0,13.0,1,-3.866786492395833,0.020083464757670286,0.3842998554068919,Hoạt động gần nhất cách xa
fixture-user-2795,16.0,10.0,0.0,26.0,14.0,3.0,0,0.5384615384615384,1680.0,68.0,0,1.696701628351615,-1.7818534565886186,0.24216164621576905,Tỷ lệ thêm giỏ/xem cao
fixture-user-2796,11.0,12.0,980.0,39.0,8.0,6.0,3,0.20512820512820512,2490.0,89.0,3,2.539096994000912,1.1608947269527035,0.2849645070861152,Doanh thu trung bình cao
fixture-user-2797,24.0,5.0,280.0,21.0,2.0,2.0,1,0.09523809523809523,990.0,39.0,2,-0.2535021844261599,1.1515543709784555,0.11036450120739257,Nhóm hành vi còn lại
fixture-user-2798,79.0,1.0,0.0,12.0,0.0,0.0,0,0.0,120.0,14.0,1,-4.177806227183311,0.009148059352104415,0.5663777413394052,Hoạt động gần nhất cách xa
fixture-user-2799,17.0,8.0,0.0,27.0,12.0,3.0,0,0.4444444444444444,1690.0,69.0,0,1.4131920056243967,-1.4634770190954087,0.43800042229131814,Tỷ lệ thêm giỏ/xem cao
fixture-user-2800,12.0,13.0,1000.0,40.0,9.0,6.0,3,0.225,2500.0,90.0,3,2.6355970708016336,1.085750837529916,0.34560189762492727,Doanh thu trung bình cao
fixture-user-2801,25.0,6.0,300.0,22.0,3.0,2.0,1,0.13636363636363635,1000.0,40.0,2,0.020448779079346835,0.987424175304437,0.14043401059775606,Nhóm hành vi còn lại
fixture-user-2802,80.0,2.0,0.0,13.0,0.0,0.0,0,0.0,130.0,15.0,1,-3.8452080923989924,0.04332455321405482,0.6691606922603189,Hoạt động gần nhất cách xa
fixture-user-2803,18.0,9.0,0.0,28.0,13.0,3.0,0,0.4642857142857143,1700.0,70.0,0,1.534830031286699,-1.5309960415171668,0.49554732017099296,Tỷ lệ thêm giỏ/xem cao
fixture-user-2804,13.0,14.0,1020.0,41.0,10.0,6.0,3,0.24390243902439024,2510.0,91.0,3,2.7262823845513653,1.0157588009747183,0.4029662204898221,Doanh thu trung bình cao
fixture-user-2805,26.0,7.0,320.0,23.0,4.0,2.0,1,0.17391304347826086,1010.0,41.0,2,0.2541908963254575,0.8477774875328858,0.17321533289513408,Nhóm hành vi còn lại
fixture-user-2806,81.0,3.0,0.0,14.0,0.0,0.0,0,0.0,140.0,16.0,1,-3.58892156885437,0.07130138670265128,0.7711842983243252,Hoạt động gần nhất cách xa
fixture-user-2807,19.0,10.0,0.0,29.0,14.0,3.0,0,0.4827586206896552,1710.0,71.0,0,1.6472575587743377,-1.5937242188893985,0.5517615405408011,Tỷ lệ thêm giỏ/xem cao
fixture-user-2808,14.0,12.0,1040.0,42.0,8.0,6.0,3,0.19047619047619047,2520.0,92.0,3,2.49670495094491,1.2290037398474845,0.5454645736096191,Doanh thu trung bình cao
fixture-user-2809,27.0,5.0,340.0,24.0,2.0,2.0,1,0.08333333333333333,1020.0,42.0,2,-0.18230360796635595,1.2586072038036613,0.3675912090530475,Nhóm hành vi còn lại
fixture-user-2810,82.0,1.0,0.0,15.0,0.0,0.0,0,0.0,150.0,17.0,1,-3.9196432407459767,0.05669108652696236,0.9282979885680404,Hoạt động gần nhất cách xa
fixture-user-2811,20.0,8.0,0.0,30.0,12.0,3.0,0,0.4,1720.0,72.0,0,1.3793488527403,-1.3100407571216666,0.7263442280480706,Tỷ lệ thêm giỏ/xem cao
fixture-user-2812,15.0,13.0,1060.0,43.0,9.0,6.0,3,0.20930232558139536,2530.0,93.0,3,2.5967783052258118,1.1568322528607358,0.5946167775727039,Doanh thu trung bình cao
fixture-user-2813,28.0,6.0,360.0,25.0,3.0,2.0,1,0.12,1030.0,43.0,2,0.08266019726750658,1.1041566022540645,0.39313910571678706,Nhóm hành vi còn lại
fixture-user-2814,83.0,2.0,0.0,16.0,0.0,0.0,0,0.0,160.0,18.0,1,-3.604202552262844,0.08767912367278557,1.0092869375057245,Hoạt động gần nhất cách xa
fixture-user-2815,21.0,9.0,0.0,31.0,13.0,3.0,0,0.41935483870967744,1730.0,73.0,0,1.501059534575714,-1.376636657189004,0.7749808036540073,Tỷ lệ thêm giỏ/xem cao
fixture-user-2816,16.0,14.0,1080.0,44.0,10.0,6.0,3,0.22727272727272727,2540.0,94.0,3,2.690427951437499,1.0894358139626867,0.6418324646043475,Doanh thu trung bình cao
fixture-user-2817,29.0,7.0,380.0,26.0,4.0,2.0,1,0.15384615384615385,1040.0,44.0,2,0.3086623039800275,0.9723028927926293,0.4212803240192725,Nhóm hành vi còn lại
fixture-user-2818,84.0,3.0,0.0,17.0,0.0,0.0,0,0.0,170.0,19.0,1,-3.3629925377313117,0.11286336793280101,1.0921119219662825,Hoạt động gần nhất cách xa
fixture-user-2819,22.0,10.0,0.0,32.0,14.0,3.0,0,0.4375,1740.0,74.0,0,1.6136201785899058,-1.438893929708042,0.822869682767591,Tỷ lệ thêm giỏ/xem cao
fixture-user-2820,2.0,12.0,800.0,30.0,8.0,6.0,3,0.26666666666666666,2400.0,80.0,3,2.949000201807968,0.9104099322153842,-1.040664161835835,Doanh thu trung bình cao
fixture-user-2821,15.0,5.0,100.0,12.0,2.0,2.0,1,0.16666666666666666,900.0,30.0,2,-0.5125113090819994,0.5888915999238798,-0.9213435417374367,Nhóm hành vi còn lại
fixture-user-2822,70.0,1.0,0.0,3.0,0.0,0.0,0,0.0,30.0,5.0,1,-5.653074755432996,-0.26751935962468665,-1.3948414954693151,Hoạt động gần nhất cách xa
fixture-user-2823,8.0,8.0,0.0,18.0,12.0,3.0,0,0.6666666666666666,1600.0,60.0,0,1.667619505045523,-2.2053810991863303,-0.7744155991773559,Tỷ lệ thêm giỏ/xem cao
fixture-user-2824,3.0,13.0,820.0,31.0,9.0,6.0,3,0.2903225806451613,2410.0,81.0,3,2.9722504279555224,0.8202064154922466,-0.8360402617366788,Doanh thu trung bình cao
fixture-user-2825,16.0,6.0,120.0,13.0,3.0,2.0,1,0.23076923076923078,910.0,31.0,2,-0.18823476857859642,0.3875447576114711,-0.8693490403338631,Nhóm hành vi còn lại
fixture-user-2826,71.0,2.0,0.0,4.0,0.0,0.0,0,0.0,40.0,6.0,1,-5.132931592866225,-0.19697308259203808,-1.0600968999130056,Hoạt động gần nhất cách xa
fixture-user-2827,9.0,9.0,0.0,19.0,13.0,3.0,0,0.6842105263157895,1610.0,61.0,0,1.7765266448407788,-2.263702585114586,-0.6595478640554292,Tỷ lệ thêm giỏ/xem cao
fixture-user-2828,4.0,14.0,840.0,32.0,10.0,6.0,3,0.3125,2420.0,82.0,3,3.01229401895736,0.7383363392983261,-0.6738605748864045,Doanh thu trung bình cao
fixture-user-2829,17.0,7.0,140.0,14.0,4.0,2.0,1,0.2857142857142857,920.0,32.0,2,0.08566905022148885,0.22145490054473832,-0.8127372610551373,Nhóm hành vi còn lại
fixture-user-2830,72.0,3.0,0.0,5.0,0.0,0.0,0,0.0,50.0,7.0,1,-4.734049758831314,-0.1415652227069219,-0.7803874603946023,Hoạt động gần nhất cách xa
fixture-user-2831,10.0,10.0,0.0,20.0,14.0,3.0,0,0.7,1620.0,62.0,0,1.8778157374373483,-2.316152393098142,-0.5521462253135105,Tỷ lệ thêm giỏ/xem cao
fixture-user-2832,5.0,12.0,860.0,33.0,8.0,6.0,3,0.24242424242424243,2430.0,83.0,3,2.7201358279717427,1.0010280153705131,-0.43135310572761704,Doanh thu trung bình cao
fixture-user-2833,18.0,5.0,160.0,15.0,2.0,2.0,1,0.13333333333333333,930.0,33.0,2,-0.416368974045729,0.8413722469868408,-0.5202824835880352,Nhóm hành vi còn lại
fixture-user-2834,73.0,1.0,0.0,6.0,0.0,0.0,0,0.0,60.0,8.0,1,-4.951827114160079,-0.13461517315522942,-0.48185008826089964,Hoạt động gần nhất cách xa
fixture-user-2835,11.0,8.0,0.0,21.0,12.0,3.0,0,0.5714285714285714,1630.0,63.0,0,1.5440020110863266,-1.8916105529499507,-0.2894737393083827,Tỷ lệ thêm giỏ/xem cao
fixture-user-2836,6.0,13.0,880.0,34.0,9.0,6.0,3,0.2647058823529412,2440.0,84.0,3,2.793205514756805,0.9179893295870694,-0.3181395540304275,Doanh thu trung bình cao
fixture-user-2837,19.0,6.0,180.0,16.0,3.0,2.0,1,0.1875,940.0,34.0,2,-0.11506542133983415,0.6524097200437152,-0.47729764843711464,Nhóm hành vi còn lại
fixture-user-2838,74.0,2.0,0.0,7.0,0.0,0.0,0,0.0,70.0,9.0,1,-4.544300503596412,-0.08616879017803282,-0.28512883644029735,Hoạt động gần nhất cách xa
fixture-user-2839,12.0,9.0,0.0,22.0,13.0,3.0,0,0.5909090909090909,1640.0,64.0,0,1.6610803566223118,-1.956635720808595,-0.20216044539729697,Tỷ lệ thêm giỏ/xem cao
fixture-user-2840,7.0,14.0,900.0,35.0,10.0,6.0,3,0.2857142857142857,2450.0,85.0,3,2.865809296514496,0.8413885834551914,-0.21799543117210443,Doanh thu trung bình cao
fixture-user-2841,20.0,7.0,200.0,17.0,4.0,2.0,1,0.23529411764705882,950.0,35.0,2,0.1412081418293925,0.49422871537243757,-0.4309330555436214,Nhóm hành vi còn lại
fixture-user-2842,75.0,3.0,0.0,8.0,0.0,0.0,0,0.0,80.0,10.0,1,-4.226355602128988,-0.04652353682671037,-0.10556235721929748,Hoạt động gần nhất cách xa
fixture-user-2843,13.0,10.0,0.0,23.0,14.0,3.0,0,0.6086956521739131,1650.0,65.0,0,1.769348185040836,-2.015953016612214,-0.1188564273584944,Tỷ lệ thêm giỏ/xem cao
fixture-user-2844,8.0,12.0,920.0,36.0,8.0,6.0,3,0.2222222222222222,2460.0,86.0,3,2.6063737094369293,1.0851522433954928,-0.028162481097520817,Doanh thu trung bình cao
fixture-user-2845,21.0,5.0,220.0,18.0,2.0,2.0,1,0.1111111111111111,960.0,36.0,2,-0.331015161317517,1.017672557566975,-0.18189320559016225,Nhóm hành vi còn lại
fixture-user-2846,76.0,1.0,0.0,9.0,0.0,0.0,0,0.0,90.0,11.0,1,-4.5053809003710175,-0.051404916593935875,0.11674763187868262,Hoạt động gần nhất cách xa
fixture-user-2847,14.0,8.0,0.0,24.0,12.0,3.0,0,0.5,1660.0,66.0,0,1.4649328760198592,-1.6524200575582768,0.10500751195665843,Tỷ lệ thêm giỏ/xem cao
fixture-user-2848,9.0,13.0,940.0,37.0,9.0,6.0,3,0.24324324324324326,2470.0,87.0,3,2.6956818339500837,1.0065237107878025,0.05075676314821963,Doanh thu trung bình cao
fixture-user-2849,22.0,6.0,240.0,19.0,3.0,2.0,1,0.15789473684210525,970.0,37.0,2,-0.045442287582045944,0.842002022281944,-0.14614921568949865,Nhóm hành vi còn lại
fixture-user-2850,77.0,2.0,0.0,10.0,0.0,0.0,0,0.0,100.0,12.0,1,-4.145933218700002,-0.012175282230817307,0.25338192247508057,Hoạt động gần nhất cách xa
fixture-user-2851,15.0,9.0,0.0,25.0,13.0,3.0,0,0.52,1670.0,67.0,0,1.5853970707566725,-1.7197729720568595,0.17473155318197717,Tỷ lệ thêm giỏ/xem cao
fixture-user-2852,10.0,14.0,960.0,38.0,10.0,6.0,3,0.2631578947368421,2480.0,88.0,3,2.7805820478578775,0.9335515526720264,0.12366456013755259,Doanh thu trung bình cao
fixture-user-2853,23.0,7.0,260.0,20.0,4.0,2.0,1,0.2,980.0,38.0,2,0.19806579033115437,0.6934432518431779,-0.10747748554529173,Nhóm hành vi còn lại
fixture-user-2854,78.0,3.0,0.0,11.0,0.0,0.0,0,0.0,110.0,13.0,1,-3.866786492395833,0.020083464757670286,0.3842998554068919,Hoạt động gần nhất cách xa
fixture-user-2855,16.0,10.0,0.0,26.0,14.0,3.0,0,0.5384615384615384,1680.0,68.0,0,1.696701628351615,-1.7818534565886186,0.24216164621576905,Tỷ lệ thêm giỏ/xem cao
fixture-user-2856,11.0,12.0,980.0,39.0,8.0,6.0,3,0.20512820512820512,2490.0,89.0,3,2.539096994000912,1.1608947269527035,0.2849645070861152,Doanh thu trung bình cao
fixture-user-2857,24.0,5.0,280.0,21.0,2.0,2.0,1,0.09523809523809523,990.0,39.0,2,-0.2535021844261599,1.1515543709784555,0.11036450120739257,Nhóm hành vi còn lại
fixture-user-2858,79.0,1.0,0.0,12.0,0.0,0.0,0,0.0,120.0,14.0,1,-4.177806227183311,0.009148059352104415,0.5663777413394052,Hoạt động gần nhất cách xa
fixture-user-2859,17.0,8.0,0.0,27.0,12.0,3.0,0,0.4444444444444444,1690.0,69.0,0,1.4131920056243967,-1.4634770190954087,0.43800042229131814,Tỷ lệ thêm giỏ/xem cao
fixture-user-2860,12.0,13.0,1000.0,40.0,9.0,6.0,3,0.225,2500.0,90.0,3,2.6355970708016336,1.085750837529916,0.34560189762492727,Doanh thu trung bình cao
fixture-user-2861,25.0,6.0,300.0,22.0,3.0,2.0,1,0.13636363636363635,1000.0,40.0,2,0.020448779079346835,0.987424175304437,0.14043401059775606,Nhóm hành vi còn lại
fixture-user-2862,80.0,2.0,0.0,13.0,0.0,0.0,0,0.0,130.0,15.0,1,-3.8452080923989924,0.04332455321405482,0.6691606922603189,Hoạt động gần nhất cách xa
fixture-user-2863,18.0,9.0,0.0,28.0,13.0,3.0,0,0.4642857142857143,1700.0,70.0,0,1.534830031286699,-1.5309960415171668,0.49554732017099296,Tỷ lệ thêm giỏ/xem cao
fixture-user-2864,13.0,14.0,1020.0,41.0,10.0,6.0,3,0.24390243902439024,2510.0,91.0,3,2.7262823845513653,1.0157588009747183,0.4029662204898221,Doanh thu trung bình cao
fixture-user-2865,26.0,7.0,320.0,23.0,4.0,2.0,1,0.17391304347826086,1010.0,41.0,2,0.2541908963254575,0.8477774875328858,0.17321533289513408,Nhóm hành vi còn lại
fixture-user-2866,81.0,3.0,0.0,14.0,0.0,0.0,0,0.0,140.0,16.0,1,-3.58892156885437,0.07130138670265128,0.7711842983243252,Hoạt động gần nhất cách xa
fixture-user-2867,19.0,10.0,0.0,29.0,14.0,3.0,0,0.4827586206896552,1710.0,71.0,0,1.6472575587743377,-1.5937242188893985,0.5517615405408011,Tỷ lệ thêm giỏ/xem cao
fixture-user-2868,14.0,12.0,1040.0,42.0,8.0,6.0,3,0.19047619047619047,2520.0,92.0,3,2.49670495094491,1.2290037398474845,0.5454645736096191,Doanh thu trung bình cao
fixture-user-2869,27.0,5.0,340.0,24.0,2.0,2.0,1,0.08333333333333333,1020.0,42.0,2,-0.18230360796635595,1.2586072038036613,0.3675912090530475,Nhóm hành vi còn lại
fixture-user-2870,82.0,1.0,0.0,15.0,0.0,0.0,0,0.0,150.0,17.0,1,-3.9196432407459767,0.05669108652696236,0.9282979885680404,Hoạt động gần nhất cách xa
fixture-user-2871,20.0,8.0,0.0,30.0,12.0,3.0,0,0.4,1720.0,72.0,0,1.3793488527403,-1.3100407571216666,0.7263442280480706,Tỷ lệ thêm giỏ/xem cao
fixture-user-2872,15.0,13.0,1060.0,43.0,9.0,6.0,3,0.20930232558139536,2530.0,93.0,3,2.5967783052258118,1.1568322528607358,0.5946167775727039,Doanh thu trung bình cao
fixture-user-2873,28.0,6.0,360.0,25.0,3.0,2.0,1,0.12,1030.0,43.0,2,0.08266019726750658,1.1041566022540645,0.39313910571678706,Nhóm hành vi còn lại
fixture-user-2874,83.0,2.0,0.0,16.0,0.0,0.0,0,0.0,160.0,18.0,1,-3.604202552262844,0.08767912367278557,1.0092869375057245,Hoạt động gần nhất cách xa
fixture-user-2875,21.0,9.0,0.0,31.0,13.0,3.0,0,0.41935483870967744,1730.0,73.0,0,1.501059534575714,-1.376636657189004,0.7749808036540073,Tỷ lệ thêm giỏ/xem cao
fixture-user-2876,16.0,14.0,1080.0,44.0,10.0,6.0,3,0.22727272727272727,2540.0,94.0,3,2.690427951437499,1.0894358139626867,0.6418324646043475,Doanh thu trung bình cao
fixture-user-2877,29.0,7.0,380.0,26.0,4.0,2.0,1,0.15384615384615385,1040.0,44.0,2,0.3086623039800275,0.9723028927926293,0.4212803240192725,Nhóm hành vi còn lại
fixture-user-2878,84.0,3.0,0.0,17.0,0.0,0.0,0,0.0,170.0,19.0,1,-3.3629925377313117,0.11286336793280101,1.0921119219662825,Hoạt động gần nhất cách xa
fixture-user-2879,22.0,10.0,0.0,32.0,14.0,3.0,0,0.4375,1740.0,74.0,0,1.6136201785899058,-1.438893929708042,0.822869682767591,Tỷ lệ thêm giỏ/xem cao
fixture-user-2880,2.0,12.0,800.0,30.0,8.0,6.0,3,0.26666666666666666,2400.0,80.0,3,2.949000201807968,0.9104099322153842,-1.040664161835835,Doanh thu trung bình cao
fixture-user-2881,15.0,5.0,100.0,12.0,2.0,2.0,1,0.16666666666666666,900.0,30.0,2,-0.5125113090819994,0.5888915999238798,-0.9213435417374367,Nhóm hành vi còn lại
fixture-user-2882,70.0,1.0,0.0,3.0,0.0,0.0,0,0.0,30.0,5.0,1,-5.653074755432996,-0.26751935962468665,-1.3948414954693151,Hoạt động gần nhất cách xa
fixture-user-2883,8.0,8.0,0.0,18.0,12.0,3.0,0,0.6666666666666666,1600.0,60.0,0,1.667619505045523,-2.2053810991863303,-0.7744155991773559,Tỷ lệ thêm giỏ/xem cao
fixture-user-2884,3.0,13.0,820.0,31.0,9.0,6.0,3,0.2903225806451613,2410.0,81.0,3,2.9722504279555224,0.8202064154922466,-0.8360402617366788,Doanh thu trung bình cao
fixture-user-2885,16.0,6.0,120.0,13.0,3.0,2.0,1,0.23076923076923078,910.0,31.0,2,-0.18823476857859642,0.3875447576114711,-0.8693490403338631,Nhóm hành vi còn lại
fixture-user-2886,71.0,2.0,0.0,4.0,0.0,0.0,0,0.0,40.0,6.0,1,-5.132931592866225,-0.19697308259203808,-1.0600968999130056,Hoạt động gần nhất cách xa
fixture-user-2887,9.0,9.0,0.0,19.0,13.0,3.0,0,0.6842105263157895,1610.0,61.0,0,1.7765266448407788,-2.263702585114586,-0.6595478640554292,Tỷ lệ thêm giỏ/xem cao
fixture-user-2888,4.0,14.0,840.0,32.0,10.0,6.0,3,0.3125,2420.0,82.0,3,3.01229401895736,0.7383363392983261,-0.6738605748864045,Doanh thu trung bình cao
fixture-user-2889,17.0,7.0,140.0,14.0,4.0,2.0,1,0.2857142857142857,920.0,32.0,2,0.08566905022148885,0.22145490054473832,-0.8127372610551373,Nhóm hành vi còn lại
fixture-user-2890,72.0,3.0,0.0,5.0,0.0,0.0,0,0.0,50.0,7.0,1,-4.734049758831314,-0.1415652227069219,-0.7803874603946023,Hoạt động gần nhất cách xa
fixture-user-2891,10.0,10.0,0.0,20.0,14.0,3.0,0,0.7,1620.0,62.0,0,1.8778157374373483,-2.316152393098142,-0.5521462253135105,Tỷ lệ thêm giỏ/xem cao
fixture-user-2892,5.0,12.0,860.0,33.0,8.0,6.0,3,0.24242424242424243,2430.0,83.0,3,2.7201358279717427,1.0010280153705131,-0.43135310572761704,Doanh thu trung bình cao
fixture-user-2893,18.0,5.0,160.0,15.0,2.0,2.0,1,0.13333333333333333,930.0,33.0,2,-0.416368974045729,0.8413722469868408,-0.5202824835880352,Nhóm hành vi còn lại
fixture-user-2894,73.0,1.0,0.0,6.0,0.0,0.0,0,0.0,60.0,8.0,1,-4.951827114160079,-0.13461517315522942,-0.48185008826089964,Hoạt động gần nhất cách xa
fixture-user-2895,11.0,8.0,0.0,21.0,12.0,3.0,0,0.5714285714285714,1630.0,63.0,0,1.5440020110863266,-1.8916105529499507,-0.2894737393083827,Tỷ lệ thêm giỏ/xem cao
fixture-user-2896,6.0,13.0,880.0,34.0,9.0,6.0,3,0.2647058823529412,2440.0,84.0,3,2.793205514756805,0.9179893295870694,-0.3181395540304275,Doanh thu trung bình cao
fixture-user-2897,19.0,6.0,180.0,16.0,3.0,2.0,1,0.1875,940.0,34.0,2,-0.11506542133983415,0.6524097200437152,-0.47729764843711464,Nhóm hành vi còn lại
fixture-user-2898,74.0,2.0,0.0,7.0,0.0,0.0,0,0.0,70.0,9.0,1,-4.544300503596412,-0.08616879017803282,-0.28512883644029735,Hoạt động gần nhất cách xa
fixture-user-2899,12.0,9.0,0.0,22.0,13.0,3.0,0,0.5909090909090909,1640.0,64.0,0,1.6610803566223118,-1.956635720808595,-0.20216044539729697,Tỷ lệ thêm giỏ/xem cao
fixture-user-2900,7.0,14.0,900.0,35.0,10.0,6.0,3,0.2857142857142857,2450.0,85.0,3,2.865809296514496,0.8413885834551914,-0.21799543117210443,Doanh thu trung bình cao
fixture-user-2901,20.0,7.0,200.0,17.0,4.0,2.0,1,0.23529411764705882,950.0,35.0,2,0.1412081418293925,0.49422871537243757,-0.4309330555436214,Nhóm hành vi còn lại
fixture-user-2902,75.0,3.0,0.0,8.0,0.0,0.0,0,0.0,80.0,10.0,1,-4.226355602128988,-0.04652353682671037,-0.10556235721929748,Hoạt động gần nhất cách xa
fixture-user-2903,13.0,10.0,0.0,23.0,14.0,3.0,0,0.6086956521739131,1650.0,65.0,0,1.769348185040836,-2.015953016612214,-0.1188564273584944,Tỷ lệ thêm giỏ/xem cao
fixture-user-2904,8.0,12.0,920.0,36.0,8.0,6.0,3,0.2222222222222222,2460.0,86.0,3,2.6063737094369293,1.0851522433954928,-0.028162481097520817,Doanh thu trung bình cao
fixture-user-2905,21.0,5.0,220.0,18.0,2.0,2.0,1,0.1111111111111111,960.0,36.0,2,-0.331015161317517,1.017672557566975,-0.18189320559016225,Nhóm hành vi còn lại
fixture-user-2906,76.0,1.0,0.0,9.0,0.0,0.0,0,0.0,90.0,11.0,1,-4.5053809003710175,-0.051404916593935875,0.11674763187868262,Hoạt động gần nhất cách xa
fixture-user-2907,14.0,8.0,0.0,24.0,12.0,3.0,0,0.5,1660.0,66.0,0,1.4649328760198592,-1.6524200575582768,0.10500751195665843,Tỷ lệ thêm giỏ/xem cao
fixture-user-2908,9.0,13.0,940.0,37.0,9.0,6.0,3,0.24324324324324326,2470.0,87.0,3,2.6956818339500837,1.0065237107878025,0.05075676314821963,Doanh thu trung bình cao
fixture-user-2909,22.0,6.0,240.0,19.0,3.0,2.0,1,0.15789473684210525,970.0,37.0,2,-0.045442287582045944,0.842002022281944,-0.14614921568949865,Nhóm hành vi còn lại
fixture-user-2910,77.0,2.0,0.0,10.0,0.0,0.0,0,0.0,100.0,12.0,1,-4.145933218700002,-0.012175282230817307,0.25338192247508057,Hoạt động gần nhất cách xa
fixture-user-2911,15.0,9.0,0.0,25.0,13.0,3.0,0,0.52,1670.0,67.0,0,1.5853970707566725,-1.7197729720568595,0.17473155318197717,Tỷ lệ thêm giỏ/xem cao
fixture-user-2912,10.0,14.0,960.0,38.0,10.0,6.0,3,0.2631578947368421,2480.0,88.0,3,2.7805820478578775,0.9335515526720264,0.12366456013755259,Doanh thu trung bình cao
fixture-user-2913,23.0,7.0,260.0,20.0,4.0,2.0,1,0.2,980.0,38.0,2,0.19806579033115437,0.6934432518431779,-0.10747748554529173,Nhóm hành vi còn lại
fixture-user-2914,78.0,3.0,0.0,11.0,0.0,0.0,0,0.0,110.0,13.0,1,-3.866786492395833,0.020083464757670286,0.3842998554068919,Hoạt động gần nhất cách xa
fixture-user-2915,16.0,10.0,0.0,26.0,14.0,3.0,0,0.5384615384615384,1680.0,68.0,0,1.696701628351615,-1.7818534565886186,0.24216164621576905,Tỷ lệ thêm giỏ/xem cao
fixture-user-2916,11.0,12.0,980.0,39.0,8.0,6.0,3,0.20512820512820512,2490.0,89.0,3,2.539096994000912,1.1608947269527035,0.2849645070861152,Doanh thu trung bình cao
fixture-user-2917,24.0,5.0,280.0,21.0,2.0,2.0,1,0.09523809523809523,990.0,39.0,2,-0.2535021844261599,1.1515543709784555,0.11036450120739257,Nhóm hành vi còn lại
fixture-user-2918,79.0,1.0,0.0,12.0,0.0,0.0,0,0.0,120.0,14.0,1,-4.177806227183311,0.009148059352104415,0.5663777413394052,Hoạt động gần nhất cách xa
fixture-user-2919,17.0,8.0,0.0,27.0,12.0,3.0,0,0.4444444444444444,1690.0,69.0,0,1.4131920056243967,-1.4634770190954087,0.43800042229131814,Tỷ lệ thêm giỏ/xem cao
fixture-user-2920,12.0,13.0,1000.0,40.0,9.0,6.0,3,0.225,2500.0,90.0,3,2.6355970708016336,1.085750837529916,0.34560189762492727,Doanh thu trung bình cao
fixture-user-2921,25.0,6.0,300.0,22.0,3.0,2.0,1,0.13636363636363635,1000.0,40.0,2,0.020448779079346835,0.987424175304437,0.14043401059775606,Nhóm hành vi còn lại
fixture-user-2922,80.0,2.0,0.0,13.0,0.0,0.0,0,0.0,130.0,15.0,1,-3.8452080923989924,0.04332455321405482,0.6691606922603189,Hoạt động gần nhất cách xa
fixture-user-2923,18.0,9.0,0.0,28.0,13.0,3.0,0,0.4642857142857143,1700.0,70.0,0,1.534830031286699,-1.5309960415171668,0.49554732017099296,Tỷ lệ thêm giỏ/xem cao
fixture-user-2924,13.0,14.0,1020.0,41.0,10.0,6.0,3,0.24390243902439024,2510.0,91.0,3,2.7262823845513653,1.0157588009747183,0.4029662204898221,Doanh thu trung bình cao
fixture-user-2925,26.0,7.0,320.0,23.0,4.0,2.0,1,0.17391304347826086,1010.0,41.0,2,0.2541908963254575,0.8477774875328858,0.17321533289513408,Nhóm hành vi còn lại
fixture-user-2926,81.0,3.0,0.0,14.0,0.0,0.0,0,0.0,140.0,16.0,1,-3.58892156885437,0.07130138670265128,0.7711842983243252,Hoạt động gần nhất cách xa
fixture-user-2927,19.0,10.0,0.0,29.0,14.0,3.0,0,0.4827586206896552,1710.0,71.0,0,1.6472575587743377,-1.5937242188893985,0.5517615405408011,Tỷ lệ thêm giỏ/xem cao
fixture-user-2928,14.0,12.0,1040.0,42.0,8.0,6.0,3,0.19047619047619047,2520.0,92.0,3,2.49670495094491,1.2290037398474845,0.5454645736096191,Doanh thu trung bình cao
fixture-user-2929,27.0,5.0,340.0,24.0,2.0,2.0,1,0.08333333333333333,1020.0,42.0,2,-0.18230360796635595,1.2586072038036613,0.3675912090530475,Nhóm hành vi còn lại
fixture-user-2930,82.0,1.0,0.0,15.0,0.0,0.0,0,0.0,150.0,17.0,1,-3.9196432407459767,0.05669108652696236,0.9282979885680404,Hoạt động gần nhất cách xa
fixture-user-2931,20.0,8.0,0.0,30.0,12.0,3.0,0,0.4,1720.0,72.0,0,1.3793488527403,-1.3100407571216666,0.7263442280480706,Tỷ lệ thêm giỏ/xem cao
fixture-user-2932,15.0,13.0,1060.0,43.0,9.0,6.0,3,0.20930232558139536,2530.0,93.0,3,2.5967783052258118,1.1568322528607358,0.5946167775727039,Doanh thu trung bình cao
fixture-user-2933,28.0,6.0,360.0,25.0,3.0,2.0,1,0.12,1030.0,43.0,2,0.08266019726750658,1.1041566022540645,0.39313910571678706,Nhóm hành vi còn lại
fixture-user-2934,83.0,2.0,0.0,16.0,0.0,0.0,0,0.0,160.0,18.0,1,-3.604202552262844,0.08767912367278557,1.0092869375057245,Hoạt động gần nhất cách xa
fixture-user-2935,21.0,9.0,0.0,31.0,13.0,3.0,0,0.41935483870967744,1730.0,73.0,0,1.501059534575714,-1.376636657189004,0.7749808036540073,Tỷ lệ thêm giỏ/xem cao
fixture-user-2936,16.0,14.0,1080.0,44.0,10.0,6.0,3,0.22727272727272727,2540.0,94.0,3,2.690427951437499,1.0894358139626867,0.6418324646043475,Doanh thu trung bình cao
fixture-user-2937,29.0,7.0,380.0,26.0,4.0,2.0,1,0.15384615384615385,1040.0,44.0,2,0.3086623039800275,0.9723028927926293,0.4212803240192725,Nhóm hành vi còn lại
fixture-user-2938,84.0,3.0,0.0,17.0,0.0,0.0,0,0.0,170.0,19.0,1,-3.3629925377313117,0.11286336793280101,1.0921119219662825,Hoạt động gần nhất cách xa
fixture-user-2939,22.0,10.0,0.0,32.0,14.0,3.0,0,0.4375,1740.0,74.0,0,1.6136201785899058,-1.438893929708042,0.822869682767591,Tỷ lệ thêm giỏ/xem cao
fixture-user-2940,2.0,12.0,800.0,30.0,8.0,6.0,3,0.26666666666666666,2400.0,80.0,3,2.949000201807968,0.9104099322153842,-1.040664161835835,Doanh thu trung bình cao
fixture-user-2941,15.0,5.0,100.0,12.0,2.0,2.0,1,0.16666666666666666,900.0,30.0,2,-0.5125113090819994,0.5888915999238798,-0.9213435417374367,Nhóm hành vi còn lại
fixture-user-2942,70.0,1.0,0.0,3.0,0.0,0.0,0,0.0,30.0,5.0,1,-5.653074755432996,-0.26751935962468665,-1.3948414954693151,Hoạt động gần nhất cách xa
fixture-user-2943,8.0,8.0,0.0,18.0,12.0,3.0,0,0.6666666666666666,1600.0,60.0,0,1.667619505045523,-2.2053810991863303,-0.7744155991773559,Tỷ lệ thêm giỏ/xem cao
fixture-user-2944,3.0,13.0,820.0,31.0,9.0,6.0,3,0.2903225806451613,2410.0,81.0,3,2.9722504279555224,0.8202064154922466,-0.8360402617366788,Doanh thu trung bình cao
fixture-user-2945,16.0,6.0,120.0,13.0,3.0,2.0,1,0.23076923076923078,910.0,31.0,2,-0.18823476857859642,0.3875447576114711,-0.8693490403338631,Nhóm hành vi còn lại
fixture-user-2946,71.0,2.0,0.0,4.0,0.0,0.0,0,0.0,40.0,6.0,1,-5.132931592866225,-0.19697308259203808,-1.0600968999130056,Hoạt động gần nhất cách xa
fixture-user-2947,9.0,9.0,0.0,19.0,13.0,3.0,0,0.6842105263157895,1610.0,61.0,0,1.7765266448407788,-2.263702585114586,-0.6595478640554292,Tỷ lệ thêm giỏ/xem cao
fixture-user-2948,4.0,14.0,840.0,32.0,10.0,6.0,3,0.3125,2420.0,82.0,3,3.01229401895736,0.7383363392983261,-0.6738605748864045,Doanh thu trung bình cao
fixture-user-2949,17.0,7.0,140.0,14.0,4.0,2.0,1,0.2857142857142857,920.0,32.0,2,0.08566905022148885,0.22145490054473832,-0.8127372610551373,Nhóm hành vi còn lại
fixture-user-2950,72.0,3.0,0.0,5.0,0.0,0.0,0,0.0,50.0,7.0,1,-4.734049758831314,-0.1415652227069219,-0.7803874603946023,Hoạt động gần nhất cách xa
fixture-user-2951,10.0,10.0,0.0,20.0,14.0,3.0,0,0.7,1620.0,62.0,0,1.8778157374373483,-2.316152393098142,-0.5521462253135105,Tỷ lệ thêm giỏ/xem cao
fixture-user-2952,5.0,12.0,860.0,33.0,8.0,6.0,3,0.24242424242424243,2430.0,83.0,3,2.7201358279717427,1.0010280153705131,-0.43135310572761704,Doanh thu trung bình cao
fixture-user-2953,18.0,5.0,160.0,15.0,2.0,2.0,1,0.13333333333333333,930.0,33.0,2,-0.416368974045729,0.8413722469868408,-0.5202824835880352,Nhóm hành vi còn lại
fixture-user-2954,73.0,1.0,0.0,6.0,0.0,0.0,0,0.0,60.0,8.0,1,-4.951827114160079,-0.13461517315522942,-0.48185008826089964,Hoạt động gần nhất cách xa
fixture-user-2955,11.0,8.0,0.0,21.0,12.0,3.0,0,0.5714285714285714,1630.0,63.0,0,1.5440020110863266,-1.8916105529499507,-0.2894737393083827,Tỷ lệ thêm giỏ/xem cao
fixture-user-2956,6.0,13.0,880.0,34.0,9.0,6.0,3,0.2647058823529412,2440.0,84.0,3,2.793205514756805,0.9179893295870694,-0.3181395540304275,Doanh thu trung bình cao
fixture-user-2957,19.0,6.0,180.0,16.0,3.0,2.0,1,0.1875,940.0,34.0,2,-0.11506542133983415,0.6524097200437152,-0.47729764843711464,Nhóm hành vi còn lại
fixture-user-2958,74.0,2.0,0.0,7.0,0.0,0.0,0,0.0,70.0,9.0,1,-4.544300503596412,-0.08616879017803282,-0.28512883644029735,Hoạt động gần nhất cách xa
fixture-user-2959,12.0,9.0,0.0,22.0,13.0,3.0,0,0.5909090909090909,1640.0,64.0,0,1.6610803566223118,-1.956635720808595,-0.20216044539729697,Tỷ lệ thêm giỏ/xem cao
fixture-user-2960,7.0,14.0,900.0,35.0,10.0,6.0,3,0.2857142857142857,2450.0,85.0,3,2.865809296514496,0.8413885834551914,-0.21799543117210443,Doanh thu trung bình cao
fixture-user-2961,20.0,7.0,200.0,17.0,4.0,2.0,1,0.23529411764705882,950.0,35.0,2,0.1412081418293925,0.49422871537243757,-0.4309330555436214,Nhóm hành vi còn lại
fixture-user-2962,75.0,3.0,0.0,8.0,0.0,0.0,0,0.0,80.0,10.0,1,-4.226355602128988,-0.04652353682671037,-0.10556235721929748,Hoạt động gần nhất cách xa
fixture-user-2963,13.0,10.0,0.0,23.0,14.0,3.0,0,0.6086956521739131,1650.0,65.0,0,1.769348185040836,-2.015953016612214,-0.1188564273584944,Tỷ lệ thêm giỏ/xem cao
fixture-user-2964,8.0,12.0,920.0,36.0,8.0,6.0,3,0.2222222222222222,2460.0,86.0,3,2.6063737094369293,1.0851522433954928,-0.028162481097520817,Doanh thu trung bình cao
fixture-user-2965,21.0,5.0,220.0,18.0,2.0,2.0,1,0.1111111111111111,960.0,36.0,2,-0.331015161317517,1.017672557566975,-0.18189320559016225,Nhóm hành vi còn lại
fixture-user-2966,76.0,1.0,0.0,9.0,0.0,0.0,0,0.0,90.0,11.0,1,-4.5053809003710175,-0.051404916593935875,0.11674763187868262,Hoạt động gần nhất cách xa
fixture-user-2967,14.0,8.0,0.0,24.0,12.0,3.0,0,0.5,1660.0,66.0,0,1.4649328760198592,-1.6524200575582768,0.10500751195665843,Tỷ lệ thêm giỏ/xem cao
fixture-user-2968,9.0,13.0,940.0,37.0,9.0,6.0,3,0.24324324324324326,2470.0,87.0,3,2.6956818339500837,1.0065237107878025,0.05075676314821963,Doanh thu trung bình cao
fixture-user-2969,22.0,6.0,240.0,19.0,3.0,2.0,1,0.15789473684210525,970.0,37.0,2,-0.045442287582045944,0.842002022281944,-0.14614921568949865,Nhóm hành vi còn lại
fixture-user-2970,77.0,2.0,0.0,10.0,0.0,0.0,0,0.0,100.0,12.0,1,-4.145933218700002,-0.012175282230817307,0.25338192247508057,Hoạt động gần nhất cách xa
fixture-user-2971,15.0,9.0,0.0,25.0,13.0,3.0,0,0.52,1670.0,67.0,0,1.5853970707566725,-1.7197729720568595,0.17473155318197717,Tỷ lệ thêm giỏ/xem cao
fixture-user-2972,10.0,14.0,960.0,38.0,10.0,6.0,3,0.2631578947368421,2480.0,88.0,3,2.7805820478578775,0.9335515526720264,0.12366456013755259,Doanh thu trung bình cao
fixture-user-2973,23.0,7.0,260.0,20.0,4.0,2.0,1,0.2,980.0,38.0,2,0.19806579033115437,0.6934432518431779,-0.10747748554529173,Nhóm hành vi còn lại
fixture-user-2974,78.0,3.0,0.0,11.0,0.0,0.0,0,0.0,110.0,13.0,1,-3.866786492395833,0.020083464757670286,0.3842998554068919,Hoạt động gần nhất cách xa
fixture-user-2975,16.0,10.0,0.0,26.0,14.0,3.0,0,0.5384615384615384,1680.0,68.0,0,1.696701628351615,-1.7818534565886186,0.24216164621576905,Tỷ lệ thêm giỏ/xem cao
fixture-user-2976,11.0,12.0,980.0,39.0,8.0,6.0,3,0.20512820512820512,2490.0,89.0,3,2.539096994000912,1.1608947269527035,0.2849645070861152,Doanh thu trung bình cao
fixture-user-2977,24.0,5.0,280.0,21.0,2.0,2.0,1,0.09523809523809523,990.0,39.0,2,-0.2535021844261599,1.1515543709784555,0.11036450120739257,Nhóm hành vi còn lại
fixture-user-2978,79.0,1.0,0.0,12.0,0.0,0.0,0,0.0,120.0,14.0,1,-4.177806227183311,0.009148059352104415,0.5663777413394052,Hoạt động gần nhất cách xa
fixture-user-2979,17.0,8.0,0.0,27.0,12.0,3.0,0,0.4444444444444444,1690.0,69.0,0,1.4131920056243967,-1.4634770190954087,0.43800042229131814,Tỷ lệ thêm giỏ/xem cao
fixture-user-2980,12.0,13.0,1000.0,40.0,9.0,6.0,3,0.225,2500.0,90.0,3,2.6355970708016336,1.085750837529916,0.34560189762492727,Doanh thu trung bình cao
fixture-user-2981,25.0,6.0,300.0,22.0,3.0,2.0,1,0.13636363636363635,1000.0,40.0,2,0.020448779079346835,0.987424175304437,0.14043401059775606,Nhóm hành vi còn lại
fixture-user-2982,80.0,2.0,0.0,13.0,0.0,0.0,0,0.0,130.0,15.0,1,-3.8452080923989924,0.04332455321405482,0.6691606922603189,Hoạt động gần nhất cách xa
fixture-user-2983,18.0,9.0,0.0,28.0,13.0,3.0,0,0.4642857142857143,1700.0,70.0,0,1.534830031286699,-1.5309960415171668,0.49554732017099296,Tỷ lệ thêm giỏ/xem cao
fixture-user-2984,13.0,14.0,1020.0,41.0,10.0,6.0,3,0.24390243902439024,2510.0,91.0,3,2.7262823845513653,1.0157588009747183,0.4029662204898221,Doanh thu trung bình cao
fixture-user-2985,26.0,7.0,320.0,23.0,4.0,2.0,1,0.17391304347826086,1010.0,41.0,2,0.2541908963254575,0.8477774875328858,0.17321533289513408,Nhóm hành vi còn lại
fixture-user-2986,81.0,3.0,0.0,14.0,0.0,0.0,0,0.0,140.0,16.0,1,-3.58892156885437,0.07130138670265128,0.7711842983243252,Hoạt động gần nhất cách xa
fixture-user-2987,19.0,10.0,0.0,29.0,14.0,3.0,0,0.4827586206896552,1710.0,71.0,0,1.6472575587743377,-1.5937242188893985,0.5517615405408011,Tỷ lệ thêm giỏ/xem cao
fixture-user-2988,14.0,12.0,1040.0,42.0,8.0,6.0,3,0.19047619047619047,2520.0,92.0,3,2.49670495094491,1.2290037398474845,0.5454645736096191,Doanh thu trung bình cao
fixture-user-2989,27.0,5.0,340.0,24.0,2.0,2.0,1,0.08333333333333333,1020.0,42.0,2,-0.18230360796635595,1.2586072038036613,0.3675912090530475,Nhóm hành vi còn lại
fixture-user-2990,82.0,1.0,0.0,15.0,0.0,0.0,0,0.0,150.0,17.0,1,-3.9196432407459767,0.05669108652696236,0.9282979885680404,Hoạt động gần nhất cách xa
fixture-user-2991,20.0,8.0,0.0,30.0,12.0,3.0,0,0.4,1720.0,72.0,0,1.3793488527403,-1.3100407571216666,0.7263442280480706,Tỷ lệ thêm giỏ/xem cao
fixture-user-2992,15.0,13.0,1060.0,43.0,9.0,6.0,3,0.20930232558139536,2530.0,93.0,3,2.5967783052258118,1.1568322528607358,0.5946167775727039,Doanh thu trung bình cao
fixture-user-2993,28.0,6.0,360.0,25.0,3.0,2.0,1,0.12,1030.0,43.0,2,0.08266019726750658,1.1041566022540645,0.39313910571678706,Nhóm hành vi còn lại
fixture-user-2994,83.0,2.0,0.0,16.0,0.0,0.0,0,0.0,160.0,18.0,1,-3.604202552262844,0.08767912367278557,1.0092869375057245,Hoạt động gần nhất cách xa
fixture-user-2995,21.0,9.0,0.0,31.0,13.0,3.0,0,0.41935483870967744,1730.0,73.0,0,1.501059534575714,-1.376636657189004,0.7749808036540073,Tỷ lệ thêm giỏ/xem cao
fixture-user-2996,16.0,14.0,1080.0,44.0,10.0,6.0,3,0.22727272727272727,2540.0,94.0,3,2.690427951437499,1.0894358139626867,0.6418324646043475,Doanh thu trung bình cao
fixture-user-2997,29.0,7.0,380.0,26.0,4.0,2.0,1,0.15384615384615385,1040.0,44.0,2,0.3086623039800275,0.9723028927926293,0.4212803240192725,Nhóm hành vi còn lại
fixture-user-2998,84.0,3.0,0.0,17.0,0.0,0.0,0,0.0,170.0,19.0,1,-3.3629925377313117,0.11286336793280101,1.0921119219662825,Hoạt động gần nhất cách xa
fixture-user-2999,22.0,10.0,0.0,32.0,14.0,3.0,0,0.4375,1740.0,74.0,0,1.6136201785899058,-1.438893929708042,0.822869682767591,Tỷ lệ thêm giỏ/xem cao
fixture-user-3000,2.0,12.0,800.0,30.0,8.0,6.0,3,0.26666666666666666,2400.0,80.0,3,2.949000201807968,0.9104099322153842,-1.040664161835835,Doanh thu trung bình cao
fixture-user-3001,15.0,5.0,100.0,12.0,2.0,2.0,1,0.16666666666666666,900.0,30.0,2,-0.5125113090819994,0.5888915999238798,-0.9213435417374367,Nhóm hành vi còn lại
fixture-user-3002,70.0,1.0,0.0,3.0,0.0,0.0,0,0.0,30.0,5.0,1,-5.653074755432996,-0.26751935962468665,-1.3948414954693151,Hoạt động gần nhất cách xa
fixture-user-3003,8.0,8.0,0.0,18.0,12.0,3.0,0,0.6666666666666666,1600.0,60.0,0,1.667619505045523,-2.2053810991863303,-0.7744155991773559,Tỷ lệ thêm giỏ/xem cao
fixture-user-3004,3.0,13.0,820.0,31.0,9.0,6.0,3,0.2903225806451613,2410.0,81.0,3,2.9722504279555224,0.8202064154922466,-0.8360402617366788,Doanh thu trung bình cao
fixture-user-3005,16.0,6.0,120.0,13.0,3.0,2.0,1,0.23076923076923078,910.0,31.0,2,-0.18823476857859642,0.3875447576114711,-0.8693490403338631,Nhóm hành vi còn lại
fixture-user-3006,71.0,2.0,0.0,4.0,0.0,0.0,0,0.0,40.0,6.0,1,-5.132931592866225,-0.19697308259203808,-1.0600968999130056,Hoạt động gần nhất cách xa
fixture-user-3007,9.0,9.0,0.0,19.0,13.0,3.0,0,0.6842105263157895,1610.0,61.0,0,1.7765266448407788,-2.263702585114586,-0.6595478640554292,Tỷ lệ thêm giỏ/xem cao
fixture-user-3008,4.0,14.0,840.0,32.0,10.0,6.0,3,0.3125,2420.0,82.0,3,3.01229401895736,0.7383363392983261,-0.6738605748864045,Doanh thu trung bình cao
fixture-user-3009,17.0,7.0,140.0,14.0,4.0,2.0,1,0.2857142857142857,920.0,32.0,2,0.08566905022148885,0.22145490054473832,-0.8127372610551373,Nhóm hành vi còn lại
fixture-user-3010,72.0,3.0,0.0,5.0,0.0,0.0,0,0.0,50.0,7.0,1,-4.734049758831314,-0.1415652227069219,-0.7803874603946023,Hoạt động gần nhất cách xa
fixture-user-3011,10.0,10.0,0.0,20.0,14.0,3.0,0,0.7,1620.0,62.0,0,1.8778157374373483,-2.316152393098142,-0.5521462253135105,Tỷ lệ thêm giỏ/xem cao
fixture-user-3012,5.0,12.0,860.0,33.0,8.0,6.0,3,0.24242424242424243,2430.0,83.0,3,2.7201358279717427,1.0010280153705131,-0.43135310572761704,Doanh thu trung bình cao
fixture-user-3013,18.0,5.0,160.0,15.0,2.0,2.0,1,0.13333333333333333,930.0,33.0,2,-0.416368974045729,0.8413722469868408,-0.5202824835880352,Nhóm hành vi còn lại
fixture-user-3014,73.0,1.0,0.0,6.0,0.0,0.0,0,0.0,60.0,8.0,1,-4.951827114160079,-0.13461517315522942,-0.48185008826089964,Hoạt động gần nhất cách xa
fixture-user-3015,11.0,8.0,0.0,21.0,12.0,3.0,0,0.5714285714285714,1630.0,63.0,0,1.5440020110863266,-1.8916105529499507,-0.2894737393083827,Tỷ lệ thêm giỏ/xem cao
fixture-user-3016,6.0,13.0,880.0,34.0,9.0,6.0,3,0.2647058823529412,2440.0,84.0,3,2.793205514756805,0.9179893295870694,-0.3181395540304275,Doanh thu trung bình cao
fixture-user-3017,19.0,6.0,180.0,16.0,3.0,2.0,1,0.1875,940.0,34.0,2,-0.11506542133983415,0.6524097200437152,-0.47729764843711464,Nhóm hành vi còn lại
fixture-user-3018,74.0,2.0,0.0,7.0,0.0,0.0,0,0.0,70.0,9.0,1,-4.544300503596412,-0.08616879017803282,-0.28512883644029735,Hoạt động gần nhất cách xa
fixture-user-3019,12.0,9.0,0.0,22.0,13.0,3.0,0,0.5909090909090909,1640.0,64.0,0,1.6610803566223118,-1.956635720808595,-0.20216044539729697,Tỷ lệ thêm giỏ/xem cao
fixture-user-3020,7.0,14.0,900.0,35.0,10.0,6.0,3,0.2857142857142857,2450.0,85.0,3,2.865809296514496,0.8413885834551914,-0.21799543117210443,Doanh thu trung bình cao
fixture-user-3021,20.0,7.0,200.0,17.0,4.0,2.0,1,0.23529411764705882,950.0,35.0,2,0.1412081418293925,0.49422871537243757,-0.4309330555436214,Nhóm hành vi còn lại
fixture-user-3022,75.0,3.0,0.0,8.0,0.0,0.0,0,0.0,80.0,10.0,1,-4.226355602128988,-0.04652353682671037,-0.10556235721929748,Hoạt động gần nhất cách xa
fixture-user-3023,13.0,10.0,0.0,23.0,14.0,3.0,0,0.6086956521739131,1650.0,65.0,0,1.769348185040836,-2.015953016612214,-0.1188564273584944,Tỷ lệ thêm giỏ/xem cao
fixture-user-3024,8.0,12.0,920.0,36.0,8.0,6.0,3,0.2222222222222222,2460.0,86.0,3,2.6063737094369293,1.0851522433954928,-0.028162481097520817,Doanh thu trung bình cao
fixture-user-3025,21.0,5.0,220.0,18.0,2.0,2.0,1,0.1111111111111111,960.0,36.0,2,-0.331015161317517,1.017672557566975,-0.18189320559016225,Nhóm hành vi còn lại
fixture-user-3026,76.0,1.0,0.0,9.0,0.0,0.0,0,0.0,90.0,11.0,1,-4.5053809003710175,-0.051404916593935875,0.11674763187868262,Hoạt động gần nhất cách xa
fixture-user-3027,14.0,8.0,0.0,24.0,12.0,3.0,0,0.5,1660.0,66.0,0,1.4649328760198592,-1.6524200575582768,0.10500751195665843,Tỷ lệ thêm giỏ/xem cao
fixture-user-3028,9.0,13.0,940.0,37.0,9.0,6.0,3,0.24324324324324326,2470.0,87.0,3,2.6956818339500837,1.0065237107878025,0.05075676314821963,Doanh thu trung bình cao
fixture-user-3029,22.0,6.0,240.0,19.0,3.0,2.0,1,0.15789473684210525,970.0,37.0,2,-0.045442287582045944,0.842002022281944,-0.14614921568949865,Nhóm hành vi còn lại
fixture-user-3030,77.0,2.0,0.0,10.0,0.0,0.0,0,0.0,100.0,12.0,1,-4.145933218700002,-0.012175282230817307,0.25338192247508057,Hoạt động gần nhất cách xa
fixture-user-3031,15.0,9.0,0.0,25.0,13.0,3.0,0,0.52,1670.0,67.0,0,1.5853970707566725,-1.7197729720568595,0.17473155318197717,Tỷ lệ thêm giỏ/xem cao
fixture-user-3032,10.0,14.0,960.0,38.0,10.0,6.0,3,0.2631578947368421,2480.0,88.0,3,2.7805820478578775,0.9335515526720264,0.12366456013755259,Doanh thu trung bình cao
fixture-user-3033,23.0,7.0,260.0,20.0,4.0,2.0,1,0.2,980.0,38.0,2,0.19806579033115437,0.6934432518431779,-0.10747748554529173,Nhóm hành vi còn lại
fixture-user-3034,78.0,3.0,0.0,11.0,0.0,0.0,0,0.0,110.0,13.0,1,-3.866786492395833,0.020083464757670286,0.3842998554068919,Hoạt động gần nhất cách xa
fixture-user-3035,16.0,10.0,0.0,26.0,14.0,3.0,0,0.5384615384615384,1680.0,68.0,0,1.696701628351615,-1.7818534565886186,0.24216164621576905,Tỷ lệ thêm giỏ/xem cao
fixture-user-3036,11.0,12.0,980.0,39.0,8.0,6.0,3,0.20512820512820512,2490.0,89.0,3,2.539096994000912,1.1608947269527035,0.2849645070861152,Doanh thu trung bình cao
fixture-user-3037,24.0,5.0,280.0,21.0,2.0,2.0,1,0.09523809523809523,990.0,39.0,2,-0.2535021844261599,1.1515543709784555,0.11036450120739257,Nhóm hành vi còn lại
fixture-user-3038,79.0,1.0,0.0,12.0,0.0,0.0,0,0.0,120.0,14.0,1,-4.177806227183311,0.009148059352104415,0.5663777413394052,Hoạt động gần nhất cách xa
fixture-user-3039,17.0,8.0,0.0,27.0,12.0,3.0,0,0.4444444444444444,1690.0,69.0,0,1.4131920056243967,-1.4634770190954087,0.43800042229131814,Tỷ lệ thêm giỏ/xem cao
fixture-user-3040,12.0,13.0,1000.0,40.0,9.0,6.0,3,0.225,2500.0,90.0,3,2.6355970708016336,1.085750837529916,0.34560189762492727,Doanh thu trung bình cao
fixture-user-3041,25.0,6.0,300.0,22.0,3.0,2.0,1,0.13636363636363635,1000.0,40.0,2,0.020448779079346835,0.987424175304437,0.14043401059775606,Nhóm hành vi còn lại
fixture-user-3042,80.0,2.0,0.0,13.0,0.0,0.0,0,0.0,130.0,15.0,1,-3.8452080923989924,0.04332455321405482,0.6691606922603189,Hoạt động gần nhất cách xa
fixture-user-3043,18.0,9.0,0.0,28.0,13.0,3.0,0,0.4642857142857143,1700.0,70.0,0,1.534830031286699,-1.5309960415171668,0.49554732017099296,Tỷ lệ thêm giỏ/xem cao
fixture-user-3044,13.0,14.0,1020.0,41.0,10.0,6.0,3,0.24390243902439024,2510.0,91.0,3,2.7262823845513653,1.0157588009747183,0.4029662204898221,Doanh thu trung bình cao
fixture-user-3045,26.0,7.0,320.0,23.0,4.0,2.0,1,0.17391304347826086,1010.0,41.0,2,0.2541908963254575,0.8477774875328858,0.17321533289513408,Nhóm hành vi còn lại
fixture-user-3046,81.0,3.0,0.0,14.0,0.0,0.0,0,0.0,140.0,16.0,1,-3.58892156885437,0.07130138670265128,0.7711842983243252,Hoạt động gần nhất cách xa
fixture-user-3047,19.0,10.0,0.0,29.0,14.0,3.0,0,0.4827586206896552,1710.0,71.0,0,1.6472575587743377,-1.5937242188893985,0.5517615405408011,Tỷ lệ thêm giỏ/xem cao
fixture-user-3048,14.0,12.0,1040.0,42.0,8.0,6.0,3,0.19047619047619047,2520.0,92.0,3,2.49670495094491,1.2290037398474845,0.5454645736096191,Doanh thu trung bình cao
fixture-user-3049,27.0,5.0,340.0,24.0,2.0,2.0,1,0.08333333333333333,1020.0,42.0,2,-0.18230360796635595,1.2586072038036613,0.3675912090530475,Nhóm hành vi còn lại
fixture-user-3050,82.0,1.0,0.0,15.0,0.0,0.0,0,0.0,150.0,17.0,1,-3.9196432407459767,0.05669108652696236,0.9282979885680404,Hoạt động gần nhất cách xa
fixture-user-3051,20.0,8.0,0.0,30.0,12.0,3.0,0,0.4,1720.0,72.0,0,1.3793488527403,-1.3100407571216666,0.7263442280480706,Tỷ lệ thêm giỏ/xem cao
fixture-user-3052,15.0,13.0,1060.0,43.0,9.0,6.0,3,0.20930232558139536,2530.0,93.0,3,2.5967783052258118,1.1568322528607358,0.5946167775727039,Doanh thu trung bình cao
fixture-user-3053,28.0,6.0,360.0,25.0,3.0,2.0,1,0.12,1030.0,43.0,2,0.08266019726750658,1.1041566022540645,0.39313910571678706,Nhóm hành vi còn lại
fixture-user-3054,83.0,2.0,0.0,16.0,0.0,0.0,0,0.0,160.0,18.0,1,-3.604202552262844,0.08767912367278557,1.0092869375057245,Hoạt động gần nhất cách xa
fixture-user-3055,21.0,9.0,0.0,31.0,13.0,3.0,0,0.41935483870967744,1730.0,73.0,0,1.501059534575714,-1.376636657189004,0.7749808036540073,Tỷ lệ thêm giỏ/xem cao
fixture-user-3056,16.0,14.0,1080.0,44.0,10.0,6.0,3,0.22727272727272727,2540.0,94.0,3,2.690427951437499,1.0894358139626867,0.6418324646043475,Doanh thu trung bình cao
fixture-user-3057,29.0,7.0,380.0,26.0,4.0,2.0,1,0.15384615384615385,1040.0,44.0,2,0.3086623039800275,0.9723028927926293,0.4212803240192725,Nhóm hành vi còn lại
fixture-user-3058,84.0,3.0,0.0,17.0,0.0,0.0,0,0.0,170.0,19.0,1,-3.3629925377313117,0.11286336793280101,1.0921119219662825,Hoạt động gần nhất cách xa
fixture-user-3059,22.0,10.0,0.0,32.0,14.0,3.0,0,0.4375,1740.0,74.0,0,1.6136201785899058,-1.438893929708042,0.822869682767591,Tỷ lệ thêm giỏ/xem cao
fixture-user-3060,2.0,12.0,800.0,30.0,8.0,6.0,3,0.26666666666666666,2400.0,80.0,3,2.949000201807968,0.9104099322153842,-1.040664161835835,Doanh thu trung bình cao
fixture-user-3061,15.0,5.0,100.0,12.0,2.0,2.0,1,0.16666666666666666,900.0,30.0,2,-0.5125113090819994,0.5888915999238798,-0.9213435417374367,Nhóm hành vi còn lại
fixture-user-3062,70.0,1.0,0.0,3.0,0.0,0.0,0,0.0,30.0,5.0,1,-5.653074755432996,-0.26751935962468665,-1.3948414954693151,Hoạt động gần nhất cách xa
fixture-user-3063,8.0,8.0,0.0,18.0,12.0,3.0,0,0.6666666666666666,1600.0,60.0,0,1.667619505045523,-2.2053810991863303,-0.7744155991773559,Tỷ lệ thêm giỏ/xem cao
fixture-user-3064,3.0,13.0,820.0,31.0,9.0,6.0,3,0.2903225806451613,2410.0,81.0,3,2.9722504279555224,0.8202064154922466,-0.8360402617366788,Doanh thu trung bình cao
fixture-user-3065,16.0,6.0,120.0,13.0,3.0,2.0,1,0.23076923076923078,910.0,31.0,2,-0.18823476857859642,0.3875447576114711,-0.8693490403338631,Nhóm hành vi còn lại
fixture-user-3066,71.0,2.0,0.0,4.0,0.0,0.0,0,0.0,40.0,6.0,1,-5.132931592866225,-0.19697308259203808,-1.0600968999130056,Hoạt động gần nhất cách xa
fixture-user-3067,9.0,9.0,0.0,19.0,13.0,3.0,0,0.6842105263157895,1610.0,61.0,0,1.7765266448407788,-2.263702585114586,-0.6595478640554292,Tỷ lệ thêm giỏ/xem cao
fixture-user-3068,4.0,14.0,840.0,32.0,10.0,6.0,3,0.3125,2420.0,82.0,3,3.01229401895736,0.7383363392983261,-0.6738605748864045,Doanh thu trung bình cao
fixture-user-3069,17.0,7.0,140.0,14.0,4.0,2.0,1,0.2857142857142857,920.0,32.0,2,0.08566905022148885,0.22145490054473832,-0.8127372610551373,Nhóm hành vi còn lại
fixture-user-3070,72.0,3.0,0.0,5.0,0.0,0.0,0,0.0,50.0,7.0,1,-4.734049758831314,-0.1415652227069219,-0.7803874603946023,Hoạt động gần nhất cách xa
fixture-user-3071,10.0,10.0,0.0,20.0,14.0,3.0,0,0.7,1620.0,62.0,0,1.8778157374373483,-2.316152393098142,-0.5521462253135105,Tỷ lệ thêm giỏ/xem cao
fixture-user-3072,5.0,12.0,860.0,33.0,8.0,6.0,3,0.24242424242424243,2430.0,83.0,3,2.7201358279717427,1.0010280153705131,-0.43135310572761704,Doanh thu trung bình cao
fixture-user-3073,18.0,5.0,160.0,15.0,2.0,2.0,1,0.13333333333333333,930.0,33.0,2,-0.416368974045729,0.8413722469868408,-0.5202824835880352,Nhóm hành vi còn lại
fixture-user-3074,73.0,1.0,0.0,6.0,0.0,0.0,0,0.0,60.0,8.0,1,-4.951827114160079,-0.13461517315522942,-0.48185008826089964,Hoạt động gần nhất cách xa
fixture-user-3075,11.0,8.0,0.0,21.0,12.0,3.0,0,0.5714285714285714,1630.0,63.0,0,1.5440020110863266,-1.8916105529499507,-0.2894737393083827,Tỷ lệ thêm giỏ/xem cao
fixture-user-3076,6.0,13.0,880.0,34.0,9.0,6.0,3,0.2647058823529412,2440.0,84.0,3,2.793205514756805,0.9179893295870694,-0.3181395540304275,Doanh thu trung bình cao
fixture-user-3077,19.0,6.0,180.0,16.0,3.0,2.0,1,0.1875,940.0,34.0,2,-0.11506542133983415,0.6524097200437152,-0.47729764843711464,Nhóm hành vi còn lại
fixture-user-3078,74.0,2.0,0.0,7.0,0.0,0.0,0,0.0,70.0,9.0,1,-4.544300503596412,-0.08616879017803282,-0.28512883644029735,Hoạt động gần nhất cách xa
fixture-user-3079,12.0,9.0,0.0,22.0,13.0,3.0,0,0.5909090909090909,1640.0,64.0,0,1.6610803566223118,-1.956635720808595,-0.20216044539729697,Tỷ lệ thêm giỏ/xem cao
fixture-user-3080,7.0,14.0,900.0,35.0,10.0,6.0,3,0.2857142857142857,2450.0,85.0,3,2.865809296514496,0.8413885834551914,-0.21799543117210443,Doanh thu trung bình cao
fixture-user-3081,20.0,7.0,200.0,17.0,4.0,2.0,1,0.23529411764705882,950.0,35.0,2,0.1412081418293925,0.49422871537243757,-0.4309330555436214,Nhóm hành vi còn lại
fixture-user-3082,75.0,3.0,0.0,8.0,0.0,0.0,0,0.0,80.0,10.0,1,-4.226355602128988,-0.04652353682671037,-0.10556235721929748,Hoạt động gần nhất cách xa
fixture-user-3083,13.0,10.0,0.0,23.0,14.0,3.0,0,0.6086956521739131,1650.0,65.0,0,1.769348185040836,-2.015953016612214,-0.1188564273584944,Tỷ lệ thêm giỏ/xem cao
fixture-user-3084,8.0,12.0,920.0,36.0,8.0,6.0,3,0.2222222222222222,2460.0,86.0,3,2.6063737094369293,1.0851522433954928,-0.028162481097520817,Doanh thu trung bình cao
fixture-user-3085,21.0,5.0,220.0,18.0,2.0,2.0,1,0.1111111111111111,960.0,36.0,2,-0.331015161317517,1.017672557566975,-0.18189320559016225,Nhóm hành vi còn lại
fixture-user-3086,76.0,1.0,0.0,9.0,0.0,0.0,0,0.0,90.0,11.0,1,-4.5053809003710175,-0.051404916593935875,0.11674763187868262,Hoạt động gần nhất cách xa
fixture-user-3087,14.0,8.0,0.0,24.0,12.0,3.0,0,0.5,1660.0,66.0,0,1.4649328760198592,-1.6524200575582768,0.10500751195665843,Tỷ lệ thêm giỏ/xem cao
fixture-user-3088,9.0,13.0,940.0,37.0,9.0,6.0,3,0.24324324324324326,2470.0,87.0,3,2.6956818339500837,1.0065237107878025,0.05075676314821963,Doanh thu trung bình cao
fixture-user-3089,22.0,6.0,240.0,19.0,3.0,2.0,1,0.15789473684210525,970.0,37.0,2,-0.045442287582045944,0.842002022281944,-0.14614921568949865,Nhóm hành vi còn lại
fixture-user-3090,77.0,2.0,0.0,10.0,0.0,0.0,0,0.0,100.0,12.0,1,-4.145933218700002,-0.012175282230817307,0.25338192247508057,Hoạt động gần nhất cách xa
fixture-user-3091,15.0,9.0,0.0,25.0,13.0,3.0,0,0.52,1670.0,67.0,0,1.5853970707566725,-1.7197729720568595,0.17473155318197717,Tỷ lệ thêm giỏ/xem cao
fixture-user-3092,10.0,14.0,960.0,38.0,10.0,6.0,3,0.2631578947368421,2480.0,88.0,3,2.7805820478578775,0.9335515526720264,0.12366456013755259,Doanh thu trung bình cao
fixture-user-3093,23.0,7.0,260.0,20.0,4.0,2.0,1,0.2,980.0,38.0,2,0.19806579033115437,0.6934432518431779,-0.10747748554529173,Nhóm hành vi còn lại
fixture-user-3094,78.0,3.0,0.0,11.0,0.0,0.0,0,0.0,110.0,13.0,1,-3.866786492395833,0.020083464757670286,0.3842998554068919,Hoạt động gần nhất cách xa
fixture-user-3095,16.0,10.0,0.0,26.0,14.0,3.0,0,0.5384615384615384,1680.0,68.0,0,1.696701628351615,-1.7818534565886186,0.24216164621576905,Tỷ lệ thêm giỏ/xem cao
fixture-user-3096,11.0,12.0,980.0,39.0,8.0,6.0,3,0.20512820512820512,2490.0,89.0,3,2.539096994000912,1.1608947269527035,0.2849645070861152,Doanh thu trung bình cao
fixture-user-3097,24.0,5.0,280.0,21.0,2.0,2.0,1,0.09523809523809523,990.0,39.0,2,-0.2535021844261599,1.1515543709784555,0.11036450120739257,Nhóm hành vi còn lại
fixture-user-3098,79.0,1.0,0.0,12.0,0.0,0.0,0,0.0,120.0,14.0,1,-4.177806227183311,0.009148059352104415,0.5663777413394052,Hoạt động gần nhất cách xa
fixture-user-3099,17.0,8.0,0.0,27.0,12.0,3.0,0,0.4444444444444444,1690.0,69.0,0,1.4131920056243967,-1.4634770190954087,0.43800042229131814,Tỷ lệ thêm giỏ/xem cao
fixture-user-3100,12.0,13.0,1000.0,40.0,9.0,6.0,3,0.225,2500.0,90.0,3,2.6355970708016336,1.085750837529916,0.34560189762492727,Doanh thu trung bình cao
fixture-user-3101,25.0,6.0,300.0,22.0,3.0,2.0,1,0.13636363636363635,1000.0,40.0,2,0.020448779079346835,0.987424175304437,0.14043401059775606,Nhóm hành vi còn lại
fixture-user-3102,80.0,2.0,0.0,13.0,0.0,0.0,0,0.0,130.0,15.0,1,-3.8452080923989924,0.04332455321405482,0.6691606922603189,Hoạt động gần nhất cách xa
fixture-user-3103,18.0,9.0,0.0,28.0,13.0,3.0,0,0.4642857142857143,1700.0,70.0,0,1.534830031286699,-1.5309960415171668,0.49554732017099296,Tỷ lệ thêm giỏ/xem cao
fixture-user-3104,13.0,14.0,1020.0,41.0,10.0,6.0,3,0.24390243902439024,2510.0,91.0,3,2.7262823845513653,1.0157588009747183,0.4029662204898221,Doanh thu trung bình cao
fixture-user-3105,26.0,7.0,320.0,23.0,4.0,2.0,1,0.17391304347826086,1010.0,41.0,2,0.2541908963254575,0.8477774875328858,0.17321533289513408,Nhóm hành vi còn lại
fixture-user-3106,81.0,3.0,0.0,14.0,0.0,0.0,0,0.0,140.0,16.0,1,-3.58892156885437,0.07130138670265128,0.7711842983243252,Hoạt động gần nhất cách xa
fixture-user-3107,19.0,10.0,0.0,29.0,14.0,3.0,0,0.4827586206896552,1710.0,71.0,0,1.6472575587743377,-1.5937242188893985,0.5517615405408011,Tỷ lệ thêm giỏ/xem cao
fixture-user-3108,14.0,12.0,1040.0,42.0,8.0,6.0,3,0.19047619047619047,2520.0,92.0,3,2.49670495094491,1.2290037398474845,0.5454645736096191,Doanh thu trung bình cao
fixture-user-3109,27.0,5.0,340.0,24.0,2.0,2.0,1,0.08333333333333333,1020.0,42.0,2,-0.18230360796635595,1.2586072038036613,0.3675912090530475,Nhóm hành vi còn lại
fixture-user-3110,82.0,1.0,0.0,15.0,0.0,0.0,0,0.0,150.0,17.0,1,-3.9196432407459767,0.05669108652696236,0.9282979885680404,Hoạt động gần nhất cách xa
fixture-user-3111,20.0,8.0,0.0,30.0,12.0,3.0,0,0.4,1720.0,72.0,0,1.3793488527403,-1.3100407571216666,0.7263442280480706,Tỷ lệ thêm giỏ/xem cao
fixture-user-3112,15.0,13.0,1060.0,43.0,9.0,6.0,3,0.20930232558139536,2530.0,93.0,3,2.5967783052258118,1.1568322528607358,0.5946167775727039,Doanh thu trung bình cao
fixture-user-3113,28.0,6.0,360.0,25.0,3.0,2.0,1,0.12,1030.0,43.0,2,0.08266019726750658,1.1041566022540645,0.39313910571678706,Nhóm hành vi còn lại
fixture-user-3114,83.0,2.0,0.0,16.0,0.0,0.0,0,0.0,160.0,18.0,1,-3.604202552262844,0.08767912367278557,1.0092869375057245,Hoạt động gần nhất cách xa
fixture-user-3115,21.0,9.0,0.0,31.0,13.0,3.0,0,0.41935483870967744,1730.0,73.0,0,1.501059534575714,-1.376636657189004,0.7749808036540073,Tỷ lệ thêm giỏ/xem cao
fixture-user-3116,16.0,14.0,1080.0,44.0,10.0,6.0,3,0.22727272727272727,2540.0,94.0,3,2.690427951437499,1.0894358139626867,0.6418324646043475,Doanh thu trung bình cao
fixture-user-3117,29.0,7.0,380.0,26.0,4.0,2.0,1,0.15384615384615385,1040.0,44.0,2,0.3086623039800275,0.9723028927926293,0.4212803240192725,Nhóm hành vi còn lại
fixture-user-3118,84.0,3.0,0.0,17.0,0.0,0.0,0,0.0,170.0,19.0,1,-3.3629925377313117,0.11286336793280101,1.0921119219662825,Hoạt động gần nhất cách xa
fixture-user-3119,22.0,10.0,0.0,32.0,14.0,3.0,0,0.4375,1740.0,74.0,0,1.6136201785899058,-1.438893929708042,0.822869682767591,Tỷ lệ thêm giỏ/xem cao
fixture-user-3120,2.0,12.0,800.0,30.0,8.0,6.0,3,0.26666666666666666,2400.0,80.0,3,2.949000201807968,0.9104099322153842,-1.040664161835835,Doanh thu trung bình cao
fixture-user-3121,15.0,5.0,100.0,12.0,2.0,2.0,1,0.16666666666666666,900.0,30.0,2,-0.5125113090819994,0.5888915999238798,-0.9213435417374367,Nhóm hành vi còn lại
fixture-user-3122,70.0,1.0,0.0,3.0,0.0,0.0,0,0.0,30.0,5.0,1,-5.653074755432996,-0.26751935962468665,-1.3948414954693151,Hoạt động gần nhất cách xa
fixture-user-3123,8.0,8.0,0.0,18.0,12.0,3.0,0,0.6666666666666666,1600.0,60.0,0,1.667619505045523,-2.2053810991863303,-0.7744155991773559,Tỷ lệ thêm giỏ/xem cao
fixture-user-3124,3.0,13.0,820.0,31.0,9.0,6.0,3,0.2903225806451613,2410.0,81.0,3,2.9722504279555224,0.8202064154922466,-0.8360402617366788,Doanh thu trung bình cao
fixture-user-3125,16.0,6.0,120.0,13.0,3.0,2.0,1,0.23076923076923078,910.0,31.0,2,-0.18823476857859642,0.3875447576114711,-0.8693490403338631,Nhóm hành vi còn lại
fixture-user-3126,71.0,2.0,0.0,4.0,0.0,0.0,0,0.0,40.0,6.0,1,-5.132931592866225,-0.19697308259203808,-1.0600968999130056,Hoạt động gần nhất cách xa
fixture-user-3127,9.0,9.0,0.0,19.0,13.0,3.0,0,0.6842105263157895,1610.0,61.0,0,1.7765266448407788,-2.263702585114586,-0.6595478640554292,Tỷ lệ thêm giỏ/xem cao
fixture-user-3128,4.0,14.0,840.0,32.0,10.0,6.0,3,0.3125,2420.0,82.0,3,3.01229401895736,0.7383363392983261,-0.6738605748864045,Doanh thu trung bình cao
fixture-user-3129,17.0,7.0,140.0,14.0,4.0,2.0,1,0.2857142857142857,920.0,32.0,2,0.08566905022148885,0.22145490054473832,-0.8127372610551373,Nhóm hành vi còn lại
fixture-user-3130,72.0,3.0,0.0,5.0,0.0,0.0,0,0.0,50.0,7.0,1,-4.734049758831314,-0.1415652227069219,-0.7803874603946023,Hoạt động gần nhất cách xa
fixture-user-3131,10.0,10.0,0.0,20.0,14.0,3.0,0,0.7,1620.0,62.0,0,1.8778157374373483,-2.316152393098142,-0.5521462253135105,Tỷ lệ thêm giỏ/xem cao
fixture-user-3132,5.0,12.0,860.0,33.0,8.0,6.0,3,0.24242424242424243,2430.0,83.0,3,2.7201358279717427,1.0010280153705131,-0.43135310572761704,Doanh thu trung bình cao
fixture-user-3133,18.0,5.0,160.0,15.0,2.0,2.0,1,0.13333333333333333,930.0,33.0,2,-0.416368974045729,0.8413722469868408,-0.5202824835880352,Nhóm hành vi còn lại
fixture-user-3134,73.0,1.0,0.0,6.0,0.0,0.0,0,0.0,60.0,8.0,1,-4.951827114160079,-0.13461517315522942,-0.48185008826089964,Hoạt động gần nhất cách xa
fixture-user-3135,11.0,8.0,0.0,21.0,12.0,3.0,0,0.5714285714285714,1630.0,63.0,0,1.5440020110863266,-1.8916105529499507,-0.2894737393083827,Tỷ lệ thêm giỏ/xem cao
fixture-user-3136,6.0,13.0,880.0,34.0,9.0,6.0,3,0.2647058823529412,2440.0,84.0,3,2.793205514756805,0.9179893295870694,-0.3181395540304275,Doanh thu trung bình cao
fixture-user-3137,19.0,6.0,180.0,16.0,3.0,2.0,1,0.1875,940.0,34.0,2,-0.11506542133983415,0.6524097200437152,-0.47729764843711464,Nhóm hành vi còn lại
fixture-user-3138,74.0,2.0,0.0,7.0,0.0,0.0,0,0.0,70.0,9.0,1,-4.544300503596412,-0.08616879017803282,-0.28512883644029735,Hoạt động gần nhất cách xa
fixture-user-3139,12.0,9.0,0.0,22.0,13.0,3.0,0,0.5909090909090909,1640.0,64.0,0,1.6610803566223118,-1.956635720808595,-0.20216044539729697,Tỷ lệ thêm giỏ/xem cao
fixture-user-3140,7.0,14.0,900.0,35.0,10.0,6.0,3,0.2857142857142857,2450.0,85.0,3,2.865809296514496,0.8413885834551914,-0.21799543117210443,Doanh thu trung bình cao
fixture-user-3141,20.0,7.0,200.0,17.0,4.0,2.0,1,0.23529411764705882,950.0,35.0,2,0.1412081418293925,0.49422871537243757,-0.4309330555436214,Nhóm hành vi còn lại
fixture-user-3142,75.0,3.0,0.0,8.0,0.0,0.0,0,0.0,80.0,10.0,1,-4.226355602128988,-0.04652353682671037,-0.10556235721929748,Hoạt động gần nhất cách xa
fixture-user-3143,13.0,10.0,0.0,23.0,14.0,3.0,0,0.6086956521739131,1650.0,65.0,0,1.769348185040836,-2.015953016612214,-0.1188564273584944,Tỷ lệ thêm giỏ/xem cao
fixture-user-3144,8.0,12.0,920.0,36.0,8.0,6.0,3,0.2222222222222222,2460.0,86.0,3,2.6063737094369293,1.0851522433954928,-0.028162481097520817,Doanh thu trung bình cao
fixture-user-3145,21.0,5.0,220.0,18.0,2.0,2.0,1,0.1111111111111111,960.0,36.0,2,-0.331015161317517,1.017672557566975,-0.18189320559016225,Nhóm hành vi còn lại
fixture-user-3146,76.0,1.0,0.0,9.0,0.0,0.0,0,0.0,90.0,11.0,1,-4.5053809003710175,-0.051404916593935875,0.11674763187868262,Hoạt động gần nhất cách xa
fixture-user-3147,14.0,8.0,0.0,24.0,12.0,3.0,0,0.5,1660.0,66.0,0,1.4649328760198592,-1.6524200575582768,0.10500751195665843,Tỷ lệ thêm giỏ/xem cao
fixture-user-3148,9.0,13.0,940.0,37.0,9.0,6.0,3,0.24324324324324326,2470.0,87.0,3,2.6956818339500837,1.0065237107878025,0.05075676314821963,Doanh thu trung bình cao
fixture-user-3149,22.0,6.0,240.0,19.0,3.0,2.0,1,0.15789473684210525,970.0,37.0,2,-0.045442287582045944,0.842002022281944,-0.14614921568949865,Nhóm hành vi còn lại
fixture-user-3150,77.0,2.0,0.0,10.0,0.0,0.0,0,0.0,100.0,12.0,1,-4.145933218700002,-0.012175282230817307,0.25338192247508057,Hoạt động gần nhất cách xa
fixture-user-3151,15.0,9.0,0.0,25.0,13.0,3.0,0,0.52,1670.0,67.0,0,1.5853970707566725,-1.7197729720568595,0.17473155318197717,Tỷ lệ thêm giỏ/xem cao
fixture-user-3152,10.0,14.0,960.0,38.0,10.0,6.0,3,0.2631578947368421,2480.0,88.0,3,2.7805820478578775,0.9335515526720264,0.12366456013755259,Doanh thu trung bình cao
fixture-user-3153,23.0,7.0,260.0,20.0,4.0,2.0,1,0.2,980.0,38.0,2,0.19806579033115437,0.6934432518431779,-0.10747748554529173,Nhóm hành vi còn lại
fixture-user-3154,78.0,3.0,0.0,11.0,0.0,0.0,0,0.0,110.0,13.0,1,-3.866786492395833,0.020083464757670286,0.3842998554068919,Hoạt động gần nhất cách xa
fixture-user-3155,16.0,10.0,0.0,26.0,14.0,3.0,0,0.5384615384615384,1680.0,68.0,0,1.696701628351615,-1.7818534565886186,0.24216164621576905,Tỷ lệ thêm giỏ/xem cao
fixture-user-3156,11.0,12.0,980.0,39.0,8.0,6.0,3,0.20512820512820512,2490.0,89.0,3,2.539096994000912,1.1608947269527035,0.2849645070861152,Doanh thu trung bình cao
fixture-user-3157,24.0,5.0,280.0,21.0,2.0,2.0,1,0.09523809523809523,990.0,39.0,2,-0.2535021844261599,1.1515543709784555,0.11036450120739257,Nhóm hành vi còn lại
fixture-user-3158,79.0,1.0,0.0,12.0,0.0,0.0,0,0.0,120.0,14.0,1,-4.177806227183311,0.009148059352104415,0.5663777413394052,Hoạt động gần nhất cách xa
fixture-user-3159,17.0,8.0,0.0,27.0,12.0,3.0,0,0.4444444444444444,1690.0,69.0,0,1.4131920056243967,-1.4634770190954087,0.43800042229131814,Tỷ lệ thêm giỏ/xem cao
fixture-user-3160,12.0,13.0,1000.0,40.0,9.0,6.0,3,0.225,2500.0,90.0,3,2.6355970708016336,1.085750837529916,0.34560189762492727,Doanh thu trung bình cao
fixture-user-3161,25.0,6.0,300.0,22.0,3.0,2.0,1,0.13636363636363635,1000.0,40.0,2,0.020448779079346835,0.987424175304437,0.14043401059775606,Nhóm hành vi còn lại
fixture-user-3162,80.0,2.0,0.0,13.0,0.0,0.0,0,0.0,130.0,15.0,1,-3.8452080923989924,0.04332455321405482,0.6691606922603189,Hoạt động gần nhất cách xa
fixture-user-3163,18.0,9.0,0.0,28.0,13.0,3.0,0,0.4642857142857143,1700.0,70.0,0,1.534830031286699,-1.5309960415171668,0.49554732017099296,Tỷ lệ thêm giỏ/xem cao
fixture-user-3164,13.0,14.0,1020.0,41.0,10.0,6.0,3,0.24390243902439024,2510.0,91.0,3,2.7262823845513653,1.0157588009747183,0.4029662204898221,Doanh thu trung bình cao
fixture-user-3165,26.0,7.0,320.0,23.0,4.0,2.0,1,0.17391304347826086,1010.0,41.0,2,0.2541908963254575,0.8477774875328858,0.17321533289513408,Nhóm hành vi còn lại
fixture-user-3166,81.0,3.0,0.0,14.0,0.0,0.0,0,0.0,140.0,16.0,1,-3.58892156885437,0.07130138670265128,0.7711842983243252,Hoạt động gần nhất cách xa
fixture-user-3167,19.0,10.0,0.0,29.0,14.0,3.0,0,0.4827586206896552,1710.0,71.0,0,1.6472575587743377,-1.5937242188893985,0.5517615405408011,Tỷ lệ thêm giỏ/xem cao
fixture-user-3168,14.0,12.0,1040.0,42.0,8.0,6.0,3,0.19047619047619047,2520.0,92.0,3,2.49670495094491,1.2290037398474845,0.5454645736096191,Doanh thu trung bình cao
fixture-user-3169,27.0,5.0,340.0,24.0,2.0,2.0,1,0.08333333333333333,1020.0,42.0,2,-0.18230360796635595,1.2586072038036613,0.3675912090530475,Nhóm hành vi còn lại
fixture-user-3170,82.0,1.0,0.0,15.0,0.0,0.0,0,0.0,150.0,17.0,1,-3.9196432407459767,0.05669108652696236,0.9282979885680404,Hoạt động gần nhất cách xa
fixture-user-3171,20.0,8.0,0.0,30.0,12.0,3.0,0,0.4,1720.0,72.0,0,1.3793488527403,-1.3100407571216666,0.7263442280480706,Tỷ lệ thêm giỏ/xem cao
fixture-user-3172,15.0,13.0,1060.0,43.0,9.0,6.0,3,0.20930232558139536,2530.0,93.0,3,2.5967783052258118,1.1568322528607358,0.5946167775727039,Doanh thu trung bình cao
fixture-user-3173,28.0,6.0,360.0,25.0,3.0,2.0,1,0.12,1030.0,43.0,2,0.08266019726750658,1.1041566022540645,0.39313910571678706,Nhóm hành vi còn lại
fixture-user-3174,83.0,2.0,0.0,16.0,0.0,0.0,0,0.0,160.0,18.0,1,-3.604202552262844,0.08767912367278557,1.0092869375057245,Hoạt động gần nhất cách xa
fixture-user-3175,21.0,9.0,0.0,31.0,13.0,3.0,0,0.41935483870967744,1730.0,73.0,0,1.501059534575714,-1.376636657189004,0.7749808036540073,Tỷ lệ thêm giỏ/xem cao
fixture-user-3176,16.0,14.0,1080.0,44.0,10.0,6.0,3,0.22727272727272727,2540.0,94.0,3,2.690427951437499,1.0894358139626867,0.6418324646043475,Doanh thu trung bình cao
fixture-user-3177,29.0,7.0,380.0,26.0,4.0,2.0,1,0.15384615384615385,1040.0,44.0,2,0.3086623039800275,0.9723028927926293,0.4212803240192725,Nhóm hành vi còn lại
fixture-user-3178,84.0,3.0,0.0,17.0,0.0,0.0,0,0.0,170.0,19.0,1,-3.3629925377313117,0.11286336793280101,1.0921119219662825,Hoạt động gần nhất cách xa
fixture-user-3179,22.0,10.0,0.0,32.0,14.0,3.0,0,0.4375,1740.0,74.0,0,1.6136201785899058,-1.438893929708042,0.822869682767591,Tỷ lệ thêm giỏ/xem cao
fixture-user-3180,2.0,12.0,800.0,30.0,8.0,6.0,3,0.26666666666666666,2400.0,80.0,3,2.949000201807968,0.9104099322153842,-1.040664161835835,Doanh thu trung bình cao
fixture-user-3181,15.0,5.0,100.0,12.0,2.0,2.0,1,0.16666666666666666,900.0,30.0,2,-0.5125113090819994,0.5888915999238798,-0.9213435417374367,Nhóm hành vi còn lại
fixture-user-3182,70.0,1.0,0.0,3.0,0.0,0.0,0,0.0,30.0,5.0,1,-5.653074755432996,-0.26751935962468665,-1.3948414954693151,Hoạt động gần nhất cách xa
fixture-user-3183,8.0,8.0,0.0,18.0,12.0,3.0,0,0.6666666666666666,1600.0,60.0,0,1.667619505045523,-2.2053810991863303,-0.7744155991773559,Tỷ lệ thêm giỏ/xem cao
fixture-user-3184,3.0,13.0,820.0,31.0,9.0,6.0,3,0.2903225806451613,2410.0,81.0,3,2.9722504279555224,0.8202064154922466,-0.8360402617366788,Doanh thu trung bình cao
fixture-user-3185,16.0,6.0,120.0,13.0,3.0,2.0,1,0.23076923076923078,910.0,31.0,2,-0.18823476857859642,0.3875447576114711,-0.8693490403338631,Nhóm hành vi còn lại
fixture-user-3186,71.0,2.0,0.0,4.0,0.0,0.0,0,0.0,40.0,6.0,1,-5.132931592866225,-0.19697308259203808,-1.0600968999130056,Hoạt động gần nhất cách xa
fixture-user-3187,9.0,9.0,0.0,19.0,13.0,3.0,0,0.6842105263157895,1610.0,61.0,0,1.7765266448407788,-2.263702585114586,-0.6595478640554292,Tỷ lệ thêm giỏ/xem cao
fixture-user-3188,4.0,14.0,840.0,32.0,10.0,6.0,3,0.3125,2420.0,82.0,3,3.01229401895736,0.7383363392983261,-0.6738605748864045,Doanh thu trung bình cao
fixture-user-3189,17.0,7.0,140.0,14.0,4.0,2.0,1,0.2857142857142857,920.0,32.0,2,0.08566905022148885,0.22145490054473832,-0.8127372610551373,Nhóm hành vi còn lại
fixture-user-3190,72.0,3.0,0.0,5.0,0.0,0.0,0,0.0,50.0,7.0,1,-4.734049758831314,-0.1415652227069219,-0.7803874603946023,Hoạt động gần nhất cách xa
fixture-user-3191,10.0,10.0,0.0,20.0,14.0,3.0,0,0.7,1620.0,62.0,0,1.8778157374373483,-2.316152393098142,-0.5521462253135105,Tỷ lệ thêm giỏ/xem cao
fixture-user-3192,5.0,12.0,860.0,33.0,8.0,6.0,3,0.24242424242424243,2430.0,83.0,3,2.7201358279717427,1.0010280153705131,-0.43135310572761704,Doanh thu trung bình cao
fixture-user-3193,18.0,5.0,160.0,15.0,2.0,2.0,1,0.13333333333333333,930.0,33.0,2,-0.416368974045729,0.8413722469868408,-0.5202824835880352,Nhóm hành vi còn lại
fixture-user-3194,73.0,1.0,0.0,6.0,0.0,0.0,0,0.0,60.0,8.0,1,-4.951827114160079,-0.13461517315522942,-0.48185008826089964,Hoạt động gần nhất cách xa
fixture-user-3195,11.0,8.0,0.0,21.0,12.0,3.0,0,0.5714285714285714,1630.0,63.0,0,1.5440020110863266,-1.8916105529499507,-0.2894737393083827,Tỷ lệ thêm giỏ/xem cao
fixture-user-3196,6.0,13.0,880.0,34.0,9.0,6.0,3,0.2647058823529412,2440.0,84.0,3,2.793205514756805,0.9179893295870694,-0.3181395540304275,Doanh thu trung bình cao
fixture-user-3197,19.0,6.0,180.0,16.0,3.0,2.0,1,0.1875,940.0,34.0,2,-0.11506542133983415,0.6524097200437152,-0.47729764843711464,Nhóm hành vi còn lại
fixture-user-3198,74.0,2.0,0.0,7.0,0.0,0.0,0,0.0,70.0,9.0,1,-4.544300503596412,-0.08616879017803282,-0.28512883644029735,Hoạt động gần nhất cách xa
fixture-user-3199,12.0,9.0,0.0,22.0,13.0,3.0,0,0.5909090909090909,1640.0,64.0,0,1.6610803566223118,-1.956635720808595,-0.20216044539729697,Tỷ lệ thêm giỏ/xem cao
fixture-user-3200,7.0,14.0,900.0,35.0,10.0,6.0,3,0.2857142857142857,2450.0,85.0,3,2.865809296514496,0.8413885834551914,-0.21799543117210443,Doanh thu trung bình cao
fixture-user-3201,20.0,7.0,200.0,17.0,4.0,2.0,1,0.23529411764705882,950.0,35.0,2,0.1412081418293925,0.49422871537243757,-0.4309330555436214,Nhóm hành vi còn lại
fixture-user-3202,75.0,3.0,0.0,8.0,0.0,0.0,0,0.0,80.0,10.0,1,-4.226355602128988,-0.04652353682671037,-0.10556235721929748,Hoạt động gần nhất cách xa
fixture-user-3203,13.0,10.0,0.0,23.0,14.0,3.0,0,0.6086956521739131,1650.0,65.0,0,1.769348185040836,-2.015953016612214,-0.1188564273584944,Tỷ lệ thêm giỏ/xem cao
fixture-user-3204,8.0,12.0,920.0,36.0,8.0,6.0,3,0.2222222222222222,2460.0,86.0,3,2.6063737094369293,1.0851522433954928,-0.028162481097520817,Doanh thu trung bình cao
fixture-user-3205,21.0,5.0,220.0,18.0,2.0,2.0,1,0.1111111111111111,960.0,36.0,2,-0.331015161317517,1.017672557566975,-0.18189320559016225,Nhóm hành vi còn lại
fixture-user-3206,76.0,1.0,0.0,9.0,0.0,0.0,0,0.0,90.0,11.0,1,-4.5053809003710175,-0.051404916593935875,0.11674763187868262,Hoạt động gần nhất cách xa
fixture-user-3207,14.0,8.0,0.0,24.0,12.0,3.0,0,0.5,1660.0,66.0,0,1.4649328760198592,-1.6524200575582768,0.10500751195665843,Tỷ lệ thêm giỏ/xem cao
fixture-user-3208,9.0,13.0,940.0,37.0,9.0,6.0,3,0.24324324324324326,2470.0,87.0,3,2.6956818339500837,1.0065237107878025,0.05075676314821963,Doanh thu trung bình cao
fixture-user-3209,22.0,6.0,240.0,19.0,3.0,2.0,1,0.15789473684210525,970.0,37.0,2,-0.045442287582045944,0.842002022281944,-0.14614921568949865,Nhóm hành vi còn lại
fixture-user-3210,77.0,2.0,0.0,10.0,0.0,0.0,0,0.0,100.0,12.0,1,-4.145933218700002,-0.012175282230817307,0.25338192247508057,Hoạt động gần nhất cách xa
fixture-user-3211,15.0,9.0,0.0,25.0,13.0,3.0,0,0.52,1670.0,67.0,0,1.5853970707566725,-1.7197729720568595,0.17473155318197717,Tỷ lệ thêm giỏ/xem cao
fixture-user-3212,10.0,14.0,960.0,38.0,10.0,6.0,3,0.2631578947368421,2480.0,88.0,3,2.7805820478578775,0.9335515526720264,0.12366456013755259,Doanh thu trung bình cao
fixture-user-3213,23.0,7.0,260.0,20.0,4.0,2.0,1,0.2,980.0,38.0,2,0.19806579033115437,0.6934432518431779,-0.10747748554529173,Nhóm hành vi còn lại
fixture-user-3214,78.0,3.0,0.0,11.0,0.0,0.0,0,0.0,110.0,13.0,1,-3.866786492395833,0.020083464757670286,0.3842998554068919,Hoạt động gần nhất cách xa
fixture-user-3215,16.0,10.0,0.0,26.0,14.0,3.0,0,0.5384615384615384,1680.0,68.0,0,1.696701628351615,-1.7818534565886186,0.24216164621576905,Tỷ lệ thêm giỏ/xem cao
fixture-user-3216,11.0,12.0,980.0,39.0,8.0,6.0,3,0.20512820512820512,2490.0,89.0,3,2.539096994000912,1.1608947269527035,0.2849645070861152,Doanh thu trung bình cao
fixture-user-3217,24.0,5.0,280.0,21.0,2.0,2.0,1,0.09523809523809523,990.0,39.0,2,-0.2535021844261599,1.1515543709784555,0.11036450120739257,Nhóm hành vi còn lại
fixture-user-3218,79.0,1.0,0.0,12.0,0.0,0.0,0,0.0,120.0,14.0,1,-4.177806227183311,0.009148059352104415,0.5663777413394052,Hoạt động gần nhất cách xa
fixture-user-3219,17.0,8.0,0.0,27.0,12.0,3.0,0,0.4444444444444444,1690.0,69.0,0,1.4131920056243967,-1.4634770190954087,0.43800042229131814,Tỷ lệ thêm giỏ/xem cao
fixture-user-3220,12.0,13.0,1000.0,40.0,9.0,6.0,3,0.225,2500.0,90.0,3,2.6355970708016336,1.085750837529916,0.34560189762492727,Doanh thu trung bình cao
fixture-user-3221,25.0,6.0,300.0,22.0,3.0,2.0,1,0.13636363636363635,1000.0,40.0,2,0.020448779079346835,0.987424175304437,0.14043401059775606,Nhóm hành vi còn lại
fixture-user-3222,80.0,2.0,0.0,13.0,0.0,0.0,0,0.0,130.0,15.0,1,-3.8452080923989924,0.04332455321405482,0.6691606922603189,Hoạt động gần nhất cách xa
fixture-user-3223,18.0,9.0,0.0,28.0,13.0,3.0,0,0.4642857142857143,1700.0,70.0,0,1.534830031286699,-1.5309960415171668,0.49554732017099296,Tỷ lệ thêm giỏ/xem cao
fixture-user-3224,13.0,14.0,1020.0,41.0,10.0,6.0,3,0.24390243902439024,2510.0,91.0,3,2.7262823845513653,1.0157588009747183,0.4029662204898221,Doanh thu trung bình cao
fixture-user-3225,26.0,7.0,320.0,23.0,4.0,2.0,1,0.17391304347826086,1010.0,41.0,2,0.2541908963254575,0.8477774875328858,0.17321533289513408,Nhóm hành vi còn lại
fixture-user-3226,81.0,3.0,0.0,14.0,0.0,0.0,0,0.0,140.0,16.0,1,-3.58892156885437,0.07130138670265128,0.7711842983243252,Hoạt động gần nhất cách xa
fixture-user-3227,19.0,10.0,0.0,29.0,14.0,3.0,0,0.4827586206896552,1710.0,71.0,0,1.6472575587743377,-1.5937242188893985,0.5517615405408011,Tỷ lệ thêm giỏ/xem cao
fixture-user-3228,14.0,12.0,1040.0,42.0,8.0,6.0,3,0.19047619047619047,2520.0,92.0,3,2.49670495094491,1.2290037398474845,0.5454645736096191,Doanh thu trung bình cao
fixture-user-3229,27.0,5.0,340.0,24.0,2.0,2.0,1,0.08333333333333333,1020.0,42.0,2,-0.18230360796635595,1.2586072038036613,0.3675912090530475,Nhóm hành vi còn lại
fixture-user-3230,82.0,1.0,0.0,15.0,0.0,0.0,0,0.0,150.0,17.0,1,-3.9196432407459767,0.05669108652696236,0.9282979885680404,Hoạt động gần nhất cách xa
fixture-user-3231,20.0,8.0,0.0,30.0,12.0,3.0,0,0.4,1720.0,72.0,0,1.3793488527403,-1.3100407571216666,0.7263442280480706,Tỷ lệ thêm giỏ/xem cao
fixture-user-3232,15.0,13.0,1060.0,43.0,9.0,6.0,3,0.20930232558139536,2530.0,93.0,3,2.5967783052258118,1.1568322528607358,0.5946167775727039,Doanh thu trung bình cao
fixture-user-3233,28.0,6.0,360.0,25.0,3.0,2.0,1,0.12,1030.0,43.0,2,0.08266019726750658,1.1041566022540645,0.39313910571678706,Nhóm hành vi còn lại
fixture-user-3234,83.0,2.0,0.0,16.0,0.0,0.0,0,0.0,160.0,18.0,1,-3.604202552262844,0.08767912367278557,1.0092869375057245,Hoạt động gần nhất cách xa
fixture-user-3235,21.0,9.0,0.0,31.0,13.0,3.0,0,0.41935483870967744,1730.0,73.0,0,1.501059534575714,-1.376636657189004,0.7749808036540073,Tỷ lệ thêm giỏ/xem cao
fixture-user-3236,16.0,14.0,1080.0,44.0,10.0,6.0,3,0.22727272727272727,2540.0,94.0,3,2.690427951437499,1.0894358139626867,0.6418324646043475,Doanh thu trung bình cao
fixture-user-3237,29.0,7.0,380.0,26.0,4.0,2.0,1,0.15384615384615385,1040.0,44.0,2,0.3086623039800275,0.9723028927926293,0.4212803240192725,Nhóm hành vi còn lại
fixture-user-3238,84.0,3.0,0.0,17.0,0.0,0.0,0,0.0,170.0,19.0,1,-3.3629925377313117,0.11286336793280101,1.0921119219662825,Hoạt động gần nhất cách xa
fixture-user-3239,22.0,10.0,0.0,32.0,14.0,3.0,0,0.4375,1740.0,74.0,0,1.6136201785899058,-1.438893929708042,0.822869682767591,Tỷ lệ thêm giỏ/xem cao
fixture-user-3240,2.0,12.0,800.0,30.0,8.0,6.0,3,0.26666666666666666,2400.0,80.0,3,2.949000201807968,0.9104099322153842,-1.040664161835835,Doanh thu trung bình cao
fixture-user-3241,15.0,5.0,100.0,12.0,2.0,2.0,1,0.16666666666666666,900.0,30.0,2,-0.5125113090819994,0.5888915999238798,-0.9213435417374367,Nhóm hành vi còn lại
fixture-user-3242,70.0,1.0,0.0,3.0,0.0,0.0,0,0.0,30.0,5.0,1,-5.653074755432996,-0.26751935962468665,-1.3948414954693151,Hoạt động gần nhất cách xa
fixture-user-3243,8.0,8.0,0.0,18.0,12.0,3.0,0,0.6666666666666666,1600.0,60.0,0,1.667619505045523,-2.2053810991863303,-0.7744155991773559,Tỷ lệ thêm giỏ/xem cao
fixture-user-3244,3.0,13.0,820.0,31.0,9.0,6.0,3,0.2903225806451613,2410.0,81.0,3,2.9722504279555224,0.8202064154922466,-0.8360402617366788,Doanh thu trung bình cao
fixture-user-3245,16.0,6.0,120.0,13.0,3.0,2.0,1,0.23076923076923078,910.0,31.0,2,-0.18823476857859642,0.3875447576114711,-0.8693490403338631,Nhóm hành vi còn lại
fixture-user-3246,71.0,2.0,0.0,4.0,0.0,0.0,0,0.0,40.0,6.0,1,-5.132931592866225,-0.19697308259203808,-1.0600968999130056,Hoạt động gần nhất cách xa
fixture-user-3247,9.0,9.0,0.0,19.0,13.0,3.0,0,0.6842105263157895,1610.0,61.0,0,1.7765266448407788,-2.263702585114586,-0.6595478640554292,Tỷ lệ thêm giỏ/xem cao
fixture-user-3248,4.0,14.0,840.0,32.0,10.0,6.0,3,0.3125,2420.0,82.0,3,3.01229401895736,0.7383363392983261,-0.6738605748864045,Doanh thu trung bình cao
fixture-user-3249,17.0,7.0,140.0,14.0,4.0,2.0,1,0.2857142857142857,920.0,32.0,2,0.08566905022148885,0.22145490054473832,-0.8127372610551373,Nhóm hành vi còn lại
fixture-user-3250,72.0,3.0,0.0,5.0,0.0,0.0,0,0.0,50.0,7.0,1,-4.734049758831314,-0.1415652227069219,-0.7803874603946023,Hoạt động gần nhất cách xa
fixture-user-3251,10.0,10.0,0.0,20.0,14.0,3.0,0,0.7,1620.0,62.0,0,1.8778157374373483,-2.316152393098142,-0.5521462253135105,Tỷ lệ thêm giỏ/xem cao
fixture-user-3252,5.0,12.0,860.0,33.0,8.0,6.0,3,0.24242424242424243,2430.0,83.0,3,2.7201358279717427,1.0010280153705131,-0.43135310572761704,Doanh thu trung bình cao
fixture-user-3253,18.0,5.0,160.0,15.0,2.0,2.0,1,0.13333333333333333,930.0,33.0,2,-0.416368974045729,0.8413722469868408,-0.5202824835880352,Nhóm hành vi còn lại
fixture-user-3254,73.0,1.0,0.0,6.0,0.0,0.0,0,0.0,60.0,8.0,1,-4.951827114160079,-0.13461517315522942,-0.48185008826089964,Hoạt động gần nhất cách xa
fixture-user-3255,11.0,8.0,0.0,21.0,12.0,3.0,0,0.5714285714285714,1630.0,63.0,0,1.5440020110863266,-1.8916105529499507,-0.2894737393083827,Tỷ lệ thêm giỏ/xem cao
fixture-user-3256,6.0,13.0,880.0,34.0,9.0,6.0,3,0.2647058823529412,2440.0,84.0,3,2.793205514756805,0.9179893295870694,-0.3181395540304275,Doanh thu trung bình cao
fixture-user-3257,19.0,6.0,180.0,16.0,3.0,2.0,1,0.1875,940.0,34.0,2,-0.11506542133983415,0.6524097200437152,-0.47729764843711464,Nhóm hành vi còn lại
fixture-user-3258,74.0,2.0,0.0,7.0,0.0,0.0,0,0.0,70.0,9.0,1,-4.544300503596412,-0.08616879017803282,-0.28512883644029735,Hoạt động gần nhất cách xa
fixture-user-3259,12.0,9.0,0.0,22.0,13.0,3.0,0,0.5909090909090909,1640.0,64.0,0,1.6610803566223118,-1.956635720808595,-0.20216044539729697,Tỷ lệ thêm giỏ/xem cao
fixture-user-3260,7.0,14.0,900.0,35.0,10.0,6.0,3,0.2857142857142857,2450.0,85.0,3,2.865809296514496,0.8413885834551914,-0.21799543117210443,Doanh thu trung bình cao
fixture-user-3261,20.0,7.0,200.0,17.0,4.0,2.0,1,0.23529411764705882,950.0,35.0,2,0.1412081418293925,0.49422871537243757,-0.4309330555436214,Nhóm hành vi còn lại
fixture-user-3262,75.0,3.0,0.0,8.0,0.0,0.0,0,0.0,80.0,10.0,1,-4.226355602128988,-0.04652353682671037,-0.10556235721929748,Hoạt động gần nhất cách xa
fixture-user-3263,13.0,10.0,0.0,23.0,14.0,3.0,0,0.6086956521739131,1650.0,65.0,0,1.769348185040836,-2.015953016612214,-0.1188564273584944,Tỷ lệ thêm giỏ/xem cao
fixture-user-3264,8.0,12.0,920.0,36.0,8.0,6.0,3,0.2222222222222222,2460.0,86.0,3,2.6063737094369293,1.0851522433954928,-0.028162481097520817,Doanh thu trung bình cao
fixture-user-3265,21.0,5.0,220.0,18.0,2.0,2.0,1,0.1111111111111111,960.0,36.0,2,-0.331015161317517,1.017672557566975,-0.18189320559016225,Nhóm hành vi còn lại
fixture-user-3266,76.0,1.0,0.0,9.0,0.0,0.0,0,0.0,90.0,11.0,1,-4.5053809003710175,-0.051404916593935875,0.11674763187868262,Hoạt động gần nhất cách xa
fixture-user-3267,14.0,8.0,0.0,24.0,12.0,3.0,0,0.5,1660.0,66.0,0,1.4649328760198592,-1.6524200575582768,0.10500751195665843,Tỷ lệ thêm giỏ/xem cao
fixture-user-3268,9.0,13.0,940.0,37.0,9.0,6.0,3,0.24324324324324326,2470.0,87.0,3,2.6956818339500837,1.0065237107878025,0.05075676314821963,Doanh thu trung bình cao
fixture-user-3269,22.0,6.0,240.0,19.0,3.0,2.0,1,0.15789473684210525,970.0,37.0,2,-0.045442287582045944,0.842002022281944,-0.14614921568949865,Nhóm hành vi còn lại
fixture-user-3270,77.0,2.0,0.0,10.0,0.0,0.0,0,0.0,100.0,12.0,1,-4.145933218700002,-0.012175282230817307,0.25338192247508057,Hoạt động gần nhất cách xa
fixture-user-3271,15.0,9.0,0.0,25.0,13.0,3.0,0,0.52,1670.0,67.0,0,1.5853970707566725,-1.7197729720568595,0.17473155318197717,Tỷ lệ thêm giỏ/xem cao
fixture-user-3272,10.0,14.0,960.0,38.0,10.0,6.0,3,0.2631578947368421,2480.0,88.0,3,2.7805820478578775,0.9335515526720264,0.12366456013755259,Doanh thu trung bình cao
fixture-user-3273,23.0,7.0,260.0,20.0,4.0,2.0,1,0.2,980.0,38.0,2,0.19806579033115437,0.6934432518431779,-0.10747748554529173,Nhóm hành vi còn lại
fixture-user-3274,78.0,3.0,0.0,11.0,0.0,0.0,0,0.0,110.0,13.0,1,-3.866786492395833,0.020083464757670286,0.3842998554068919,Hoạt động gần nhất cách xa
fixture-user-3275,16.0,10.0,0.0,26.0,14.0,3.0,0,0.5384615384615384,1680.0,68.0,0,1.696701628351615,-1.7818534565886186,0.24216164621576905,Tỷ lệ thêm giỏ/xem cao
fixture-user-3276,11.0,12.0,980.0,39.0,8.0,6.0,3,0.20512820512820512,2490.0,89.0,3,2.539096994000912,1.1608947269527035,0.2849645070861152,Doanh thu trung bình cao
fixture-user-3277,24.0,5.0,280.0,21.0,2.0,2.0,1,0.09523809523809523,990.0,39.0,2,-0.2535021844261599,1.1515543709784555,0.11036450120739257,Nhóm hành vi còn lại
fixture-user-3278,79.0,1.0,0.0,12.0,0.0,0.0,0,0.0,120.0,14.0,1,-4.177806227183311,0.009148059352104415,0.5663777413394052,Hoạt động gần nhất cách xa
fixture-user-3279,17.0,8.0,0.0,27.0,12.0,3.0,0,0.4444444444444444,1690.0,69.0,0,1.4131920056243967,-1.4634770190954087,0.43800042229131814,Tỷ lệ thêm giỏ/xem cao
fixture-user-3280,12.0,13.0,1000.0,40.0,9.0,6.0,3,0.225,2500.0,90.0,3,2.6355970708016336,1.085750837529916,0.34560189762492727,Doanh thu trung bình cao
fixture-user-3281,25.0,6.0,300.0,22.0,3.0,2.0,1,0.13636363636363635,1000.0,40.0,2,0.020448779079346835,0.987424175304437,0.14043401059775606,Nhóm hành vi còn lại
fixture-user-3282,80.0,2.0,0.0,13.0,0.0,0.0,0,0.0,130.0,15.0,1,-3.8452080923989924,0.04332455321405482,0.6691606922603189,Hoạt động gần nhất cách xa
fixture-user-3283,18.0,9.0,0.0,28.0,13.0,3.0,0,0.4642857142857143,1700.0,70.0,0,1.534830031286699,-1.5309960415171668,0.49554732017099296,Tỷ lệ thêm giỏ/xem cao
fixture-user-3284,13.0,14.0,1020.0,41.0,10.0,6.0,3,0.24390243902439024,2510.0,91.0,3,2.7262823845513653,1.0157588009747183,0.4029662204898221,Doanh thu trung bình cao
fixture-user-3285,26.0,7.0,320.0,23.0,4.0,2.0,1,0.17391304347826086,1010.0,41.0,2,0.2541908963254575,0.8477774875328858,0.17321533289513408,Nhóm hành vi còn lại
fixture-user-3286,81.0,3.0,0.0,14.0,0.0,0.0,0,0.0,140.0,16.0,1,-3.58892156885437,0.07130138670265128,0.7711842983243252,Hoạt động gần nhất cách xa
fixture-user-3287,19.0,10.0,0.0,29.0,14.0,3.0,0,0.4827586206896552,1710.0,71.0,0,1.6472575587743377,-1.5937242188893985,0.5517615405408011,Tỷ lệ thêm giỏ/xem cao
fixture-user-3288,14.0,12.0,1040.0,42.0,8.0,6.0,3,0.19047619047619047,2520.0,92.0,3,2.49670495094491,1.2290037398474845,0.5454645736096191,Doanh thu trung bình cao
fixture-user-3289,27.0,5.0,340.0,24.0,2.0,2.0,1,0.08333333333333333,1020.0,42.0,2,-0.18230360796635595,1.2586072038036613,0.3675912090530475,Nhóm hành vi còn lại
fixture-user-3290,82.0,1.0,0.0,15.0,0.0,0.0,0,0.0,150.0,17.0,1,-3.9196432407459767,0.05669108652696236,0.9282979885680404,Hoạt động gần nhất cách xa
fixture-user-3291,20.0,8.0,0.0,30.0,12.0,3.0,0,0.4,1720.0,72.0,0,1.3793488527403,-1.3100407571216666,0.7263442280480706,Tỷ lệ thêm giỏ/xem cao
fixture-user-3292,15.0,13.0,1060.0,43.0,9.0,6.0,3,0.20930232558139536,2530.0,93.0,3,2.5967783052258118,1.1568322528607358,0.5946167775727039,Doanh thu trung bình cao
fixture-user-3293,28.0,6.0,360.0,25.0,3.0,2.0,1,0.12,1030.0,43.0,2,0.08266019726750658,1.1041566022540645,0.39313910571678706,Nhóm hành vi còn lại
fixture-user-3294,83.0,2.0,0.0,16.0,0.0,0.0,0,0.0,160.0,18.0,1,-3.604202552262844,0.08767912367278557,1.0092869375057245,Hoạt động gần nhất cách xa
fixture-user-3295,21.0,9.0,0.0,31.0,13.0,3.0,0,0.41935483870967744,1730.0,73.0,0,1.501059534575714,-1.376636657189004,0.7749808036540073,Tỷ lệ thêm giỏ/xem cao
fixture-user-3296,16.0,14.0,1080.0,44.0,10.0,6.0,3,0.22727272727272727,2540.0,94.0,3,2.690427951437499,1.0894358139626867,0.6418324646043475,Doanh thu trung bình cao
fixture-user-3297,29.0,7.0,380.0,26.0,4.0,2.0,1,0.15384615384615385,1040.0,44.0,2,0.3086623039800275,0.9723028927926293,0.4212803240192725,Nhóm hành vi còn lại
fixture-user-3298,84.0,3.0,0.0,17.0,0.0,0.0,0,0.0,170.0,19.0,1,-3.3629925377313117,0.11286336793280101,1.0921119219662825,Hoạt động gần nhất cách xa
fixture-user-3299,22.0,10.0,0.0,32.0,14.0,3.0,0,0.4375,1740.0,74.0,0,1.6136201785899058,-1.438893929708042,0.822869682767591,Tỷ lệ thêm giỏ/xem cao
fixture-user-3300,2.0,12.0,800.0,30.0,8.0,6.0,3,0.26666666666666666,2400.0,80.0,3,2.949000201807968,0.9104099322153842,-1.040664161835835,Doanh thu trung bình cao
fixture-user-3301,15.0,5.0,100.0,12.0,2.0,2.0,1,0.16666666666666666,900.0,30.0,2,-0.5125113090819994,0.5888915999238798,-0.9213435417374367,Nhóm hành vi còn lại
fixture-user-3302,70.0,1.0,0.0,3.0,0.0,0.0,0,0.0,30.0,5.0,1,-5.653074755432996,-0.26751935962468665,-1.3948414954693151,Hoạt động gần nhất cách xa
fixture-user-3303,8.0,8.0,0.0,18.0,12.0,3.0,0,0.6666666666666666,1600.0,60.0,0,1.667619505045523,-2.2053810991863303,-0.7744155991773559,Tỷ lệ thêm giỏ/xem cao
fixture-user-3304,3.0,13.0,820.0,31.0,9.0,6.0,3,0.2903225806451613,2410.0,81.0,3,2.9722504279555224,0.8202064154922466,-0.8360402617366788,Doanh thu trung bình cao
fixture-user-3305,16.0,6.0,120.0,13.0,3.0,2.0,1,0.23076923076923078,910.0,31.0,2,-0.18823476857859642,0.3875447576114711,-0.8693490403338631,Nhóm hành vi còn lại
fixture-user-3306,71.0,2.0,0.0,4.0,0.0,0.0,0,0.0,40.0,6.0,1,-5.132931592866225,-0.19697308259203808,-1.0600968999130056,Hoạt động gần nhất cách xa
fixture-user-3307,9.0,9.0,0.0,19.0,13.0,3.0,0,0.6842105263157895,1610.0,61.0,0,1.7765266448407788,-2.263702585114586,-0.6595478640554292,Tỷ lệ thêm giỏ/xem cao
fixture-user-3308,4.0,14.0,840.0,32.0,10.0,6.0,3,0.3125,2420.0,82.0,3,3.01229401895736,0.7383363392983261,-0.6738605748864045,Doanh thu trung bình cao
fixture-user-3309,17.0,7.0,140.0,14.0,4.0,2.0,1,0.2857142857142857,920.0,32.0,2,0.08566905022148885,0.22145490054473832,-0.8127372610551373,Nhóm hành vi còn lại
fixture-user-3310,72.0,3.0,0.0,5.0,0.0,0.0,0,0.0,50.0,7.0,1,-4.734049758831314,-0.1415652227069219,-0.7803874603946023,Hoạt động gần nhất cách xa
fixture-user-3311,10.0,10.0,0.0,20.0,14.0,3.0,0,0.7,1620.0,62.0,0,1.8778157374373483,-2.316152393098142,-0.5521462253135105,Tỷ lệ thêm giỏ/xem cao
fixture-user-3312,5.0,12.0,860.0,33.0,8.0,6.0,3,0.24242424242424243,2430.0,83.0,3,2.7201358279717427,1.0010280153705131,-0.43135310572761704,Doanh thu trung bình cao
fixture-user-3313,18.0,5.0,160.0,15.0,2.0,2.0,1,0.13333333333333333,930.0,33.0,2,-0.416368974045729,0.8413722469868408,-0.5202824835880352,Nhóm hành vi còn lại
fixture-user-3314,73.0,1.0,0.0,6.0,0.0,0.0,0,0.0,60.0,8.0,1,-4.951827114160079,-0.13461517315522942,-0.48185008826089964,Hoạt động gần nhất cách xa
fixture-user-3315,11.0,8.0,0.0,21.0,12.0,3.0,0,0.5714285714285714,1630.0,63.0,0,1.5440020110863266,-1.8916105529499507,-0.2894737393083827,Tỷ lệ thêm giỏ/xem cao
fixture-user-3316,6.0,13.0,880.0,34.0,9.0,6.0,3,0.2647058823529412,2440.0,84.0,3,2.793205514756805,0.9179893295870694,-0.3181395540304275,Doanh thu trung bình cao
fixture-user-3317,19.0,6.0,180.0,16.0,3.0,2.0,1,0.1875,940.0,34.0,2,-0.11506542133983415,0.6524097200437152,-0.47729764843711464,Nhóm hành vi còn lại
fixture-user-3318,74.0,2.0,0.0,7.0,0.0,0.0,0,0.0,70.0,9.0,1,-4.544300503596412,-0.08616879017803282,-0.28512883644029735,Hoạt động gần nhất cách xa
fixture-user-3319,12.0,9.0,0.0,22.0,13.0,3.0,0,0.5909090909090909,1640.0,64.0,0,1.6610803566223118,-1.956635720808595,-0.20216044539729697,Tỷ lệ thêm giỏ/xem cao
fixture-user-3320,7.0,14.0,900.0,35.0,10.0,6.0,3,0.2857142857142857,2450.0,85.0,3,2.865809296514496,0.8413885834551914,-0.21799543117210443,Doanh thu trung bình cao
fixture-user-3321,20.0,7.0,200.0,17.0,4.0,2.0,1,0.23529411764705882,950.0,35.0,2,0.1412081418293925,0.49422871537243757,-0.4309330555436214,Nhóm hành vi còn lại
fixture-user-3322,75.0,3.0,0.0,8.0,0.0,0.0,0,0.0,80.0,10.0,1,-4.226355602128988,-0.04652353682671037,-0.10556235721929748,Hoạt động gần nhất cách xa
fixture-user-3323,13.0,10.0,0.0,23.0,14.0,3.0,0,0.6086956521739131,1650.0,65.0,0,1.769348185040836,-2.015953016612214,-0.1188564273584944,Tỷ lệ thêm giỏ/xem cao
fixture-user-3324,8.0,12.0,920.0,36.0,8.0,6.0,3,0.2222222222222222,2460.0,86.0,3,2.6063737094369293,1.0851522433954928,-0.028162481097520817,Doanh thu trung bình cao
fixture-user-3325,21.0,5.0,220.0,18.0,2.0,2.0,1,0.1111111111111111,960.0,36.0,2,-0.331015161317517,1.017672557566975,-0.18189320559016225,Nhóm hành vi còn lại
fixture-user-3326,76.0,1.0,0.0,9.0,0.0,0.0,0,0.0,90.0,11.0,1,-4.5053809003710175,-0.051404916593935875,0.11674763187868262,Hoạt động gần nhất cách xa
fixture-user-3327,14.0,8.0,0.0,24.0,12.0,3.0,0,0.5,1660.0,66.0,0,1.4649328760198592,-1.6524200575582768,0.10500751195665843,Tỷ lệ thêm giỏ/xem cao
fixture-user-3328,9.0,13.0,940.0,37.0,9.0,6.0,3,0.24324324324324326,2470.0,87.0,3,2.6956818339500837,1.0065237107878025,0.05075676314821963,Doanh thu trung bình cao
fixture-user-3329,22.0,6.0,240.0,19.0,3.0,2.0,1,0.15789473684210525,970.0,37.0,2,-0.045442287582045944,0.842002022281944,-0.14614921568949865,Nhóm hành vi còn lại
fixture-user-3330,77.0,2.0,0.0,10.0,0.0,0.0,0,0.0,100.0,12.0,1,-4.145933218700002,-0.012175282230817307,0.25338192247508057,Hoạt động gần nhất cách xa
fixture-user-3331,15.0,9.0,0.0,25.0,13.0,3.0,0,0.52,1670.0,67.0,0,1.5853970707566725,-1.7197729720568595,0.17473155318197717,Tỷ lệ thêm giỏ/xem cao
fixture-user-3332,10.0,14.0,960.0,38.0,10.0,6.0,3,0.2631578947368421,2480.0,88.0,3,2.7805820478578775,0.9335515526720264,0.12366456013755259,Doanh thu trung bình cao
fixture-user-3333,23.0,7.0,260.0,20.0,4.0,2.0,1,0.2,980.0,38.0,2,0.19806579033115437,0.6934432518431779,-0.10747748554529173,Nhóm hành vi còn lại
fixture-user-3334,78.0,3.0,0.0,11.0,0.0,0.0,0,0.0,110.0,13.0,1,-3.866786492395833,0.020083464757670286,0.3842998554068919,Hoạt động gần nhất cách xa
fixture-user-3335,16.0,10.0,0.0,26.0,14.0,3.0,0,0.5384615384615384,1680.0,68.0,0,1.696701628351615,-1.7818534565886186,0.24216164621576905,Tỷ lệ thêm giỏ/xem cao
fixture-user-3336,11.0,12.0,980.0,39.0,8.0,6.0,3,0.20512820512820512,2490.0,89.0,3,2.539096994000912,1.1608947269527035,0.2849645070861152,Doanh thu trung bình cao
fixture-user-3337,24.0,5.0,280.0,21.0,2.0,2.0,1,0.09523809523809523,990.0,39.0,2,-0.2535021844261599,1.1515543709784555,0.11036450120739257,Nhóm hành vi còn lại
fixture-user-3338,79.0,1.0,0.0,12.0,0.0,0.0,0,0.0,120.0,14.0,1,-4.177806227183311,0.009148059352104415,0.5663777413394052,Hoạt động gần nhất cách xa
fixture-user-3339,17.0,8.0,0.0,27.0,12.0,3.0,0,0.4444444444444444,1690.0,69.0,0,1.4131920056243967,-1.4634770190954087,0.43800042229131814,Tỷ lệ thêm giỏ/xem cao
fixture-user-3340,12.0,13.0,1000.0,40.0,9.0,6.0,3,0.225,2500.0,90.0,3,2.6355970708016336,1.085750837529916,0.34560189762492727,Doanh thu trung bình cao
fixture-user-3341,25.0,6.0,300.0,22.0,3.0,2.0,1,0.13636363636363635,1000.0,40.0,2,0.020448779079346835,0.987424175304437,0.14043401059775606,Nhóm hành vi còn lại
fixture-user-3342,80.0,2.0,0.0,13.0,0.0,0.0,0,0.0,130.0,15.0,1,-3.8452080923989924,0.04332455321405482,0.6691606922603189,Hoạt động gần nhất cách xa
fixture-user-3343,18.0,9.0,0.0,28.0,13.0,3.0,0,0.4642857142857143,1700.0,70.0,0,1.534830031286699,-1.5309960415171668,0.49554732017099296,Tỷ lệ thêm giỏ/xem cao
fixture-user-3344,13.0,14.0,1020.0,41.0,10.0,6.0,3,0.24390243902439024,2510.0,91.0,3,2.7262823845513653,1.0157588009747183,0.4029662204898221,Doanh thu trung bình cao
fixture-user-3345,26.0,7.0,320.0,23.0,4.0,2.0,1,0.17391304347826086,1010.0,41.0,2,0.2541908963254575,0.8477774875328858,0.17321533289513408,Nhóm hành vi còn lại
fixture-user-3346,81.0,3.0,0.0,14.0,0.0,0.0,0,0.0,140.0,16.0,1,-3.58892156885437,0.07130138670265128,0.7711842983243252,Hoạt động gần nhất cách xa
fixture-user-3347,19.0,10.0,0.0,29.0,14.0,3.0,0,0.4827586206896552,1710.0,71.0,0,1.6472575587743377,-1.5937242188893985,0.5517615405408011,Tỷ lệ thêm giỏ/xem cao
fixture-user-3348,14.0,12.0,1040.0,42.0,8.0,6.0,3,0.19047619047619047,2520.0,92.0,3,2.49670495094491,1.2290037398474845,0.5454645736096191,Doanh thu trung bình cao
fixture-user-3349,27.0,5.0,340.0,24.0,2.0,2.0,1,0.08333333333333333,1020.0,42.0,2,-0.18230360796635595,1.2586072038036613,0.3675912090530475,Nhóm hành vi còn lại
fixture-user-3350,82.0,1.0,0.0,15.0,0.0,0.0,0,0.0,150.0,17.0,1,-3.9196432407459767,0.05669108652696236,0.9282979885680404,Hoạt động gần nhất cách xa
fixture-user-3351,20.0,8.0,0.0,30.0,12.0,3.0,0,0.4,1720.0,72.0,0,1.3793488527403,-1.3100407571216666,0.7263442280480706,Tỷ lệ thêm giỏ/xem cao
fixture-user-3352,15.0,13.0,1060.0,43.0,9.0,6.0,3,0.20930232558139536,2530.0,93.0,3,2.5967783052258118,1.1568322528607358,0.5946167775727039,Doanh thu trung bình cao
fixture-user-3353,28.0,6.0,360.0,25.0,3.0,2.0,1,0.12,1030.0,43.0,2,0.08266019726750658,1.1041566022540645,0.39313910571678706,Nhóm hành vi còn lại
fixture-user-3354,83.0,2.0,0.0,16.0,0.0,0.0,0,0.0,160.0,18.0,1,-3.604202552262844,0.08767912367278557,1.0092869375057245,Hoạt động gần nhất cách xa
fixture-user-3355,21.0,9.0,0.0,31.0,13.0,3.0,0,0.41935483870967744,1730.0,73.0,0,1.501059534575714,-1.376636657189004,0.7749808036540073,Tỷ lệ thêm giỏ/xem cao
fixture-user-3356,16.0,14.0,1080.0,44.0,10.0,6.0,3,0.22727272727272727,2540.0,94.0,3,2.690427951437499,1.0894358139626867,0.6418324646043475,Doanh thu trung bình cao
fixture-user-3357,29.0,7.0,380.0,26.0,4.0,2.0,1,0.15384615384615385,1040.0,44.0,2,0.3086623039800275,0.9723028927926293,0.4212803240192725,Nhóm hành vi còn lại
fixture-user-3358,84.0,3.0,0.0,17.0,0.0,0.0,0,0.0,170.0,19.0,1,-3.3629925377313117,0.11286336793280101,1.0921119219662825,Hoạt động gần nhất cách xa
fixture-user-3359,22.0,10.0,0.0,32.0,14.0,3.0,0,0.4375,1740.0,74.0,0,1.6136201785899058,-1.438893929708042,0.822869682767591,Tỷ lệ thêm giỏ/xem cao
fixture-user-3360,2.0,12.0,800.0,30.0,8.0,6.0,3,0.26666666666666666,2400.0,80.0,3,2.949000201807968,0.9104099322153842,-1.040664161835835,Doanh thu trung bình cao
fixture-user-3361,15.0,5.0,100.0,12.0,2.0,2.0,1,0.16666666666666666,900.0,30.0,2,-0.5125113090819994,0.5888915999238798,-0.9213435417374367,Nhóm hành vi còn lại
fixture-user-3362,70.0,1.0,0.0,3.0,0.0,0.0,0,0.0,30.0,5.0,1,-5.653074755432996,-0.26751935962468665,-1.3948414954693151,Hoạt động gần nhất cách xa
fixture-user-3363,8.0,8.0,0.0,18.0,12.0,3.0,0,0.6666666666666666,1600.0,60.0,0,1.667619505045523,-2.2053810991863303,-0.7744155991773559,Tỷ lệ thêm giỏ/xem cao
fixture-user-3364,3.0,13.0,820.0,31.0,9.0,6.0,3,0.2903225806451613,2410.0,81.0,3,2.9722504279555224,0.8202064154922466,-0.8360402617366788,Doanh thu trung bình cao
fixture-user-3365,16.0,6.0,120.0,13.0,3.0,2.0,1,0.23076923076923078,910.0,31.0,2,-0.18823476857859642,0.3875447576114711,-0.8693490403338631,Nhóm hành vi còn lại
fixture-user-3366,71.0,2.0,0.0,4.0,0.0,0.0,0,0.0,40.0,6.0,1,-5.132931592866225,-0.19697308259203808,-1.0600968999130056,Hoạt động gần nhất cách xa
fixture-user-3367,9.0,9.0,0.0,19.0,13.0,3.0,0,0.6842105263157895,1610.0,61.0,0,1.7765266448407788,-2.263702585114586,-0.6595478640554292,Tỷ lệ thêm giỏ/xem cao
fixture-user-3368,4.0,14.0,840.0,32.0,10.0,6.0,3,0.3125,2420.0,82.0,3,3.01229401895736,0.7383363392983261,-0.6738605748864045,Doanh thu trung bình cao
fixture-user-3369,17.0,7.0,140.0,14.0,4.0,2.0,1,0.2857142857142857,920.0,32.0,2,0.08566905022148885,0.22145490054473832,-0.8127372610551373,Nhóm hành vi còn lại
fixture-user-3370,72.0,3.0,0.0,5.0,0.0,0.0,0,0.0,50.0,7.0,1,-4.734049758831314,-0.1415652227069219,-0.7803874603946023,Hoạt động gần nhất cách xa
fixture-user-3371,10.0,10.0,0.0,20.0,14.0,3.0,0,0.7,1620.0,62.0,0,1.8778157374373483,-2.316152393098142,-0.5521462253135105,Tỷ lệ thêm giỏ/xem cao
fixture-user-3372,5.0,12.0,860.0,33.0,8.0,6.0,3,0.24242424242424243,2430.0,83.0,3,2.7201358279717427,1.0010280153705131,-0.43135310572761704,Doanh thu trung bình cao
fixture-user-3373,18.0,5.0,160.0,15.0,2.0,2.0,1,0.13333333333333333,930.0,33.0,2,-0.416368974045729,0.8413722469868408,-0.5202824835880352,Nhóm hành vi còn lại
fixture-user-3374,73.0,1.0,0.0,6.0,0.0,0.0,0,0.0,60.0,8.0,1,-4.951827114160079,-0.13461517315522942,-0.48185008826089964,Hoạt động gần nhất cách xa
fixture-user-3375,11.0,8.0,0.0,21.0,12.0,3.0,0,0.5714285714285714,1630.0,63.0,0,1.5440020110863266,-1.8916105529499507,-0.2894737393083827,Tỷ lệ thêm giỏ/xem cao
fixture-user-3376,6.0,13.0,880.0,34.0,9.0,6.0,3,0.2647058823529412,2440.0,84.0,3,2.793205514756805,0.9179893295870694,-0.3181395540304275,Doanh thu trung bình cao
fixture-user-3377,19.0,6.0,180.0,16.0,3.0,2.0,1,0.1875,940.0,34.0,2,-0.11506542133983415,0.6524097200437152,-0.47729764843711464,Nhóm hành vi còn lại
fixture-user-3378,74.0,2.0,0.0,7.0,0.0,0.0,0,0.0,70.0,9.0,1,-4.544300503596412,-0.08616879017803282,-0.28512883644029735,Hoạt động gần nhất cách xa
fixture-user-3379,12.0,9.0,0.0,22.0,13.0,3.0,0,0.5909090909090909,1640.0,64.0,0,1.6610803566223118,-1.956635720808595,-0.20216044539729697,Tỷ lệ thêm giỏ/xem cao
fixture-user-3380,7.0,14.0,900.0,35.0,10.0,6.0,3,0.2857142857142857,2450.0,85.0,3,2.865809296514496,0.8413885834551914,-0.21799543117210443,Doanh thu trung bình cao
fixture-user-3381,20.0,7.0,200.0,17.0,4.0,2.0,1,0.23529411764705882,950.0,35.0,2,0.1412081418293925,0.49422871537243757,-0.4309330555436214,Nhóm hành vi còn lại
fixture-user-3382,75.0,3.0,0.0,8.0,0.0,0.0,0,0.0,80.0,10.0,1,-4.226355602128988,-0.04652353682671037,-0.10556235721929748,Hoạt động gần nhất cách xa
fixture-user-3383,13.0,10.0,0.0,23.0,14.0,3.0,0,0.6086956521739131,1650.0,65.0,0,1.769348185040836,-2.015953016612214,-0.1188564273584944,Tỷ lệ thêm giỏ/xem cao
fixture-user-3384,8.0,12.0,920.0,36.0,8.0,6.0,3,0.2222222222222222,2460.0,86.0,3,2.6063737094369293,1.0851522433954928,-0.028162481097520817,Doanh thu trung bình cao
fixture-user-3385,21.0,5.0,220.0,18.0,2.0,2.0,1,0.1111111111111111,960.0,36.0,2,-0.331015161317517,1.017672557566975,-0.18189320559016225,Nhóm hành vi còn lại
fixture-user-3386,76.0,1.0,0.0,9.0,0.0,0.0,0,0.0,90.0,11.0,1,-4.5053809003710175,-0.051404916593935875,0.11674763187868262,Hoạt động gần nhất cách xa
fixture-user-3387,14.0,8.0,0.0,24.0,12.0,3.0,0,0.5,1660.0,66.0,0,1.4649328760198592,-1.6524200575582768,0.10500751195665843,Tỷ lệ thêm giỏ/xem cao
fixture-user-3388,9.0,13.0,940.0,37.0,9.0,6.0,3,0.24324324324324326,2470.0,87.0,3,2.6956818339500837,1.0065237107878025,0.05075676314821963,Doanh thu trung bình cao
fixture-user-3389,22.0,6.0,240.0,19.0,3.0,2.0,1,0.15789473684210525,970.0,37.0,2,-0.045442287582045944,0.842002022281944,-0.14614921568949865,Nhóm hành vi còn lại
fixture-user-3390,77.0,2.0,0.0,10.0,0.0,0.0,0,0.0,100.0,12.0,1,-4.145933218700002,-0.012175282230817307,0.25338192247508057,Hoạt động gần nhất cách xa
fixture-user-3391,15.0,9.0,0.0,25.0,13.0,3.0,0,0.52,1670.0,67.0,0,1.5853970707566725,-1.7197729720568595,0.17473155318197717,Tỷ lệ thêm giỏ/xem cao
fixture-user-3392,10.0,14.0,960.0,38.0,10.0,6.0,3,0.2631578947368421,2480.0,88.0,3,2.7805820478578775,0.9335515526720264,0.12366456013755259,Doanh thu trung bình cao
fixture-user-3393,23.0,7.0,260.0,20.0,4.0,2.0,1,0.2,980.0,38.0,2,0.19806579033115437,0.6934432518431779,-0.10747748554529173,Nhóm hành vi còn lại
fixture-user-3394,78.0,3.0,0.0,11.0,0.0,0.0,0,0.0,110.0,13.0,1,-3.866786492395833,0.020083464757670286,0.3842998554068919,Hoạt động gần nhất cách xa
fixture-user-3395,16.0,10.0,0.0,26.0,14.0,3.0,0,0.5384615384615384,1680.0,68.0,0,1.696701628351615,-1.7818534565886186,0.24216164621576905,Tỷ lệ thêm giỏ/xem cao
fixture-user-3396,11.0,12.0,980.0,39.0,8.0,6.0,3,0.20512820512820512,2490.0,89.0,3,2.539096994000912,1.1608947269527035,0.2849645070861152,Doanh thu trung bình cao
fixture-user-3397,24.0,5.0,280.0,21.0,2.0,2.0,1,0.09523809523809523,990.0,39.0,2,-0.2535021844261599,1.1515543709784555,0.11036450120739257,Nhóm hành vi còn lại
fixture-user-3398,79.0,1.0,0.0,12.0,0.0,0.0,0,0.0,120.0,14.0,1,-4.177806227183311,0.009148059352104415,0.5663777413394052,Hoạt động gần nhất cách xa
fixture-user-3399,17.0,8.0,0.0,27.0,12.0,3.0,0,0.4444444444444444,1690.0,69.0,0,1.4131920056243967,-1.4634770190954087,0.43800042229131814,Tỷ lệ thêm giỏ/xem cao
fixture-user-3400,12.0,13.0,1000.0,40.0,9.0,6.0,3,0.225,2500.0,90.0,3,2.6355970708016336,1.085750837529916,0.34560189762492727,Doanh thu trung bình cao
fixture-user-3401,25.0,6.0,300.0,22.0,3.0,2.0,1,0.13636363636363635,1000.0,40.0,2,0.020448779079346835,0.987424175304437,0.14043401059775606,Nhóm hành vi còn lại
fixture-user-3402,80.0,2.0,0.0,13.0,0.0,0.0,0,0.0,130.0,15.0,1,-3.8452080923989924,0.04332455321405482,0.6691606922603189,Hoạt động gần nhất cách xa
fixture-user-3403,18.0,9.0,0.0,28.0,13.0,3.0,0,0.4642857142857143,1700.0,70.0,0,1.534830031286699,-1.5309960415171668,0.49554732017099296,Tỷ lệ thêm giỏ/xem cao
fixture-user-3404,13.0,14.0,1020.0,41.0,10.0,6.0,3,0.24390243902439024,2510.0,91.0,3,2.7262823845513653,1.0157588009747183,0.4029662204898221,Doanh thu trung bình cao
fixture-user-3405,26.0,7.0,320.0,23.0,4.0,2.0,1,0.17391304347826086,1010.0,41.0,2,0.2541908963254575,0.8477774875328858,0.17321533289513408,Nhóm hành vi còn lại
fixture-user-3406,81.0,3.0,0.0,14.0,0.0,0.0,0,0.0,140.0,16.0,1,-3.58892156885437,0.07130138670265128,0.7711842983243252,Hoạt động gần nhất cách xa
fixture-user-3407,19.0,10.0,0.0,29.0,14.0,3.0,0,0.4827586206896552,1710.0,71.0,0,1.6472575587743377,-1.5937242188893985,0.5517615405408011,Tỷ lệ thêm giỏ/xem cao
fixture-user-3408,14.0,12.0,1040.0,42.0,8.0,6.0,3,0.19047619047619047,2520.0,92.0,3,2.49670495094491,1.2290037398474845,0.5454645736096191,Doanh thu trung bình cao
fixture-user-3409,27.0,5.0,340.0,24.0,2.0,2.0,1,0.08333333333333333,1020.0,42.0,2,-0.18230360796635595,1.2586072038036613,0.3675912090530475,Nhóm hành vi còn lại
fixture-user-3410,82.0,1.0,0.0,15.0,0.0,0.0,0,0.0,150.0,17.0,1,-3.9196432407459767,0.05669108652696236,0.9282979885680404,Hoạt động gần nhất cách xa
fixture-user-3411,20.0,8.0,0.0,30.0,12.0,3.0,0,0.4,1720.0,72.0,0,1.3793488527403,-1.3100407571216666,0.7263442280480706,Tỷ lệ thêm giỏ/xem cao
fixture-user-3412,15.0,13.0,1060.0,43.0,9.0,6.0,3,0.20930232558139536,2530.0,93.0,3,2.5967783052258118,1.1568322528607358,0.5946167775727039,Doanh thu trung bình cao
fixture-user-3413,28.0,6.0,360.0,25.0,3.0,2.0,1,0.12,1030.0,43.0,2,0.08266019726750658,1.1041566022540645,0.39313910571678706,Nhóm hành vi còn lại
fixture-user-3414,83.0,2.0,0.0,16.0,0.0,0.0,0,0.0,160.0,18.0,1,-3.604202552262844,0.08767912367278557,1.0092869375057245,Hoạt động gần nhất cách xa
fixture-user-3415,21.0,9.0,0.0,31.0,13.0,3.0,0,0.41935483870967744,1730.0,73.0,0,1.501059534575714,-1.376636657189004,0.7749808036540073,Tỷ lệ thêm giỏ/xem cao
fixture-user-3416,16.0,14.0,1080.0,44.0,10.0,6.0,3,0.22727272727272727,2540.0,94.0,3,2.690427951437499,1.0894358139626867,0.6418324646043475,Doanh thu trung bình cao
fixture-user-3417,29.0,7.0,380.0,26.0,4.0,2.0,1,0.15384615384615385,1040.0,44.0,2,0.3086623039800275,0.9723028927926293,0.4212803240192725,Nhóm hành vi còn lại
fixture-user-3418,84.0,3.0,0.0,17.0,0.0,0.0,0,0.0,170.0,19.0,1,-3.3629925377313117,0.11286336793280101,1.0921119219662825,Hoạt động gần nhất cách xa
fixture-user-3419,22.0,10.0,0.0,32.0,14.0,3.0,0,0.4375,1740.0,74.0,0,1.6136201785899058,-1.438893929708042,0.822869682767591,Tỷ lệ thêm giỏ/xem cao
fixture-user-3420,2.0,12.0,800.0,30.0,8.0,6.0,3,0.26666666666666666,2400.0,80.0,3,2.949000201807968,0.9104099322153842,-1.040664161835835,Doanh thu trung bình cao
fixture-user-3421,15.0,5.0,100.0,12.0,2.0,2.0,1,0.16666666666666666,900.0,30.0,2,-0.5125113090819994,0.5888915999238798,-0.9213435417374367,Nhóm hành vi còn lại
fixture-user-3422,70.0,1.0,0.0,3.0,0.0,0.0,0,0.0,30.0,5.0,1,-5.653074755432996,-0.26751935962468665,-1.3948414954693151,Hoạt động gần nhất cách xa
fixture-user-3423,8.0,8.0,0.0,18.0,12.0,3.0,0,0.6666666666666666,1600.0,60.0,0,1.667619505045523,-2.2053810991863303,-0.7744155991773559,Tỷ lệ thêm giỏ/xem cao
fixture-user-3424,3.0,13.0,820.0,31.0,9.0,6.0,3,0.2903225806451613,2410.0,81.0,3,2.9722504279555224,0.8202064154922466,-0.8360402617366788,Doanh thu trung bình cao
fixture-user-3425,16.0,6.0,120.0,13.0,3.0,2.0,1,0.23076923076923078,910.0,31.0,2,-0.18823476857859642,0.3875447576114711,-0.8693490403338631,Nhóm hành vi còn lại
fixture-user-3426,71.0,2.0,0.0,4.0,0.0,0.0,0,0.0,40.0,6.0,1,-5.132931592866225,-0.19697308259203808,-1.0600968999130056,Hoạt động gần nhất cách xa
fixture-user-3427,9.0,9.0,0.0,19.0,13.0,3.0,0,0.6842105263157895,1610.0,61.0,0,1.7765266448407788,-2.263702585114586,-0.6595478640554292,Tỷ lệ thêm giỏ/xem cao
fixture-user-3428,4.0,14.0,840.0,32.0,10.0,6.0,3,0.3125,2420.0,82.0,3,3.01229401895736,0.7383363392983261,-0.6738605748864045,Doanh thu trung bình cao
fixture-user-3429,17.0,7.0,140.0,14.0,4.0,2.0,1,0.2857142857142857,920.0,32.0,2,0.08566905022148885,0.22145490054473832,-0.8127372610551373,Nhóm hành vi còn lại
fixture-user-3430,72.0,3.0,0.0,5.0,0.0,0.0,0,0.0,50.0,7.0,1,-4.734049758831314,-0.1415652227069219,-0.7803874603946023,Hoạt động gần nhất cách xa
fixture-user-3431,10.0,10.0,0.0,20.0,14.0,3.0,0,0.7,1620.0,62.0,0,1.8778157374373483,-2.316152393098142,-0.5521462253135105,Tỷ lệ thêm giỏ/xem cao
fixture-user-3432,5.0,12.0,860.0,33.0,8.0,6.0,3,0.24242424242424243,2430.0,83.0,3,2.7201358279717427,1.0010280153705131,-0.43135310572761704,Doanh thu trung bình cao
fixture-user-3433,18.0,5.0,160.0,15.0,2.0,2.0,1,0.13333333333333333,930.0,33.0,2,-0.416368974045729,0.8413722469868408,-0.5202824835880352,Nhóm hành vi còn lại
fixture-user-3434,73.0,1.0,0.0,6.0,0.0,0.0,0,0.0,60.0,8.0,1,-4.951827114160079,-0.13461517315522942,-0.48185008826089964,Hoạt động gần nhất cách xa
fixture-user-3435,11.0,8.0,0.0,21.0,12.0,3.0,0,0.5714285714285714,1630.0,63.0,0,1.5440020110863266,-1.8916105529499507,-0.2894737393083827,Tỷ lệ thêm giỏ/xem cao
fixture-user-3436,6.0,13.0,880.0,34.0,9.0,6.0,3,0.2647058823529412,2440.0,84.0,3,2.793205514756805,0.9179893295870694,-0.3181395540304275,Doanh thu trung bình cao
fixture-user-3437,19.0,6.0,180.0,16.0,3.0,2.0,1,0.1875,940.0,34.0,2,-0.11506542133983415,0.6524097200437152,-0.47729764843711464,Nhóm hành vi còn lại
fixture-user-3438,74.0,2.0,0.0,7.0,0.0,0.0,0,0.0,70.0,9.0,1,-4.544300503596412,-0.08616879017803282,-0.28512883644029735,Hoạt động gần nhất cách xa
fixture-user-3439,12.0,9.0,0.0,22.0,13.0,3.0,0,0.5909090909090909,1640.0,64.0,0,1.6610803566223118,-1.956635720808595,-0.20216044539729697,Tỷ lệ thêm giỏ/xem cao
fixture-user-3440,7.0,14.0,900.0,35.0,10.0,6.0,3,0.2857142857142857,2450.0,85.0,3,2.865809296514496,0.8413885834551914,-0.21799543117210443,Doanh thu trung bình cao
fixture-user-3441,20.0,7.0,200.0,17.0,4.0,2.0,1,0.23529411764705882,950.0,35.0,2,0.1412081418293925,0.49422871537243757,-0.4309330555436214,Nhóm hành vi còn lại
fixture-user-3442,75.0,3.0,0.0,8.0,0.0,0.0,0,0.0,80.0,10.0,1,-4.226355602128988,-0.04652353682671037,-0.10556235721929748,Hoạt động gần nhất cách xa
fixture-user-3443,13.0,10.0,0.0,23.0,14.0,3.0,0,0.6086956521739131,1650.0,65.0,0,1.769348185040836,-2.015953016612214,-0.1188564273584944,Tỷ lệ thêm giỏ/xem cao
fixture-user-3444,8.0,12.0,920.0,36.0,8.0,6.0,3,0.2222222222222222,2460.0,86.0,3,2.6063737094369293,1.0851522433954928,-0.028162481097520817,Doanh thu trung bình cao
fixture-user-3445,21.0,5.0,220.0,18.0,2.0,2.0,1,0.1111111111111111,960.0,36.0,2,-0.331015161317517,1.017672557566975,-0.18189320559016225,Nhóm hành vi còn lại
fixture-user-3446,76.0,1.0,0.0,9.0,0.0,0.0,0,0.0,90.0,11.0,1,-4.5053809003710175,-0.051404916593935875,0.11674763187868262,Hoạt động gần nhất cách xa
fixture-user-3447,14.0,8.0,0.0,24.0,12.0,3.0,0,0.5,1660.0,66.0,0,1.4649328760198592,-1.6524200575582768,0.10500751195665843,Tỷ lệ thêm giỏ/xem cao
fixture-user-3448,9.0,13.0,940.0,37.0,9.0,6.0,3,0.24324324324324326,2470.0,87.0,3,2.6956818339500837,1.0065237107878025,0.05075676314821963,Doanh thu trung bình cao
fixture-user-3449,22.0,6.0,240.0,19.0,3.0,2.0,1,0.15789473684210525,970.0,37.0,2,-0.045442287582045944,0.842002022281944,-0.14614921568949865,Nhóm hành vi còn lại
fixture-user-3450,77.0,2.0,0.0,10.0,0.0,0.0,0,0.0,100.0,12.0,1,-4.145933218700002,-0.012175282230817307,0.25338192247508057,Hoạt động gần nhất cách xa
fixture-user-3451,15.0,9.0,0.0,25.0,13.0,3.0,0,0.52,1670.0,67.0,0,1.5853970707566725,-1.7197729720568595,0.17473155318197717,Tỷ lệ thêm giỏ/xem cao
fixture-user-3452,10.0,14.0,960.0,38.0,10.0,6.0,3,0.2631578947368421,2480.0,88.0,3,2.7805820478578775,0.9335515526720264,0.12366456013755259,Doanh thu trung bình cao
fixture-user-3453,23.0,7.0,260.0,20.0,4.0,2.0,1,0.2,980.0,38.0,2,0.19806579033115437,0.6934432518431779,-0.10747748554529173,Nhóm hành vi còn lại
fixture-user-3454,78.0,3.0,0.0,11.0,0.0,0.0,0,0.0,110.0,13.0,1,-3.866786492395833,0.020083464757670286,0.3842998554068919,Hoạt động gần nhất cách xa
fixture-user-3455,16.0,10.0,0.0,26.0,14.0,3.0,0,0.5384615384615384,1680.0,68.0,0,1.696701628351615,-1.7818534565886186,0.24216164621576905,Tỷ lệ thêm giỏ/xem cao
fixture-user-3456,11.0,12.0,980.0,39.0,8.0,6.0,3,0.20512820512820512,2490.0,89.0,3,2.539096994000912,1.1608947269527035,0.2849645070861152,Doanh thu trung bình cao
fixture-user-3457,24.0,5.0,280.0,21.0,2.0,2.0,1,0.09523809523809523,990.0,39.0,2,-0.2535021844261599,1.1515543709784555,0.11036450120739257,Nhóm hành vi còn lại
fixture-user-3458,79.0,1.0,0.0,12.0,0.0,0.0,0,0.0,120.0,14.0,1,-4.177806227183311,0.009148059352104415,0.5663777413394052,Hoạt động gần nhất cách xa
fixture-user-3459,17.0,8.0,0.0,27.0,12.0,3.0,0,0.4444444444444444,1690.0,69.0,0,1.4131920056243967,-1.4634770190954087,0.43800042229131814,Tỷ lệ thêm giỏ/xem cao
fixture-user-3460,12.0,13.0,1000.0,40.0,9.0,6.0,3,0.225,2500.0,90.0,3,2.6355970708016336,1.085750837529916,0.34560189762492727,Doanh thu trung bình cao
fixture-user-3461,25.0,6.0,300.0,22.0,3.0,2.0,1,0.13636363636363635,1000.0,40.0,2,0.020448779079346835,0.987424175304437,0.14043401059775606,Nhóm hành vi còn lại
fixture-user-3462,80.0,2.0,0.0,13.0,0.0,0.0,0,0.0,130.0,15.0,1,-3.8452080923989924,0.04332455321405482,0.6691606922603189,Hoạt động gần nhất cách xa
fixture-user-3463,18.0,9.0,0.0,28.0,13.0,3.0,0,0.4642857142857143,1700.0,70.0,0,1.534830031286699,-1.5309960415171668,0.49554732017099296,Tỷ lệ thêm giỏ/xem cao
fixture-user-3464,13.0,14.0,1020.0,41.0,10.0,6.0,3,0.24390243902439024,2510.0,91.0,3,2.7262823845513653,1.0157588009747183,0.4029662204898221,Doanh thu trung bình cao
fixture-user-3465,26.0,7.0,320.0,23.0,4.0,2.0,1,0.17391304347826086,1010.0,41.0,2,0.2541908963254575,0.8477774875328858,0.17321533289513408,Nhóm hành vi còn lại
fixture-user-3466,81.0,3.0,0.0,14.0,0.0,0.0,0,0.0,140.0,16.0,1,-3.58892156885437,0.07130138670265128,0.7711842983243252,Hoạt động gần nhất cách xa
fixture-user-3467,19.0,10.0,0.0,29.0,14.0,3.0,0,0.4827586206896552,1710.0,71.0,0,1.6472575587743377,-1.5937242188893985,0.5517615405408011,Tỷ lệ thêm giỏ/xem cao
fixture-user-3468,14.0,12.0,1040.0,42.0,8.0,6.0,3,0.19047619047619047,2520.0,92.0,3,2.49670495094491,1.2290037398474845,0.5454645736096191,Doanh thu trung bình cao
fixture-user-3469,27.0,5.0,340.0,24.0,2.0,2.0,1,0.08333333333333333,1020.0,42.0,2,-0.18230360796635595,1.2586072038036613,0.3675912090530475,Nhóm hành vi còn lại
fixture-user-3470,82.0,1.0,0.0,15.0,0.0,0.0,0,0.0,150.0,17.0,1,-3.9196432407459767,0.05669108652696236,0.9282979885680404,Hoạt động gần nhất cách xa
fixture-user-3471,20.0,8.0,0.0,30.0,12.0,3.0,0,0.4,1720.0,72.0,0,1.3793488527403,-1.3100407571216666,0.7263442280480706,Tỷ lệ thêm giỏ/xem cao
fixture-user-3472,15.0,13.0,1060.0,43.0,9.0,6.0,3,0.20930232558139536,2530.0,93.0,3,2.5967783052258118,1.1568322528607358,0.5946167775727039,Doanh thu trung bình cao
fixture-user-3473,28.0,6.0,360.0,25.0,3.0,2.0,1,0.12,1030.0,43.0,2,0.08266019726750658,1.1041566022540645,0.39313910571678706,Nhóm hành vi còn lại
fixture-user-3474,83.0,2.0,0.0,16.0,0.0,0.0,0,0.0,160.0,18.0,1,-3.604202552262844,0.08767912367278557,1.0092869375057245,Hoạt động gần nhất cách xa
fixture-user-3475,21.0,9.0,0.0,31.0,13.0,3.0,0,0.41935483870967744,1730.0,73.0,0,1.501059534575714,-1.376636657189004,0.7749808036540073,Tỷ lệ thêm giỏ/xem cao
fixture-user-3476,16.0,14.0,1080.0,44.0,10.0,6.0,3,0.22727272727272727,2540.0,94.0,3,2.690427951437499,1.0894358139626867,0.6418324646043475,Doanh thu trung bình cao
fixture-user-3477,29.0,7.0,380.0,26.0,4.0,2.0,1,0.15384615384615385,1040.0,44.0,2,0.3086623039800275,0.9723028927926293,0.4212803240192725,Nhóm hành vi còn lại
fixture-user-3478,84.0,3.0,0.0,17.0,0.0,0.0,0,0.0,170.0,19.0,1,-3.3629925377313117,0.11286336793280101,1.0921119219662825,Hoạt động gần nhất cách xa
fixture-user-3479,22.0,10.0,0.0,32.0,14.0,3.0,0,0.4375,1740.0,74.0,0,1.6136201785899058,-1.438893929708042,0.822869682767591,Tỷ lệ thêm giỏ/xem cao
fixture-user-3480,2.0,12.0,800.0,30.0,8.0,6.0,3,0.26666666666666666,2400.0,80.0,3,2.949000201807968,0.9104099322153842,-1.040664161835835,Doanh thu trung bình cao
fixture-user-3481,15.0,5.0,100.0,12.0,2.0,2.0,1,0.16666666666666666,900.0,30.0,2,-0.5125113090819994,0.5888915999238798,-0.9213435417374367,Nhóm hành vi còn lại
fixture-user-3482,70.0,1.0,0.0,3.0,0.0,0.0,0,0.0,30.0,5.0,1,-5.653074755432996,-0.26751935962468665,-1.3948414954693151,Hoạt động gần nhất cách xa
fixture-user-3483,8.0,8.0,0.0,18.0,12.0,3.0,0,0.6666666666666666,1600.0,60.0,0,1.667619505045523,-2.2053810991863303,-0.7744155991773559,Tỷ lệ thêm giỏ/xem cao
fixture-user-3484,3.0,13.0,820.0,31.0,9.0,6.0,3,0.2903225806451613,2410.0,81.0,3,2.9722504279555224,0.8202064154922466,-0.8360402617366788,Doanh thu trung bình cao
fixture-user-3485,16.0,6.0,120.0,13.0,3.0,2.0,1,0.23076923076923078,910.0,31.0,2,-0.18823476857859642,0.3875447576114711,-0.8693490403338631,Nhóm hành vi còn lại
fixture-user-3486,71.0,2.0,0.0,4.0,0.0,0.0,0,0.0,40.0,6.0,1,-5.132931592866225,-0.19697308259203808,-1.0600968999130056,Hoạt động gần nhất cách xa
fixture-user-3487,9.0,9.0,0.0,19.0,13.0,3.0,0,0.6842105263157895,1610.0,61.0,0,1.7765266448407788,-2.263702585114586,-0.6595478640554292,Tỷ lệ thêm giỏ/xem cao
fixture-user-3488,4.0,14.0,840.0,32.0,10.0,6.0,3,0.3125,2420.0,82.0,3,3.01229401895736,0.7383363392983261,-0.6738605748864045,Doanh thu trung bình cao
fixture-user-3489,17.0,7.0,140.0,14.0,4.0,2.0,1,0.2857142857142857,920.0,32.0,2,0.08566905022148885,0.22145490054473832,-0.8127372610551373,Nhóm hành vi còn lại
fixture-user-3490,72.0,3.0,0.0,5.0,0.0,0.0,0,0.0,50.0,7.0,1,-4.734049758831314,-0.1415652227069219,-0.7803874603946023,Hoạt động gần nhất cách xa
fixture-user-3491,10.0,10.0,0.0,20.0,14.0,3.0,0,0.7,1620.0,62.0,0,1.8778157374373483,-2.316152393098142,-0.5521462253135105,Tỷ lệ thêm giỏ/xem cao
fixture-user-3492,5.0,12.0,860.0,33.0,8.0,6.0,3,0.24242424242424243,2430.0,83.0,3,2.7201358279717427,1.0010280153705131,-0.43135310572761704,Doanh thu trung bình cao
fixture-user-3493,18.0,5.0,160.0,15.0,2.0,2.0,1,0.13333333333333333,930.0,33.0,2,-0.416368974045729,0.8413722469868408,-0.5202824835880352,Nhóm hành vi còn lại
fixture-user-3494,73.0,1.0,0.0,6.0,0.0,0.0,0,0.0,60.0,8.0,1,-4.951827114160079,-0.13461517315522942,-0.48185008826089964,Hoạt động gần nhất cách xa
fixture-user-3495,11.0,8.0,0.0,21.0,12.0,3.0,0,0.5714285714285714,1630.0,63.0,0,1.5440020110863266,-1.8916105529499507,-0.2894737393083827,Tỷ lệ thêm giỏ/xem cao
fixture-user-3496,6.0,13.0,880.0,34.0,9.0,6.0,3,0.2647058823529412,2440.0,84.0,3,2.793205514756805,0.9179893295870694,-0.3181395540304275,Doanh thu trung bình cao
fixture-user-3497,19.0,6.0,180.0,16.0,3.0,2.0,1,0.1875,940.0,34.0,2,-0.11506542133983415,0.6524097200437152,-0.47729764843711464,Nhóm hành vi còn lại
fixture-user-3498,74.0,2.0,0.0,7.0,0.0,0.0,0,0.0,70.0,9.0,1,-4.544300503596412,-0.08616879017803282,-0.28512883644029735,Hoạt động gần nhất cách xa
fixture-user-3499,12.0,9.0,0.0,22.0,13.0,3.0,0,0.5909090909090909,1640.0,64.0,0,1.6610803566223118,-1.956635720808595,-0.20216044539729697,Tỷ lệ thêm giỏ/xem cao
fixture-user-3500,7.0,14.0,900.0,35.0,10.0,6.0,3,0.2857142857142857,2450.0,85.0,3,2.865809296514496,0.8413885834551914,-0.21799543117210443,Doanh thu trung bình cao
fixture-user-3501,20.0,7.0,200.0,17.0,4.0,2.0,1,0.23529411764705882,950.0,35.0,2,0.1412081418293925,0.49422871537243757,-0.4309330555436214,Nhóm hành vi còn lại
fixture-user-3502,75.0,3.0,0.0,8.0,0.0,0.0,0,0.0,80.0,10.0,1,-4.226355602128988,-0.04652353682671037,-0.10556235721929748,Hoạt động gần nhất cách xa
fixture-user-3503,13.0,10.0,0.0,23.0,14.0,3.0,0,0.6086956521739131,1650.0,65.0,0,1.769348185040836,-2.015953016612214,-0.1188564273584944,Tỷ lệ thêm giỏ/xem cao
fixture-user-3504,8.0,12.0,920.0,36.0,8.0,6.0,3,0.2222222222222222,2460.0,86.0,3,2.6063737094369293,1.0851522433954928,-0.028162481097520817,Doanh thu trung bình cao
fixture-user-3505,21.0,5.0,220.0,18.0,2.0,2.0,1,0.1111111111111111,960.0,36.0,2,-0.331015161317517,1.017672557566975,-0.18189320559016225,Nhóm hành vi còn lại
fixture-user-3506,76.0,1.0,0.0,9.0,0.0,0.0,0,0.0,90.0,11.0,1,-4.5053809003710175,-0.051404916593935875,0.11674763187868262,Hoạt động gần nhất cách xa
fixture-user-3507,14.0,8.0,0.0,24.0,12.0,3.0,0,0.5,1660.0,66.0,0,1.4649328760198592,-1.6524200575582768,0.10500751195665843,Tỷ lệ thêm giỏ/xem cao
fixture-user-3508,9.0,13.0,940.0,37.0,9.0,6.0,3,0.24324324324324326,2470.0,87.0,3,2.6956818339500837,1.0065237107878025,0.05075676314821963,Doanh thu trung bình cao
fixture-user-3509,22.0,6.0,240.0,19.0,3.0,2.0,1,0.15789473684210525,970.0,37.0,2,-0.045442287582045944,0.842002022281944,-0.14614921568949865,Nhóm hành vi còn lại
fixture-user-3510,77.0,2.0,0.0,10.0,0.0,0.0,0,0.0,100.0,12.0,1,-4.145933218700002,-0.012175282230817307,0.25338192247508057,Hoạt động gần nhất cách xa
fixture-user-3511,15.0,9.0,0.0,25.0,13.0,3.0,0,0.52,1670.0,67.0,0,1.5853970707566725,-1.7197729720568595,0.17473155318197717,Tỷ lệ thêm giỏ/xem cao
fixture-user-3512,10.0,14.0,960.0,38.0,10.0,6.0,3,0.2631578947368421,2480.0,88.0,3,2.7805820478578775,0.9335515526720264,0.12366456013755259,Doanh thu trung bình cao
fixture-user-3513,23.0,7.0,260.0,20.0,4.0,2.0,1,0.2,980.0,38.0,2,0.19806579033115437,0.6934432518431779,-0.10747748554529173,Nhóm hành vi còn lại
fixture-user-3514,78.0,3.0,0.0,11.0,0.0,0.0,0,0.0,110.0,13.0,1,-3.866786492395833,0.020083464757670286,0.3842998554068919,Hoạt động gần nhất cách xa
fixture-user-3515,16.0,10.0,0.0,26.0,14.0,3.0,0,0.5384615384615384,1680.0,68.0,0,1.696701628351615,-1.7818534565886186,0.24216164621576905,Tỷ lệ thêm giỏ/xem cao
fixture-user-3516,11.0,12.0,980.0,39.0,8.0,6.0,3,0.20512820512820512,2490.0,89.0,3,2.539096994000912,1.1608947269527035,0.2849645070861152,Doanh thu trung bình cao
fixture-user-3517,24.0,5.0,280.0,21.0,2.0,2.0,1,0.09523809523809523,990.0,39.0,2,-0.2535021844261599,1.1515543709784555,0.11036450120739257,Nhóm hành vi còn lại
fixture-user-3518,79.0,1.0,0.0,12.0,0.0,0.0,0,0.0,120.0,14.0,1,-4.177806227183311,0.009148059352104415,0.5663777413394052,Hoạt động gần nhất cách xa
fixture-user-3519,17.0,8.0,0.0,27.0,12.0,3.0,0,0.4444444444444444,1690.0,69.0,0,1.4131920056243967,-1.4634770190954087,0.43800042229131814,Tỷ lệ thêm giỏ/xem cao
fixture-user-3520,12.0,13.0,1000.0,40.0,9.0,6.0,3,0.225,2500.0,90.0,3,2.6355970708016336,1.085750837529916,0.34560189762492727,Doanh thu trung bình cao
fixture-user-3521,25.0,6.0,300.0,22.0,3.0,2.0,1,0.13636363636363635,1000.0,40.0,2,0.020448779079346835,0.987424175304437,0.14043401059775606,Nhóm hành vi còn lại
fixture-user-3522,80.0,2.0,0.0,13.0,0.0,0.0,0,0.0,130.0,15.0,1,-3.8452080923989924,0.04332455321405482,0.6691606922603189,Hoạt động gần nhất cách xa
fixture-user-3523,18.0,9.0,0.0,28.0,13.0,3.0,0,0.4642857142857143,1700.0,70.0,0,1.534830031286699,-1.5309960415171668,0.49554732017099296,Tỷ lệ thêm giỏ/xem cao
fixture-user-3524,13.0,14.0,1020.0,41.0,10.0,6.0,3,0.24390243902439024,2510.0,91.0,3,2.7262823845513653,1.0157588009747183,0.4029662204898221,Doanh thu trung bình cao
fixture-user-3525,26.0,7.0,320.0,23.0,4.0,2.0,1,0.17391304347826086,1010.0,41.0,2,0.2541908963254575,0.8477774875328858,0.17321533289513408,Nhóm hành vi còn lại
fixture-user-3526,81.0,3.0,0.0,14.0,0.0,0.0,0,0.0,140.0,16.0,1,-3.58892156885437,0.07130138670265128,0.7711842983243252,Hoạt động gần nhất cách xa
fixture-user-3527,19.0,10.0,0.0,29.0,14.0,3.0,0,0.4827586206896552,1710.0,71.0,0,1.6472575587743377,-1.5937242188893985,0.5517615405408011,Tỷ lệ thêm giỏ/xem cao
fixture-user-3528,14.0,12.0,1040.0,42.0,8.0,6.0,3,0.19047619047619047,2520.0,92.0,3,2.49670495094491,1.2290037398474845,0.5454645736096191,Doanh thu trung bình cao
fixture-user-3529,27.0,5.0,340.0,24.0,2.0,2.0,1,0.08333333333333333,1020.0,42.0,2,-0.18230360796635595,1.2586072038036613,0.3675912090530475,Nhóm hành vi còn lại
fixture-user-3530,82.0,1.0,0.0,15.0,0.0,0.0,0,0.0,150.0,17.0,1,-3.9196432407459767,0.05669108652696236,0.9282979885680404,Hoạt động gần nhất cách xa
fixture-user-3531,20.0,8.0,0.0,30.0,12.0,3.0,0,0.4,1720.0,72.0,0,1.3793488527403,-1.3100407571216666,0.7263442280480706,Tỷ lệ thêm giỏ/xem cao
fixture-user-3532,15.0,13.0,1060.0,43.0,9.0,6.0,3,0.20930232558139536,2530.0,93.0,3,2.5967783052258118,1.1568322528607358,0.5946167775727039,Doanh thu trung bình cao
fixture-user-3533,28.0,6.0,360.0,25.0,3.0,2.0,1,0.12,1030.0,43.0,2,0.08266019726750658,1.1041566022540645,0.39313910571678706,Nhóm hành vi còn lại
fixture-user-3534,83.0,2.0,0.0,16.0,0.0,0.0,0,0.0,160.0,18.0,1,-3.604202552262844,0.08767912367278557,1.0092869375057245,Hoạt động gần nhất cách xa
fixture-user-3535,21.0,9.0,0.0,31.0,13.0,3.0,0,0.41935483870967744,1730.0,73.0,0,1.501059534575714,-1.376636657189004,0.7749808036540073,Tỷ lệ thêm giỏ/xem cao
fixture-user-3536,16.0,14.0,1080.0,44.0,10.0,6.0,3,0.22727272727272727,2540.0,94.0,3,2.690427951437499,1.0894358139626867,0.6418324646043475,Doanh thu trung bình cao
fixture-user-3537,29.0,7.0,380.0,26.0,4.0,2.0,1,0.15384615384615385,1040.0,44.0,2,0.3086623039800275,0.9723028927926293,0.4212803240192725,Nhóm hành vi còn lại
fixture-user-3538,84.0,3.0,0.0,17.0,0.0,0.0,0,0.0,170.0,19.0,1,-3.3629925377313117,0.11286336793280101,1.0921119219662825,Hoạt động gần nhất cách xa
fixture-user-3539,22.0,10.0,0.0,32.0,14.0,3.0,0,0.4375,1740.0,74.0,0,1.6136201785899058,-1.438893929708042,0.822869682767591,Tỷ lệ thêm giỏ/xem cao
fixture-user-3540,2.0,12.0,800.0,30.0,8.0,6.0,3,0.26666666666666666,2400.0,80.0,3,2.949000201807968,0.9104099322153842,-1.040664161835835,Doanh thu trung bình cao
fixture-user-3541,15.0,5.0,100.0,12.0,2.0,2.0,1,0.16666666666666666,900.0,30.0,2,-0.5125113090819994,0.5888915999238798,-0.9213435417374367,Nhóm hành vi còn lại
fixture-user-3542,70.0,1.0,0.0,3.0,0.0,0.0,0,0.0,30.0,5.0,1,-5.653074755432996,-0.26751935962468665,-1.3948414954693151,Hoạt động gần nhất cách xa
fixture-user-3543,8.0,8.0,0.0,18.0,12.0,3.0,0,0.6666666666666666,1600.0,60.0,0,1.667619505045523,-2.2053810991863303,-0.7744155991773559,Tỷ lệ thêm giỏ/xem cao
fixture-user-3544,3.0,13.0,820.0,31.0,9.0,6.0,3,0.2903225806451613,2410.0,81.0,3,2.9722504279555224,0.8202064154922466,-0.8360402617366788,Doanh thu trung bình cao
fixture-user-3545,16.0,6.0,120.0,13.0,3.0,2.0,1,0.23076923076923078,910.0,31.0,2,-0.18823476857859642,0.3875447576114711,-0.8693490403338631,Nhóm hành vi còn lại
fixture-user-3546,71.0,2.0,0.0,4.0,0.0,0.0,0,0.0,40.0,6.0,1,-5.132931592866225,-0.19697308259203808,-1.0600968999130056,Hoạt động gần nhất cách xa
fixture-user-3547,9.0,9.0,0.0,19.0,13.0,3.0,0,0.6842105263157895,1610.0,61.0,0,1.7765266448407788,-2.263702585114586,-0.6595478640554292,Tỷ lệ thêm giỏ/xem cao
fixture-user-3548,4.0,14.0,840.0,32.0,10.0,6.0,3,0.3125,2420.0,82.0,3,3.01229401895736,0.7383363392983261,-0.6738605748864045,Doanh thu trung bình cao
fixture-user-3549,17.0,7.0,140.0,14.0,4.0,2.0,1,0.2857142857142857,920.0,32.0,2,0.08566905022148885,0.22145490054473832,-0.8127372610551373,Nhóm hành vi còn lại
fixture-user-3550,72.0,3.0,0.0,5.0,0.0,0.0,0,0.0,50.0,7.0,1,-4.734049758831314,-0.1415652227069219,-0.7803874603946023,Hoạt động gần nhất cách xa
fixture-user-3551,10.0,10.0,0.0,20.0,14.0,3.0,0,0.7,1620.0,62.0,0,1.8778157374373483,-2.316152393098142,-0.5521462253135105,Tỷ lệ thêm giỏ/xem cao
fixture-user-3552,5.0,12.0,860.0,33.0,8.0,6.0,3,0.24242424242424243,2430.0,83.0,3,2.7201358279717427,1.0010280153705131,-0.43135310572761704,Doanh thu trung bình cao
fixture-user-3553,18.0,5.0,160.0,15.0,2.0,2.0,1,0.13333333333333333,930.0,33.0,2,-0.416368974045729,0.8413722469868408,-0.5202824835880352,Nhóm hành vi còn lại
fixture-user-3554,73.0,1.0,0.0,6.0,0.0,0.0,0,0.0,60.0,8.0,1,-4.951827114160079,-0.13461517315522942,-0.48185008826089964,Hoạt động gần nhất cách xa
fixture-user-3555,11.0,8.0,0.0,21.0,12.0,3.0,0,0.5714285714285714,1630.0,63.0,0,1.5440020110863266,-1.8916105529499507,-0.2894737393083827,Tỷ lệ thêm giỏ/xem cao
fixture-user-3556,6.0,13.0,880.0,34.0,9.0,6.0,3,0.2647058823529412,2440.0,84.0,3,2.793205514756805,0.9179893295870694,-0.3181395540304275,Doanh thu trung bình cao
fixture-user-3557,19.0,6.0,180.0,16.0,3.0,2.0,1,0.1875,940.0,34.0,2,-0.11506542133983415,0.6524097200437152,-0.47729764843711464,Nhóm hành vi còn lại
fixture-user-3558,74.0,2.0,0.0,7.0,0.0,0.0,0,0.0,70.0,9.0,1,-4.544300503596412,-0.08616879017803282,-0.28512883644029735,Hoạt động gần nhất cách xa
fixture-user-3559,12.0,9.0,0.0,22.0,13.0,3.0,0,0.5909090909090909,1640.0,64.0,0,1.6610803566223118,-1.956635720808595,-0.20216044539729697,Tỷ lệ thêm giỏ/xem cao
fixture-user-3560,7.0,14.0,900.0,35.0,10.0,6.0,3,0.2857142857142857,2450.0,85.0,3,2.865809296514496,0.8413885834551914,-0.21799543117210443,Doanh thu trung bình cao
fixture-user-3561,20.0,7.0,200.0,17.0,4.0,2.0,1,0.23529411764705882,950.0,35.0,2,0.1412081418293925,0.49422871537243757,-0.4309330555436214,Nhóm hành vi còn lại
fixture-user-3562,75.0,3.0,0.0,8.0,0.0,0.0,0,0.0,80.0,10.0,1,-4.226355602128988,-0.04652353682671037,-0.10556235721929748,Hoạt động gần nhất cách xa
fixture-user-3563,13.0,10.0,0.0,23.0,14.0,3.0,0,0.6086956521739131,1650.0,65.0,0,1.769348185040836,-2.015953016612214,-0.1188564273584944,Tỷ lệ thêm giỏ/xem cao
fixture-user-3564,8.0,12.0,920.0,36.0,8.0,6.0,3,0.2222222222222222,2460.0,86.0,3,2.6063737094369293,1.0851522433954928,-0.028162481097520817,Doanh thu trung bình cao
fixture-user-3565,21.0,5.0,220.0,18.0,2.0,2.0,1,0.1111111111111111,960.0,36.0,2,-0.331015161317517,1.017672557566975,-0.18189320559016225,Nhóm hành vi còn lại
fixture-user-3566,76.0,1.0,0.0,9.0,0.0,0.0,0,0.0,90.0,11.0,1,-4.5053809003710175,-0.051404916593935875,0.11674763187868262,Hoạt động gần nhất cách xa
fixture-user-3567,14.0,8.0,0.0,24.0,12.0,3.0,0,0.5,1660.0,66.0,0,1.4649328760198592,-1.6524200575582768,0.10500751195665843,Tỷ lệ thêm giỏ/xem cao
fixture-user-3568,9.0,13.0,940.0,37.0,9.0,6.0,3,0.24324324324324326,2470.0,87.0,3,2.6956818339500837,1.0065237107878025,0.05075676314821963,Doanh thu trung bình cao
fixture-user-3569,22.0,6.0,240.0,19.0,3.0,2.0,1,0.15789473684210525,970.0,37.0,2,-0.045442287582045944,0.842002022281944,-0.14614921568949865,Nhóm hành vi còn lại
fixture-user-3570,77.0,2.0,0.0,10.0,0.0,0.0,0,0.0,100.0,12.0,1,-4.145933218700002,-0.012175282230817307,0.25338192247508057,Hoạt động gần nhất cách xa
fixture-user-3571,15.0,9.0,0.0,25.0,13.0,3.0,0,0.52,1670.0,67.0,0,1.5853970707566725,-1.7197729720568595,0.17473155318197717,Tỷ lệ thêm giỏ/xem cao
fixture-user-3572,10.0,14.0,960.0,38.0,10.0,6.0,3,0.2631578947368421,2480.0,88.0,3,2.7805820478578775,0.9335515526720264,0.12366456013755259,Doanh thu trung bình cao
fixture-user-3573,23.0,7.0,260.0,20.0,4.0,2.0,1,0.2,980.0,38.0,2,0.19806579033115437,0.6934432518431779,-0.10747748554529173,Nhóm hành vi còn lại
fixture-user-3574,78.0,3.0,0.0,11.0,0.0,0.0,0,0.0,110.0,13.0,1,-3.866786492395833,0.020083464757670286,0.3842998554068919,Hoạt động gần nhất cách xa
fixture-user-3575,16.0,10.0,0.0,26.0,14.0,3.0,0,0.5384615384615384,1680.0,68.0,0,1.696701628351615,-1.7818534565886186,0.24216164621576905,Tỷ lệ thêm giỏ/xem cao
fixture-user-3576,11.0,12.0,980.0,39.0,8.0,6.0,3,0.20512820512820512,2490.0,89.0,3,2.539096994000912,1.1608947269527035,0.2849645070861152,Doanh thu trung bình cao
fixture-user-3577,24.0,5.0,280.0,21.0,2.0,2.0,1,0.09523809523809523,990.0,39.0,2,-0.2535021844261599,1.1515543709784555,0.11036450120739257,Nhóm hành vi còn lại
fixture-user-3578,79.0,1.0,0.0,12.0,0.0,0.0,0,0.0,120.0,14.0,1,-4.177806227183311,0.009148059352104415,0.5663777413394052,Hoạt động gần nhất cách xa
fixture-user-3579,17.0,8.0,0.0,27.0,12.0,3.0,0,0.4444444444444444,1690.0,69.0,0,1.4131920056243967,-1.4634770190954087,0.43800042229131814,Tỷ lệ thêm giỏ/xem cao
fixture-user-3580,12.0,13.0,1000.0,40.0,9.0,6.0,3,0.225,2500.0,90.0,3,2.6355970708016336,1.085750837529916,0.34560189762492727,Doanh thu trung bình cao
fixture-user-3581,25.0,6.0,300.0,22.0,3.0,2.0,1,0.13636363636363635,1000.0,40.0,2,0.020448779079346835,0.987424175304437,0.14043401059775606,Nhóm hành vi còn lại
fixture-user-3582,80.0,2.0,0.0,13.0,0.0,0.0,0,0.0,130.0,15.0,1,-3.8452080923989924,0.04332455321405482,0.6691606922603189,Hoạt động gần nhất cách xa
fixture-user-3583,18.0,9.0,0.0,28.0,13.0,3.0,0,0.4642857142857143,1700.0,70.0,0,1.534830031286699,-1.5309960415171668,0.49554732017099296,Tỷ lệ thêm giỏ/xem cao
fixture-user-3584,13.0,14.0,1020.0,41.0,10.0,6.0,3,0.24390243902439024,2510.0,91.0,3,2.7262823845513653,1.0157588009747183,0.4029662204898221,Doanh thu trung bình cao
fixture-user-3585,26.0,7.0,320.0,23.0,4.0,2.0,1,0.17391304347826086,1010.0,41.0,2,0.2541908963254575,0.8477774875328858,0.17321533289513408,Nhóm hành vi còn lại
fixture-user-3586,81.0,3.0,0.0,14.0,0.0,0.0,0,0.0,140.0,16.0,1,-3.58892156885437,0.07130138670265128,0.7711842983243252,Hoạt động gần nhất cách xa
fixture-user-3587,19.0,10.0,0.0,29.0,14.0,3.0,0,0.4827586206896552,1710.0,71.0,0,1.6472575587743377,-1.5937242188893985,0.5517615405408011,Tỷ lệ thêm giỏ/xem cao
fixture-user-3588,14.0,12.0,1040.0,42.0,8.0,6.0,3,0.19047619047619047,2520.0,92.0,3,2.49670495094491,1.2290037398474845,0.5454645736096191,Doanh thu trung bình cao
fixture-user-3589,27.0,5.0,340.0,24.0,2.0,2.0,1,0.08333333333333333,1020.0,42.0,2,-0.18230360796635595,1.2586072038036613,0.3675912090530475,Nhóm hành vi còn lại
fixture-user-3590,82.0,1.0,0.0,15.0,0.0,0.0,0,0.0,150.0,17.0,1,-3.9196432407459767,0.05669108652696236,0.9282979885680404,Hoạt động gần nhất cách xa
fixture-user-3591,20.0,8.0,0.0,30.0,12.0,3.0,0,0.4,1720.0,72.0,0,1.3793488527403,-1.3100407571216666,0.7263442280480706,Tỷ lệ thêm giỏ/xem cao
fixture-user-3592,15.0,13.0,1060.0,43.0,9.0,6.0,3,0.20930232558139536,2530.0,93.0,3,2.5967783052258118,1.1568322528607358,0.5946167775727039,Doanh thu trung bình cao
fixture-user-3593,28.0,6.0,360.0,25.0,3.0,2.0,1,0.12,1030.0,43.0,2,0.08266019726750658,1.1041566022540645,0.39313910571678706,Nhóm hành vi còn lại
fixture-user-3594,83.0,2.0,0.0,16.0,0.0,0.0,0,0.0,160.0,18.0,1,-3.604202552262844,0.08767912367278557,1.0092869375057245,Hoạt động gần nhất cách xa
fixture-user-3595,21.0,9.0,0.0,31.0,13.0,3.0,0,0.41935483870967744,1730.0,73.0,0,1.501059534575714,-1.376636657189004,0.7749808036540073,Tỷ lệ thêm giỏ/xem cao
fixture-user-3596,16.0,14.0,1080.0,44.0,10.0,6.0,3,0.22727272727272727,2540.0,94.0,3,2.690427951437499,1.0894358139626867,0.6418324646043475,Doanh thu trung bình cao
fixture-user-3597,29.0,7.0,380.0,26.0,4.0,2.0,1,0.15384615384615385,1040.0,44.0,2,0.3086623039800275,0.9723028927926293,0.4212803240192725,Nhóm hành vi còn lại
fixture-user-3598,84.0,3.0,0.0,17.0,0.0,0.0,0,0.0,170.0,19.0,1,-3.3629925377313117,0.11286336793280101,1.0921119219662825,Hoạt động gần nhất cách xa
fixture-user-3599,22.0,10.0,0.0,32.0,14.0,3.0,0,0.4375,1740.0,74.0,0,1.6136201785899058,-1.438893929708042,0.822869682767591,Tỷ lệ thêm giỏ/xem cao
fixture-user-3600,2.0,12.0,800.0,30.0,8.0,6.0,3,0.26666666666666666,2400.0,80.0,3,2.949000201807968,0.9104099322153842,-1.040664161835835,Doanh thu trung bình cao
fixture-user-3601,15.0,5.0,100.0,12.0,2.0,2.0,1,0.16666666666666666,900.0,30.0,2,-0.5125113090819994,0.5888915999238798,-0.9213435417374367,Nhóm hành vi còn lại
fixture-user-3602,70.0,1.0,0.0,3.0,0.0,0.0,0,0.0,30.0,5.0,1,-5.653074755432996,-0.26751935962468665,-1.3948414954693151,Hoạt động gần nhất cách xa
fixture-user-3603,8.0,8.0,0.0,18.0,12.0,3.0,0,0.6666666666666666,1600.0,60.0,0,1.667619505045523,-2.2053810991863303,-0.7744155991773559,Tỷ lệ thêm giỏ/xem cao
fixture-user-3604,3.0,13.0,820.0,31.0,9.0,6.0,3,0.2903225806451613,2410.0,81.0,3,2.9722504279555224,0.8202064154922466,-0.8360402617366788,Doanh thu trung bình cao
fixture-user-3605,16.0,6.0,120.0,13.0,3.0,2.0,1,0.23076923076923078,910.0,31.0,2,-0.18823476857859642,0.3875447576114711,-0.8693490403338631,Nhóm hành vi còn lại
fixture-user-3606,71.0,2.0,0.0,4.0,0.0,0.0,0,0.0,40.0,6.0,1,-5.132931592866225,-0.19697308259203808,-1.0600968999130056,Hoạt động gần nhất cách xa
fixture-user-3607,9.0,9.0,0.0,19.0,13.0,3.0,0,0.6842105263157895,1610.0,61.0,0,1.7765266448407788,-2.263702585114586,-0.6595478640554292,Tỷ lệ thêm giỏ/xem cao
fixture-user-3608,4.0,14.0,840.0,32.0,10.0,6.0,3,0.3125,2420.0,82.0,3,3.01229401895736,0.7383363392983261,-0.6738605748864045,Doanh thu trung bình cao
fixture-user-3609,17.0,7.0,140.0,14.0,4.0,2.0,1,0.2857142857142857,920.0,32.0,2,0.08566905022148885,0.22145490054473832,-0.8127372610551373,Nhóm hành vi còn lại
fixture-user-3610,72.0,3.0,0.0,5.0,0.0,0.0,0,0.0,50.0,7.0,1,-4.734049758831314,-0.1415652227069219,-0.7803874603946023,Hoạt động gần nhất cách xa
fixture-user-3611,10.0,10.0,0.0,20.0,14.0,3.0,0,0.7,1620.0,62.0,0,1.8778157374373483,-2.316152393098142,-0.5521462253135105,Tỷ lệ thêm giỏ/xem cao
fixture-user-3612,5.0,12.0,860.0,33.0,8.0,6.0,3,0.24242424242424243,2430.0,83.0,3,2.7201358279717427,1.0010280153705131,-0.43135310572761704,Doanh thu trung bình cao
fixture-user-3613,18.0,5.0,160.0,15.0,2.0,2.0,1,0.13333333333333333,930.0,33.0,2,-0.416368974045729,0.8413722469868408,-0.5202824835880352,Nhóm hành vi còn lại
fixture-user-3614,73.0,1.0,0.0,6.0,0.0,0.0,0,0.0,60.0,8.0,1,-4.951827114160079,-0.13461517315522942,-0.48185008826089964,Hoạt động gần nhất cách xa
fixture-user-3615,11.0,8.0,0.0,21.0,12.0,3.0,0,0.5714285714285714,1630.0,63.0,0,1.5440020110863266,-1.8916105529499507,-0.2894737393083827,Tỷ lệ thêm giỏ/xem cao
fixture-user-3616,6.0,13.0,880.0,34.0,9.0,6.0,3,0.2647058823529412,2440.0,84.0,3,2.793205514756805,0.9179893295870694,-0.3181395540304275,Doanh thu trung bình cao
fixture-user-3617,19.0,6.0,180.0,16.0,3.0,2.0,1,0.1875,940.0,34.0,2,-0.11506542133983415,0.6524097200437152,-0.47729764843711464,Nhóm hành vi còn lại
fixture-user-3618,74.0,2.0,0.0,7.0,0.0,0.0,0,0.0,70.0,9.0,1,-4.544300503596412,-0.08616879017803282,-0.28512883644029735,Hoạt động gần nhất cách xa
fixture-user-3619,12.0,9.0,0.0,22.0,13.0,3.0,0,0.5909090909090909,1640.0,64.0,0,1.6610803566223118,-1.956635720808595,-0.20216044539729697,Tỷ lệ thêm giỏ/xem cao
fixture-user-3620,7.0,14.0,900.0,35.0,10.0,6.0,3,0.2857142857142857,2450.0,85.0,3,2.865809296514496,0.8413885834551914,-0.21799543117210443,Doanh thu trung bình cao
fixture-user-3621,20.0,7.0,200.0,17.0,4.0,2.0,1,0.23529411764705882,950.0,35.0,2,0.1412081418293925,0.49422871537243757,-0.4309330555436214,Nhóm hành vi còn lại
fixture-user-3622,75.0,3.0,0.0,8.0,0.0,0.0,0,0.0,80.0,10.0,1,-4.226355602128988,-0.04652353682671037,-0.10556235721929748,Hoạt động gần nhất cách xa
fixture-user-3623,13.0,10.0,0.0,23.0,14.0,3.0,0,0.6086956521739131,1650.0,65.0,0,1.769348185040836,-2.015953016612214,-0.1188564273584944,Tỷ lệ thêm giỏ/xem cao
fixture-user-3624,8.0,12.0,920.0,36.0,8.0,6.0,3,0.2222222222222222,2460.0,86.0,3,2.6063737094369293,1.0851522433954928,-0.028162481097520817,Doanh thu trung bình cao
fixture-user-3625,21.0,5.0,220.0,18.0,2.0,2.0,1,0.1111111111111111,960.0,36.0,2,-0.331015161317517,1.017672557566975,-0.18189320559016225,Nhóm hành vi còn lại
fixture-user-3626,76.0,1.0,0.0,9.0,0.0,0.0,0,0.0,90.0,11.0,1,-4.5053809003710175,-0.051404916593935875,0.11674763187868262,Hoạt động gần nhất cách xa
fixture-user-3627,14.0,8.0,0.0,24.0,12.0,3.0,0,0.5,1660.0,66.0,0,1.4649328760198592,-1.6524200575582768,0.10500751195665843,Tỷ lệ thêm giỏ/xem cao
fixture-user-3628,9.0,13.0,940.0,37.0,9.0,6.0,3,0.24324324324324326,2470.0,87.0,3,2.6956818339500837,1.0065237107878025,0.05075676314821963,Doanh thu trung bình cao
fixture-user-3629,22.0,6.0,240.0,19.0,3.0,2.0,1,0.15789473684210525,970.0,37.0,2,-0.045442287582045944,0.842002022281944,-0.14614921568949865,Nhóm hành vi còn lại
fixture-user-3630,77.0,2.0,0.0,10.0,0.0,0.0,0,0.0,100.0,12.0,1,-4.145933218700002,-0.012175282230817307,0.25338192247508057,Hoạt động gần nhất cách xa
fixture-user-3631,15.0,9.0,0.0,25.0,13.0,3.0,0,0.52,1670.0,67.0,0,1.5853970707566725,-1.7197729720568595,0.17473155318197717,Tỷ lệ thêm giỏ/xem cao
fixture-user-3632,10.0,14.0,960.0,38.0,10.0,6.0,3,0.2631578947368421,2480.0,88.0,3,2.7805820478578775,0.9335515526720264,0.12366456013755259,Doanh thu trung bình cao
fixture-user-3633,23.0,7.0,260.0,20.0,4.0,2.0,1,0.2,980.0,38.0,2,0.19806579033115437,0.6934432518431779,-0.10747748554529173,Nhóm hành vi còn lại
fixture-user-3634,78.0,3.0,0.0,11.0,0.0,0.0,0,0.0,110.0,13.0,1,-3.866786492395833,0.020083464757670286,0.3842998554068919,Hoạt động gần nhất cách xa
fixture-user-3635,16.0,10.0,0.0,26.0,14.0,3.0,0,0.5384615384615384,1680.0,68.0,0,1.696701628351615,-1.7818534565886186,0.24216164621576905,Tỷ lệ thêm giỏ/xem cao
fixture-user-3636,11.0,12.0,980.0,39.0,8.0,6.0,3,0.20512820512820512,2490.0,89.0,3,2.539096994000912,1.1608947269527035,0.2849645070861152,Doanh thu trung bình cao
fixture-user-3637,24.0,5.0,280.0,21.0,2.0,2.0,1,0.09523809523809523,990.0,39.0,2,-0.2535021844261599,1.1515543709784555,0.11036450120739257,Nhóm hành vi còn lại
fixture-user-3638,79.0,1.0,0.0,12.0,0.0,0.0,0,0.0,120.0,14.0,1,-4.177806227183311,0.009148059352104415,0.5663777413394052,Hoạt động gần nhất cách xa
fixture-user-3639,17.0,8.0,0.0,27.0,12.0,3.0,0,0.4444444444444444,1690.0,69.0,0,1.4131920056243967,-1.4634770190954087,0.43800042229131814,Tỷ lệ thêm giỏ/xem cao
fixture-user-3640,12.0,13.0,1000.0,40.0,9.0,6.0,3,0.225,2500.0,90.0,3,2.6355970708016336,1.085750837529916,0.34560189762492727,Doanh thu trung bình cao
fixture-user-3641,25.0,6.0,300.0,22.0,3.0,2.0,1,0.13636363636363635,1000.0,40.0,2,0.020448779079346835,0.987424175304437,0.14043401059775606,Nhóm hành vi còn lại
fixture-user-3642,80.0,2.0,0.0,13.0,0.0,0.0,0,0.0,130.0,15.0,1,-3.8452080923989924,0.04332455321405482,0.6691606922603189,Hoạt động gần nhất cách xa
fixture-user-3643,18.0,9.0,0.0,28.0,13.0,3.0,0,0.4642857142857143,1700.0,70.0,0,1.534830031286699,-1.5309960415171668,0.49554732017099296,Tỷ lệ thêm giỏ/xem cao
fixture-user-3644,13.0,14.0,1020.0,41.0,10.0,6.0,3,0.24390243902439024,2510.0,91.0,3,2.7262823845513653,1.0157588009747183,0.4029662204898221,Doanh thu trung bình cao
fixture-user-3645,26.0,7.0,320.0,23.0,4.0,2.0,1,0.17391304347826086,1010.0,41.0,2,0.2541908963254575,0.8477774875328858,0.17321533289513408,Nhóm hành vi còn lại
fixture-user-3646,81.0,3.0,0.0,14.0,0.0,0.0,0,0.0,140.0,16.0,1,-3.58892156885437,0.07130138670265128,0.7711842983243252,Hoạt động gần nhất cách xa
fixture-user-3647,19.0,10.0,0.0,29.0,14.0,3.0,0,0.4827586206896552,1710.0,71.0,0,1.6472575587743377,-1.5937242188893985,0.5517615405408011,Tỷ lệ thêm giỏ/xem cao
fixture-user-3648,14.0,12.0,1040.0,42.0,8.0,6.0,3,0.19047619047619047,2520.0,92.0,3,2.49670495094491,1.2290037398474845,0.5454645736096191,Doanh thu trung bình cao
fixture-user-3649,27.0,5.0,340.0,24.0,2.0,2.0,1,0.08333333333333333,1020.0,42.0,2,-0.18230360796635595,1.2586072038036613,0.3675912090530475,Nhóm hành vi còn lại
fixture-user-3650,82.0,1.0,0.0,15.0,0.0,0.0,0,0.0,150.0,17.0,1,-3.9196432407459767,0.05669108652696236,0.9282979885680404,Hoạt động gần nhất cách xa
fixture-user-3651,20.0,8.0,0.0,30.0,12.0,3.0,0,0.4,1720.0,72.0,0,1.3793488527403,-1.3100407571216666,0.7263442280480706,Tỷ lệ thêm giỏ/xem cao
fixture-user-3652,15.0,13.0,1060.0,43.0,9.0,6.0,3,0.20930232558139536,2530.0,93.0,3,2.5967783052258118,1.1568322528607358,0.5946167775727039,Doanh thu trung bình cao
fixture-user-3653,28.0,6.0,360.0,25.0,3.0,2.0,1,0.12,1030.0,43.0,2,0.08266019726750658,1.1041566022540645,0.39313910571678706,Nhóm hành vi còn lại
fixture-user-3654,83.0,2.0,0.0,16.0,0.0,0.0,0,0.0,160.0,18.0,1,-3.604202552262844,0.08767912367278557,1.0092869375057245,Hoạt động gần nhất cách xa
fixture-user-3655,21.0,9.0,0.0,31.0,13.0,3.0,0,0.41935483870967744,1730.0,73.0,0,1.501059534575714,-1.376636657189004,0.7749808036540073,Tỷ lệ thêm giỏ/xem cao
fixture-user-3656,16.0,14.0,1080.0,44.0,10.0,6.0,3,0.22727272727272727,2540.0,94.0,3,2.690427951437499,1.0894358139626867,0.6418324646043475,Doanh thu trung bình cao
fixture-user-3657,29.0,7.0,380.0,26.0,4.0,2.0,1,0.15384615384615385,1040.0,44.0,2,0.3086623039800275,0.9723028927926293,0.4212803240192725,Nhóm hành vi còn lại
fixture-user-3658,84.0,3.0,0.0,17.0,0.0,0.0,0,0.0,170.0,19.0,1,-3.3629925377313117,0.11286336793280101,1.0921119219662825,Hoạt động gần nhất cách xa
fixture-user-3659,22.0,10.0,0.0,32.0,14.0,3.0,0,0.4375,1740.0,74.0,0,1.6136201785899058,-1.438893929708042,0.822869682767591,Tỷ lệ thêm giỏ/xem cao
fixture-user-3660,2.0,12.0,800.0,30.0,8.0,6.0,3,0.26666666666666666,2400.0,80.0,3,2.949000201807968,0.9104099322153842,-1.040664161835835,Doanh thu trung bình cao
fixture-user-3661,15.0,5.0,100.0,12.0,2.0,2.0,1,0.16666666666666666,900.0,30.0,2,-0.5125113090819994,0.5888915999238798,-0.9213435417374367,Nhóm hành vi còn lại
fixture-user-3662,70.0,1.0,0.0,3.0,0.0,0.0,0,0.0,30.0,5.0,1,-5.653074755432996,-0.26751935962468665,-1.3948414954693151,Hoạt động gần nhất cách xa
fixture-user-3663,8.0,8.0,0.0,18.0,12.0,3.0,0,0.6666666666666666,1600.0,60.0,0,1.667619505045523,-2.2053810991863303,-0.7744155991773559,Tỷ lệ thêm giỏ/xem cao
fixture-user-3664,3.0,13.0,820.0,31.0,9.0,6.0,3,0.2903225806451613,2410.0,81.0,3,2.9722504279555224,0.8202064154922466,-0.8360402617366788,Doanh thu trung bình cao
fixture-user-3665,16.0,6.0,120.0,13.0,3.0,2.0,1,0.23076923076923078,910.0,31.0,2,-0.18823476857859642,0.3875447576114711,-0.8693490403338631,Nhóm hành vi còn lại
fixture-user-3666,71.0,2.0,0.0,4.0,0.0,0.0,0,0.0,40.0,6.0,1,-5.132931592866225,-0.19697308259203808,-1.0600968999130056,Hoạt động gần nhất cách xa
fixture-user-3667,9.0,9.0,0.0,19.0,13.0,3.0,0,0.6842105263157895,1610.0,61.0,0,1.7765266448407788,-2.263702585114586,-0.6595478640554292,Tỷ lệ thêm giỏ/xem cao
fixture-user-3668,4.0,14.0,840.0,32.0,10.0,6.0,3,0.3125,2420.0,82.0,3,3.01229401895736,0.7383363392983261,-0.6738605748864045,Doanh thu trung bình cao
fixture-user-3669,17.0,7.0,140.0,14.0,4.0,2.0,1,0.2857142857142857,920.0,32.0,2,0.08566905022148885,0.22145490054473832,-0.8127372610551373,Nhóm hành vi còn lại
fixture-user-3670,72.0,3.0,0.0,5.0,0.0,0.0,0,0.0,50.0,7.0,1,-4.734049758831314,-0.1415652227069219,-0.7803874603946023,Hoạt động gần nhất cách xa
fixture-user-3671,10.0,10.0,0.0,20.0,14.0,3.0,0,0.7,1620.0,62.0,0,1.8778157374373483,-2.316152393098142,-0.5521462253135105,Tỷ lệ thêm giỏ/xem cao
fixture-user-3672,5.0,12.0,860.0,33.0,8.0,6.0,3,0.24242424242424243,2430.0,83.0,3,2.7201358279717427,1.0010280153705131,-0.43135310572761704,Doanh thu trung bình cao
fixture-user-3673,18.0,5.0,160.0,15.0,2.0,2.0,1,0.13333333333333333,930.0,33.0,2,-0.416368974045729,0.8413722469868408,-0.5202824835880352,Nhóm hành vi còn lại
fixture-user-3674,73.0,1.0,0.0,6.0,0.0,0.0,0,0.0,60.0,8.0,1,-4.951827114160079,-0.13461517315522942,-0.48185008826089964,Hoạt động gần nhất cách xa
fixture-user-3675,11.0,8.0,0.0,21.0,12.0,3.0,0,0.5714285714285714,1630.0,63.0,0,1.5440020110863266,-1.8916105529499507,-0.2894737393083827,Tỷ lệ thêm giỏ/xem cao
fixture-user-3676,6.0,13.0,880.0,34.0,9.0,6.0,3,0.2647058823529412,2440.0,84.0,3,2.793205514756805,0.9179893295870694,-0.3181395540304275,Doanh thu trung bình cao
fixture-user-3677,19.0,6.0,180.0,16.0,3.0,2.0,1,0.1875,940.0,34.0,2,-0.11506542133983415,0.6524097200437152,-0.47729764843711464,Nhóm hành vi còn lại
fixture-user-3678,74.0,2.0,0.0,7.0,0.0,0.0,0,0.0,70.0,9.0,1,-4.544300503596412,-0.08616879017803282,-0.28512883644029735,Hoạt động gần nhất cách xa
fixture-user-3679,12.0,9.0,0.0,22.0,13.0,3.0,0,0.5909090909090909,1640.0,64.0,0,1.6610803566223118,-1.956635720808595,-0.20216044539729697,Tỷ lệ thêm giỏ/xem cao
fixture-user-3680,7.0,14.0,900.0,35.0,10.0,6.0,3,0.2857142857142857,2450.0,85.0,3,2.865809296514496,0.8413885834551914,-0.21799543117210443,Doanh thu trung bình cao
fixture-user-3681,20.0,7.0,200.0,17.0,4.0,2.0,1,0.23529411764705882,950.0,35.0,2,0.1412081418293925,0.49422871537243757,-0.4309330555436214,Nhóm hành vi còn lại
fixture-user-3682,75.0,3.0,0.0,8.0,0.0,0.0,0,0.0,80.0,10.0,1,-4.226355602128988,-0.04652353682671037,-0.10556235721929748,Hoạt động gần nhất cách xa
fixture-user-3683,13.0,10.0,0.0,23.0,14.0,3.0,0,0.6086956521739131,1650.0,65.0,0,1.769348185040836,-2.015953016612214,-0.1188564273584944,Tỷ lệ thêm giỏ/xem cao
fixture-user-3684,8.0,12.0,920.0,36.0,8.0,6.0,3,0.2222222222222222,2460.0,86.0,3,2.6063737094369293,1.0851522433954928,-0.028162481097520817,Doanh thu trung bình cao
fixture-user-3685,21.0,5.0,220.0,18.0,2.0,2.0,1,0.1111111111111111,960.0,36.0,2,-0.331015161317517,1.017672557566975,-0.18189320559016225,Nhóm hành vi còn lại
fixture-user-3686,76.0,1.0,0.0,9.0,0.0,0.0,0,0.0,90.0,11.0,1,-4.5053809003710175,-0.051404916593935875,0.11674763187868262,Hoạt động gần nhất cách xa
fixture-user-3687,14.0,8.0,0.0,24.0,12.0,3.0,0,0.5,1660.0,66.0,0,1.4649328760198592,-1.6524200575582768,0.10500751195665843,Tỷ lệ thêm giỏ/xem cao
fixture-user-3688,9.0,13.0,940.0,37.0,9.0,6.0,3,0.24324324324324326,2470.0,87.0,3,2.6956818339500837,1.0065237107878025,0.05075676314821963,Doanh thu trung bình cao
fixture-user-3689,22.0,6.0,240.0,19.0,3.0,2.0,1,0.15789473684210525,970.0,37.0,2,-0.045442287582045944,0.842002022281944,-0.14614921568949865,Nhóm hành vi còn lại
fixture-user-3690,77.0,2.0,0.0,10.0,0.0,0.0,0,0.0,100.0,12.0,1,-4.145933218700002,-0.012175282230817307,0.25338192247508057,Hoạt động gần nhất cách xa
fixture-user-3691,15.0,9.0,0.0,25.0,13.0,3.0,0,0.52,1670.0,67.0,0,1.5853970707566725,-1.7197729720568595,0.17473155318197717,Tỷ lệ thêm giỏ/xem cao
fixture-user-3692,10.0,14.0,960.0,38.0,10.0,6.0,3,0.2631578947368421,2480.0,88.0,3,2.7805820478578775,0.9335515526720264,0.12366456013755259,Doanh thu trung bình cao
fixture-user-3693,23.0,7.0,260.0,20.0,4.0,2.0,1,0.2,980.0,38.0,2,0.19806579033115437,0.6934432518431779,-0.10747748554529173,Nhóm hành vi còn lại
fixture-user-3694,78.0,3.0,0.0,11.0,0.0,0.0,0,0.0,110.0,13.0,1,-3.866786492395833,0.020083464757670286,0.3842998554068919,Hoạt động gần nhất cách xa
fixture-user-3695,16.0,10.0,0.0,26.0,14.0,3.0,0,0.5384615384615384,1680.0,68.0,0,1.696701628351615,-1.7818534565886186,0.24216164621576905,Tỷ lệ thêm giỏ/xem cao
fixture-user-3696,11.0,12.0,980.0,39.0,8.0,6.0,3,0.20512820512820512,2490.0,89.0,3,2.539096994000912,1.1608947269527035,0.2849645070861152,Doanh thu trung bình cao
fixture-user-3697,24.0,5.0,280.0,21.0,2.0,2.0,1,0.09523809523809523,990.0,39.0,2,-0.2535021844261599,1.1515543709784555,0.11036450120739257,Nhóm hành vi còn lại
fixture-user-3698,79.0,1.0,0.0,12.0,0.0,0.0,0,0.0,120.0,14.0,1,-4.177806227183311,0.009148059352104415,0.5663777413394052,Hoạt động gần nhất cách xa
fixture-user-3699,17.0,8.0,0.0,27.0,12.0,3.0,0,0.4444444444444444,1690.0,69.0,0,1.4131920056243967,-1.4634770190954087,0.43800042229131814,Tỷ lệ thêm giỏ/xem cao
fixture-user-3700,12.0,13.0,1000.0,40.0,9.0,6.0,3,0.225,2500.0,90.0,3,2.6355970708016336,1.085750837529916,0.34560189762492727,Doanh thu trung bình cao
fixture-user-3701,25.0,6.0,300.0,22.0,3.0,2.0,1,0.13636363636363635,1000.0,40.0,2,0.020448779079346835,0.987424175304437,0.14043401059775606,Nhóm hành vi còn lại
fixture-user-3702,80.0,2.0,0.0,13.0,0.0,0.0,0,0.0,130.0,15.0,1,-3.8452080923989924,0.04332455321405482,0.6691606922603189,Hoạt động gần nhất cách xa
fixture-user-3703,18.0,9.0,0.0,28.0,13.0,3.0,0,0.4642857142857143,1700.0,70.0,0,1.534830031286699,-1.5309960415171668,0.49554732017099296,Tỷ lệ thêm giỏ/xem cao
fixture-user-3704,13.0,14.0,1020.0,41.0,10.0,6.0,3,0.24390243902439024,2510.0,91.0,3,2.7262823845513653,1.0157588009747183,0.4029662204898221,Doanh thu trung bình cao
fixture-user-3705,26.0,7.0,320.0,23.0,4.0,2.0,1,0.17391304347826086,1010.0,41.0,2,0.2541908963254575,0.8477774875328858,0.17321533289513408,Nhóm hành vi còn lại
fixture-user-3706,81.0,3.0,0.0,14.0,0.0,0.0,0,0.0,140.0,16.0,1,-3.58892156885437,0.07130138670265128,0.7711842983243252,Hoạt động gần nhất cách xa
fixture-user-3707,19.0,10.0,0.0,29.0,14.0,3.0,0,0.4827586206896552,1710.0,71.0,0,1.6472575587743377,-1.5937242188893985,0.5517615405408011,Tỷ lệ thêm giỏ/xem cao
fixture-user-3708,14.0,12.0,1040.0,42.0,8.0,6.0,3,0.19047619047619047,2520.0,92.0,3,2.49670495094491,1.2290037398474845,0.5454645736096191,Doanh thu trung bình cao
fixture-user-3709,27.0,5.0,340.0,24.0,2.0,2.0,1,0.08333333333333333,1020.0,42.0,2,-0.18230360796635595,1.2586072038036613,0.3675912090530475,Nhóm hành vi còn lại
fixture-user-3710,82.0,1.0,0.0,15.0,0.0,0.0,0,0.0,150.0,17.0,1,-3.9196432407459767,0.05669108652696236,0.9282979885680404,Hoạt động gần nhất cách xa
fixture-user-3711,20.0,8.0,0.0,30.0,12.0,3.0,0,0.4,1720.0,72.0,0,1.3793488527403,-1.3100407571216666,0.7263442280480706,Tỷ lệ thêm giỏ/xem cao
fixture-user-3712,15.0,13.0,1060.0,43.0,9.0,6.0,3,0.20930232558139536,2530.0,93.0,3,2.5967783052258118,1.1568322528607358,0.5946167775727039,Doanh thu trung bình cao
fixture-user-3713,28.0,6.0,360.0,25.0,3.0,2.0,1,0.12,1030.0,43.0,2,0.08266019726750658,1.1041566022540645,0.39313910571678706,Nhóm hành vi còn lại
fixture-user-3714,83.0,2.0,0.0,16.0,0.0,0.0,0,0.0,160.0,18.0,1,-3.604202552262844,0.08767912367278557,1.0092869375057245,Hoạt động gần nhất cách xa
fixture-user-3715,21.0,9.0,0.0,31.0,13.0,3.0,0,0.41935483870967744,1730.0,73.0,0,1.501059534575714,-1.376636657189004,0.7749808036540073,Tỷ lệ thêm giỏ/xem cao
fixture-user-3716,16.0,14.0,1080.0,44.0,10.0,6.0,3,0.22727272727272727,2540.0,94.0,3,2.690427951437499,1.0894358139626867,0.6418324646043475,Doanh thu trung bình cao
fixture-user-3717,29.0,7.0,380.0,26.0,4.0,2.0,1,0.15384615384615385,1040.0,44.0,2,0.3086623039800275,0.9723028927926293,0.4212803240192725,Nhóm hành vi còn lại
fixture-user-3718,84.0,3.0,0.0,17.0,0.0,0.0,0,0.0,170.0,19.0,1,-3.3629925377313117,0.11286336793280101,1.0921119219662825,Hoạt động gần nhất cách xa
fixture-user-3719,22.0,10.0,0.0,32.0,14.0,3.0,0,0.4375,1740.0,74.0,0,1.6136201785899058,-1.438893929708042,0.822869682767591,Tỷ lệ thêm giỏ/xem cao
fixture-user-3720,2.0,12.0,800.0,30.0,8.0,6.0,3,0.26666666666666666,2400.0,80.0,3,2.949000201807968,0.9104099322153842,-1.040664161835835,Doanh thu trung bình cao
fixture-user-3721,15.0,5.0,100.0,12.0,2.0,2.0,1,0.16666666666666666,900.0,30.0,2,-0.5125113090819994,0.5888915999238798,-0.9213435417374367,Nhóm hành vi còn lại
fixture-user-3722,70.0,1.0,0.0,3.0,0.0,0.0,0,0.0,30.0,5.0,1,-5.653074755432996,-0.26751935962468665,-1.3948414954693151,Hoạt động gần nhất cách xa
fixture-user-3723,8.0,8.0,0.0,18.0,12.0,3.0,0,0.6666666666666666,1600.0,60.0,0,1.667619505045523,-2.2053810991863303,-0.7744155991773559,Tỷ lệ thêm giỏ/xem cao
fixture-user-3724,3.0,13.0,820.0,31.0,9.0,6.0,3,0.2903225806451613,2410.0,81.0,3,2.9722504279555224,0.8202064154922466,-0.8360402617366788,Doanh thu trung bình cao
fixture-user-3725,16.0,6.0,120.0,13.0,3.0,2.0,1,0.23076923076923078,910.0,31.0,2,-0.18823476857859642,0.3875447576114711,-0.8693490403338631,Nhóm hành vi còn lại
fixture-user-3726,71.0,2.0,0.0,4.0,0.0,0.0,0,0.0,40.0,6.0,1,-5.132931592866225,-0.19697308259203808,-1.0600968999130056,Hoạt động gần nhất cách xa
fixture-user-3727,9.0,9.0,0.0,19.0,13.0,3.0,0,0.6842105263157895,1610.0,61.0,0,1.7765266448407788,-2.263702585114586,-0.6595478640554292,Tỷ lệ thêm giỏ/xem cao
fixture-user-3728,4.0,14.0,840.0,32.0,10.0,6.0,3,0.3125,2420.0,82.0,3,3.01229401895736,0.7383363392983261,-0.6738605748864045,Doanh thu trung bình cao
fixture-user-3729,17.0,7.0,140.0,14.0,4.0,2.0,1,0.2857142857142857,920.0,32.0,2,0.08566905022148885,0.22145490054473832,-0.8127372610551373,Nhóm hành vi còn lại
fixture-user-3730,72.0,3.0,0.0,5.0,0.0,0.0,0,0.0,50.0,7.0,1,-4.734049758831314,-0.1415652227069219,-0.7803874603946023,Hoạt động gần nhất cách xa
fixture-user-3731,10.0,10.0,0.0,20.0,14.0,3.0,0,0.7,1620.0,62.0,0,1.8778157374373483,-2.316152393098142,-0.5521462253135105,Tỷ lệ thêm giỏ/xem cao
fixture-user-3732,5.0,12.0,860.0,33.0,8.0,6.0,3,0.24242424242424243,2430.0,83.0,3,2.7201358279717427,1.0010280153705131,-0.43135310572761704,Doanh thu trung bình cao
fixture-user-3733,18.0,5.0,160.0,15.0,2.0,2.0,1,0.13333333333333333,930.0,33.0,2,-0.416368974045729,0.8413722469868408,-0.5202824835880352,Nhóm hành vi còn lại
fixture-user-3734,73.0,1.0,0.0,6.0,0.0,0.0,0,0.0,60.0,8.0,1,-4.951827114160079,-0.13461517315522942,-0.48185008826089964,Hoạt động gần nhất cách xa
fixture-user-3735,11.0,8.0,0.0,21.0,12.0,3.0,0,0.5714285714285714,1630.0,63.0,0,1.5440020110863266,-1.8916105529499507,-0.2894737393083827,Tỷ lệ thêm giỏ/xem cao
fixture-user-3736,6.0,13.0,880.0,34.0,9.0,6.0,3,0.2647058823529412,2440.0,84.0,3,2.793205514756805,0.9179893295870694,-0.3181395540304275,Doanh thu trung bình cao
fixture-user-3737,19.0,6.0,180.0,16.0,3.0,2.0,1,0.1875,940.0,34.0,2,-0.11506542133983415,0.6524097200437152,-0.47729764843711464,Nhóm hành vi còn lại
fixture-user-3738,74.0,2.0,0.0,7.0,0.0,0.0,0,0.0,70.0,9.0,1,-4.544300503596412,-0.08616879017803282,-0.28512883644029735,Hoạt động gần nhất cách xa
fixture-user-3739,12.0,9.0,0.0,22.0,13.0,3.0,0,0.5909090909090909,1640.0,64.0,0,1.6610803566223118,-1.956635720808595,-0.20216044539729697,Tỷ lệ thêm giỏ/xem cao
fixture-user-3740,7.0,14.0,900.0,35.0,10.0,6.0,3,0.2857142857142857,2450.0,85.0,3,2.865809296514496,0.8413885834551914,-0.21799543117210443,Doanh thu trung bình cao
fixture-user-3741,20.0,7.0,200.0,17.0,4.0,2.0,1,0.23529411764705882,950.0,35.0,2,0.1412081418293925,0.49422871537243757,-0.4309330555436214,Nhóm hành vi còn lại
fixture-user-3742,75.0,3.0,0.0,8.0,0.0,0.0,0,0.0,80.0,10.0,1,-4.226355602128988,-0.04652353682671037,-0.10556235721929748,Hoạt động gần nhất cách xa
fixture-user-3743,13.0,10.0,0.0,23.0,14.0,3.0,0,0.6086956521739131,1650.0,65.0,0,1.769348185040836,-2.015953016612214,-0.1188564273584944,Tỷ lệ thêm giỏ/xem cao
fixture-user-3744,8.0,12.0,920.0,36.0,8.0,6.0,3,0.2222222222222222,2460.0,86.0,3,2.6063737094369293,1.0851522433954928,-0.028162481097520817,Doanh thu trung bình cao
fixture-user-3745,21.0,5.0,220.0,18.0,2.0,2.0,1,0.1111111111111111,960.0,36.0,2,-0.331015161317517,1.017672557566975,-0.18189320559016225,Nhóm hành vi còn lại
fixture-user-3746,76.0,1.0,0.0,9.0,0.0,0.0,0,0.0,90.0,11.0,1,-4.5053809003710175,-0.051404916593935875,0.11674763187868262,Hoạt động gần nhất cách xa
fixture-user-3747,14.0,8.0,0.0,24.0,12.0,3.0,0,0.5,1660.0,66.0,0,1.4649328760198592,-1.6524200575582768,0.10500751195665843,Tỷ lệ thêm giỏ/xem cao
fixture-user-3748,9.0,13.0,940.0,37.0,9.0,6.0,3,0.24324324324324326,2470.0,87.0,3,2.6956818339500837,1.0065237107878025,0.05075676314821963,Doanh thu trung bình cao
fixture-user-3749,22.0,6.0,240.0,19.0,3.0,2.0,1,0.15789473684210525,970.0,37.0,2,-0.045442287582045944,0.842002022281944,-0.14614921568949865,Nhóm hành vi còn lại
fixture-user-3750,77.0,2.0,0.0,10.0,0.0,0.0,0,0.0,100.0,12.0,1,-4.145933218700002,-0.012175282230817307,0.25338192247508057,Hoạt động gần nhất cách xa
fixture-user-3751,15.0,9.0,0.0,25.0,13.0,3.0,0,0.52,1670.0,67.0,0,1.5853970707566725,-1.7197729720568595,0.17473155318197717,Tỷ lệ thêm giỏ/xem cao
fixture-user-3752,10.0,14.0,960.0,38.0,10.0,6.0,3,0.2631578947368421,2480.0,88.0,3,2.7805820478578775,0.9335515526720264,0.12366456013755259,Doanh thu trung bình cao
fixture-user-3753,23.0,7.0,260.0,20.0,4.0,2.0,1,0.2,980.0,38.0,2,0.19806579033115437,0.6934432518431779,-0.10747748554529173,Nhóm hành vi còn lại
fixture-user-3754,78.0,3.0,0.0,11.0,0.0,0.0,0,0.0,110.0,13.0,1,-3.866786492395833,0.020083464757670286,0.3842998554068919,Hoạt động gần nhất cách xa
fixture-user-3755,16.0,10.0,0.0,26.0,14.0,3.0,0,0.5384615384615384,1680.0,68.0,0,1.696701628351615,-1.7818534565886186,0.24216164621576905,Tỷ lệ thêm giỏ/xem cao
fixture-user-3756,11.0,12.0,980.0,39.0,8.0,6.0,3,0.20512820512820512,2490.0,89.0,3,2.539096994000912,1.1608947269527035,0.2849645070861152,Doanh thu trung bình cao
fixture-user-3757,24.0,5.0,280.0,21.0,2.0,2.0,1,0.09523809523809523,990.0,39.0,2,-0.2535021844261599,1.1515543709784555,0.11036450120739257,Nhóm hành vi còn lại
fixture-user-3758,79.0,1.0,0.0,12.0,0.0,0.0,0,0.0,120.0,14.0,1,-4.177806227183311,0.009148059352104415,0.5663777413394052,Hoạt động gần nhất cách xa
fixture-user-3759,17.0,8.0,0.0,27.0,12.0,3.0,0,0.4444444444444444,1690.0,69.0,0,1.4131920056243967,-1.4634770190954087,0.43800042229131814,Tỷ lệ thêm giỏ/xem cao
fixture-user-3760,12.0,13.0,1000.0,40.0,9.0,6.0,3,0.225,2500.0,90.0,3,2.6355970708016336,1.085750837529916,0.34560189762492727,Doanh thu trung bình cao
fixture-user-3761,25.0,6.0,300.0,22.0,3.0,2.0,1,0.13636363636363635,1000.0,40.0,2,0.020448779079346835,0.987424175304437,0.14043401059775606,Nhóm hành vi còn lại
fixture-user-3762,80.0,2.0,0.0,13.0,0.0,0.0,0,0.0,130.0,15.0,1,-3.8452080923989924,0.04332455321405482,0.6691606922603189,Hoạt động gần nhất cách xa
fixture-user-3763,18.0,9.0,0.0,28.0,13.0,3.0,0,0.4642857142857143,1700.0,70.0,0,1.534830031286699,-1.5309960415171668,0.49554732017099296,Tỷ lệ thêm giỏ/xem cao
fixture-user-3764,13.0,14.0,1020.0,41.0,10.0,6.0,3,0.24390243902439024,2510.0,91.0,3,2.7262823845513653,1.0157588009747183,0.4029662204898221,Doanh thu trung bình cao
fixture-user-3765,26.0,7.0,320.0,23.0,4.0,2.0,1,0.17391304347826086,1010.0,41.0,2,0.2541908963254575,0.8477774875328858,0.17321533289513408,Nhóm hành vi còn lại
fixture-user-3766,81.0,3.0,0.0,14.0,0.0,0.0,0,0.0,140.0,16.0,1,-3.58892156885437,0.07130138670265128,0.7711842983243252,Hoạt động gần nhất cách xa
fixture-user-3767,19.0,10.0,0.0,29.0,14.0,3.0,0,0.4827586206896552,1710.0,71.0,0,1.6472575587743377,-1.5937242188893985,0.5517615405408011,Tỷ lệ thêm giỏ/xem cao
fixture-user-3768,14.0,12.0,1040.0,42.0,8.0,6.0,3,0.19047619047619047,2520.0,92.0,3,2.49670495094491,1.2290037398474845,0.5454645736096191,Doanh thu trung bình cao
fixture-user-3769,27.0,5.0,340.0,24.0,2.0,2.0,1,0.08333333333333333,1020.0,42.0,2,-0.18230360796635595,1.2586072038036613,0.3675912090530475,Nhóm hành vi còn lại
fixture-user-3770,82.0,1.0,0.0,15.0,0.0,0.0,0,0.0,150.0,17.0,1,-3.9196432407459767,0.05669108652696236,0.9282979885680404,Hoạt động gần nhất cách xa
fixture-user-3771,20.0,8.0,0.0,30.0,12.0,3.0,0,0.4,1720.0,72.0,0,1.3793488527403,-1.3100407571216666,0.7263442280480706,Tỷ lệ thêm giỏ/xem cao
fixture-user-3772,15.0,13.0,1060.0,43.0,9.0,6.0,3,0.20930232558139536,2530.0,93.0,3,2.5967783052258118,1.1568322528607358,0.5946167775727039,Doanh thu trung bình cao
fixture-user-3773,28.0,6.0,360.0,25.0,3.0,2.0,1,0.12,1030.0,43.0,2,0.08266019726750658,1.1041566022540645,0.39313910571678706,Nhóm hành vi còn lại
fixture-user-3774,83.0,2.0,0.0,16.0,0.0,0.0,0,0.0,160.0,18.0,1,-3.604202552262844,0.08767912367278557,1.0092869375057245,Hoạt động gần nhất cách xa
fixture-user-3775,21.0,9.0,0.0,31.0,13.0,3.0,0,0.41935483870967744,1730.0,73.0,0,1.501059534575714,-1.376636657189004,0.7749808036540073,Tỷ lệ thêm giỏ/xem cao
fixture-user-3776,16.0,14.0,1080.0,44.0,10.0,6.0,3,0.22727272727272727,2540.0,94.0,3,2.690427951437499,1.0894358139626867,0.6418324646043475,Doanh thu trung bình cao
fixture-user-3777,29.0,7.0,380.0,26.0,4.0,2.0,1,0.15384615384615385,1040.0,44.0,2,0.3086623039800275,0.9723028927926293,0.4212803240192725,Nhóm hành vi còn lại
fixture-user-3778,84.0,3.0,0.0,17.0,0.0,0.0,0,0.0,170.0,19.0,1,-3.3629925377313117,0.11286336793280101,1.0921119219662825,Hoạt động gần nhất cách xa
fixture-user-3779,22.0,10.0,0.0,32.0,14.0,3.0,0,0.4375,1740.0,74.0,0,1.6136201785899058,-1.438893929708042,0.822869682767591,Tỷ lệ thêm giỏ/xem cao
fixture-user-3780,2.0,12.0,800.0,30.0,8.0,6.0,3,0.26666666666666666,2400.0,80.0,3,2.949000201807968,0.9104099322153842,-1.040664161835835,Doanh thu trung bình cao
fixture-user-3781,15.0,5.0,100.0,12.0,2.0,2.0,1,0.16666666666666666,900.0,30.0,2,-0.5125113090819994,0.5888915999238798,-0.9213435417374367,Nhóm hành vi còn lại
fixture-user-3782,70.0,1.0,0.0,3.0,0.0,0.0,0,0.0,30.0,5.0,1,-5.653074755432996,-0.26751935962468665,-1.3948414954693151,Hoạt động gần nhất cách xa
fixture-user-3783,8.0,8.0,0.0,18.0,12.0,3.0,0,0.6666666666666666,1600.0,60.0,0,1.667619505045523,-2.2053810991863303,-0.7744155991773559,Tỷ lệ thêm giỏ/xem cao
fixture-user-3784,3.0,13.0,820.0,31.0,9.0,6.0,3,0.2903225806451613,2410.0,81.0,3,2.9722504279555224,0.8202064154922466,-0.8360402617366788,Doanh thu trung bình cao
fixture-user-3785,16.0,6.0,120.0,13.0,3.0,2.0,1,0.23076923076923078,910.0,31.0,2,-0.18823476857859642,0.3875447576114711,-0.8693490403338631,Nhóm hành vi còn lại
fixture-user-3786,71.0,2.0,0.0,4.0,0.0,0.0,0,0.0,40.0,6.0,1,-5.132931592866225,-0.19697308259203808,-1.0600968999130056,Hoạt động gần nhất cách xa
fixture-user-3787,9.0,9.0,0.0,19.0,13.0,3.0,0,0.6842105263157895,1610.0,61.0,0,1.7765266448407788,-2.263702585114586,-0.6595478640554292,Tỷ lệ thêm giỏ/xem cao
fixture-user-3788,4.0,14.0,840.0,32.0,10.0,6.0,3,0.3125,2420.0,82.0,3,3.01229401895736,0.7383363392983261,-0.6738605748864045,Doanh thu trung bình cao
fixture-user-3789,17.0,7.0,140.0,14.0,4.0,2.0,1,0.2857142857142857,920.0,32.0,2,0.08566905022148885,0.22145490054473832,-0.8127372610551373,Nhóm hành vi còn lại
fixture-user-3790,72.0,3.0,0.0,5.0,0.0,0.0,0,0.0,50.0,7.0,1,-4.734049758831314,-0.1415652227069219,-0.7803874603946023,Hoạt động gần nhất cách xa
fixture-user-3791,10.0,10.0,0.0,20.0,14.0,3.0,0,0.7,1620.0,62.0,0,1.8778157374373483,-2.316152393098142,-0.5521462253135105,Tỷ lệ thêm giỏ/xem cao
fixture-user-3792,5.0,12.0,860.0,33.0,8.0,6.0,3,0.24242424242424243,2430.0,83.0,3,2.7201358279717427,1.0010280153705131,-0.43135310572761704,Doanh thu trung bình cao
fixture-user-3793,18.0,5.0,160.0,15.0,2.0,2.0,1,0.13333333333333333,930.0,33.0,2,-0.416368974045729,0.8413722469868408,-0.5202824835880352,Nhóm hành vi còn lại
fixture-user-3794,73.0,1.0,0.0,6.0,0.0,0.0,0,0.0,60.0,8.0,1,-4.951827114160079,-0.13461517315522942,-0.48185008826089964,Hoạt động gần nhất cách xa
fixture-user-3795,11.0,8.0,0.0,21.0,12.0,3.0,0,0.5714285714285714,1630.0,63.0,0,1.5440020110863266,-1.8916105529499507,-0.2894737393083827,Tỷ lệ thêm giỏ/xem cao
fixture-user-3796,6.0,13.0,880.0,34.0,9.0,6.0,3,0.2647058823529412,2440.0,84.0,3,2.793205514756805,0.9179893295870694,-0.3181395540304275,Doanh thu trung bình cao
fixture-user-3797,19.0,6.0,180.0,16.0,3.0,2.0,1,0.1875,940.0,34.0,2,-0.11506542133983415,0.6524097200437152,-0.47729764843711464,Nhóm hành vi còn lại
fixture-user-3798,74.0,2.0,0.0,7.0,0.0,0.0,0,0.0,70.0,9.0,1,-4.544300503596412,-0.08616879017803282,-0.28512883644029735,Hoạt động gần nhất cách xa
fixture-user-3799,12.0,9.0,0.0,22.0,13.0,3.0,0,0.5909090909090909,1640.0,64.0,0,1.6610803566223118,-1.956635720808595,-0.20216044539729697,Tỷ lệ thêm giỏ/xem cao
fixture-user-3800,7.0,14.0,900.0,35.0,10.0,6.0,3,0.2857142857142857,2450.0,85.0,3,2.865809296514496,0.8413885834551914,-0.21799543117210443,Doanh thu trung bình cao
fixture-user-3801,20.0,7.0,200.0,17.0,4.0,2.0,1,0.23529411764705882,950.0,35.0,2,0.1412081418293925,0.49422871537243757,-0.4309330555436214,Nhóm hành vi còn lại
fixture-user-3802,75.0,3.0,0.0,8.0,0.0,0.0,0,0.0,80.0,10.0,1,-4.226355602128988,-0.04652353682671037,-0.10556235721929748,Hoạt động gần nhất cách xa
fixture-user-3803,13.0,10.0,0.0,23.0,14.0,3.0,0,0.6086956521739131,1650.0,65.0,0,1.769348185040836,-2.015953016612214,-0.1188564273584944,Tỷ lệ thêm giỏ/xem cao
fixture-user-3804,8.0,12.0,920.0,36.0,8.0,6.0,3,0.2222222222222222,2460.0,86.0,3,2.6063737094369293,1.0851522433954928,-0.028162481097520817,Doanh thu trung bình cao
fixture-user-3805,21.0,5.0,220.0,18.0,2.0,2.0,1,0.1111111111111111,960.0,36.0,2,-0.331015161317517,1.017672557566975,-0.18189320559016225,Nhóm hành vi còn lại
fixture-user-3806,76.0,1.0,0.0,9.0,0.0,0.0,0,0.0,90.0,11.0,1,-4.5053809003710175,-0.051404916593935875,0.11674763187868262,Hoạt động gần nhất cách xa
fixture-user-3807,14.0,8.0,0.0,24.0,12.0,3.0,0,0.5,1660.0,66.0,0,1.4649328760198592,-1.6524200575582768,0.10500751195665843,Tỷ lệ thêm giỏ/xem cao
fixture-user-3808,9.0,13.0,940.0,37.0,9.0,6.0,3,0.24324324324324326,2470.0,87.0,3,2.6956818339500837,1.0065237107878025,0.05075676314821963,Doanh thu trung bình cao
fixture-user-3809,22.0,6.0,240.0,19.0,3.0,2.0,1,0.15789473684210525,970.0,37.0,2,-0.045442287582045944,0.842002022281944,-0.14614921568949865,Nhóm hành vi còn lại
fixture-user-3810,77.0,2.0,0.0,10.0,0.0,0.0,0,0.0,100.0,12.0,1,-4.145933218700002,-0.012175282230817307,0.25338192247508057,Hoạt động gần nhất cách xa
fixture-user-3811,15.0,9.0,0.0,25.0,13.0,3.0,0,0.52,1670.0,67.0,0,1.5853970707566725,-1.7197729720568595,0.17473155318197717,Tỷ lệ thêm giỏ/xem cao
fixture-user-3812,10.0,14.0,960.0,38.0,10.0,6.0,3,0.2631578947368421,2480.0,88.0,3,2.7805820478578775,0.9335515526720264,0.12366456013755259,Doanh thu trung bình cao
fixture-user-3813,23.0,7.0,260.0,20.0,4.0,2.0,1,0.2,980.0,38.0,2,0.19806579033115437,0.6934432518431779,-0.10747748554529173,Nhóm hành vi còn lại
fixture-user-3814,78.0,3.0,0.0,11.0,0.0,0.0,0,0.0,110.0,13.0,1,-3.866786492395833,0.020083464757670286,0.3842998554068919,Hoạt động gần nhất cách xa
fixture-user-3815,16.0,10.0,0.0,26.0,14.0,3.0,0,0.5384615384615384,1680.0,68.0,0,1.696701628351615,-1.7818534565886186,0.24216164621576905,Tỷ lệ thêm giỏ/xem cao
fixture-user-3816,11.0,12.0,980.0,39.0,8.0,6.0,3,0.20512820512820512,2490.0,89.0,3,2.539096994000912,1.1608947269527035,0.2849645070861152,Doanh thu trung bình cao
fixture-user-3817,24.0,5.0,280.0,21.0,2.0,2.0,1,0.09523809523809523,990.0,39.0,2,-0.2535021844261599,1.1515543709784555,0.11036450120739257,Nhóm hành vi còn lại
fixture-user-3818,79.0,1.0,0.0,12.0,0.0,0.0,0,0.0,120.0,14.0,1,-4.177806227183311,0.009148059352104415,0.5663777413394052,Hoạt động gần nhất cách xa
fixture-user-3819,17.0,8.0,0.0,27.0,12.0,3.0,0,0.4444444444444444,1690.0,69.0,0,1.4131920056243967,-1.4634770190954087,0.43800042229131814,Tỷ lệ thêm giỏ/xem cao
fixture-user-3820,12.0,13.0,1000.0,40.0,9.0,6.0,3,0.225,2500.0,90.0,3,2.6355970708016336,1.085750837529916,0.34560189762492727,Doanh thu trung bình cao
fixture-user-3821,25.0,6.0,300.0,22.0,3.0,2.0,1,0.13636363636363635,1000.0,40.0,2,0.020448779079346835,0.987424175304437,0.14043401059775606,Nhóm hành vi còn lại
fixture-user-3822,80.0,2.0,0.0,13.0,0.0,0.0,0,0.0,130.0,15.0,1,-3.8452080923989924,0.04332455321405482,0.6691606922603189,Hoạt động gần nhất cách xa
fixture-user-3823,18.0,9.0,0.0,28.0,13.0,3.0,0,0.4642857142857143,1700.0,70.0,0,1.534830031286699,-1.5309960415171668,0.49554732017099296,Tỷ lệ thêm giỏ/xem cao
fixture-user-3824,13.0,14.0,1020.0,41.0,10.0,6.0,3,0.24390243902439024,2510.0,91.0,3,2.7262823845513653,1.0157588009747183,0.4029662204898221,Doanh thu trung bình cao
fixture-user-3825,26.0,7.0,320.0,23.0,4.0,2.0,1,0.17391304347826086,1010.0,41.0,2,0.2541908963254575,0.8477774875328858,0.17321533289513408,Nhóm hành vi còn lại
fixture-user-3826,81.0,3.0,0.0,14.0,0.0,0.0,0,0.0,140.0,16.0,1,-3.58892156885437,0.07130138670265128,0.7711842983243252,Hoạt động gần nhất cách xa
fixture-user-3827,19.0,10.0,0.0,29.0,14.0,3.0,0,0.4827586206896552,1710.0,71.0,0,1.6472575587743377,-1.5937242188893985,0.5517615405408011,Tỷ lệ thêm giỏ/xem cao
fixture-user-3828,14.0,12.0,1040.0,42.0,8.0,6.0,3,0.19047619047619047,2520.0,92.0,3,2.49670495094491,1.2290037398474845,0.5454645736096191,Doanh thu trung bình cao
fixture-user-3829,27.0,5.0,340.0,24.0,2.0,2.0,1,0.08333333333333333,1020.0,42.0,2,-0.18230360796635595,1.2586072038036613,0.3675912090530475,Nhóm hành vi còn lại
fixture-user-3830,82.0,1.0,0.0,15.0,0.0,0.0,0,0.0,150.0,17.0,1,-3.9196432407459767,0.05669108652696236,0.9282979885680404,Hoạt động gần nhất cách xa
fixture-user-3831,20.0,8.0,0.0,30.0,12.0,3.0,0,0.4,1720.0,72.0,0,1.3793488527403,-1.3100407571216666,0.7263442280480706,Tỷ lệ thêm giỏ/xem cao
fixture-user-3832,15.0,13.0,1060.0,43.0,9.0,6.0,3,0.20930232558139536,2530.0,93.0,3,2.5967783052258118,1.1568322528607358,0.5946167775727039,Doanh thu trung bình cao
fixture-user-3833,28.0,6.0,360.0,25.0,3.0,2.0,1,0.12,1030.0,43.0,2,0.08266019726750658,1.1041566022540645,0.39313910571678706,Nhóm hành vi còn lại
fixture-user-3834,83.0,2.0,0.0,16.0,0.0,0.0,0,0.0,160.0,18.0,1,-3.604202552262844,0.08767912367278557,1.0092869375057245,Hoạt động gần nhất cách xa
fixture-user-3835,21.0,9.0,0.0,31.0,13.0,3.0,0,0.41935483870967744,1730.0,73.0,0,1.501059534575714,-1.376636657189004,0.7749808036540073,Tỷ lệ thêm giỏ/xem cao
fixture-user-3836,16.0,14.0,1080.0,44.0,10.0,6.0,3,0.22727272727272727,2540.0,94.0,3,2.690427951437499,1.0894358139626867,0.6418324646043475,Doanh thu trung bình cao
fixture-user-3837,29.0,7.0,380.0,26.0,4.0,2.0,1,0.15384615384615385,1040.0,44.0,2,0.3086623039800275,0.9723028927926293,0.4212803240192725,Nhóm hành vi còn lại
fixture-user-3838,84.0,3.0,0.0,17.0,0.0,0.0,0,0.0,170.0,19.0,1,-3.3629925377313117,0.11286336793280101,1.0921119219662825,Hoạt động gần nhất cách xa
fixture-user-3839,22.0,10.0,0.0,32.0,14.0,3.0,0,0.4375,1740.0,74.0,0,1.6136201785899058,-1.438893929708042,0.822869682767591,Tỷ lệ thêm giỏ/xem cao
fixture-user-3840,2.0,12.0,800.0,30.0,8.0,6.0,3,0.26666666666666666,2400.0,80.0,3,2.949000201807968,0.9104099322153842,-1.040664161835835,Doanh thu trung bình cao
fixture-user-3841,15.0,5.0,100.0,12.0,2.0,2.0,1,0.16666666666666666,900.0,30.0,2,-0.5125113090819994,0.5888915999238798,-0.9213435417374367,Nhóm hành vi còn lại
fixture-user-3842,70.0,1.0,0.0,3.0,0.0,0.0,0,0.0,30.0,5.0,1,-5.653074755432996,-0.26751935962468665,-1.3948414954693151,Hoạt động gần nhất cách xa
fixture-user-3843,8.0,8.0,0.0,18.0,12.0,3.0,0,0.6666666666666666,1600.0,60.0,0,1.667619505045523,-2.2053810991863303,-0.7744155991773559,Tỷ lệ thêm giỏ/xem cao
fixture-user-3844,3.0,13.0,820.0,31.0,9.0,6.0,3,0.2903225806451613,2410.0,81.0,3,2.9722504279555224,0.8202064154922466,-0.8360402617366788,Doanh thu trung bình cao
fixture-user-3845,16.0,6.0,120.0,13.0,3.0,2.0,1,0.23076923076923078,910.0,31.0,2,-0.18823476857859642,0.3875447576114711,-0.8693490403338631,Nhóm hành vi còn lại
fixture-user-3846,71.0,2.0,0.0,4.0,0.0,0.0,0,0.0,40.0,6.0,1,-5.132931592866225,-0.19697308259203808,-1.0600968999130056,Hoạt động gần nhất cách xa
fixture-user-3847,9.0,9.0,0.0,19.0,13.0,3.0,0,0.6842105263157895,1610.0,61.0,0,1.7765266448407788,-2.263702585114586,-0.6595478640554292,Tỷ lệ thêm giỏ/xem cao
fixture-user-3848,4.0,14.0,840.0,32.0,10.0,6.0,3,0.3125,2420.0,82.0,3,3.01229401895736,0.7383363392983261,-0.6738605748864045,Doanh thu trung bình cao
fixture-user-3849,17.0,7.0,140.0,14.0,4.0,2.0,1,0.2857142857142857,920.0,32.0,2,0.08566905022148885,0.22145490054473832,-0.8127372610551373,Nhóm hành vi còn lại
fixture-user-3850,72.0,3.0,0.0,5.0,0.0,0.0,0,0.0,50.0,7.0,1,-4.734049758831314,-0.1415652227069219,-0.7803874603946023,Hoạt động gần nhất cách xa
fixture-user-3851,10.0,10.0,0.0,20.0,14.0,3.0,0,0.7,1620.0,62.0,0,1.8778157374373483,-2.316152393098142,-0.5521462253135105,Tỷ lệ thêm giỏ/xem cao
fixture-user-3852,5.0,12.0,860.0,33.0,8.0,6.0,3,0.24242424242424243,2430.0,83.0,3,2.7201358279717427,1.0010280153705131,-0.43135310572761704,Doanh thu trung bình cao
fixture-user-3853,18.0,5.0,160.0,15.0,2.0,2.0,1,0.13333333333333333,930.0,33.0,2,-0.416368974045729,0.8413722469868408,-0.5202824835880352,Nhóm hành vi còn lại
fixture-user-3854,73.0,1.0,0.0,6.0,0.0,0.0,0,0.0,60.0,8.0,1,-4.951827114160079,-0.13461517315522942,-0.48185008826089964,Hoạt động gần nhất cách xa
fixture-user-3855,11.0,8.0,0.0,21.0,12.0,3.0,0,0.5714285714285714,1630.0,63.0,0,1.5440020110863266,-1.8916105529499507,-0.2894737393083827,Tỷ lệ thêm giỏ/xem cao
fixture-user-3856,6.0,13.0,880.0,34.0,9.0,6.0,3,0.2647058823529412,2440.0,84.0,3,2.793205514756805,0.9179893295870694,-0.3181395540304275,Doanh thu trung bình cao
fixture-user-3857,19.0,6.0,180.0,16.0,3.0,2.0,1,0.1875,940.0,34.0,2,-0.11506542133983415,0.6524097200437152,-0.47729764843711464,Nhóm hành vi còn lại
fixture-user-3858,74.0,2.0,0.0,7.0,0.0,0.0,0,0.0,70.0,9.0,1,-4.544300503596412,-0.08616879017803282,-0.28512883644029735,Hoạt động gần nhất cách xa
fixture-user-3859,12.0,9.0,0.0,22.0,13.0,3.0,0,0.5909090909090909,1640.0,64.0,0,1.6610803566223118,-1.956635720808595,-0.20216044539729697,Tỷ lệ thêm giỏ/xem cao
fixture-user-3860,7.0,14.0,900.0,35.0,10.0,6.0,3,0.2857142857142857,2450.0,85.0,3,2.865809296514496,0.8413885834551914,-0.21799543117210443,Doanh thu trung bình cao
fixture-user-3861,20.0,7.0,200.0,17.0,4.0,2.0,1,0.23529411764705882,950.0,35.0,2,0.1412081418293925,0.49422871537243757,-0.4309330555436214,Nhóm hành vi còn lại
fixture-user-3862,75.0,3.0,0.0,8.0,0.0,0.0,0,0.0,80.0,10.0,1,-4.226355602128988,-0.04652353682671037,-0.10556235721929748,Hoạt động gần nhất cách xa
fixture-user-3863,13.0,10.0,0.0,23.0,14.0,3.0,0,0.6086956521739131,1650.0,65.0,0,1.769348185040836,-2.015953016612214,-0.1188564273584944,Tỷ lệ thêm giỏ/xem cao
fixture-user-3864,8.0,12.0,920.0,36.0,8.0,6.0,3,0.2222222222222222,2460.0,86.0,3,2.6063737094369293,1.0851522433954928,-0.028162481097520817,Doanh thu trung bình cao
fixture-user-3865,21.0,5.0,220.0,18.0,2.0,2.0,1,0.1111111111111111,960.0,36.0,2,-0.331015161317517,1.017672557566975,-0.18189320559016225,Nhóm hành vi còn lại
fixture-user-3866,76.0,1.0,0.0,9.0,0.0,0.0,0,0.0,90.0,11.0,1,-4.5053809003710175,-0.051404916593935875,0.11674763187868262,Hoạt động gần nhất cách xa
fixture-user-3867,14.0,8.0,0.0,24.0,12.0,3.0,0,0.5,1660.0,66.0,0,1.4649328760198592,-1.6524200575582768,0.10500751195665843,Tỷ lệ thêm giỏ/xem cao
fixture-user-3868,9.0,13.0,940.0,37.0,9.0,6.0,3,0.24324324324324326,2470.0,87.0,3,2.6956818339500837,1.0065237107878025,0.05075676314821963,Doanh thu trung bình cao
fixture-user-3869,22.0,6.0,240.0,19.0,3.0,2.0,1,0.15789473684210525,970.0,37.0,2,-0.045442287582045944,0.842002022281944,-0.14614921568949865,Nhóm hành vi còn lại
fixture-user-3870,77.0,2.0,0.0,10.0,0.0,0.0,0,0.0,100.0,12.0,1,-4.145933218700002,-0.012175282230817307,0.25338192247508057,Hoạt động gần nhất cách xa
fixture-user-3871,15.0,9.0,0.0,25.0,13.0,3.0,0,0.52,1670.0,67.0,0,1.5853970707566725,-1.7197729720568595,0.17473155318197717,Tỷ lệ thêm giỏ/xem cao
fixture-user-3872,10.0,14.0,960.0,38.0,10.0,6.0,3,0.2631578947368421,2480.0,88.0,3,2.7805820478578775,0.9335515526720264,0.12366456013755259,Doanh thu trung bình cao
fixture-user-3873,23.0,7.0,260.0,20.0,4.0,2.0,1,0.2,980.0,38.0,2,0.19806579033115437,0.6934432518431779,-0.10747748554529173,Nhóm hành vi còn lại
fixture-user-3874,78.0,3.0,0.0,11.0,0.0,0.0,0,0.0,110.0,13.0,1,-3.866786492395833,0.020083464757670286,0.3842998554068919,Hoạt động gần nhất cách xa
fixture-user-3875,16.0,10.0,0.0,26.0,14.0,3.0,0,0.5384615384615384,1680.0,68.0,0,1.696701628351615,-1.7818534565886186,0.24216164621576905,Tỷ lệ thêm giỏ/xem cao
fixture-user-3876,11.0,12.0,980.0,39.0,8.0,6.0,3,0.20512820512820512,2490.0,89.0,3,2.539096994000912,1.1608947269527035,0.2849645070861152,Doanh thu trung bình cao
fixture-user-3877,24.0,5.0,280.0,21.0,2.0,2.0,1,0.09523809523809523,990.0,39.0,2,-0.2535021844261599,1.1515543709784555,0.11036450120739257,Nhóm hành vi còn lại
fixture-user-3878,79.0,1.0,0.0,12.0,0.0,0.0,0,0.0,120.0,14.0,1,-4.177806227183311,0.009148059352104415,0.5663777413394052,Hoạt động gần nhất cách xa
fixture-user-3879,17.0,8.0,0.0,27.0,12.0,3.0,0,0.4444444444444444,1690.0,69.0,0,1.4131920056243967,-1.4634770190954087,0.43800042229131814,Tỷ lệ thêm giỏ/xem cao
fixture-user-3880,12.0,13.0,1000.0,40.0,9.0,6.0,3,0.225,2500.0,90.0,3,2.6355970708016336,1.085750837529916,0.34560189762492727,Doanh thu trung bình cao
fixture-user-3881,25.0,6.0,300.0,22.0,3.0,2.0,1,0.13636363636363635,1000.0,40.0,2,0.020448779079346835,0.987424175304437,0.14043401059775606,Nhóm hành vi còn lại
fixture-user-3882,80.0,2.0,0.0,13.0,0.0,0.0,0,0.0,130.0,15.0,1,-3.8452080923989924,0.04332455321405482,0.6691606922603189,Hoạt động gần nhất cách xa
fixture-user-3883,18.0,9.0,0.0,28.0,13.0,3.0,0,0.4642857142857143,1700.0,70.0,0,1.534830031286699,-1.5309960415171668,0.49554732017099296,Tỷ lệ thêm giỏ/xem cao
fixture-user-3884,13.0,14.0,1020.0,41.0,10.0,6.0,3,0.24390243902439024,2510.0,91.0,3,2.7262823845513653,1.0157588009747183,0.4029662204898221,Doanh thu trung bình cao
fixture-user-3885,26.0,7.0,320.0,23.0,4.0,2.0,1,0.17391304347826086,1010.0,41.0,2,0.2541908963254575,0.8477774875328858,0.17321533289513408,Nhóm hành vi còn lại
fixture-user-3886,81.0,3.0,0.0,14.0,0.0,0.0,0,0.0,140.0,16.0,1,-3.58892156885437,0.07130138670265128,0.7711842983243252,Hoạt động gần nhất cách xa
fixture-user-3887,19.0,10.0,0.0,29.0,14.0,3.0,0,0.4827586206896552,1710.0,71.0,0,1.6472575587743377,-1.5937242188893985,0.5517615405408011,Tỷ lệ thêm giỏ/xem cao
fixture-user-3888,14.0,12.0,1040.0,42.0,8.0,6.0,3,0.19047619047619047,2520.0,92.0,3,2.49670495094491,1.2290037398474845,0.5454645736096191,Doanh thu trung bình cao
fixture-user-3889,27.0,5.0,340.0,24.0,2.0,2.0,1,0.08333333333333333,1020.0,42.0,2,-0.18230360796635595,1.2586072038036613,0.3675912090530475,Nhóm hành vi còn lại
fixture-user-3890,82.0,1.0,0.0,15.0,0.0,0.0,0,0.0,150.0,17.0,1,-3.9196432407459767,0.05669108652696236,0.9282979885680404,Hoạt động gần nhất cách xa
fixture-user-3891,20.0,8.0,0.0,30.0,12.0,3.0,0,0.4,1720.0,72.0,0,1.3793488527403,-1.3100407571216666,0.7263442280480706,Tỷ lệ thêm giỏ/xem cao
fixture-user-3892,15.0,13.0,1060.0,43.0,9.0,6.0,3,0.20930232558139536,2530.0,93.0,3,2.5967783052258118,1.1568322528607358,0.5946167775727039,Doanh thu trung bình cao
fixture-user-3893,28.0,6.0,360.0,25.0,3.0,2.0,1,0.12,1030.0,43.0,2,0.08266019726750658,1.1041566022540645,0.39313910571678706,Nhóm hành vi còn lại
fixture-user-3894,83.0,2.0,0.0,16.0,0.0,0.0,0,0.0,160.0,18.0,1,-3.604202552262844,0.08767912367278557,1.0092869375057245,Hoạt động gần nhất cách xa
fixture-user-3895,21.0,9.0,0.0,31.0,13.0,3.0,0,0.41935483870967744,1730.0,73.0,0,1.501059534575714,-1.376636657189004,0.7749808036540073,Tỷ lệ thêm giỏ/xem cao
fixture-user-3896,16.0,14.0,1080.0,44.0,10.0,6.0,3,0.22727272727272727,2540.0,94.0,3,2.690427951437499,1.0894358139626867,0.6418324646043475,Doanh thu trung bình cao
fixture-user-3897,29.0,7.0,380.0,26.0,4.0,2.0,1,0.15384615384615385,1040.0,44.0,2,0.3086623039800275,0.9723028927926293,0.4212803240192725,Nhóm hành vi còn lại
fixture-user-3898,84.0,3.0,0.0,17.0,0.0,0.0,0,0.0,170.0,19.0,1,-3.3629925377313117,0.11286336793280101,1.0921119219662825,Hoạt động gần nhất cách xa
fixture-user-3899,22.0,10.0,0.0,32.0,14.0,3.0,0,0.4375,1740.0,74.0,0,1.6136201785899058,-1.438893929708042,0.822869682767591,Tỷ lệ thêm giỏ/xem cao
fixture-user-3900,2.0,12.0,800.0,30.0,8.0,6.0,3,0.26666666666666666,2400.0,80.0,3,2.949000201807968,0.9104099322153842,-1.040664161835835,Doanh thu trung bình cao
fixture-user-3901,15.0,5.0,100.0,12.0,2.0,2.0,1,0.16666666666666666,900.0,30.0,2,-0.5125113090819994,0.5888915999238798,-0.9213435417374367,Nhóm hành vi còn lại
fixture-user-3902,70.0,1.0,0.0,3.0,0.0,0.0,0,0.0,30.0,5.0,1,-5.653074755432996,-0.26751935962468665,-1.3948414954693151,Hoạt động gần nhất cách xa
fixture-user-3903,8.0,8.0,0.0,18.0,12.0,3.0,0,0.6666666666666666,1600.0,60.0,0,1.667619505045523,-2.2053810991863303,-0.7744155991773559,Tỷ lệ thêm giỏ/xem cao
fixture-user-3904,3.0,13.0,820.0,31.0,9.0,6.0,3,0.2903225806451613,2410.0,81.0,3,2.9722504279555224,0.8202064154922466,-0.8360402617366788,Doanh thu trung bình cao
fixture-user-3905,16.0,6.0,120.0,13.0,3.0,2.0,1,0.23076923076923078,910.0,31.0,2,-0.18823476857859642,0.3875447576114711,-0.8693490403338631,Nhóm hành vi còn lại
fixture-user-3906,71.0,2.0,0.0,4.0,0.0,0.0,0,0.0,40.0,6.0,1,-5.132931592866225,-0.19697308259203808,-1.0600968999130056,Hoạt động gần nhất cách xa
fixture-user-3907,9.0,9.0,0.0,19.0,13.0,3.0,0,0.6842105263157895,1610.0,61.0,0,1.7765266448407788,-2.263702585114586,-0.6595478640554292,Tỷ lệ thêm giỏ/xem cao
fixture-user-3908,4.0,14.0,840.0,32.0,10.0,6.0,3,0.3125,2420.0,82.0,3,3.01229401895736,0.7383363392983261,-0.6738605748864045,Doanh thu trung bình cao
fixture-user-3909,17.0,7.0,140.0,14.0,4.0,2.0,1,0.2857142857142857,920.0,32.0,2,0.08566905022148885,0.22145490054473832,-0.8127372610551373,Nhóm hành vi còn lại
fixture-user-3910,72.0,3.0,0.0,5.0,0.0,0.0,0,0.0,50.0,7.0,1,-4.734049758831314,-0.1415652227069219,-0.7803874603946023,Hoạt động gần nhất cách xa
fixture-user-3911,10.0,10.0,0.0,20.0,14.0,3.0,0,0.7,1620.0,62.0,0,1.8778157374373483,-2.316152393098142,-0.5521462253135105,Tỷ lệ thêm giỏ/xem cao
fixture-user-3912,5.0,12.0,860.0,33.0,8.0,6.0,3,0.24242424242424243,2430.0,83.0,3,2.7201358279717427,1.0010280153705131,-0.43135310572761704,Doanh thu trung bình cao
fixture-user-3913,18.0,5.0,160.0,15.0,2.0,2.0,1,0.13333333333333333,930.0,33.0,2,-0.416368974045729,0.8413722469868408,-0.5202824835880352,Nhóm hành vi còn lại
fixture-user-3914,73.0,1.0,0.0,6.0,0.0,0.0,0,0.0,60.0,8.0,1,-4.951827114160079,-0.13461517315522942,-0.48185008826089964,Hoạt động gần nhất cách xa
fixture-user-3915,11.0,8.0,0.0,21.0,12.0,3.0,0,0.5714285714285714,1630.0,63.0,0,1.5440020110863266,-1.8916105529499507,-0.2894737393083827,Tỷ lệ thêm giỏ/xem cao
fixture-user-3916,6.0,13.0,880.0,34.0,9.0,6.0,3,0.2647058823529412,2440.0,84.0,3,2.793205514756805,0.9179893295870694,-0.3181395540304275,Doanh thu trung bình cao
fixture-user-3917,19.0,6.0,180.0,16.0,3.0,2.0,1,0.1875,940.0,34.0,2,-0.11506542133983415,0.6524097200437152,-0.47729764843711464,Nhóm hành vi còn lại
fixture-user-3918,74.0,2.0,0.0,7.0,0.0,0.0,0,0.0,70.0,9.0,1,-4.544300503596412,-0.08616879017803282,-0.28512883644029735,Hoạt động gần nhất cách xa
fixture-user-3919,12.0,9.0,0.0,22.0,13.0,3.0,0,0.5909090909090909,1640.0,64.0,0,1.6610803566223118,-1.956635720808595,-0.20216044539729697,Tỷ lệ thêm giỏ/xem cao
fixture-user-3920,7.0,14.0,900.0,35.0,10.0,6.0,3,0.2857142857142857,2450.0,85.0,3,2.865809296514496,0.8413885834551914,-0.21799543117210443,Doanh thu trung bình cao
fixture-user-3921,20.0,7.0,200.0,17.0,4.0,2.0,1,0.23529411764705882,950.0,35.0,2,0.1412081418293925,0.49422871537243757,-0.4309330555436214,Nhóm hành vi còn lại
fixture-user-3922,75.0,3.0,0.0,8.0,0.0,0.0,0,0.0,80.0,10.0,1,-4.226355602128988,-0.04652353682671037,-0.10556235721929748,Hoạt động gần nhất cách xa
fixture-user-3923,13.0,10.0,0.0,23.0,14.0,3.0,0,0.6086956521739131,1650.0,65.0,0,1.769348185040836,-2.015953016612214,-0.1188564273584944,Tỷ lệ thêm giỏ/xem cao
fixture-user-3924,8.0,12.0,920.0,36.0,8.0,6.0,3,0.2222222222222222,2460.0,86.0,3,2.6063737094369293,1.0851522433954928,-0.028162481097520817,Doanh thu trung bình cao
fixture-user-3925,21.0,5.0,220.0,18.0,2.0,2.0,1,0.1111111111111111,960.0,36.0,2,-0.331015161317517,1.017672557566975,-0.18189320559016225,Nhóm hành vi còn lại
fixture-user-3926,76.0,1.0,0.0,9.0,0.0,0.0,0,0.0,90.0,11.0,1,-4.5053809003710175,-0.051404916593935875,0.11674763187868262,Hoạt động gần nhất cách xa
fixture-user-3927,14.0,8.0,0.0,24.0,12.0,3.0,0,0.5,1660.0,66.0,0,1.4649328760198592,-1.6524200575582768,0.10500751195665843,Tỷ lệ thêm giỏ/xem cao
fixture-user-3928,9.0,13.0,940.0,37.0,9.0,6.0,3,0.24324324324324326,2470.0,87.0,3,2.6956818339500837,1.0065237107878025,0.05075676314821963,Doanh thu trung bình cao
fixture-user-3929,22.0,6.0,240.0,19.0,3.0,2.0,1,0.15789473684210525,970.0,37.0,2,-0.045442287582045944,0.842002022281944,-0.14614921568949865,Nhóm hành vi còn lại
fixture-user-3930,77.0,2.0,0.0,10.0,0.0,0.0,0,0.0,100.0,12.0,1,-4.145933218700002,-0.012175282230817307,0.25338192247508057,Hoạt động gần nhất cách xa
fixture-user-3931,15.0,9.0,0.0,25.0,13.0,3.0,0,0.52,1670.0,67.0,0,1.5853970707566725,-1.7197729720568595,0.17473155318197717,Tỷ lệ thêm giỏ/xem cao
fixture-user-3932,10.0,14.0,960.0,38.0,10.0,6.0,3,0.2631578947368421,2480.0,88.0,3,2.7805820478578775,0.9335515526720264,0.12366456013755259,Doanh thu trung bình cao
fixture-user-3933,23.0,7.0,260.0,20.0,4.0,2.0,1,0.2,980.0,38.0,2,0.19806579033115437,0.6934432518431779,-0.10747748554529173,Nhóm hành vi còn lại
fixture-user-3934,78.0,3.0,0.0,11.0,0.0,0.0,0,0.0,110.0,13.0,1,-3.866786492395833,0.020083464757670286,0.3842998554068919,Hoạt động gần nhất cách xa
fixture-user-3935,16.0,10.0,0.0,26.0,14.0,3.0,0,0.5384615384615384,1680.0,68.0,0,1.696701628351615,-1.7818534565886186,0.24216164621576905,Tỷ lệ thêm giỏ/xem cao
fixture-user-3936,11.0,12.0,980.0,39.0,8.0,6.0,3,0.20512820512820512,2490.0,89.0,3,2.539096994000912,1.1608947269527035,0.2849645070861152,Doanh thu trung bình cao
fixture-user-3937,24.0,5.0,280.0,21.0,2.0,2.0,1,0.09523809523809523,990.0,39.0,2,-0.2535021844261599,1.1515543709784555,0.11036450120739257,Nhóm hành vi còn lại
fixture-user-3938,79.0,1.0,0.0,12.0,0.0,0.0,0,0.0,120.0,14.0,1,-4.177806227183311,0.009148059352104415,0.5663777413394052,Hoạt động gần nhất cách xa
fixture-user-3939,17.0,8.0,0.0,27.0,12.0,3.0,0,0.4444444444444444,1690.0,69.0,0,1.4131920056243967,-1.4634770190954087,0.43800042229131814,Tỷ lệ thêm giỏ/xem cao
fixture-user-3940,12.0,13.0,1000.0,40.0,9.0,6.0,3,0.225,2500.0,90.0,3,2.6355970708016336,1.085750837529916,0.34560189762492727,Doanh thu trung bình cao
fixture-user-3941,25.0,6.0,300.0,22.0,3.0,2.0,1,0.13636363636363635,1000.0,40.0,2,0.020448779079346835,0.987424175304437,0.14043401059775606,Nhóm hành vi còn lại
fixture-user-3942,80.0,2.0,0.0,13.0,0.0,0.0,0,0.0,130.0,15.0,1,-3.8452080923989924,0.04332455321405482,0.6691606922603189,Hoạt động gần nhất cách xa
fixture-user-3943,18.0,9.0,0.0,28.0,13.0,3.0,0,0.4642857142857143,1700.0,70.0,0,1.534830031286699,-1.5309960415171668,0.49554732017099296,Tỷ lệ thêm giỏ/xem cao
fixture-user-3944,13.0,14.0,1020.0,41.0,10.0,6.0,3,0.24390243902439024,2510.0,91.0,3,2.7262823845513653,1.0157588009747183,0.4029662204898221,Doanh thu trung bình cao
fixture-user-3945,26.0,7.0,320.0,23.0,4.0,2.0,1,0.17391304347826086,1010.0,41.0,2,0.2541908963254575,0.8477774875328858,0.17321533289513408,Nhóm hành vi còn lại
fixture-user-3946,81.0,3.0,0.0,14.0,0.0,0.0,0,0.0,140.0,16.0,1,-3.58892156885437,0.07130138670265128,0.7711842983243252,Hoạt động gần nhất cách xa
fixture-user-3947,19.0,10.0,0.0,29.0,14.0,3.0,0,0.4827586206896552,1710.0,71.0,0,1.6472575587743377,-1.5937242188893985,0.5517615405408011,Tỷ lệ thêm giỏ/xem cao
fixture-user-3948,14.0,12.0,1040.0,42.0,8.0,6.0,3,0.19047619047619047,2520.0,92.0,3,2.49670495094491,1.2290037398474845,0.5454645736096191,Doanh thu trung bình cao
fixture-user-3949,27.0,5.0,340.0,24.0,2.0,2.0,1,0.08333333333333333,1020.0,42.0,2,-0.18230360796635595,1.2586072038036613,0.3675912090530475,Nhóm hành vi còn lại
fixture-user-3950,82.0,1.0,0.0,15.0,0.0,0.0,0,0.0,150.0,17.0,1,-3.9196432407459767,0.05669108652696236,0.9282979885680404,Hoạt động gần nhất cách xa
fixture-user-3951,20.0,8.0,0.0,30.0,12.0,3.0,0,0.4,1720.0,72.0,0,1.3793488527403,-1.3100407571216666,0.7263442280480706,Tỷ lệ thêm giỏ/xem cao
fixture-user-3952,15.0,13.0,1060.0,43.0,9.0,6.0,3,0.20930232558139536,2530.0,93.0,3,2.5967783052258118,1.1568322528607358,0.5946167775727039,Doanh thu trung bình cao
fixture-user-3953,28.0,6.0,360.0,25.0,3.0,2.0,1,0.12,1030.0,43.0,2,0.08266019726750658,1.1041566022540645,0.39313910571678706,Nhóm hành vi còn lại
fixture-user-3954,83.0,2.0,0.0,16.0,0.0,0.0,0,0.0,160.0,18.0,1,-3.604202552262844,0.08767912367278557,1.0092869375057245,Hoạt động gần nhất cách xa
fixture-user-3955,21.0,9.0,0.0,31.0,13.0,3.0,0,0.41935483870967744,1730.0,73.0,0,1.501059534575714,-1.376636657189004,0.7749808036540073,Tỷ lệ thêm giỏ/xem cao
fixture-user-3956,16.0,14.0,1080.0,44.0,10.0,6.0,3,0.22727272727272727,2540.0,94.0,3,2.690427951437499,1.0894358139626867,0.6418324646043475,Doanh thu trung bình cao
fixture-user-3957,29.0,7.0,380.0,26.0,4.0,2.0,1,0.15384615384615385,1040.0,44.0,2,0.3086623039800275,0.9723028927926293,0.4212803240192725,Nhóm hành vi còn lại
fixture-user-3958,84.0,3.0,0.0,17.0,0.0,0.0,0,0.0,170.0,19.0,1,-3.3629925377313117,0.11286336793280101,1.0921119219662825,Hoạt động gần nhất cách xa
fixture-user-3959,22.0,10.0,0.0,32.0,14.0,3.0,0,0.4375,1740.0,74.0,0,1.6136201785899058,-1.438893929708042,0.822869682767591,Tỷ lệ thêm giỏ/xem cao
fixture-user-3960,2.0,12.0,800.0,30.0,8.0,6.0,3,0.26666666666666666,2400.0,80.0,3,2.949000201807968,0.9104099322153842,-1.040664161835835,Doanh thu trung bình cao
fixture-user-3961,15.0,5.0,100.0,12.0,2.0,2.0,1,0.16666666666666666,900.0,30.0,2,-0.5125113090819994,0.5888915999238798,-0.9213435417374367,Nhóm hành vi còn lại
fixture-user-3962,70.0,1.0,0.0,3.0,0.0,0.0,0,0.0,30.0,5.0,1,-5.653074755432996,-0.26751935962468665,-1.3948414954693151,Hoạt động gần nhất cách xa
fixture-user-3963,8.0,8.0,0.0,18.0,12.0,3.0,0,0.6666666666666666,1600.0,60.0,0,1.667619505045523,-2.2053810991863303,-0.7744155991773559,Tỷ lệ thêm giỏ/xem cao
fixture-user-3964,3.0,13.0,820.0,31.0,9.0,6.0,3,0.2903225806451613,2410.0,81.0,3,2.9722504279555224,0.8202064154922466,-0.8360402617366788,Doanh thu trung bình cao
fixture-user-3965,16.0,6.0,120.0,13.0,3.0,2.0,1,0.23076923076923078,910.0,31.0,2,-0.18823476857859642,0.3875447576114711,-0.8693490403338631,Nhóm hành vi còn lại
fixture-user-3966,71.0,2.0,0.0,4.0,0.0,0.0,0,0.0,40.0,6.0,1,-5.132931592866225,-0.19697308259203808,-1.0600968999130056,Hoạt động gần nhất cách xa
fixture-user-3967,9.0,9.0,0.0,19.0,13.0,3.0,0,0.6842105263157895,1610.0,61.0,0,1.7765266448407788,-2.263702585114586,-0.6595478640554292,Tỷ lệ thêm giỏ/xem cao
fixture-user-3968,4.0,14.0,840.0,32.0,10.0,6.0,3,0.3125,2420.0,82.0,3,3.01229401895736,0.7383363392983261,-0.6738605748864045,Doanh thu trung bình cao
fixture-user-3969,17.0,7.0,140.0,14.0,4.0,2.0,1,0.2857142857142857,920.0,32.0,2,0.08566905022148885,0.22145490054473832,-0.8127372610551373,Nhóm hành vi còn lại
fixture-user-3970,72.0,3.0,0.0,5.0,0.0,0.0,0,0.0,50.0,7.0,1,-4.734049758831314,-0.1415652227069219,-0.7803874603946023,Hoạt động gần nhất cách xa
fixture-user-3971,10.0,10.0,0.0,20.0,14.0,3.0,0,0.7,1620.0,62.0,0,1.8778157374373483,-2.316152393098142,-0.5521462253135105,Tỷ lệ thêm giỏ/xem cao
fixture-user-3972,5.0,12.0,860.0,33.0,8.0,6.0,3,0.24242424242424243,2430.0,83.0,3,2.7201358279717427,1.0010280153705131,-0.43135310572761704,Doanh thu trung bình cao
fixture-user-3973,18.0,5.0,160.0,15.0,2.0,2.0,1,0.13333333333333333,930.0,33.0,2,-0.416368974045729,0.8413722469868408,-0.5202824835880352,Nhóm hành vi còn lại
fixture-user-3974,73.0,1.0,0.0,6.0,0.0,0.0,0,0.0,60.0,8.0,1,-4.951827114160079,-0.13461517315522942,-0.48185008826089964,Hoạt động gần nhất cách xa
fixture-user-3975,11.0,8.0,0.0,21.0,12.0,3.0,0,0.5714285714285714,1630.0,63.0,0,1.5440020110863266,-1.8916105529499507,-0.2894737393083827,Tỷ lệ thêm giỏ/xem cao
fixture-user-3976,6.0,13.0,880.0,34.0,9.0,6.0,3,0.2647058823529412,2440.0,84.0,3,2.793205514756805,0.9179893295870694,-0.3181395540304275,Doanh thu trung bình cao
fixture-user-3977,19.0,6.0,180.0,16.0,3.0,2.0,1,0.1875,940.0,34.0,2,-0.11506542133983415,0.6524097200437152,-0.47729764843711464,Nhóm hành vi còn lại
fixture-user-3978,74.0,2.0,0.0,7.0,0.0,0.0,0,0.0,70.0,9.0,1,-4.544300503596412,-0.08616879017803282,-0.28512883644029735,Hoạt động gần nhất cách xa
fixture-user-3979,12.0,9.0,0.0,22.0,13.0,3.0,0,0.5909090909090909,1640.0,64.0,0,1.6610803566223118,-1.956635720808595,-0.20216044539729697,Tỷ lệ thêm giỏ/xem cao
fixture-user-3980,7.0,14.0,900.0,35.0,10.0,6.0,3,0.2857142857142857,2450.0,85.0,3,2.865809296514496,0.8413885834551914,-0.21799543117210443,Doanh thu trung bình cao
fixture-user-3981,20.0,7.0,200.0,17.0,4.0,2.0,1,0.23529411764705882,950.0,35.0,2,0.1412081418293925,0.49422871537243757,-0.4309330555436214,Nhóm hành vi còn lại
fixture-user-3982,75.0,3.0,0.0,8.0,0.0,0.0,0,0.0,80.0,10.0,1,-4.226355602128988,-0.04652353682671037,-0.10556235721929748,Hoạt động gần nhất cách xa
fixture-user-3983,13.0,10.0,0.0,23.0,14.0,3.0,0,0.6086956521739131,1650.0,65.0,0,1.769348185040836,-2.015953016612214,-0.1188564273584944,Tỷ lệ thêm giỏ/xem cao
fixture-user-3984,8.0,12.0,920.0,36.0,8.0,6.0,3,0.2222222222222222,2460.0,86.0,3,2.6063737094369293,1.0851522433954928,-0.028162481097520817,Doanh thu trung bình cao
fixture-user-3985,21.0,5.0,220.0,18.0,2.0,2.0,1,0.1111111111111111,960.0,36.0,2,-0.331015161317517,1.017672557566975,-0.18189320559016225,Nhóm hành vi còn lại
fixture-user-3986,76.0,1.0,0.0,9.0,0.0,0.0,0,0.0,90.0,11.0,1,-4.5053809003710175,-0.051404916593935875,0.11674763187868262,Hoạt động gần nhất cách xa
fixture-user-3987,14.0,8.0,0.0,24.0,12.0,3.0,0,0.5,1660.0,66.0,0,1.4649328760198592,-1.6524200575582768,0.10500751195665843,Tỷ lệ thêm giỏ/xem cao
fixture-user-3988,9.0,13.0,940.0,37.0,9.0,6.0,3,0.24324324324324326,2470.0,87.0,3,2.6956818339500837,1.0065237107878025,0.05075676314821963,Doanh thu trung bình cao
fixture-user-3989,22.0,6.0,240.0,19.0,3.0,2.0,1,0.15789473684210525,970.0,37.0,2,-0.045442287582045944,0.842002022281944,-0.14614921568949865,Nhóm hành vi còn lại
fixture-user-3990,77.0,2.0,0.0,10.0,0.0,0.0,0,0.0,100.0,12.0,1,-4.145933218700002,-0.012175282230817307,0.25338192247508057,Hoạt động gần nhất cách xa
fixture-user-3991,15.0,9.0,0.0,25.0,13.0,3.0,0,0.52,1670.0,67.0,0,1.5853970707566725,-1.7197729720568595,0.17473155318197717,Tỷ lệ thêm giỏ/xem cao
fixture-user-3992,10.0,14.0,960.0,38.0,10.0,6.0,3,0.2631578947368421,2480.0,88.0,3,2.7805820478578775,0.9335515526720264,0.12366456013755259,Doanh thu trung bình cao
fixture-user-3993,23.0,7.0,260.0,20.0,4.0,2.0,1,0.2,980.0,38.0,2,0.19806579033115437,0.6934432518431779,-0.10747748554529173,Nhóm hành vi còn lại
fixture-user-3994,78.0,3.0,0.0,11.0,0.0,0.0,0,0.0,110.0,13.0,1,-3.866786492395833,0.020083464757670286,0.3842998554068919,Hoạt động gần nhất cách xa
fixture-user-3995,16.0,10.0,0.0,26.0,14.0,3.0,0,0.5384615384615384,1680.0,68.0,0,1.696701628351615,-1.7818534565886186,0.24216164621576905,Tỷ lệ thêm giỏ/xem cao
fixture-user-3996,11.0,12.0,980.0,39.0,8.0,6.0,3,0.20512820512820512,2490.0,89.0,3,2.539096994000912,1.1608947269527035,0.2849645070861152,Doanh thu trung bình cao
fixture-user-3997,24.0,5.0,280.0,21.0,2.0,2.0,1,0.09523809523809523,990.0,39.0,2,-0.2535021844261599,1.1515543709784555,0.11036450120739257,Nhóm hành vi còn lại
fixture-user-3998,79.0,1.0,0.0,12.0,0.0,0.0,0,0.0,120.0,14.0,1,-4.177806227183311,0.009148059352104415,0.5663777413394052,Hoạt động gần nhất cách xa
fixture-user-3999,17.0,8.0,0.0,27.0,12.0,3.0,0,0.4444444444444444,1690.0,69.0,0,1.4131920056243967,-1.4634770190954087,0.43800042229131814,Tỷ lệ thêm giỏ/xem cao
fixture-user-4000,12.0,13.0,1000.0,40.0,9.0,6.0,3,0.225,2500.0,90.0,3,2.6355970708016336,1.085750837529916,0.34560189762492727,Doanh thu trung bình cao
fixture-user-4001,25.0,6.0,300.0,22.0,3.0,2.0,1,0.13636363636363635,1000.0,40.0,2,0.020448779079346835,0.987424175304437,0.14043401059775606,Nhóm hành vi còn lại
fixture-user-4002,80.0,2.0,0.0,13.0,0.0,0.0,0,0.0,130.0,15.0,1,-3.8452080923989924,0.04332455321405482,0.6691606922603189,Hoạt động gần nhất cách xa
fixture-user-4003,18.0,9.0,0.0,28.0,13.0,3.0,0,0.4642857142857143,1700.0,70.0,0,1.534830031286699,-1.5309960415171668,0.49554732017099296,Tỷ lệ thêm giỏ/xem cao
fixture-user-4004,13.0,14.0,1020.0,41.0,10.0,6.0,3,0.24390243902439024,2510.0,91.0,3,2.7262823845513653,1.0157588009747183,0.4029662204898221,Doanh thu trung bình cao
fixture-user-4005,26.0,7.0,320.0,23.0,4.0,2.0,1,0.17391304347826086,1010.0,41.0,2,0.2541908963254575,0.8477774875328858,0.17321533289513408,Nhóm hành vi còn lại
fixture-user-4006,81.0,3.0,0.0,14.0,0.0,0.0,0,0.0,140.0,16.0,1,-3.58892156885437,0.07130138670265128,0.7711842983243252,Hoạt động gần nhất cách xa
fixture-user-4007,19.0,10.0,0.0,29.0,14.0,3.0,0,0.4827586206896552,1710.0,71.0,0,1.6472575587743377,-1.5937242188893985,0.5517615405408011,Tỷ lệ thêm giỏ/xem cao
fixture-user-4008,14.0,12.0,1040.0,42.0,8.0,6.0,3,0.19047619047619047,2520.0,92.0,3,2.49670495094491,1.2290037398474845,0.5454645736096191,Doanh thu trung bình cao
fixture-user-4009,27.0,5.0,340.0,24.0,2.0,2.0,1,0.08333333333333333,1020.0,42.0,2,-0.18230360796635595,1.2586072038036613,0.3675912090530475,Nhóm hành vi còn lại
fixture-user-4010,82.0,1.0,0.0,15.0,0.0,0.0,0,0.0,150.0,17.0,1,-3.9196432407459767,0.05669108652696236,0.9282979885680404,Hoạt động gần nhất cách xa
fixture-user-4011,20.0,8.0,0.0,30.0,12.0,3.0,0,0.4,1720.0,72.0,0,1.3793488527403,-1.3100407571216666,0.7263442280480706,Tỷ lệ thêm giỏ/xem cao
fixture-user-4012,15.0,13.0,1060.0,43.0,9.0,6.0,3,0.20930232558139536,2530.0,93.0,3,2.5967783052258118,1.1568322528607358,0.5946167775727039,Doanh thu trung bình cao
fixture-user-4013,28.0,6.0,360.0,25.0,3.0,2.0,1,0.12,1030.0,43.0,2,0.08266019726750658,1.1041566022540645,0.39313910571678706,Nhóm hành vi còn lại
fixture-user-4014,83.0,2.0,0.0,16.0,0.0,0.0,0,0.0,160.0,18.0,1,-3.604202552262844,0.08767912367278557,1.0092869375057245,Hoạt động gần nhất cách xa
fixture-user-4015,21.0,9.0,0.0,31.0,13.0,3.0,0,0.41935483870967744,1730.0,73.0,0,1.501059534575714,-1.376636657189004,0.7749808036540073,Tỷ lệ thêm giỏ/xem cao
fixture-user-4016,16.0,14.0,1080.0,44.0,10.0,6.0,3,0.22727272727272727,2540.0,94.0,3,2.690427951437499,1.0894358139626867,0.6418324646043475,Doanh thu trung bình cao
fixture-user-4017,29.0,7.0,380.0,26.0,4.0,2.0,1,0.15384615384615385,1040.0,44.0,2,0.3086623039800275,0.9723028927926293,0.4212803240192725,Nhóm hành vi còn lại
fixture-user-4018,84.0,3.0,0.0,17.0,0.0,0.0,0,0.0,170.0,19.0,1,-3.3629925377313117,0.11286336793280101,1.0921119219662825,Hoạt động gần nhất cách xa
fixture-user-4019,22.0,10.0,0.0,32.0,14.0,3.0,0,0.4375,1740.0,74.0,0,1.6136201785899058,-1.438893929708042,0.822869682767591,Tỷ lệ thêm giỏ/xem cao
fixture-user-4020,2.0,12.0,800.0,30.0,8.0,6.0,3,0.26666666666666666,2400.0,80.0,3,2.949000201807968,0.9104099322153842,-1.040664161835835,Doanh thu trung bình cao
fixture-user-4021,15.0,5.0,100.0,12.0,2.0,2.0,1,0.16666666666666666,900.0,30.0,2,-0.5125113090819994,0.5888915999238798,-0.9213435417374367,Nhóm hành vi còn lại
fixture-user-4022,70.0,1.0,0.0,3.0,0.0,0.0,0,0.0,30.0,5.0,1,-5.653074755432996,-0.26751935962468665,-1.3948414954693151,Hoạt động gần nhất cách xa
fixture-user-4023,8.0,8.0,0.0,18.0,12.0,3.0,0,0.6666666666666666,1600.0,60.0,0,1.667619505045523,-2.2053810991863303,-0.7744155991773559,Tỷ lệ thêm giỏ/xem cao
fixture-user-4024,3.0,13.0,820.0,31.0,9.0,6.0,3,0.2903225806451613,2410.0,81.0,3,2.9722504279555224,0.8202064154922466,-0.8360402617366788,Doanh thu trung bình cao
fixture-user-4025,16.0,6.0,120.0,13.0,3.0,2.0,1,0.23076923076923078,910.0,31.0,2,-0.18823476857859642,0.3875447576114711,-0.8693490403338631,Nhóm hành vi còn lại
fixture-user-4026,71.0,2.0,0.0,4.0,0.0,0.0,0,0.0,40.0,6.0,1,-5.132931592866225,-0.19697308259203808,-1.0600968999130056,Hoạt động gần nhất cách xa
fixture-user-4027,9.0,9.0,0.0,19.0,13.0,3.0,0,0.6842105263157895,1610.0,61.0,0,1.7765266448407788,-2.263702585114586,-0.6595478640554292,Tỷ lệ thêm giỏ/xem cao
fixture-user-4028,4.0,14.0,840.0,32.0,10.0,6.0,3,0.3125,2420.0,82.0,3,3.01229401895736,0.7383363392983261,-0.6738605748864045,Doanh thu trung bình cao
fixture-user-4029,17.0,7.0,140.0,14.0,4.0,2.0,1,0.2857142857142857,920.0,32.0,2,0.08566905022148885,0.22145490054473832,-0.8127372610551373,Nhóm hành vi còn lại
fixture-user-4030,72.0,3.0,0.0,5.0,0.0,0.0,0,0.0,50.0,7.0,1,-4.734049758831314,-0.1415652227069219,-0.7803874603946023,Hoạt động gần nhất cách xa
fixture-user-4031,10.0,10.0,0.0,20.0,14.0,3.0,0,0.7,1620.0,62.0,0,1.8778157374373483,-2.316152393098142,-0.5521462253135105,Tỷ lệ thêm giỏ/xem cao
fixture-user-4032,5.0,12.0,860.0,33.0,8.0,6.0,3,0.24242424242424243,2430.0,83.0,3,2.7201358279717427,1.0010280153705131,-0.43135310572761704,Doanh thu trung bình cao
fixture-user-4033,18.0,5.0,160.0,15.0,2.0,2.0,1,0.13333333333333333,930.0,33.0,2,-0.416368974045729,0.8413722469868408,-0.5202824835880352,Nhóm hành vi còn lại
fixture-user-4034,73.0,1.0,0.0,6.0,0.0,0.0,0,0.0,60.0,8.0,1,-4.951827114160079,-0.13461517315522942,-0.48185008826089964,Hoạt động gần nhất cách xa
fixture-user-4035,11.0,8.0,0.0,21.0,12.0,3.0,0,0.5714285714285714,1630.0,63.0,0,1.5440020110863266,-1.8916105529499507,-0.2894737393083827,Tỷ lệ thêm giỏ/xem cao
fixture-user-4036,6.0,13.0,880.0,34.0,9.0,6.0,3,0.2647058823529412,2440.0,84.0,3,2.793205514756805,0.9179893295870694,-0.3181395540304275,Doanh thu trung bình cao
fixture-user-4037,19.0,6.0,180.0,16.0,3.0,2.0,1,0.1875,940.0,34.0,2,-0.11506542133983415,0.6524097200437152,-0.47729764843711464,Nhóm hành vi còn lại
fixture-user-4038,74.0,2.0,0.0,7.0,0.0,0.0,0,0.0,70.0,9.0,1,-4.544300503596412,-0.08616879017803282,-0.28512883644029735,Hoạt động gần nhất cách xa
fixture-user-4039,12.0,9.0,0.0,22.0,13.0,3.0,0,0.5909090909090909,1640.0,64.0,0,1.6610803566223118,-1.956635720808595,-0.20216044539729697,Tỷ lệ thêm giỏ/xem cao
fixture-user-4040,7.0,14.0,900.0,35.0,10.0,6.0,3,0.2857142857142857,2450.0,85.0,3,2.865809296514496,0.8413885834551914,-0.21799543117210443,Doanh thu trung bình cao
fixture-user-4041,20.0,7.0,200.0,17.0,4.0,2.0,1,0.23529411764705882,950.0,35.0,2,0.1412081418293925,0.49422871537243757,-0.4309330555436214,Nhóm hành vi còn lại
fixture-user-4042,75.0,3.0,0.0,8.0,0.0,0.0,0,0.0,80.0,10.0,1,-4.226355602128988,-0.04652353682671037,-0.10556235721929748,Hoạt động gần nhất cách xa
fixture-user-4043,13.0,10.0,0.0,23.0,14.0,3.0,0,0.6086956521739131,1650.0,65.0,0,1.769348185040836,-2.015953016612214,-0.1188564273584944,Tỷ lệ thêm giỏ/xem cao
fixture-user-4044,8.0,12.0,920.0,36.0,8.0,6.0,3,0.2222222222222222,2460.0,86.0,3,2.6063737094369293,1.0851522433954928,-0.028162481097520817,Doanh thu trung bình cao
fixture-user-4045,21.0,5.0,220.0,18.0,2.0,2.0,1,0.1111111111111111,960.0,36.0,2,-0.331015161317517,1.017672557566975,-0.18189320559016225,Nhóm hành vi còn lại
fixture-user-4046,76.0,1.0,0.0,9.0,0.0,0.0,0,0.0,90.0,11.0,1,-4.5053809003710175,-0.051404916593935875,0.11674763187868262,Hoạt động gần nhất cách xa
fixture-user-4047,14.0,8.0,0.0,24.0,12.0,3.0,0,0.5,1660.0,66.0,0,1.4649328760198592,-1.6524200575582768,0.10500751195665843,Tỷ lệ thêm giỏ/xem cao
fixture-user-4048,9.0,13.0,940.0,37.0,9.0,6.0,3,0.24324324324324326,2470.0,87.0,3,2.6956818339500837,1.0065237107878025,0.05075676314821963,Doanh thu trung bình cao
fixture-user-4049,22.0,6.0,240.0,19.0,3.0,2.0,1,0.15789473684210525,970.0,37.0,2,-0.045442287582045944,0.842002022281944,-0.14614921568949865,Nhóm hành vi còn lại
fixture-user-4050,77.0,2.0,0.0,10.0,0.0,0.0,0,0.0,100.0,12.0,1,-4.145933218700002,-0.012175282230817307,0.25338192247508057,Hoạt động gần nhất cách xa
fixture-user-4051,15.0,9.0,0.0,25.0,13.0,3.0,0,0.52,1670.0,67.0,0,1.5853970707566725,-1.7197729720568595,0.17473155318197717,Tỷ lệ thêm giỏ/xem cao
fixture-user-4052,10.0,14.0,960.0,38.0,10.0,6.0,3,0.2631578947368421,2480.0,88.0,3,2.7805820478578775,0.9335515526720264,0.12366456013755259,Doanh thu trung bình cao
fixture-user-4053,23.0,7.0,260.0,20.0,4.0,2.0,1,0.2,980.0,38.0,2,0.19806579033115437,0.6934432518431779,-0.10747748554529173,Nhóm hành vi còn lại
fixture-user-4054,78.0,3.0,0.0,11.0,0.0,0.0,0,0.0,110.0,13.0,1,-3.866786492395833,0.020083464757670286,0.3842998554068919,Hoạt động gần nhất cách xa
fixture-user-4055,16.0,10.0,0.0,26.0,14.0,3.0,0,0.5384615384615384,1680.0,68.0,0,1.696701628351615,-1.7818534565886186,0.24216164621576905,Tỷ lệ thêm giỏ/xem cao
fixture-user-4056,11.0,12.0,980.0,39.0,8.0,6.0,3,0.20512820512820512,2490.0,89.0,3,2.539096994000912,1.1608947269527035,0.2849645070861152,Doanh thu trung bình cao
fixture-user-4057,24.0,5.0,280.0,21.0,2.0,2.0,1,0.09523809523809523,990.0,39.0,2,-0.2535021844261599,1.1515543709784555,0.11036450120739257,Nhóm hành vi còn lại
fixture-user-4058,79.0,1.0,0.0,12.0,0.0,0.0,0,0.0,120.0,14.0,1,-4.177806227183311,0.009148059352104415,0.5663777413394052,Hoạt động gần nhất cách xa
fixture-user-4059,17.0,8.0,0.0,27.0,12.0,3.0,0,0.4444444444444444,1690.0,69.0,0,1.4131920056243967,-1.4634770190954087,0.43800042229131814,Tỷ lệ thêm giỏ/xem cao
fixture-user-4060,12.0,13.0,1000.0,40.0,9.0,6.0,3,0.225,2500.0,90.0,3,2.6355970708016336,1.085750837529916,0.34560189762492727,Doanh thu trung bình cao
fixture-user-4061,25.0,6.0,300.0,22.0,3.0,2.0,1,0.13636363636363635,1000.0,40.0,2,0.020448779079346835,0.987424175304437,0.14043401059775606,Nhóm hành vi còn lại
fixture-user-4062,80.0,2.0,0.0,13.0,0.0,0.0,0,0.0,130.0,15.0,1,-3.8452080923989924,0.04332455321405482,0.6691606922603189,Hoạt động gần nhất cách xa
fixture-user-4063,18.0,9.0,0.0,28.0,13.0,3.0,0,0.4642857142857143,1700.0,70.0,0,1.534830031286699,-1.5309960415171668,0.49554732017099296,Tỷ lệ thêm giỏ/xem cao
fixture-user-4064,13.0,14.0,1020.0,41.0,10.0,6.0,3,0.24390243902439024,2510.0,91.0,3,2.7262823845513653,1.0157588009747183,0.4029662204898221,Doanh thu trung bình cao
fixture-user-4065,26.0,7.0,320.0,23.0,4.0,2.0,1,0.17391304347826086,1010.0,41.0,2,0.2541908963254575,0.8477774875328858,0.17321533289513408,Nhóm hành vi còn lại
fixture-user-4066,81.0,3.0,0.0,14.0,0.0,0.0,0,0.0,140.0,16.0,1,-3.58892156885437,0.07130138670265128,0.7711842983243252,Hoạt động gần nhất cách xa
fixture-user-4067,19.0,10.0,0.0,29.0,14.0,3.0,0,0.4827586206896552,1710.0,71.0,0,1.6472575587743377,-1.5937242188893985,0.5517615405408011,Tỷ lệ thêm giỏ/xem cao
fixture-user-4068,14.0,12.0,1040.0,42.0,8.0,6.0,3,0.19047619047619047,2520.0,92.0,3,2.49670495094491,1.2290037398474845,0.5454645736096191,Doanh thu trung bình cao
fixture-user-4069,27.0,5.0,340.0,24.0,2.0,2.0,1,0.08333333333333333,1020.0,42.0,2,-0.18230360796635595,1.2586072038036613,0.3675912090530475,Nhóm hành vi còn lại
fixture-user-4070,82.0,1.0,0.0,15.0,0.0,0.0,0,0.0,150.0,17.0,1,-3.9196432407459767,0.05669108652696236,0.9282979885680404,Hoạt động gần nhất cách xa
fixture-user-4071,20.0,8.0,0.0,30.0,12.0,3.0,0,0.4,1720.0,72.0,0,1.3793488527403,-1.3100407571216666,0.7263442280480706,Tỷ lệ thêm giỏ/xem cao
fixture-user-4072,15.0,13.0,1060.0,43.0,9.0,6.0,3,0.20930232558139536,2530.0,93.0,3,2.5967783052258118,1.1568322528607358,0.5946167775727039,Doanh thu trung bình cao
fixture-user-4073,28.0,6.0,360.0,25.0,3.0,2.0,1,0.12,1030.0,43.0,2,0.08266019726750658,1.1041566022540645,0.39313910571678706,Nhóm hành vi còn lại
fixture-user-4074,83.0,2.0,0.0,16.0,0.0,0.0,0,0.0,160.0,18.0,1,-3.604202552262844,0.08767912367278557,1.0092869375057245,Hoạt động gần nhất cách xa
fixture-user-4075,21.0,9.0,0.0,31.0,13.0,3.0,0,0.41935483870967744,1730.0,73.0,0,1.501059534575714,-1.376636657189004,0.7749808036540073,Tỷ lệ thêm giỏ/xem cao
fixture-user-4076,16.0,14.0,1080.0,44.0,10.0,6.0,3,0.22727272727272727,2540.0,94.0,3,2.690427951437499,1.0894358139626867,0.6418324646043475,Doanh thu trung bình cao
fixture-user-4077,29.0,7.0,380.0,26.0,4.0,2.0,1,0.15384615384615385,1040.0,44.0,2,0.3086623039800275,0.9723028927926293,0.4212803240192725,Nhóm hành vi còn lại
fixture-user-4078,84.0,3.0,0.0,17.0,0.0,0.0,0,0.0,170.0,19.0,1,-3.3629925377313117,0.11286336793280101,1.0921119219662825,Hoạt động gần nhất cách xa
fixture-user-4079,22.0,10.0,0.0,32.0,14.0,3.0,0,0.4375,1740.0,74.0,0,1.6136201785899058,-1.438893929708042,0.822869682767591,Tỷ lệ thêm giỏ/xem cao
fixture-user-4080,2.0,12.0,800.0,30.0,8.0,6.0,3,0.26666666666666666,2400.0,80.0,3,2.949000201807968,0.9104099322153842,-1.040664161835835,Doanh thu trung bình cao
fixture-user-4081,15.0,5.0,100.0,12.0,2.0,2.0,1,0.16666666666666666,900.0,30.0,2,-0.5125113090819994,0.5888915999238798,-0.9213435417374367,Nhóm hành vi còn lại
fixture-user-4082,70.0,1.0,0.0,3.0,0.0,0.0,0,0.0,30.0,5.0,1,-5.653074755432996,-0.26751935962468665,-1.3948414954693151,Hoạt động gần nhất cách xa
fixture-user-4083,8.0,8.0,0.0,18.0,12.0,3.0,0,0.6666666666666666,1600.0,60.0,0,1.667619505045523,-2.2053810991863303,-0.7744155991773559,Tỷ lệ thêm giỏ/xem cao
fixture-user-4084,3.0,13.0,820.0,31.0,9.0,6.0,3,0.2903225806451613,2410.0,81.0,3,2.9722504279555224,0.8202064154922466,-0.8360402617366788,Doanh thu trung bình cao
fixture-user-4085,16.0,6.0,120.0,13.0,3.0,2.0,1,0.23076923076923078,910.0,31.0,2,-0.18823476857859642,0.3875447576114711,-0.8693490403338631,Nhóm hành vi còn lại
fixture-user-4086,71.0,2.0,0.0,4.0,0.0,0.0,0,0.0,40.0,6.0,1,-5.132931592866225,-0.19697308259203808,-1.0600968999130056,Hoạt động gần nhất cách xa
fixture-user-4087,9.0,9.0,0.0,19.0,13.0,3.0,0,0.6842105263157895,1610.0,61.0,0,1.7765266448407788,-2.263702585114586,-0.6595478640554292,Tỷ lệ thêm giỏ/xem cao
fixture-user-4088,4.0,14.0,840.0,32.0,10.0,6.0,3,0.3125,2420.0,82.0,3,3.01229401895736,0.7383363392983261,-0.6738605748864045,Doanh thu trung bình cao
fixture-user-4089,17.0,7.0,140.0,14.0,4.0,2.0,1,0.2857142857142857,920.0,32.0,2,0.08566905022148885,0.22145490054473832,-0.8127372610551373,Nhóm hành vi còn lại
fixture-user-4090,72.0,3.0,0.0,5.0,0.0,0.0,0,0.0,50.0,7.0,1,-4.734049758831314,-0.1415652227069219,-0.7803874603946023,Hoạt động gần nhất cách xa
fixture-user-4091,10.0,10.0,0.0,20.0,14.0,3.0,0,0.7,1620.0,62.0,0,1.8778157374373483,-2.316152393098142,-0.5521462253135105,Tỷ lệ thêm giỏ/xem cao
fixture-user-4092,5.0,12.0,860.0,33.0,8.0,6.0,3,0.24242424242424243,2430.0,83.0,3,2.7201358279717427,1.0010280153705131,-0.43135310572761704,Doanh thu trung bình cao
fixture-user-4093,18.0,5.0,160.0,15.0,2.0,2.0,1,0.13333333333333333,930.0,33.0,2,-0.416368974045729,0.8413722469868408,-0.5202824835880352,Nhóm hành vi còn lại
fixture-user-4094,73.0,1.0,0.0,6.0,0.0,0.0,0,0.0,60.0,8.0,1,-4.951827114160079,-0.13461517315522942,-0.48185008826089964,Hoạt động gần nhất cách xa
fixture-user-4095,11.0,8.0,0.0,21.0,12.0,3.0,0,0.5714285714285714,1630.0,63.0,0,1.5440020110863266,-1.8916105529499507,-0.2894737393083827,Tỷ lệ thêm giỏ/xem cao
fixture-user-4096,6.0,13.0,880.0,34.0,9.0,6.0,3,0.2647058823529412,2440.0,84.0,3,2.793205514756805,0.9179893295870694,-0.3181395540304275,Doanh thu trung bình cao
fixture-user-4097,19.0,6.0,180.0,16.0,3.0,2.0,1,0.1875,940.0,34.0,2,-0.11506542133983415,0.6524097200437152,-0.47729764843711464,Nhóm hành vi còn lại
fixture-user-4098,74.0,2.0,0.0,7.0,0.0,0.0,0,0.0,70.0,9.0,1,-4.544300503596412,-0.08616879017803282,-0.28512883644029735,Hoạt động gần nhất cách xa
fixture-user-4099,12.0,9.0,0.0,22.0,13.0,3.0,0,0.5909090909090909,1640.0,64.0,0,1.6610803566223118,-1.956635720808595,-0.20216044539729697,Tỷ lệ thêm giỏ/xem cao
fixture-user-4100,7.0,14.0,900.0,35.0,10.0,6.0,3,0.2857142857142857,2450.0,85.0,3,2.865809296514496,0.8413885834551914,-0.21799543117210443,Doanh thu trung bình cao
fixture-user-4101,20.0,7.0,200.0,17.0,4.0,2.0,1,0.23529411764705882,950.0,35.0,2,0.1412081418293925,0.49422871537243757,-0.4309330555436214,Nhóm hành vi còn lại
fixture-user-4102,75.0,3.0,0.0,8.0,0.0,0.0,0,0.0,80.0,10.0,1,-4.226355602128988,-0.04652353682671037,-0.10556235721929748,Hoạt động gần nhất cách xa
fixture-user-4103,13.0,10.0,0.0,23.0,14.0,3.0,0,0.6086956521739131,1650.0,65.0,0,1.769348185040836,-2.015953016612214,-0.1188564273584944,Tỷ lệ thêm giỏ/xem cao
fixture-user-4104,8.0,12.0,920.0,36.0,8.0,6.0,3,0.2222222222222222,2460.0,86.0,3,2.6063737094369293,1.0851522433954928,-0.028162481097520817,Doanh thu trung bình cao
fixture-user-4105,21.0,5.0,220.0,18.0,2.0,2.0,1,0.1111111111111111,960.0,36.0,2,-0.331015161317517,1.017672557566975,-0.18189320559016225,Nhóm hành vi còn lại
fixture-user-4106,76.0,1.0,0.0,9.0,0.0,0.0,0,0.0,90.0,11.0,1,-4.5053809003710175,-0.051404916593935875,0.11674763187868262,Hoạt động gần nhất cách xa
fixture-user-4107,14.0,8.0,0.0,24.0,12.0,3.0,0,0.5,1660.0,66.0,0,1.4649328760198592,-1.6524200575582768,0.10500751195665843,Tỷ lệ thêm giỏ/xem cao
fixture-user-4108,9.0,13.0,940.0,37.0,9.0,6.0,3,0.24324324324324326,2470.0,87.0,3,2.6956818339500837,1.0065237107878025,0.05075676314821963,Doanh thu trung bình cao
fixture-user-4109,22.0,6.0,240.0,19.0,3.0,2.0,1,0.15789473684210525,970.0,37.0,2,-0.045442287582045944,0.842002022281944,-0.14614921568949865,Nhóm hành vi còn lại
fixture-user-4110,77.0,2.0,0.0,10.0,0.0,0.0,0,0.0,100.0,12.0,1,-4.145933218700002,-0.012175282230817307,0.25338192247508057,Hoạt động gần nhất cách xa
fixture-user-4111,15.0,9.0,0.0,25.0,13.0,3.0,0,0.52,1670.0,67.0,0,1.5853970707566725,-1.7197729720568595,0.17473155318197717,Tỷ lệ thêm giỏ/xem cao
fixture-user-4112,10.0,14.0,960.0,38.0,10.0,6.0,3,0.2631578947368421,2480.0,88.0,3,2.7805820478578775,0.9335515526720264,0.12366456013755259,Doanh thu trung bình cao
fixture-user-4113,23.0,7.0,260.0,20.0,4.0,2.0,1,0.2,980.0,38.0,2,0.19806579033115437,0.6934432518431779,-0.10747748554529173,Nhóm hành vi còn lại
fixture-user-4114,78.0,3.0,0.0,11.0,0.0,0.0,0,0.0,110.0,13.0,1,-3.866786492395833,0.020083464757670286,0.3842998554068919,Hoạt động gần nhất cách xa
fixture-user-4115,16.0,10.0,0.0,26.0,14.0,3.0,0,0.5384615384615384,1680.0,68.0,0,1.696701628351615,-1.7818534565886186,0.24216164621576905,Tỷ lệ thêm giỏ/xem cao
fixture-user-4116,11.0,12.0,980.0,39.0,8.0,6.0,3,0.20512820512820512,2490.0,89.0,3,2.539096994000912,1.1608947269527035,0.2849645070861152,Doanh thu trung bình cao
fixture-user-4117,24.0,5.0,280.0,21.0,2.0,2.0,1,0.09523809523809523,990.0,39.0,2,-0.2535021844261599,1.1515543709784555,0.11036450120739257,Nhóm hành vi còn lại
fixture-user-4118,79.0,1.0,0.0,12.0,0.0,0.0,0,0.0,120.0,14.0,1,-4.177806227183311,0.009148059352104415,0.5663777413394052,Hoạt động gần nhất cách xa
fixture-user-4119,17.0,8.0,0.0,27.0,12.0,3.0,0,0.4444444444444444,1690.0,69.0,0,1.4131920056243967,-1.4634770190954087,0.43800042229131814,Tỷ lệ thêm giỏ/xem cao
fixture-user-4120,12.0,13.0,1000.0,40.0,9.0,6.0,3,0.225,2500.0,90.0,3,2.6355970708016336,1.085750837529916,0.34560189762492727,Doanh thu trung bình cao
fixture-user-4121,25.0,6.0,300.0,22.0,3.0,2.0,1,0.13636363636363635,1000.0,40.0,2,0.020448779079346835,0.987424175304437,0.14043401059775606,Nhóm hành vi còn lại
fixture-user-4122,80.0,2.0,0.0,13.0,0.0,0.0,0,0.0,130.0,15.0,1,-3.8452080923989924,0.04332455321405482,0.6691606922603189,Hoạt động gần nhất cách xa
fixture-user-4123,18.0,9.0,0.0,28.0,13.0,3.0,0,0.4642857142857143,1700.0,70.0,0,1.534830031286699,-1.5309960415171668,0.49554732017099296,Tỷ lệ thêm giỏ/xem cao
fixture-user-4124,13.0,14.0,1020.0,41.0,10.0,6.0,3,0.24390243902439024,2510.0,91.0,3,2.7262823845513653,1.0157588009747183,0.4029662204898221,Doanh thu trung bình cao
fixture-user-4125,26.0,7.0,320.0,23.0,4.0,2.0,1,0.17391304347826086,1010.0,41.0,2,0.2541908963254575,0.8477774875328858,0.17321533289513408,Nhóm hành vi còn lại
fixture-user-4126,81.0,3.0,0.0,14.0,0.0,0.0,0,0.0,140.0,16.0,1,-3.58892156885437,0.07130138670265128,0.7711842983243252,Hoạt động gần nhất cách xa
fixture-user-4127,19.0,10.0,0.0,29.0,14.0,3.0,0,0.4827586206896552,1710.0,71.0,0,1.6472575587743377,-1.5937242188893985,0.5517615405408011,Tỷ lệ thêm giỏ/xem cao
fixture-user-4128,14.0,12.0,1040.0,42.0,8.0,6.0,3,0.19047619047619047,2520.0,92.0,3,2.49670495094491,1.2290037398474845,0.5454645736096191,Doanh thu trung bình cao
fixture-user-4129,27.0,5.0,340.0,24.0,2.0,2.0,1,0.08333333333333333,1020.0,42.0,2,-0.18230360796635595,1.2586072038036613,0.3675912090530475,Nhóm hành vi còn lại
fixture-user-4130,82.0,1.0,0.0,15.0,0.0,0.0,0,0.0,150.0,17.0,1,-3.9196432407459767,0.05669108652696236,0.9282979885680404,Hoạt động gần nhất cách xa
fixture-user-4131,20.0,8.0,0.0,30.0,12.0,3.0,0,0.4,1720.0,72.0,0,1.3793488527403,-1.3100407571216666,0.7263442280480706,Tỷ lệ thêm giỏ/xem cao
fixture-user-4132,15.0,13.0,1060.0,43.0,9.0,6.0,3,0.20930232558139536,2530.0,93.0,3,2.5967783052258118,1.1568322528607358,0.5946167775727039,Doanh thu trung bình cao
fixture-user-4133,28.0,6.0,360.0,25.0,3.0,2.0,1,0.12,1030.0,43.0,2,0.08266019726750658,1.1041566022540645,0.39313910571678706,Nhóm hành vi còn lại
fixture-user-4134,83.0,2.0,0.0,16.0,0.0,0.0,0,0.0,160.0,18.0,1,-3.604202552262844,0.08767912367278557,1.0092869375057245,Hoạt động gần nhất cách xa
fixture-user-4135,21.0,9.0,0.0,31.0,13.0,3.0,0,0.41935483870967744,1730.0,73.0,0,1.501059534575714,-1.376636657189004,0.7749808036540073,Tỷ lệ thêm giỏ/xem cao
fixture-user-4136,16.0,14.0,1080.0,44.0,10.0,6.0,3,0.22727272727272727,2540.0,94.0,3,2.690427951437499,1.0894358139626867,0.6418324646043475,Doanh thu trung bình cao
fixture-user-4137,29.0,7.0,380.0,26.0,4.0,2.0,1,0.15384615384615385,1040.0,44.0,2,0.3086623039800275,0.9723028927926293,0.4212803240192725,Nhóm hành vi còn lại
fixture-user-4138,84.0,3.0,0.0,17.0,0.0,0.0,0,0.0,170.0,19.0,1,-3.3629925377313117,0.11286336793280101,1.0921119219662825,Hoạt động gần nhất cách xa
fixture-user-4139,22.0,10.0,0.0,32.0,14.0,3.0,0,0.4375,1740.0,74.0,0,1.6136201785899058,-1.438893929708042,0.822869682767591,Tỷ lệ thêm giỏ/xem cao
fixture-user-4140,2.0,12.0,800.0,30.0,8.0,6.0,3,0.26666666666666666,2400.0,80.0,3,2.949000201807968,0.9104099322153842,-1.040664161835835,Doanh thu trung bình cao
fixture-user-4141,15.0,5.0,100.0,12.0,2.0,2.0,1,0.16666666666666666,900.0,30.0,2,-0.5125113090819994,0.5888915999238798,-0.9213435417374367,Nhóm hành vi còn lại
fixture-user-4142,70.0,1.0,0.0,3.0,0.0,0.0,0,0.0,30.0,5.0,1,-5.653074755432996,-0.26751935962468665,-1.3948414954693151,Hoạt động gần nhất cách xa
fixture-user-4143,8.0,8.0,0.0,18.0,12.0,3.0,0,0.6666666666666666,1600.0,60.0,0,1.667619505045523,-2.2053810991863303,-0.7744155991773559,Tỷ lệ thêm giỏ/xem cao
fixture-user-4144,3.0,13.0,820.0,31.0,9.0,6.0,3,0.2903225806451613,2410.0,81.0,3,2.9722504279555224,0.8202064154922466,-0.8360402617366788,Doanh thu trung bình cao
fixture-user-4145,16.0,6.0,120.0,13.0,3.0,2.0,1,0.23076923076923078,910.0,31.0,2,-0.18823476857859642,0.3875447576114711,-0.8693490403338631,Nhóm hành vi còn lại
fixture-user-4146,71.0,2.0,0.0,4.0,0.0,0.0,0,0.0,40.0,6.0,1,-5.132931592866225,-0.19697308259203808,-1.0600968999130056,Hoạt động gần nhất cách xa
fixture-user-4147,9.0,9.0,0.0,19.0,13.0,3.0,0,0.6842105263157895,1610.0,61.0,0,1.7765266448407788,-2.263702585114586,-0.6595478640554292,Tỷ lệ thêm giỏ/xem cao
fixture-user-4148,4.0,14.0,840.0,32.0,10.0,6.0,3,0.3125,2420.0,82.0,3,3.01229401895736,0.7383363392983261,-0.6738605748864045,Doanh thu trung bình cao
fixture-user-4149,17.0,7.0,140.0,14.0,4.0,2.0,1,0.2857142857142857,920.0,32.0,2,0.08566905022148885,0.22145490054473832,-0.8127372610551373,Nhóm hành vi còn lại
fixture-user-4150,72.0,3.0,0.0,5.0,0.0,0.0,0,0.0,50.0,7.0,1,-4.734049758831314,-0.1415652227069219,-0.7803874603946023,Hoạt động gần nhất cách xa
fixture-user-4151,10.0,10.0,0.0,20.0,14.0,3.0,0,0.7,1620.0,62.0,0,1.8778157374373483,-2.316152393098142,-0.5521462253135105,Tỷ lệ thêm giỏ/xem cao
fixture-user-4152,5.0,12.0,860.0,33.0,8.0,6.0,3,0.24242424242424243,2430.0,83.0,3,2.7201358279717427,1.0010280153705131,-0.43135310572761704,Doanh thu trung bình cao
fixture-user-4153,18.0,5.0,160.0,15.0,2.0,2.0,1,0.13333333333333333,930.0,33.0,2,-0.416368974045729,0.8413722469868408,-0.5202824835880352,Nhóm hành vi còn lại
fixture-user-4154,73.0,1.0,0.0,6.0,0.0,0.0,0,0.0,60.0,8.0,1,-4.951827114160079,-0.13461517315522942,-0.48185008826089964,Hoạt động gần nhất cách xa
fixture-user-4155,11.0,8.0,0.0,21.0,12.0,3.0,0,0.5714285714285714,1630.0,63.0,0,1.5440020110863266,-1.8916105529499507,-0.2894737393083827,Tỷ lệ thêm giỏ/xem cao
fixture-user-4156,6.0,13.0,880.0,34.0,9.0,6.0,3,0.2647058823529412,2440.0,84.0,3,2.793205514756805,0.9179893295870694,-0.3181395540304275,Doanh thu trung bình cao
fixture-user-4157,19.0,6.0,180.0,16.0,3.0,2.0,1,0.1875,940.0,34.0,2,-0.11506542133983415,0.6524097200437152,-0.47729764843711464,Nhóm hành vi còn lại
fixture-user-4158,74.0,2.0,0.0,7.0,0.0,0.0,0,0.0,70.0,9.0,1,-4.544300503596412,-0.08616879017803282,-0.28512883644029735,Hoạt động gần nhất cách xa
fixture-user-4159,12.0,9.0,0.0,22.0,13.0,3.0,0,0.5909090909090909,1640.0,64.0,0,1.6610803566223118,-1.956635720808595,-0.20216044539729697,Tỷ lệ thêm giỏ/xem cao
fixture-user-4160,7.0,14.0,900.0,35.0,10.0,6.0,3,0.2857142857142857,2450.0,85.0,3,2.865809296514496,0.8413885834551914,-0.21799543117210443,Doanh thu trung bình cao
fixture-user-4161,20.0,7.0,200.0,17.0,4.0,2.0,1,0.23529411764705882,950.0,35.0,2,0.1412081418293925,0.49422871537243757,-0.4309330555436214,Nhóm hành vi còn lại
fixture-user-4162,75.0,3.0,0.0,8.0,0.0,0.0,0,0.0,80.0,10.0,1,-4.226355602128988,-0.04652353682671037,-0.10556235721929748,Hoạt động gần nhất cách xa
fixture-user-4163,13.0,10.0,0.0,23.0,14.0,3.0,0,0.6086956521739131,1650.0,65.0,0,1.769348185040836,-2.015953016612214,-0.1188564273584944,Tỷ lệ thêm giỏ/xem cao
fixture-user-4164,8.0,12.0,920.0,36.0,8.0,6.0,3,0.2222222222222222,2460.0,86.0,3,2.6063737094369293,1.0851522433954928,-0.028162481097520817,Doanh thu trung bình cao
fixture-user-4165,21.0,5.0,220.0,18.0,2.0,2.0,1,0.1111111111111111,960.0,36.0,2,-0.331015161317517,1.017672557566975,-0.18189320559016225,Nhóm hành vi còn lại
fixture-user-4166,76.0,1.0,0.0,9.0,0.0,0.0,0,0.0,90.0,11.0,1,-4.5053809003710175,-0.051404916593935875,0.11674763187868262,Hoạt động gần nhất cách xa
fixture-user-4167,14.0,8.0,0.0,24.0,12.0,3.0,0,0.5,1660.0,66.0,0,1.4649328760198592,-1.6524200575582768,0.10500751195665843,Tỷ lệ thêm giỏ/xem cao
fixture-user-4168,9.0,13.0,940.0,37.0,9.0,6.0,3,0.24324324324324326,2470.0,87.0,3,2.6956818339500837,1.0065237107878025,0.05075676314821963,Doanh thu trung bình cao
fixture-user-4169,22.0,6.0,240.0,19.0,3.0,2.0,1,0.15789473684210525,970.0,37.0,2,-0.045442287582045944,0.842002022281944,-0.14614921568949865,Nhóm hành vi còn lại
fixture-user-4170,77.0,2.0,0.0,10.0,0.0,0.0,0,0.0,100.0,12.0,1,-4.145933218700002,-0.012175282230817307,0.25338192247508057,Hoạt động gần nhất cách xa
fixture-user-4171,15.0,9.0,0.0,25.0,13.0,3.0,0,0.52,1670.0,67.0,0,1.5853970707566725,-1.7197729720568595,0.17473155318197717,Tỷ lệ thêm giỏ/xem cao
fixture-user-4172,10.0,14.0,960.0,38.0,10.0,6.0,3,0.2631578947368421,2480.0,88.0,3,2.7805820478578775,0.9335515526720264,0.12366456013755259,Doanh thu trung bình cao
fixture-user-4173,23.0,7.0,260.0,20.0,4.0,2.0,1,0.2,980.0,38.0,2,0.19806579033115437,0.6934432518431779,-0.10747748554529173,Nhóm hành vi còn lại
fixture-user-4174,78.0,3.0,0.0,11.0,0.0,0.0,0,0.0,110.0,13.0,1,-3.866786492395833,0.020083464757670286,0.3842998554068919,Hoạt động gần nhất cách xa
fixture-user-4175,16.0,10.0,0.0,26.0,14.0,3.0,0,0.5384615384615384,1680.0,68.0,0,1.696701628351615,-1.7818534565886186,0.24216164621576905,Tỷ lệ thêm giỏ/xem cao
fixture-user-4176,11.0,12.0,980.0,39.0,8.0,6.0,3,0.20512820512820512,2490.0,89.0,3,2.539096994000912,1.1608947269527035,0.2849645070861152,Doanh thu trung bình cao
fixture-user-4177,24.0,5.0,280.0,21.0,2.0,2.0,1,0.09523809523809523,990.0,39.0,2,-0.2535021844261599,1.1515543709784555,0.11036450120739257,Nhóm hành vi còn lại
fixture-user-4178,79.0,1.0,0.0,12.0,0.0,0.0,0,0.0,120.0,14.0,1,-4.177806227183311,0.009148059352104415,0.5663777413394052,Hoạt động gần nhất cách xa
fixture-user-4179,17.0,8.0,0.0,27.0,12.0,3.0,0,0.4444444444444444,1690.0,69.0,0,1.4131920056243967,-1.4634770190954087,0.43800042229131814,Tỷ lệ thêm giỏ/xem cao
fixture-user-4180,12.0,13.0,1000.0,40.0,9.0,6.0,3,0.225,2500.0,90.0,3,2.6355970708016336,1.085750837529916,0.34560189762492727,Doanh thu trung bình cao
fixture-user-4181,25.0,6.0,300.0,22.0,3.0,2.0,1,0.13636363636363635,1000.0,40.0,2,0.020448779079346835,0.987424175304437,0.14043401059775606,Nhóm hành vi còn lại
fixture-user-4182,80.0,2.0,0.0,13.0,0.0,0.0,0,0.0,130.0,15.0,1,-3.8452080923989924,0.04332455321405482,0.6691606922603189,Hoạt động gần nhất cách xa
fixture-user-4183,18.0,9.0,0.0,28.0,13.0,3.0,0,0.4642857142857143,1700.0,70.0,0,1.534830031286699,-1.5309960415171668,0.49554732017099296,Tỷ lệ thêm giỏ/xem cao
fixture-user-4184,13.0,14.0,1020.0,41.0,10.0,6.0,3,0.24390243902439024,2510.0,91.0,3,2.7262823845513653,1.0157588009747183,0.4029662204898221,Doanh thu trung bình cao
fixture-user-4185,26.0,7.0,320.0,23.0,4.0,2.0,1,0.17391304347826086,1010.0,41.0,2,0.2541908963254575,0.8477774875328858,0.17321533289513408,Nhóm hành vi còn lại
fixture-user-4186,81.0,3.0,0.0,14.0,0.0,0.0,0,0.0,140.0,16.0,1,-3.58892156885437,0.07130138670265128,0.7711842983243252,Hoạt động gần nhất cách xa
fixture-user-4187,19.0,10.0,0.0,29.0,14.0,3.0,0,0.4827586206896552,1710.0,71.0,0,1.6472575587743377,-1.5937242188893985,0.5517615405408011,Tỷ lệ thêm giỏ/xem cao
fixture-user-4188,14.0,12.0,1040.0,42.0,8.0,6.0,3,0.19047619047619047,2520.0,92.0,3,2.49670495094491,1.2290037398474845,0.5454645736096191,Doanh thu trung bình cao
fixture-user-4189,27.0,5.0,340.0,24.0,2.0,2.0,1,0.08333333333333333,1020.0,42.0,2,-0.18230360796635595,1.2586072038036613,0.3675912090530475,Nhóm hành vi còn lại
fixture-user-4190,82.0,1.0,0.0,15.0,0.0,0.0,0,0.0,150.0,17.0,1,-3.9196432407459767,0.05669108652696236,0.9282979885680404,Hoạt động gần nhất cách xa
fixture-user-4191,20.0,8.0,0.0,30.0,12.0,3.0,0,0.4,1720.0,72.0,0,1.3793488527403,-1.3100407571216666,0.7263442280480706,Tỷ lệ thêm giỏ/xem cao
fixture-user-4192,15.0,13.0,1060.0,43.0,9.0,6.0,3,0.20930232558139536,2530.0,93.0,3,2.5967783052258118,1.1568322528607358,0.5946167775727039,Doanh thu trung bình cao
fixture-user-4193,28.0,6.0,360.0,25.0,3.0,2.0,1,0.12,1030.0,43.0,2,0.08266019726750658,1.1041566022540645,0.39313910571678706,Nhóm hành vi còn lại
fixture-user-4194,83.0,2.0,0.0,16.0,0.0,0.0,0,0.0,160.0,18.0,1,-3.604202552262844,0.08767912367278557,1.0092869375057245,Hoạt động gần nhất cách xa
fixture-user-4195,21.0,9.0,0.0,31.0,13.0,3.0,0,0.41935483870967744,1730.0,73.0,0,1.501059534575714,-1.376636657189004,0.7749808036540073,Tỷ lệ thêm giỏ/xem cao
fixture-user-4196,16.0,14.0,1080.0,44.0,10.0,6.0,3,0.22727272727272727,2540.0,94.0,3,2.690427951437499,1.0894358139626867,0.6418324646043475,Doanh thu trung bình cao
fixture-user-4197,29.0,7.0,380.0,26.0,4.0,2.0,1,0.15384615384615385,1040.0,44.0,2,0.3086623039800275,0.9723028927926293,0.4212803240192725,Nhóm hành vi còn lại
fixture-user-4198,84.0,3.0,0.0,17.0,0.0,0.0,0,0.0,170.0,19.0,1,-3.3629925377313117,0.11286336793280101,1.0921119219662825,Hoạt động gần nhất cách xa
fixture-user-4199,22.0,10.0,0.0,32.0,14.0,3.0,0,0.4375,1740.0,74.0,0,1.6136201785899058,-1.438893929708042,0.822869682767591,Tỷ lệ thêm giỏ/xem cao
fixture-user-4200,2.0,12.0,800.0,30.0,8.0,6.0,3,0.26666666666666666,2400.0,80.0,3,2.949000201807968,0.9104099322153842,-1.040664161835835,Doanh thu trung bình cao
fixture-user-4201,15.0,5.0,100.0,12.0,2.0,2.0,1,0.16666666666666666,900.0,30.0,2,-0.5125113090819994,0.5888915999238798,-0.9213435417374367,Nhóm hành vi còn lại
fixture-user-4202,70.0,1.0,0.0,3.0,0.0,0.0,0,0.0,30.0,5.0,1,-5.653074755432996,-0.26751935962468665,-1.3948414954693151,Hoạt động gần nhất cách xa
fixture-user-4203,8.0,8.0,0.0,18.0,12.0,3.0,0,0.6666666666666666,1600.0,60.0,0,1.667619505045523,-2.2053810991863303,-0.7744155991773559,Tỷ lệ thêm giỏ/xem cao
fixture-user-4204,3.0,13.0,820.0,31.0,9.0,6.0,3,0.2903225806451613,2410.0,81.0,3,2.9722504279555224,0.8202064154922466,-0.8360402617366788,Doanh thu trung bình cao
fixture-user-4205,16.0,6.0,120.0,13.0,3.0,2.0,1,0.23076923076923078,910.0,31.0,2,-0.18823476857859642,0.3875447576114711,-0.8693490403338631,Nhóm hành vi còn lại
fixture-user-4206,71.0,2.0,0.0,4.0,0.0,0.0,0,0.0,40.0,6.0,1,-5.132931592866225,-0.19697308259203808,-1.0600968999130056,Hoạt động gần nhất cách xa
fixture-user-4207,9.0,9.0,0.0,19.0,13.0,3.0,0,0.6842105263157895,1610.0,61.0,0,1.7765266448407788,-2.263702585114586,-0.6595478640554292,Tỷ lệ thêm giỏ/xem cao
fixture-user-4208,4.0,14.0,840.0,32.0,10.0,6.0,3,0.3125,2420.0,82.0,3,3.01229401895736,0.7383363392983261,-0.6738605748864045,Doanh thu trung bình cao
fixture-user-4209,17.0,7.0,140.0,14.0,4.0,2.0,1,0.2857142857142857,920.0,32.0,2,0.08566905022148885,0.22145490054473832,-0.8127372610551373,Nhóm hành vi còn lại
fixture-user-4210,72.0,3.0,0.0,5.0,0.0,0.0,0,0.0,50.0,7.0,1,-4.734049758831314,-0.1415652227069219,-0.7803874603946023,Hoạt động gần nhất cách xa
fixture-user-4211,10.0,10.0,0.0,20.0,14.0,3.0,0,0.7,1620.0,62.0,0,1.8778157374373483,-2.316152393098142,-0.5521462253135105,Tỷ lệ thêm giỏ/xem cao
fixture-user-4212,5.0,12.0,860.0,33.0,8.0,6.0,3,0.24242424242424243,2430.0,83.0,3,2.7201358279717427,1.0010280153705131,-0.43135310572761704,Doanh thu trung bình cao
fixture-user-4213,18.0,5.0,160.0,15.0,2.0,2.0,1,0.13333333333333333,930.0,33.0,2,-0.416368974045729,0.8413722469868408,-0.5202824835880352,Nhóm hành vi còn lại
fixture-user-4214,73.0,1.0,0.0,6.0,0.0,0.0,0,0.0,60.0,8.0,1,-4.951827114160079,-0.13461517315522942,-0.48185008826089964,Hoạt động gần nhất cách xa
fixture-user-4215,11.0,8.0,0.0,21.0,12.0,3.0,0,0.5714285714285714,1630.0,63.0,0,1.5440020110863266,-1.8916105529499507,-0.2894737393083827,Tỷ lệ thêm giỏ/xem cao
fixture-user-4216,6.0,13.0,880.0,34.0,9.0,6.0,3,0.2647058823529412,2440.0,84.0,3,2.793205514756805,0.9179893295870694,-0.3181395540304275,Doanh thu trung bình cao
fixture-user-4217,19.0,6.0,180.0,16.0,3.0,2.0,1,0.1875,940.0,34.0,2,-0.11506542133983415,0.6524097200437152,-0.47729764843711464,Nhóm hành vi còn lại
fixture-user-4218,74.0,2.0,0.0,7.0,0.0,0.0,0,0.0,70.0,9.0,1,-4.544300503596412,-0.08616879017803282,-0.28512883644029735,Hoạt động gần nhất cách xa
fixture-user-4219,12.0,9.0,0.0,22.0,13.0,3.0,0,0.5909090909090909,1640.0,64.0,0,1.6610803566223118,-1.956635720808595,-0.20216044539729697,Tỷ lệ thêm giỏ/xem cao
fixture-user-4220,7.0,14.0,900.0,35.0,10.0,6.0,3,0.2857142857142857,2450.0,85.0,3,2.865809296514496,0.8413885834551914,-0.21799543117210443,Doanh thu trung bình cao
fixture-user-4221,20.0,7.0,200.0,17.0,4.0,2.0,1,0.23529411764705882,950.0,35.0,2,0.1412081418293925,0.49422871537243757,-0.4309330555436214,Nhóm hành vi còn lại
fixture-user-4222,75.0,3.0,0.0,8.0,0.0,0.0,0,0.0,80.0,10.0,1,-4.226355602128988,-0.04652353682671037,-0.10556235721929748,Hoạt động gần nhất cách xa
fixture-user-4223,13.0,10.0,0.0,23.0,14.0,3.0,0,0.6086956521739131,1650.0,65.0,0,1.769348185040836,-2.015953016612214,-0.1188564273584944,Tỷ lệ thêm giỏ/xem cao
fixture-user-4224,8.0,12.0,920.0,36.0,8.0,6.0,3,0.2222222222222222,2460.0,86.0,3,2.6063737094369293,1.0851522433954928,-0.028162481097520817,Doanh thu trung bình cao
fixture-user-4225,21.0,5.0,220.0,18.0,2.0,2.0,1,0.1111111111111111,960.0,36.0,2,-0.331015161317517,1.017672557566975,-0.18189320559016225,Nhóm hành vi còn lại
fixture-user-4226,76.0,1.0,0.0,9.0,0.0,0.0,0,0.0,90.0,11.0,1,-4.5053809003710175,-0.051404916593935875,0.11674763187868262,Hoạt động gần nhất cách xa
fixture-user-4227,14.0,8.0,0.0,24.0,12.0,3.0,0,0.5,1660.0,66.0,0,1.4649328760198592,-1.6524200575582768,0.10500751195665843,Tỷ lệ thêm giỏ/xem cao
fixture-user-4228,9.0,13.0,940.0,37.0,9.0,6.0,3,0.24324324324324326,2470.0,87.0,3,2.6956818339500837,1.0065237107878025,0.05075676314821963,Doanh thu trung bình cao
fixture-user-4229,22.0,6.0,240.0,19.0,3.0,2.0,1,0.15789473684210525,970.0,37.0,2,-0.045442287582045944,0.842002022281944,-0.14614921568949865,Nhóm hành vi còn lại
fixture-user-4230,77.0,2.0,0.0,10.0,0.0,0.0,0,0.0,100.0,12.0,1,-4.145933218700002,-0.012175282230817307,0.25338192247508057,Hoạt động gần nhất cách xa
fixture-user-4231,15.0,9.0,0.0,25.0,13.0,3.0,0,0.52,1670.0,67.0,0,1.5853970707566725,-1.7197729720568595,0.17473155318197717,Tỷ lệ thêm giỏ/xem cao
fixture-user-4232,10.0,14.0,960.0,38.0,10.0,6.0,3,0.2631578947368421,2480.0,88.0,3,2.7805820478578775,0.9335515526720264,0.12366456013755259,Doanh thu trung bình cao
fixture-user-4233,23.0,7.0,260.0,20.0,4.0,2.0,1,0.2,980.0,38.0,2,0.19806579033115437,0.6934432518431779,-0.10747748554529173,Nhóm hành vi còn lại
fixture-user-4234,78.0,3.0,0.0,11.0,0.0,0.0,0,0.0,110.0,13.0,1,-3.866786492395833,0.020083464757670286,0.3842998554068919,Hoạt động gần nhất cách xa
fixture-user-4235,16.0,10.0,0.0,26.0,14.0,3.0,0,0.5384615384615384,1680.0,68.0,0,1.696701628351615,-1.7818534565886186,0.24216164621576905,Tỷ lệ thêm giỏ/xem cao
fixture-user-4236,11.0,12.0,980.0,39.0,8.0,6.0,3,0.20512820512820512,2490.0,89.0,3,2.539096994000912,1.1608947269527035,0.2849645070861152,Doanh thu trung bình cao
fixture-user-4237,24.0,5.0,280.0,21.0,2.0,2.0,1,0.09523809523809523,990.0,39.0,2,-0.2535021844261599,1.1515543709784555,0.11036450120739257,Nhóm hành vi còn lại
fixture-user-4238,79.0,1.0,0.0,12.0,0.0,0.0,0,0.0,120.0,14.0,1,-4.177806227183311,0.009148059352104415,0.5663777413394052,Hoạt động gần nhất cách xa
fixture-user-4239,17.0,8.0,0.0,27.0,12.0,3.0,0,0.4444444444444444,1690.0,69.0,0,1.4131920056243967,-1.4634770190954087,0.43800042229131814,Tỷ lệ thêm giỏ/xem cao
fixture-user-4240,12.0,13.0,1000.0,40.0,9.0,6.0,3,0.225,2500.0,90.0,3,2.6355970708016336,1.085750837529916,0.34560189762492727,Doanh thu trung bình cao
fixture-user-4241,25.0,6.0,300.0,22.0,3.0,2.0,1,0.13636363636363635,1000.0,40.0,2,0.020448779079346835,0.987424175304437,0.14043401059775606,Nhóm hành vi còn lại
fixture-user-4242,80.0,2.0,0.0,13.0,0.0,0.0,0,0.0,130.0,15.0,1,-3.8452080923989924,0.04332455321405482,0.6691606922603189,Hoạt động gần nhất cách xa
fixture-user-4243,18.0,9.0,0.0,28.0,13.0,3.0,0,0.4642857142857143,1700.0,70.0,0,1.534830031286699,-1.5309960415171668,0.49554732017099296,Tỷ lệ thêm giỏ/xem cao
fixture-user-4244,13.0,14.0,1020.0,41.0,10.0,6.0,3,0.24390243902439024,2510.0,91.0,3,2.7262823845513653,1.0157588009747183,0.4029662204898221,Doanh thu trung bình cao
fixture-user-4245,26.0,7.0,320.0,23.0,4.0,2.0,1,0.17391304347826086,1010.0,41.0,2,0.2541908963254575,0.8477774875328858,0.17321533289513408,Nhóm hành vi còn lại
fixture-user-4246,81.0,3.0,0.0,14.0,0.0,0.0,0,0.0,140.0,16.0,1,-3.58892156885437,0.07130138670265128,0.7711842983243252,Hoạt động gần nhất cách xa
fixture-user-4247,19.0,10.0,0.0,29.0,14.0,3.0,0,0.4827586206896552,1710.0,71.0,0,1.6472575587743377,-1.5937242188893985,0.5517615405408011,Tỷ lệ thêm giỏ/xem cao
fixture-user-4248,14.0,12.0,1040.0,42.0,8.0,6.0,3,0.19047619047619047,2520.0,92.0,3,2.49670495094491,1.2290037398474845,0.5454645736096191,Doanh thu trung bình cao
fixture-user-4249,27.0,5.0,340.0,24.0,2.0,2.0,1,0.08333333333333333,1020.0,42.0,2,-0.18230360796635595,1.2586072038036613,0.3675912090530475,Nhóm hành vi còn lại
fixture-user-4250,82.0,1.0,0.0,15.0,0.0,0.0,0,0.0,150.0,17.0,1,-3.9196432407459767,0.05669108652696236,0.9282979885680404,Hoạt động gần nhất cách xa
fixture-user-4251,20.0,8.0,0.0,30.0,12.0,3.0,0,0.4,1720.0,72.0,0,1.3793488527403,-1.3100407571216666,0.7263442280480706,Tỷ lệ thêm giỏ/xem cao
fixture-user-4252,15.0,13.0,1060.0,43.0,9.0,6.0,3,0.20930232558139536,2530.0,93.0,3,2.5967783052258118,1.1568322528607358,0.5946167775727039,Doanh thu trung bình cao
fixture-user-4253,28.0,6.0,360.0,25.0,3.0,2.0,1,0.12,1030.0,43.0,2,0.08266019726750658,1.1041566022540645,0.39313910571678706,Nhóm hành vi còn lại
fixture-user-4254,83.0,2.0,0.0,16.0,0.0,0.0,0,0.0,160.0,18.0,1,-3.604202552262844,0.08767912367278557,1.0092869375057245,Hoạt động gần nhất cách xa
fixture-user-4255,21.0,9.0,0.0,31.0,13.0,3.0,0,0.41935483870967744,1730.0,73.0,0,1.501059534575714,-1.376636657189004,0.7749808036540073,Tỷ lệ thêm giỏ/xem cao
fixture-user-4256,16.0,14.0,1080.0,44.0,10.0,6.0,3,0.22727272727272727,2540.0,94.0,3,2.690427951437499,1.0894358139626867,0.6418324646043475,Doanh thu trung bình cao
fixture-user-4257,29.0,7.0,380.0,26.0,4.0,2.0,1,0.15384615384615385,1040.0,44.0,2,0.3086623039800275,0.9723028927926293,0.4212803240192725,Nhóm hành vi còn lại
fixture-user-4258,84.0,3.0,0.0,17.0,0.0,0.0,0,0.0,170.0,19.0,1,-3.3629925377313117,0.11286336793280101,1.0921119219662825,Hoạt động gần nhất cách xa
fixture-user-4259,22.0,10.0,0.0,32.0,14.0,3.0,0,0.4375,1740.0,74.0,0,1.6136201785899058,-1.438893929708042,0.822869682767591,Tỷ lệ thêm giỏ/xem cao
fixture-user-4260,2.0,12.0,800.0,30.0,8.0,6.0,3,0.26666666666666666,2400.0,80.0,3,2.949000201807968,0.9104099322153842,-1.040664161835835,Doanh thu trung bình cao
fixture-user-4261,15.0,5.0,100.0,12.0,2.0,2.0,1,0.16666666666666666,900.0,30.0,2,-0.5125113090819994,0.5888915999238798,-0.9213435417374367,Nhóm hành vi còn lại
fixture-user-4262,70.0,1.0,0.0,3.0,0.0,0.0,0,0.0,30.0,5.0,1,-5.653074755432996,-0.26751935962468665,-1.3948414954693151,Hoạt động gần nhất cách xa
fixture-user-4263,8.0,8.0,0.0,18.0,12.0,3.0,0,0.6666666666666666,1600.0,60.0,0,1.667619505045523,-2.2053810991863303,-0.7744155991773559,Tỷ lệ thêm giỏ/xem cao
fixture-user-4264,3.0,13.0,820.0,31.0,9.0,6.0,3,0.2903225806451613,2410.0,81.0,3,2.9722504279555224,0.8202064154922466,-0.8360402617366788,Doanh thu trung bình cao
fixture-user-4265,16.0,6.0,120.0,13.0,3.0,2.0,1,0.23076923076923078,910.0,31.0,2,-0.18823476857859642,0.3875447576114711,-0.8693490403338631,Nhóm hành vi còn lại
fixture-user-4266,71.0,2.0,0.0,4.0,0.0,0.0,0,0.0,40.0,6.0,1,-5.132931592866225,-0.19697308259203808,-1.0600968999130056,Hoạt động gần nhất cách xa
fixture-user-4267,9.0,9.0,0.0,19.0,13.0,3.0,0,0.6842105263157895,1610.0,61.0,0,1.7765266448407788,-2.263702585114586,-0.6595478640554292,Tỷ lệ thêm giỏ/xem cao
fixture-user-4268,4.0,14.0,840.0,32.0,10.0,6.0,3,0.3125,2420.0,82.0,3,3.01229401895736,0.7383363392983261,-0.6738605748864045,Doanh thu trung bình cao
fixture-user-4269,17.0,7.0,140.0,14.0,4.0,2.0,1,0.2857142857142857,920.0,32.0,2,0.08566905022148885,0.22145490054473832,-0.8127372610551373,Nhóm hành vi còn lại
fixture-user-4270,72.0,3.0,0.0,5.0,0.0,0.0,0,0.0,50.0,7.0,1,-4.734049758831314,-0.1415652227069219,-0.7803874603946023,Hoạt động gần nhất cách xa
fixture-user-4271,10.0,10.0,0.0,20.0,14.0,3.0,0,0.7,1620.0,62.0,0,1.8778157374373483,-2.316152393098142,-0.5521462253135105,Tỷ lệ thêm giỏ/xem cao
fixture-user-4272,5.0,12.0,860.0,33.0,8.0,6.0,3,0.24242424242424243,2430.0,83.0,3,2.7201358279717427,1.0010280153705131,-0.43135310572761704,Doanh thu trung bình cao
fixture-user-4273,18.0,5.0,160.0,15.0,2.0,2.0,1,0.13333333333333333,930.0,33.0,2,-0.416368974045729,0.8413722469868408,-0.5202824835880352,Nhóm hành vi còn lại
fixture-user-4274,73.0,1.0,0.0,6.0,0.0,0.0,0,0.0,60.0,8.0,1,-4.951827114160079,-0.13461517315522942,-0.48185008826089964,Hoạt động gần nhất cách xa
fixture-user-4275,11.0,8.0,0.0,21.0,12.0,3.0,0,0.5714285714285714,1630.0,63.0,0,1.5440020110863266,-1.8916105529499507,-0.2894737393083827,Tỷ lệ thêm giỏ/xem cao
fixture-user-4276,6.0,13.0,880.0,34.0,9.0,6.0,3,0.2647058823529412,2440.0,84.0,3,2.793205514756805,0.9179893295870694,-0.3181395540304275,Doanh thu trung bình cao
fixture-user-4277,19.0,6.0,180.0,16.0,3.0,2.0,1,0.1875,940.0,34.0,2,-0.11506542133983415,0.6524097200437152,-0.47729764843711464,Nhóm hành vi còn lại
fixture-user-4278,74.0,2.0,0.0,7.0,0.0,0.0,0,0.0,70.0,9.0,1,-4.544300503596412,-0.08616879017803282,-0.28512883644029735,Hoạt động gần nhất cách xa
fixture-user-4279,12.0,9.0,0.0,22.0,13.0,3.0,0,0.5909090909090909,1640.0,64.0,0,1.6610803566223118,-1.956635720808595,-0.20216044539729697,Tỷ lệ thêm giỏ/xem cao
fixture-user-4280,7.0,14.0,900.0,35.0,10.0,6.0,3,0.2857142857142857,2450.0,85.0,3,2.865809296514496,0.8413885834551914,-0.21799543117210443,Doanh thu trung bình cao
fixture-user-4281,20.0,7.0,200.0,17.0,4.0,2.0,1,0.23529411764705882,950.0,35.0,2,0.1412081418293925,0.49422871537243757,-0.4309330555436214,Nhóm hành vi còn lại
fixture-user-4282,75.0,3.0,0.0,8.0,0.0,0.0,0,0.0,80.0,10.0,1,-4.226355602128988,-0.04652353682671037,-0.10556235721929748,Hoạt động gần nhất cách xa
fixture-user-4283,13.0,10.0,0.0,23.0,14.0,3.0,0,0.6086956521739131,1650.0,65.0,0,1.769348185040836,-2.015953016612214,-0.1188564273584944,Tỷ lệ thêm giỏ/xem cao
fixture-user-4284,8.0,12.0,920.0,36.0,8.0,6.0,3,0.2222222222222222,2460.0,86.0,3,2.6063737094369293,1.0851522433954928,-0.028162481097520817,Doanh thu trung bình cao
fixture-user-4285,21.0,5.0,220.0,18.0,2.0,2.0,1,0.1111111111111111,960.0,36.0,2,-0.331015161317517,1.017672557566975,-0.18189320559016225,Nhóm hành vi còn lại
fixture-user-4286,76.0,1.0,0.0,9.0,0.0,0.0,0,0.0,90.0,11.0,1,-4.5053809003710175,-0.051404916593935875,0.11674763187868262,Hoạt động gần nhất cách xa
fixture-user-4287,14.0,8.0,0.0,24.0,12.0,3.0,0,0.5,1660.0,66.0,0,1.4649328760198592,-1.6524200575582768,0.10500751195665843,Tỷ lệ thêm giỏ/xem cao
fixture-user-4288,9.0,13.0,940.0,37.0,9.0,6.0,3,0.24324324324324326,2470.0,87.0,3,2.6956818339500837,1.0065237107878025,0.05075676314821963,Doanh thu trung bình cao
fixture-user-4289,22.0,6.0,240.0,19.0,3.0,2.0,1,0.15789473684210525,970.0,37.0,2,-0.045442287582045944,0.842002022281944,-0.14614921568949865,Nhóm hành vi còn lại
fixture-user-4290,77.0,2.0,0.0,10.0,0.0,0.0,0,0.0,100.0,12.0,1,-4.145933218700002,-0.012175282230817307,0.25338192247508057,Hoạt động gần nhất cách xa
fixture-user-4291,15.0,9.0,0.0,25.0,13.0,3.0,0,0.52,1670.0,67.0,0,1.5853970707566725,-1.7197729720568595,0.17473155318197717,Tỷ lệ thêm giỏ/xem cao
fixture-user-4292,10.0,14.0,960.0,38.0,10.0,6.0,3,0.2631578947368421,2480.0,88.0,3,2.7805820478578775,0.9335515526720264,0.12366456013755259,Doanh thu trung bình cao
fixture-user-4293,23.0,7.0,260.0,20.0,4.0,2.0,1,0.2,980.0,38.0,2,0.19806579033115437,0.6934432518431779,-0.10747748554529173,Nhóm hành vi còn lại
fixture-user-4294,78.0,3.0,0.0,11.0,0.0,0.0,0,0.0,110.0,13.0,1,-3.866786492395833,0.020083464757670286,0.3842998554068919,Hoạt động gần nhất cách xa
fixture-user-4295,16.0,10.0,0.0,26.0,14.0,3.0,0,0.5384615384615384,1680.0,68.0,0,1.696701628351615,-1.7818534565886186,0.24216164621576905,Tỷ lệ thêm giỏ/xem cao
fixture-user-4296,11.0,12.0,980.0,39.0,8.0,6.0,3,0.20512820512820512,2490.0,89.0,3,2.539096994000912,1.1608947269527035,0.2849645070861152,Doanh thu trung bình cao
fixture-user-4297,24.0,5.0,280.0,21.0,2.0,2.0,1,0.09523809523809523,990.0,39.0,2,-0.2535021844261599,1.1515543709784555,0.11036450120739257,Nhóm hành vi còn lại
fixture-user-4298,79.0,1.0,0.0,12.0,0.0,0.0,0,0.0,120.0,14.0,1,-4.177806227183311,0.009148059352104415,0.5663777413394052,Hoạt động gần nhất cách xa
fixture-user-4299,17.0,8.0,0.0,27.0,12.0,3.0,0,0.4444444444444444,1690.0,69.0,0,1.4131920056243967,-1.4634770190954087,0.43800042229131814,Tỷ lệ thêm giỏ/xem cao
fixture-user-4300,12.0,13.0,1000.0,40.0,9.0,6.0,3,0.225,2500.0,90.0,3,2.6355970708016336,1.085750837529916,0.34560189762492727,Doanh thu trung bình cao
fixture-user-4301,25.0,6.0,300.0,22.0,3.0,2.0,1,0.13636363636363635,1000.0,40.0,2,0.020448779079346835,0.987424175304437,0.14043401059775606,Nhóm hành vi còn lại
fixture-user-4302,80.0,2.0,0.0,13.0,0.0,0.0,0,0.0,130.0,15.0,1,-3.8452080923989924,0.04332455321405482,0.6691606922603189,Hoạt động gần nhất cách xa
fixture-user-4303,18.0,9.0,0.0,28.0,13.0,3.0,0,0.4642857142857143,1700.0,70.0,0,1.534830031286699,-1.5309960415171668,0.49554732017099296,Tỷ lệ thêm giỏ/xem cao
fixture-user-4304,13.0,14.0,1020.0,41.0,10.0,6.0,3,0.24390243902439024,2510.0,91.0,3,2.7262823845513653,1.0157588009747183,0.4029662204898221,Doanh thu trung bình cao
fixture-user-4305,26.0,7.0,320.0,23.0,4.0,2.0,1,0.17391304347826086,1010.0,41.0,2,0.2541908963254575,0.8477774875328858,0.17321533289513408,Nhóm hành vi còn lại
fixture-user-4306,81.0,3.0,0.0,14.0,0.0,0.0,0,0.0,140.0,16.0,1,-3.58892156885437,0.07130138670265128,0.7711842983243252,Hoạt động gần nhất cách xa
fixture-user-4307,19.0,10.0,0.0,29.0,14.0,3.0,0,0.4827586206896552,1710.0,71.0,0,1.6472575587743377,-1.5937242188893985,0.5517615405408011,Tỷ lệ thêm giỏ/xem cao
fixture-user-4308,14.0,12.0,1040.0,42.0,8.0,6.0,3,0.19047619047619047,2520.0,92.0,3,2.49670495094491,1.2290037398474845,0.5454645736096191,Doanh thu trung bình cao
fixture-user-4309,27.0,5.0,340.0,24.0,2.0,2.0,1,0.08333333333333333,1020.0,42.0,2,-0.18230360796635595,1.2586072038036613,0.3675912090530475,Nhóm hành vi còn lại
fixture-user-4310,82.0,1.0,0.0,15.0,0.0,0.0,0,0.0,150.0,17.0,1,-3.9196432407459767,0.05669108652696236,0.9282979885680404,Hoạt động gần nhất cách xa
fixture-user-4311,20.0,8.0,0.0,30.0,12.0,3.0,0,0.4,1720.0,72.0,0,1.3793488527403,-1.3100407571216666,0.7263442280480706,Tỷ lệ thêm giỏ/xem cao
fixture-user-4312,15.0,13.0,1060.0,43.0,9.0,6.0,3,0.20930232558139536,2530.0,93.0,3,2.5967783052258118,1.1568322528607358,0.5946167775727039,Doanh thu trung bình cao
fixture-user-4313,28.0,6.0,360.0,25.0,3.0,2.0,1,0.12,1030.0,43.0,2,0.08266019726750658,1.1041566022540645,0.39313910571678706,Nhóm hành vi còn lại
fixture-user-4314,83.0,2.0,0.0,16.0,0.0,0.0,0,0.0,160.0,18.0,1,-3.604202552262844,0.08767912367278557,1.0092869375057245,Hoạt động gần nhất cách xa
fixture-user-4315,21.0,9.0,0.0,31.0,13.0,3.0,0,0.41935483870967744,1730.0,73.0,0,1.501059534575714,-1.376636657189004,0.7749808036540073,Tỷ lệ thêm giỏ/xem cao
fixture-user-4316,16.0,14.0,1080.0,44.0,10.0,6.0,3,0.22727272727272727,2540.0,94.0,3,2.690427951437499,1.0894358139626867,0.6418324646043475,Doanh thu trung bình cao
fixture-user-4317,29.0,7.0,380.0,26.0,4.0,2.0,1,0.15384615384615385,1040.0,44.0,2,0.3086623039800275,0.9723028927926293,0.4212803240192725,Nhóm hành vi còn lại
fixture-user-4318,84.0,3.0,0.0,17.0,0.0,0.0,0,0.0,170.0,19.0,1,-3.3629925377313117,0.11286336793280101,1.0921119219662825,Hoạt động gần nhất cách xa
fixture-user-4319,22.0,10.0,0.0,32.0,14.0,3.0,0,0.4375,1740.0,74.0,0,1.6136201785899058,-1.438893929708042,0.822869682767591,Tỷ lệ thêm giỏ/xem cao
fixture-user-4320,2.0,12.0,800.0,30.0,8.0,6.0,3,0.26666666666666666,2400.0,80.0,3,2.949000201807968,0.9104099322153842,-1.040664161835835,Doanh thu trung bình cao
fixture-user-4321,15.0,5.0,100.0,12.0,2.0,2.0,1,0.16666666666666666,900.0,30.0,2,-0.5125113090819994,0.5888915999238798,-0.9213435417374367,Nhóm hành vi còn lại
fixture-user-4322,70.0,1.0,0.0,3.0,0.0,0.0,0,0.0,30.0,5.0,1,-5.653074755432996,-0.26751935962468665,-1.3948414954693151,Hoạt động gần nhất cách xa
fixture-user-4323,8.0,8.0,0.0,18.0,12.0,3.0,0,0.6666666666666666,1600.0,60.0,0,1.667619505045523,-2.2053810991863303,-0.7744155991773559,Tỷ lệ thêm giỏ/xem cao
fixture-user-4324,3.0,13.0,820.0,31.0,9.0,6.0,3,0.2903225806451613,2410.0,81.0,3,2.9722504279555224,0.8202064154922466,-0.8360402617366788,Doanh thu trung bình cao
fixture-user-4325,16.0,6.0,120.0,13.0,3.0,2.0,1,0.23076923076923078,910.0,31.0,2,-0.18823476857859642,0.3875447576114711,-0.8693490403338631,Nhóm hành vi còn lại
fixture-user-4326,71.0,2.0,0.0,4.0,0.0,0.0,0,0.0,40.0,6.0,1,-5.132931592866225,-0.19697308259203808,-1.0600968999130056,Hoạt động gần nhất cách xa
fixture-user-4327,9.0,9.0,0.0,19.0,13.0,3.0,0,0.6842105263157895,1610.0,61.0,0,1.7765266448407788,-2.263702585114586,-0.6595478640554292,Tỷ lệ thêm giỏ/xem cao
fixture-user-4328,4.0,14.0,840.0,32.0,10.0,6.0,3,0.3125,2420.0,82.0,3,3.01229401895736,0.7383363392983261,-0.6738605748864045,Doanh thu trung bình cao
fixture-user-4329,17.0,7.0,140.0,14.0,4.0,2.0,1,0.2857142857142857,920.0,32.0,2,0.08566905022148885,0.22145490054473832,-0.8127372610551373,Nhóm hành vi còn lại
fixture-user-4330,72.0,3.0,0.0,5.0,0.0,0.0,0,0.0,50.0,7.0,1,-4.734049758831314,-0.1415652227069219,-0.7803874603946023,Hoạt động gần nhất cách xa
fixture-user-4331,10.0,10.0,0.0,20.0,14.0,3.0,0,0.7,1620.0,62.0,0,1.8778157374373483,-2.316152393098142,-0.5521462253135105,Tỷ lệ thêm giỏ/xem cao
fixture-user-4332,5.0,12.0,860.0,33.0,8.0,6.0,3,0.24242424242424243,2430.0,83.0,3,2.7201358279717427,1.0010280153705131,-0.43135310572761704,Doanh thu trung bình cao
fixture-user-4333,18.0,5.0,160.0,15.0,2.0,2.0,1,0.13333333333333333,930.0,33.0,2,-0.416368974045729,0.8413722469868408,-0.5202824835880352,Nhóm hành vi còn lại
fixture-user-4334,73.0,1.0,0.0,6.0,0.0,0.0,0,0.0,60.0,8.0,1,-4.951827114160079,-0.13461517315522942,-0.48185008826089964,Hoạt động gần nhất cách xa
fixture-user-4335,11.0,8.0,0.0,21.0,12.0,3.0,0,0.5714285714285714,1630.0,63.0,0,1.5440020110863266,-1.8916105529499507,-0.2894737393083827,Tỷ lệ thêm giỏ/xem cao
fixture-user-4336,6.0,13.0,880.0,34.0,9.0,6.0,3,0.2647058823529412,2440.0,84.0,3,2.793205514756805,0.9179893295870694,-0.3181395540304275,Doanh thu trung bình cao
fixture-user-4337,19.0,6.0,180.0,16.0,3.0,2.0,1,0.1875,940.0,34.0,2,-0.11506542133983415,0.6524097200437152,-0.47729764843711464,Nhóm hành vi còn lại
fixture-user-4338,74.0,2.0,0.0,7.0,0.0,0.0,0,0.0,70.0,9.0,1,-4.544300503596412,-0.08616879017803282,-0.28512883644029735,Hoạt động gần nhất cách xa
fixture-user-4339,12.0,9.0,0.0,22.0,13.0,3.0,0,0.5909090909090909,1640.0,64.0,0,1.6610803566223118,-1.956635720808595,-0.20216044539729697,Tỷ lệ thêm giỏ/xem cao
fixture-user-4340,7.0,14.0,900.0,35.0,10.0,6.0,3,0.2857142857142857,2450.0,85.0,3,2.865809296514496,0.8413885834551914,-0.21799543117210443,Doanh thu trung bình cao
fixture-user-4341,20.0,7.0,200.0,17.0,4.0,2.0,1,0.23529411764705882,950.0,35.0,2,0.1412081418293925,0.49422871537243757,-0.4309330555436214,Nhóm hành vi còn lại
fixture-user-4342,75.0,3.0,0.0,8.0,0.0,0.0,0,0.0,80.0,10.0,1,-4.226355602128988,-0.04652353682671037,-0.10556235721929748,Hoạt động gần nhất cách xa
fixture-user-4343,13.0,10.0,0.0,23.0,14.0,3.0,0,0.6086956521739131,1650.0,65.0,0,1.769348185040836,-2.015953016612214,-0.1188564273584944,Tỷ lệ thêm giỏ/xem cao
fixture-user-4344,8.0,12.0,920.0,36.0,8.0,6.0,3,0.2222222222222222,2460.0,86.0,3,2.6063737094369293,1.0851522433954928,-0.028162481097520817,Doanh thu trung bình cao
fixture-user-4345,21.0,5.0,220.0,18.0,2.0,2.0,1,0.1111111111111111,960.0,36.0,2,-0.331015161317517,1.017672557566975,-0.18189320559016225,Nhóm hành vi còn lại
fixture-user-4346,76.0,1.0,0.0,9.0,0.0,0.0,0,0.0,90.0,11.0,1,-4.5053809003710175,-0.051404916593935875,0.11674763187868262,Hoạt động gần nhất cách xa
fixture-user-4347,14.0,8.0,0.0,24.0,12.0,3.0,0,0.5,1660.0,66.0,0,1.4649328760198592,-1.6524200575582768,0.10500751195665843,Tỷ lệ thêm giỏ/xem cao
fixture-user-4348,9.0,13.0,940.0,37.0,9.0,6.0,3,0.24324324324324326,2470.0,87.0,3,2.6956818339500837,1.0065237107878025,0.05075676314821963,Doanh thu trung bình cao
fixture-user-4349,22.0,6.0,240.0,19.0,3.0,2.0,1,0.15789473684210525,970.0,37.0,2,-0.045442287582045944,0.842002022281944,-0.14614921568949865,Nhóm hành vi còn lại
fixture-user-4350,77.0,2.0,0.0,10.0,0.0,0.0,0,0.0,100.0,12.0,1,-4.145933218700002,-0.012175282230817307,0.25338192247508057,Hoạt động gần nhất cách xa
fixture-user-4351,15.0,9.0,0.0,25.0,13.0,3.0,0,0.52,1670.0,67.0,0,1.5853970707566725,-1.7197729720568595,0.17473155318197717,Tỷ lệ thêm giỏ/xem cao
fixture-user-4352,10.0,14.0,960.0,38.0,10.0,6.0,3,0.2631578947368421,2480.0,88.0,3,2.7805820478578775,0.9335515526720264,0.12366456013755259,Doanh thu trung bình cao
fixture-user-4353,23.0,7.0,260.0,20.0,4.0,2.0,1,0.2,980.0,38.0,2,0.19806579033115437,0.6934432518431779,-0.10747748554529173,Nhóm hành vi còn lại
fixture-user-4354,78.0,3.0,0.0,11.0,0.0,0.0,0,0.0,110.0,13.0,1,-3.866786492395833,0.020083464757670286,0.3842998554068919,Hoạt động gần nhất cách xa
fixture-user-4355,16.0,10.0,0.0,26.0,14.0,3.0,0,0.5384615384615384,1680.0,68.0,0,1.696701628351615,-1.7818534565886186,0.24216164621576905,Tỷ lệ thêm giỏ/xem cao
fixture-user-4356,11.0,12.0,980.0,39.0,8.0,6.0,3,0.20512820512820512,2490.0,89.0,3,2.539096994000912,1.1608947269527035,0.2849645070861152,Doanh thu trung bình cao
fixture-user-4357,24.0,5.0,280.0,21.0,2.0,2.0,1,0.09523809523809523,990.0,39.0,2,-0.2535021844261599,1.1515543709784555,0.11036450120739257,Nhóm hành vi còn lại
fixture-user-4358,79.0,1.0,0.0,12.0,0.0,0.0,0,0.0,120.0,14.0,1,-4.177806227183311,0.009148059352104415,0.5663777413394052,Hoạt động gần nhất cách xa
fixture-user-4359,17.0,8.0,0.0,27.0,12.0,3.0,0,0.4444444444444444,1690.0,69.0,0,1.4131920056243967,-1.4634770190954087,0.43800042229131814,Tỷ lệ thêm giỏ/xem cao
fixture-user-4360,12.0,13.0,1000.0,40.0,9.0,6.0,3,0.225,2500.0,90.0,3,2.6355970708016336,1.085750837529916,0.34560189762492727,Doanh thu trung bình cao
fixture-user-4361,25.0,6.0,300.0,22.0,3.0,2.0,1,0.13636363636363635,1000.0,40.0,2,0.020448779079346835,0.987424175304437,0.14043401059775606,Nhóm hành vi còn lại
fixture-user-4362,80.0,2.0,0.0,13.0,0.0,0.0,0,0.0,130.0,15.0,1,-3.8452080923989924,0.04332455321405482,0.6691606922603189,Hoạt động gần nhất cách xa
fixture-user-4363,18.0,9.0,0.0,28.0,13.0,3.0,0,0.4642857142857143,1700.0,70.0,0,1.534830031286699,-1.5309960415171668,0.49554732017099296,Tỷ lệ thêm giỏ/xem cao
fixture-user-4364,13.0,14.0,1020.0,41.0,10.0,6.0,3,0.24390243902439024,2510.0,91.0,3,2.7262823845513653,1.0157588009747183,0.4029662204898221,Doanh thu trung bình cao
fixture-user-4365,26.0,7.0,320.0,23.0,4.0,2.0,1,0.17391304347826086,1010.0,41.0,2,0.2541908963254575,0.8477774875328858,0.17321533289513408,Nhóm hành vi còn lại
fixture-user-4366,81.0,3.0,0.0,14.0,0.0,0.0,0,0.0,140.0,16.0,1,-3.58892156885437,0.07130138670265128,0.7711842983243252,Hoạt động gần nhất cách xa
fixture-user-4367,19.0,10.0,0.0,29.0,14.0,3.0,0,0.4827586206896552,1710.0,71.0,0,1.6472575587743377,-1.5937242188893985,0.5517615405408011,Tỷ lệ thêm giỏ/xem cao
fixture-user-4368,14.0,12.0,1040.0,42.0,8.0,6.0,3,0.19047619047619047,2520.0,92.0,3,2.49670495094491,1.2290037398474845,0.5454645736096191,Doanh thu trung bình cao
fixture-user-4369,27.0,5.0,340.0,24.0,2.0,2.0,1,0.08333333333333333,1020.0,42.0,2,-0.18230360796635595,1.2586072038036613,0.3675912090530475,Nhóm hành vi còn lại
fixture-user-4370,82.0,1.0,0.0,15.0,0.0,0.0,0,0.0,150.0,17.0,1,-3.9196432407459767,0.05669108652696236,0.9282979885680404,Hoạt động gần nhất cách xa
fixture-user-4371,20.0,8.0,0.0,30.0,12.0,3.0,0,0.4,1720.0,72.0,0,1.3793488527403,-1.3100407571216666,0.7263442280480706,Tỷ lệ thêm giỏ/xem cao
fixture-user-4372,15.0,13.0,1060.0,43.0,9.0,6.0,3,0.20930232558139536,2530.0,93.0,3,2.5967783052258118,1.1568322528607358,0.5946167775727039,Doanh thu trung bình cao
fixture-user-4373,28.0,6.0,360.0,25.0,3.0,2.0,1,0.12,1030.0,43.0,2,0.08266019726750658,1.1041566022540645,0.39313910571678706,Nhóm hành vi còn lại
fixture-user-4374,83.0,2.0,0.0,16.0,0.0,0.0,0,0.0,160.0,18.0,1,-3.604202552262844,0.08767912367278557,1.0092869375057245,Hoạt động gần nhất cách xa
fixture-user-4375,21.0,9.0,0.0,31.0,13.0,3.0,0,0.41935483870967744,1730.0,73.0,0,1.501059534575714,-1.376636657189004,0.7749808036540073,Tỷ lệ thêm giỏ/xem cao
fixture-user-4376,16.0,14.0,1080.0,44.0,10.0,6.0,3,0.22727272727272727,2540.0,94.0,3,2.690427951437499,1.0894358139626867,0.6418324646043475,Doanh thu trung bình cao
fixture-user-4377,29.0,7.0,380.0,26.0,4.0,2.0,1,0.15384615384615385,1040.0,44.0,2,0.3086623039800275,0.9723028927926293,0.4212803240192725,Nhóm hành vi còn lại
fixture-user-4378,84.0,3.0,0.0,17.0,0.0,0.0,0,0.0,170.0,19.0,1,-3.3629925377313117,0.11286336793280101,1.0921119219662825,Hoạt động gần nhất cách xa
fixture-user-4379,22.0,10.0,0.0,32.0,14.0,3.0,0,0.4375,1740.0,74.0,0,1.6136201785899058,-1.438893929708042,0.822869682767591,Tỷ lệ thêm giỏ/xem cao
fixture-user-4380,2.0,12.0,800.0,30.0,8.0,6.0,3,0.26666666666666666,2400.0,80.0,3,2.949000201807968,0.9104099322153842,-1.040664161835835,Doanh thu trung bình cao
fixture-user-4381,15.0,5.0,100.0,12.0,2.0,2.0,1,0.16666666666666666,900.0,30.0,2,-0.5125113090819994,0.5888915999238798,-0.9213435417374367,Nhóm hành vi còn lại
fixture-user-4382,70.0,1.0,0.0,3.0,0.0,0.0,0,0.0,30.0,5.0,1,-5.653074755432996,-0.26751935962468665,-1.3948414954693151,Hoạt động gần nhất cách xa
fixture-user-4383,8.0,8.0,0.0,18.0,12.0,3.0,0,0.6666666666666666,1600.0,60.0,0,1.667619505045523,-2.2053810991863303,-0.7744155991773559,Tỷ lệ thêm giỏ/xem cao
fixture-user-4384,3.0,13.0,820.0,31.0,9.0,6.0,3,0.2903225806451613,2410.0,81.0,3,2.9722504279555224,0.8202064154922466,-0.8360402617366788,Doanh thu trung bình cao
fixture-user-4385,16.0,6.0,120.0,13.0,3.0,2.0,1,0.23076923076923078,910.0,31.0,2,-0.18823476857859642,0.3875447576114711,-0.8693490403338631,Nhóm hành vi còn lại
fixture-user-4386,71.0,2.0,0.0,4.0,0.0,0.0,0,0.0,40.0,6.0,1,-5.132931592866225,-0.19697308259203808,-1.0600968999130056,Hoạt động gần nhất cách xa
fixture-user-4387,9.0,9.0,0.0,19.0,13.0,3.0,0,0.6842105263157895,1610.0,61.0,0,1.7765266448407788,-2.263702585114586,-0.6595478640554292,Tỷ lệ thêm giỏ/xem cao
fixture-user-4388,4.0,14.0,840.0,32.0,10.0,6.0,3,0.3125,2420.0,82.0,3,3.01229401895736,0.7383363392983261,-0.6738605748864045,Doanh thu trung bình cao
fixture-user-4389,17.0,7.0,140.0,14.0,4.0,2.0,1,0.2857142857142857,920.0,32.0,2,0.08566905022148885,0.22145490054473832,-0.8127372610551373,Nhóm hành vi còn lại
fixture-user-4390,72.0,3.0,0.0,5.0,0.0,0.0,0,0.0,50.0,7.0,1,-4.734049758831314,-0.1415652227069219,-0.7803874603946023,Hoạt động gần nhất cách xa
fixture-user-4391,10.0,10.0,0.0,20.0,14.0,3.0,0,0.7,1620.0,62.0,0,1.8778157374373483,-2.316152393098142,-0.5521462253135105,Tỷ lệ thêm giỏ/xem cao
fixture-user-4392,5.0,12.0,860.0,33.0,8.0,6.0,3,0.24242424242424243,2430.0,83.0,3,2.7201358279717427,1.0010280153705131,-0.43135310572761704,Doanh thu trung bình cao
fixture-user-4393,18.0,5.0,160.0,15.0,2.0,2.0,1,0.13333333333333333,930.0,33.0,2,-0.416368974045729,0.8413722469868408,-0.5202824835880352,Nhóm hành vi còn lại
fixture-user-4394,73.0,1.0,0.0,6.0,0.0,0.0,0,0.0,60.0,8.0,1,-4.951827114160079,-0.13461517315522942,-0.48185008826089964,Hoạt động gần nhất cách xa
fixture-user-4395,11.0,8.0,0.0,21.0,12.0,3.0,0,0.5714285714285714,1630.0,63.0,0,1.5440020110863266,-1.8916105529499507,-0.2894737393083827,Tỷ lệ thêm giỏ/xem cao
fixture-user-4396,6.0,13.0,880.0,34.0,9.0,6.0,3,0.2647058823529412,2440.0,84.0,3,2.793205514756805,0.9179893295870694,-0.3181395540304275,Doanh thu trung bình cao
fixture-user-4397,19.0,6.0,180.0,16.0,3.0,2.0,1,0.1875,940.0,34.0,2,-0.11506542133983415,0.6524097200437152,-0.47729764843711464,Nhóm hành vi còn lại
fixture-user-4398,74.0,2.0,0.0,7.0,0.0,0.0,0,0.0,70.0,9.0,1,-4.544300503596412,-0.08616879017803282,-0.28512883644029735,Hoạt động gần nhất cách xa
fixture-user-4399,12.0,9.0,0.0,22.0,13.0,3.0,0,0.5909090909090909,1640.0,64.0,0,1.6610803566223118,-1.956635720808595,-0.20216044539729697,Tỷ lệ thêm giỏ/xem cao
fixture-user-4400,7.0,14.0,900.0,35.0,10.0,6.0,3,0.2857142857142857,2450.0,85.0,3,2.865809296514496,0.8413885834551914,-0.21799543117210443,Doanh thu trung bình cao
fixture-user-4401,20.0,7.0,200.0,17.0,4.0,2.0,1,0.23529411764705882,950.0,35.0,2,0.1412081418293925,0.49422871537243757,-0.4309330555436214,Nhóm hành vi còn lại
fixture-user-4402,75.0,3.0,0.0,8.0,0.0,0.0,0,0.0,80.0,10.0,1,-4.226355602128988,-0.04652353682671037,-0.10556235721929748,Hoạt động gần nhất cách xa
fixture-user-4403,13.0,10.0,0.0,23.0,14.0,3.0,0,0.6086956521739131,1650.0,65.0,0,1.769348185040836,-2.015953016612214,-0.1188564273584944,Tỷ lệ thêm giỏ/xem cao
fixture-user-4404,8.0,12.0,920.0,36.0,8.0,6.0,3,0.2222222222222222,2460.0,86.0,3,2.6063737094369293,1.0851522433954928,-0.028162481097520817,Doanh thu trung bình cao
fixture-user-4405,21.0,5.0,220.0,18.0,2.0,2.0,1,0.1111111111111111,960.0,36.0,2,-0.331015161317517,1.017672557566975,-0.18189320559016225,Nhóm hành vi còn lại
fixture-user-4406,76.0,1.0,0.0,9.0,0.0,0.0,0,0.0,90.0,11.0,1,-4.5053809003710175,-0.051404916593935875,0.11674763187868262,Hoạt động gần nhất cách xa
fixture-user-4407,14.0,8.0,0.0,24.0,12.0,3.0,0,0.5,1660.0,66.0,0,1.4649328760198592,-1.6524200575582768,0.10500751195665843,Tỷ lệ thêm giỏ/xem cao
fixture-user-4408,9.0,13.0,940.0,37.0,9.0,6.0,3,0.24324324324324326,2470.0,87.0,3,2.6956818339500837,1.0065237107878025,0.05075676314821963,Doanh thu trung bình cao
fixture-user-4409,22.0,6.0,240.0,19.0,3.0,2.0,1,0.15789473684210525,970.0,37.0,2,-0.045442287582045944,0.842002022281944,-0.14614921568949865,Nhóm hành vi còn lại
fixture-user-4410,77.0,2.0,0.0,10.0,0.0,0.0,0,0.0,100.0,12.0,1,-4.145933218700002,-0.012175282230817307,0.25338192247508057,Hoạt động gần nhất cách xa
fixture-user-4411,15.0,9.0,0.0,25.0,13.0,3.0,0,0.52,1670.0,67.0,0,1.5853970707566725,-1.7197729720568595,0.17473155318197717,Tỷ lệ thêm giỏ/xem cao
fixture-user-4412,10.0,14.0,960.0,38.0,10.0,6.0,3,0.2631578947368421,2480.0,88.0,3,2.7805820478578775,0.9335515526720264,0.12366456013755259,Doanh thu trung bình cao
fixture-user-4413,23.0,7.0,260.0,20.0,4.0,2.0,1,0.2,980.0,38.0,2,0.19806579033115437,0.6934432518431779,-0.10747748554529173,Nhóm hành vi còn lại
fixture-user-4414,78.0,3.0,0.0,11.0,0.0,0.0,0,0.0,110.0,13.0,1,-3.866786492395833,0.020083464757670286,0.3842998554068919,Hoạt động gần nhất cách xa
fixture-user-4415,16.0,10.0,0.0,26.0,14.0,3.0,0,0.5384615384615384,1680.0,68.0,0,1.696701628351615,-1.7818534565886186,0.24216164621576905,Tỷ lệ thêm giỏ/xem cao
fixture-user-4416,11.0,12.0,980.0,39.0,8.0,6.0,3,0.20512820512820512,2490.0,89.0,3,2.539096994000912,1.1608947269527035,0.2849645070861152,Doanh thu trung bình cao
fixture-user-4417,24.0,5.0,280.0,21.0,2.0,2.0,1,0.09523809523809523,990.0,39.0,2,-0.2535021844261599,1.1515543709784555,0.11036450120739257,Nhóm hành vi còn lại
fixture-user-4418,79.0,1.0,0.0,12.0,0.0,0.0,0,0.0,120.0,14.0,1,-4.177806227183311,0.009148059352104415,0.5663777413394052,Hoạt động gần nhất cách xa
fixture-user-4419,17.0,8.0,0.0,27.0,12.0,3.0,0,0.4444444444444444,1690.0,69.0,0,1.4131920056243967,-1.4634770190954087,0.43800042229131814,Tỷ lệ thêm giỏ/xem cao
fixture-user-4420,12.0,13.0,1000.0,40.0,9.0,6.0,3,0.225,2500.0,90.0,3,2.6355970708016336,1.085750837529916,0.34560189762492727,Doanh thu trung bình cao
fixture-user-4421,25.0,6.0,300.0,22.0,3.0,2.0,1,0.13636363636363635,1000.0,40.0,2,0.020448779079346835,0.987424175304437,0.14043401059775606,Nhóm hành vi còn lại
fixture-user-4422,80.0,2.0,0.0,13.0,0.0,0.0,0,0.0,130.0,15.0,1,-3.8452080923989924,0.04332455321405482,0.6691606922603189,Hoạt động gần nhất cách xa
fixture-user-4423,18.0,9.0,0.0,28.0,13.0,3.0,0,0.4642857142857143,1700.0,70.0,0,1.534830031286699,-1.5309960415171668,0.49554732017099296,Tỷ lệ thêm giỏ/xem cao
fixture-user-4424,13.0,14.0,1020.0,41.0,10.0,6.0,3,0.24390243902439024,2510.0,91.0,3,2.7262823845513653,1.0157588009747183,0.4029662204898221,Doanh thu trung bình cao
fixture-user-4425,26.0,7.0,320.0,23.0,4.0,2.0,1,0.17391304347826086,1010.0,41.0,2,0.2541908963254575,0.8477774875328858,0.17321533289513408,Nhóm hành vi còn lại
fixture-user-4426,81.0,3.0,0.0,14.0,0.0,0.0,0,0.0,140.0,16.0,1,-3.58892156885437,0.07130138670265128,0.7711842983243252,Hoạt động gần nhất cách xa
fixture-user-4427,19.0,10.0,0.0,29.0,14.0,3.0,0,0.4827586206896552,1710.0,71.0,0,1.6472575587743377,-1.5937242188893985,0.5517615405408011,Tỷ lệ thêm giỏ/xem cao
fixture-user-4428,14.0,12.0,1040.0,42.0,8.0,6.0,3,0.19047619047619047,2520.0,92.0,3,2.49670495094491,1.2290037398474845,0.5454645736096191,Doanh thu trung bình cao
fixture-user-4429,27.0,5.0,340.0,24.0,2.0,2.0,1,0.08333333333333333,1020.0,42.0,2,-0.18230360796635595,1.2586072038036613,0.3675912090530475,Nhóm hành vi còn lại
fixture-user-4430,82.0,1.0,0.0,15.0,0.0,0.0,0,0.0,150.0,17.0,1,-3.9196432407459767,0.05669108652696236,0.9282979885680404,Hoạt động gần nhất cách xa
fixture-user-4431,20.0,8.0,0.0,30.0,12.0,3.0,0,0.4,1720.0,72.0,0,1.3793488527403,-1.3100407571216666,0.7263442280480706,Tỷ lệ thêm giỏ/xem cao
fixture-user-4432,15.0,13.0,1060.0,43.0,9.0,6.0,3,0.20930232558139536,2530.0,93.0,3,2.5967783052258118,1.1568322528607358,0.5946167775727039,Doanh thu trung bình cao
fixture-user-4433,28.0,6.0,360.0,25.0,3.0,2.0,1,0.12,1030.0,43.0,2,0.08266019726750658,1.1041566022540645,0.39313910571678706,Nhóm hành vi còn lại
fixture-user-4434,83.0,2.0,0.0,16.0,0.0,0.0,0,0.0,160.0,18.0,1,-3.604202552262844,0.08767912367278557,1.0092869375057245,Hoạt động gần nhất cách xa
fixture-user-4435,21.0,9.0,0.0,31.0,13.0,3.0,0,0.41935483870967744,1730.0,73.0,0,1.501059534575714,-1.376636657189004,0.7749808036540073,Tỷ lệ thêm giỏ/xem cao
fixture-user-4436,16.0,14.0,1080.0,44.0,10.0,6.0,3,0.22727272727272727,2540.0,94.0,3,2.690427951437499,1.0894358139626867,0.6418324646043475,Doanh thu trung bình cao
fixture-user-4437,29.0,7.0,380.0,26.0,4.0,2.0,1,0.15384615384615385,1040.0,44.0,2,0.3086623039800275,0.9723028927926293,0.4212803240192725,Nhóm hành vi còn lại
fixture-user-4438,84.0,3.0,0.0,17.0,0.0,0.0,0,0.0,170.0,19.0,1,-3.3629925377313117,0.11286336793280101,1.0921119219662825,Hoạt động gần nhất cách xa
fixture-user-4439,22.0,10.0,0.0,32.0,14.0,3.0,0,0.4375,1740.0,74.0,0,1.6136201785899058,-1.438893929708042,0.822869682767591,Tỷ lệ thêm giỏ/xem cao
fixture-user-4440,2.0,12.0,800.0,30.0,8.0,6.0,3,0.26666666666666666,2400.0,80.0,3,2.949000201807968,0.9104099322153842,-1.040664161835835,Doanh thu trung bình cao
fixture-user-4441,15.0,5.0,100.0,12.0,2.0,2.0,1,0.16666666666666666,900.0,30.0,2,-0.5125113090819994,0.5888915999238798,-0.9213435417374367,Nhóm hành vi còn lại
fixture-user-4442,70.0,1.0,0.0,3.0,0.0,0.0,0,0.0,30.0,5.0,1,-5.653074755432996,-0.26751935962468665,-1.3948414954693151,Hoạt động gần nhất cách xa
fixture-user-4443,8.0,8.0,0.0,18.0,12.0,3.0,0,0.6666666666666666,1600.0,60.0,0,1.667619505045523,-2.2053810991863303,-0.7744155991773559,Tỷ lệ thêm giỏ/xem cao
fixture-user-4444,3.0,13.0,820.0,31.0,9.0,6.0,3,0.2903225806451613,2410.0,81.0,3,2.9722504279555224,0.8202064154922466,-0.8360402617366788,Doanh thu trung bình cao
fixture-user-4445,16.0,6.0,120.0,13.0,3.0,2.0,1,0.23076923076923078,910.0,31.0,2,-0.18823476857859642,0.3875447576114711,-0.8693490403338631,Nhóm hành vi còn lại
fixture-user-4446,71.0,2.0,0.0,4.0,0.0,0.0,0,0.0,40.0,6.0,1,-5.132931592866225,-0.19697308259203808,-1.0600968999130056,Hoạt động gần nhất cách xa
fixture-user-4447,9.0,9.0,0.0,19.0,13.0,3.0,0,0.6842105263157895,1610.0,61.0,0,1.7765266448407788,-2.263702585114586,-0.6595478640554292,Tỷ lệ thêm giỏ/xem cao
fixture-user-4448,4.0,14.0,840.0,32.0,10.0,6.0,3,0.3125,2420.0,82.0,3,3.01229401895736,0.7383363392983261,-0.6738605748864045,Doanh thu trung bình cao
fixture-user-4449,17.0,7.0,140.0,14.0,4.0,2.0,1,0.2857142857142857,920.0,32.0,2,0.08566905022148885,0.22145490054473832,-0.8127372610551373,Nhóm hành vi còn lại
fixture-user-4450,72.0,3.0,0.0,5.0,0.0,0.0,0,0.0,50.0,7.0,1,-4.734049758831314,-0.1415652227069219,-0.7803874603946023,Hoạt động gần nhất cách xa
fixture-user-4451,10.0,10.0,0.0,20.0,14.0,3.0,0,0.7,1620.0,62.0,0,1.8778157374373483,-2.316152393098142,-0.5521462253135105,Tỷ lệ thêm giỏ/xem cao
fixture-user-4452,5.0,12.0,860.0,33.0,8.0,6.0,3,0.24242424242424243,2430.0,83.0,3,2.7201358279717427,1.0010280153705131,-0.43135310572761704,Doanh thu trung bình cao
fixture-user-4453,18.0,5.0,160.0,15.0,2.0,2.0,1,0.13333333333333333,930.0,33.0,2,-0.416368974045729,0.8413722469868408,-0.5202824835880352,Nhóm hành vi còn lại
fixture-user-4454,73.0,1.0,0.0,6.0,0.0,0.0,0,0.0,60.0,8.0,1,-4.951827114160079,-0.13461517315522942,-0.48185008826089964,Hoạt động gần nhất cách xa
fixture-user-4455,11.0,8.0,0.0,21.0,12.0,3.0,0,0.5714285714285714,1630.0,63.0,0,1.5440020110863266,-1.8916105529499507,-0.2894737393083827,Tỷ lệ thêm giỏ/xem cao
fixture-user-4456,6.0,13.0,880.0,34.0,9.0,6.0,3,0.2647058823529412,2440.0,84.0,3,2.793205514756805,0.9179893295870694,-0.3181395540304275,Doanh thu trung bình cao
fixture-user-4457,19.0,6.0,180.0,16.0,3.0,2.0,1,0.1875,940.0,34.0,2,-0.11506542133983415,0.6524097200437152,-0.47729764843711464,Nhóm hành vi còn lại
fixture-user-4458,74.0,2.0,0.0,7.0,0.0,0.0,0,0.0,70.0,9.0,1,-4.544300503596412,-0.08616879017803282,-0.28512883644029735,Hoạt động gần nhất cách xa
fixture-user-4459,12.0,9.0,0.0,22.0,13.0,3.0,0,0.5909090909090909,1640.0,64.0,0,1.6610803566223118,-1.956635720808595,-0.20216044539729697,Tỷ lệ thêm giỏ/xem cao
fixture-user-4460,7.0,14.0,900.0,35.0,10.0,6.0,3,0.2857142857142857,2450.0,85.0,3,2.865809296514496,0.8413885834551914,-0.21799543117210443,Doanh thu trung bình cao
fixture-user-4461,20.0,7.0,200.0,17.0,4.0,2.0,1,0.23529411764705882,950.0,35.0,2,0.1412081418293925,0.49422871537243757,-0.4309330555436214,Nhóm hành vi còn lại
fixture-user-4462,75.0,3.0,0.0,8.0,0.0,0.0,0,0.0,80.0,10.0,1,-4.226355602128988,-0.04652353682671037,-0.10556235721929748,Hoạt động gần nhất cách xa
fixture-user-4463,13.0,10.0,0.0,23.0,14.0,3.0,0,0.6086956521739131,1650.0,65.0,0,1.769348185040836,-2.015953016612214,-0.1188564273584944,Tỷ lệ thêm giỏ/xem cao
fixture-user-4464,8.0,12.0,920.0,36.0,8.0,6.0,3,0.2222222222222222,2460.0,86.0,3,2.6063737094369293,1.0851522433954928,-0.028162481097520817,Doanh thu trung bình cao
fixture-user-4465,21.0,5.0,220.0,18.0,2.0,2.0,1,0.1111111111111111,960.0,36.0,2,-0.331015161317517,1.017672557566975,-0.18189320559016225,Nhóm hành vi còn lại
fixture-user-4466,76.0,1.0,0.0,9.0,0.0,0.0,0,0.0,90.0,11.0,1,-4.5053809003710175,-0.051404916593935875,0.11674763187868262,Hoạt động gần nhất cách xa
fixture-user-4467,14.0,8.0,0.0,24.0,12.0,3.0,0,0.5,1660.0,66.0,0,1.4649328760198592,-1.6524200575582768,0.10500751195665843,Tỷ lệ thêm giỏ/xem cao
fixture-user-4468,9.0,13.0,940.0,37.0,9.0,6.0,3,0.24324324324324326,2470.0,87.0,3,2.6956818339500837,1.0065237107878025,0.05075676314821963,Doanh thu trung bình cao
fixture-user-4469,22.0,6.0,240.0,19.0,3.0,2.0,1,0.15789473684210525,970.0,37.0,2,-0.045442287582045944,0.842002022281944,-0.14614921568949865,Nhóm hành vi còn lại
fixture-user-4470,77.0,2.0,0.0,10.0,0.0,0.0,0,0.0,100.0,12.0,1,-4.145933218700002,-0.012175282230817307,0.25338192247508057,Hoạt động gần nhất cách xa
fixture-user-4471,15.0,9.0,0.0,25.0,13.0,3.0,0,0.52,1670.0,67.0,0,1.5853970707566725,-1.7197729720568595,0.17473155318197717,Tỷ lệ thêm giỏ/xem cao
fixture-user-4472,10.0,14.0,960.0,38.0,10.0,6.0,3,0.2631578947368421,2480.0,88.0,3,2.7805820478578775,0.9335515526720264,0.12366456013755259,Doanh thu trung bình cao
fixture-user-4473,23.0,7.0,260.0,20.0,4.0,2.0,1,0.2,980.0,38.0,2,0.19806579033115437,0.6934432518431779,-0.10747748554529173,Nhóm hành vi còn lại
fixture-user-4474,78.0,3.0,0.0,11.0,0.0,0.0,0,0.0,110.0,13.0,1,-3.866786492395833,0.020083464757670286,0.3842998554068919,Hoạt động gần nhất cách xa
fixture-user-4475,16.0,10.0,0.0,26.0,14.0,3.0,0,0.5384615384615384,1680.0,68.0,0,1.696701628351615,-1.7818534565886186,0.24216164621576905,Tỷ lệ thêm giỏ/xem cao
fixture-user-4476,11.0,12.0,980.0,39.0,8.0,6.0,3,0.20512820512820512,2490.0,89.0,3,2.539096994000912,1.1608947269527035,0.2849645070861152,Doanh thu trung bình cao
fixture-user-4477,24.0,5.0,280.0,21.0,2.0,2.0,1,0.09523809523809523,990.0,39.0,2,-0.2535021844261599,1.1515543709784555,0.11036450120739257,Nhóm hành vi còn lại
fixture-user-4478,79.0,1.0,0.0,12.0,0.0,0.0,0,0.0,120.0,14.0,1,-4.177806227183311,0.009148059352104415,0.5663777413394052,Hoạt động gần nhất cách xa
fixture-user-4479,17.0,8.0,0.0,27.0,12.0,3.0,0,0.4444444444444444,1690.0,69.0,0,1.4131920056243967,-1.4634770190954087,0.43800042229131814,Tỷ lệ thêm giỏ/xem cao
fixture-user-4480,12.0,13.0,1000.0,40.0,9.0,6.0,3,0.225,2500.0,90.0,3,2.6355970708016336,1.085750837529916,0.34560189762492727,Doanh thu trung bình cao
fixture-user-4481,25.0,6.0,300.0,22.0,3.0,2.0,1,0.13636363636363635,1000.0,40.0,2,0.020448779079346835,0.987424175304437,0.14043401059775606,Nhóm hành vi còn lại
fixture-user-4482,80.0,2.0,0.0,13.0,0.0,0.0,0,0.0,130.0,15.0,1,-3.8452080923989924,0.04332455321405482,0.6691606922603189,Hoạt động gần nhất cách xa
fixture-user-4483,18.0,9.0,0.0,28.0,13.0,3.0,0,0.4642857142857143,1700.0,70.0,0,1.534830031286699,-1.5309960415171668,0.49554732017099296,Tỷ lệ thêm giỏ/xem cao
fixture-user-4484,13.0,14.0,1020.0,41.0,10.0,6.0,3,0.24390243902439024,2510.0,91.0,3,2.7262823845513653,1.0157588009747183,0.4029662204898221,Doanh thu trung bình cao
fixture-user-4485,26.0,7.0,320.0,23.0,4.0,2.0,1,0.17391304347826086,1010.0,41.0,2,0.2541908963254575,0.8477774875328858,0.17321533289513408,Nhóm hành vi còn lại
fixture-user-4486,81.0,3.0,0.0,14.0,0.0,0.0,0,0.0,140.0,16.0,1,-3.58892156885437,0.07130138670265128,0.7711842983243252,Hoạt động gần nhất cách xa
fixture-user-4487,19.0,10.0,0.0,29.0,14.0,3.0,0,0.4827586206896552,1710.0,71.0,0,1.6472575587743377,-1.5937242188893985,0.5517615405408011,Tỷ lệ thêm giỏ/xem cao
fixture-user-4488,14.0,12.0,1040.0,42.0,8.0,6.0,3,0.19047619047619047,2520.0,92.0,3,2.49670495094491,1.2290037398474845,0.5454645736096191,Doanh thu trung bình cao
fixture-user-4489,27.0,5.0,340.0,24.0,2.0,2.0,1,0.08333333333333333,1020.0,42.0,2,-0.18230360796635595,1.2586072038036613,0.3675912090530475,Nhóm hành vi còn lại
fixture-user-4490,82.0,1.0,0.0,15.0,0.0,0.0,0,0.0,150.0,17.0,1,-3.9196432407459767,0.05669108652696236,0.9282979885680404,Hoạt động gần nhất cách xa
fixture-user-4491,20.0,8.0,0.0,30.0,12.0,3.0,0,0.4,1720.0,72.0,0,1.3793488527403,-1.3100407571216666,0.7263442280480706,Tỷ lệ thêm giỏ/xem cao
fixture-user-4492,15.0,13.0,1060.0,43.0,9.0,6.0,3,0.20930232558139536,2530.0,93.0,3,2.5967783052258118,1.1568322528607358,0.5946167775727039,Doanh thu trung bình cao
fixture-user-4493,28.0,6.0,360.0,25.0,3.0,2.0,1,0.12,1030.0,43.0,2,0.08266019726750658,1.1041566022540645,0.39313910571678706,Nhóm hành vi còn lại
fixture-user-4494,83.0,2.0,0.0,16.0,0.0,0.0,0,0.0,160.0,18.0,1,-3.604202552262844,0.08767912367278557,1.0092869375057245,Hoạt động gần nhất cách xa
fixture-user-4495,21.0,9.0,0.0,31.0,13.0,3.0,0,0.41935483870967744,1730.0,73.0,0,1.501059534575714,-1.376636657189004,0.7749808036540073,Tỷ lệ thêm giỏ/xem cao
fixture-user-4496,16.0,14.0,1080.0,44.0,10.0,6.0,3,0.22727272727272727,2540.0,94.0,3,2.690427951437499,1.0894358139626867,0.6418324646043475,Doanh thu trung bình cao
fixture-user-4497,29.0,7.0,380.0,26.0,4.0,2.0,1,0.15384615384615385,1040.0,44.0,2,0.3086623039800275,0.9723028927926293,0.4212803240192725,Nhóm hành vi còn lại
fixture-user-4498,84.0,3.0,0.0,17.0,0.0,0.0,0,0.0,170.0,19.0,1,-3.3629925377313117,0.11286336793280101,1.0921119219662825,Hoạt động gần nhất cách xa
fixture-user-4499,22.0,10.0,0.0,32.0,14.0,3.0,0,0.4375,1740.0,74.0,0,1.6136201785899058,-1.438893929708042,0.822869682767591,Tỷ lệ thêm giỏ/xem cao
fixture-user-4500,2.0,12.0,800.0,30.0,8.0,6.0,3,0.26666666666666666,2400.0,80.0,3,2.949000201807968,0.9104099322153842,-1.040664161835835,Doanh thu trung bình cao
fixture-user-4501,15.0,5.0,100.0,12.0,2.0,2.0,1,0.16666666666666666,900.0,30.0,2,-0.5125113090819994,0.5888915999238798,-0.9213435417374367,Nhóm hành vi còn lại
fixture-user-4502,70.0,1.0,0.0,3.0,0.0,0.0,0,0.0,30.0,5.0,1,-5.653074755432996,-0.26751935962468665,-1.3948414954693151,Hoạt động gần nhất cách xa
fixture-user-4503,8.0,8.0,0.0,18.0,12.0,3.0,0,0.6666666666666666,1600.0,60.0,0,1.667619505045523,-2.2053810991863303,-0.7744155991773559,Tỷ lệ thêm giỏ/xem cao
fixture-user-4504,3.0,13.0,820.0,31.0,9.0,6.0,3,0.2903225806451613,2410.0,81.0,3,2.9722504279555224,0.8202064154922466,-0.8360402617366788,Doanh thu trung bình cao
fixture-user-4505,16.0,6.0,120.0,13.0,3.0,2.0,1,0.23076923076923078,910.0,31.0,2,-0.18823476857859642,0.3875447576114711,-0.8693490403338631,Nhóm hành vi còn lại
fixture-user-4506,71.0,2.0,0.0,4.0,0.0,0.0,0,0.0,40.0,6.0,1,-5.132931592866225,-0.19697308259203808,-1.0600968999130056,Hoạt động gần nhất cách xa
fixture-user-4507,9.0,9.0,0.0,19.0,13.0,3.0,0,0.6842105263157895,1610.0,61.0,0,1.7765266448407788,-2.263702585114586,-0.6595478640554292,Tỷ lệ thêm giỏ/xem cao
fixture-user-4508,4.0,14.0,840.0,32.0,10.0,6.0,3,0.3125,2420.0,82.0,3,3.01229401895736,0.7383363392983261,-0.6738605748864045,Doanh thu trung bình cao
fixture-user-4509,17.0,7.0,140.0,14.0,4.0,2.0,1,0.2857142857142857,920.0,32.0,2,0.08566905022148885,0.22145490054473832,-0.8127372610551373,Nhóm hành vi còn lại
fixture-user-4510,72.0,3.0,0.0,5.0,0.0,0.0,0,0.0,50.0,7.0,1,-4.734049758831314,-0.1415652227069219,-0.7803874603946023,Hoạt động gần nhất cách xa
fixture-user-4511,10.0,10.0,0.0,20.0,14.0,3.0,0,0.7,1620.0,62.0,0,1.8778157374373483,-2.316152393098142,-0.5521462253135105,Tỷ lệ thêm giỏ/xem cao
fixture-user-4512,5.0,12.0,860.0,33.0,8.0,6.0,3,0.24242424242424243,2430.0,83.0,3,2.7201358279717427,1.0010280153705131,-0.43135310572761704,Doanh thu trung bình cao
fixture-user-4513,18.0,5.0,160.0,15.0,2.0,2.0,1,0.13333333333333333,930.0,33.0,2,-0.416368974045729,0.8413722469868408,-0.5202824835880352,Nhóm hành vi còn lại
fixture-user-4514,73.0,1.0,0.0,6.0,0.0,0.0,0,0.0,60.0,8.0,1,-4.951827114160079,-0.13461517315522942,-0.48185008826089964,Hoạt động gần nhất cách xa
fixture-user-4515,11.0,8.0,0.0,21.0,12.0,3.0,0,0.5714285714285714,1630.0,63.0,0,1.5440020110863266,-1.8916105529499507,-0.2894737393083827,Tỷ lệ thêm giỏ/xem cao
fixture-user-4516,6.0,13.0,880.0,34.0,9.0,6.0,3,0.2647058823529412,2440.0,84.0,3,2.793205514756805,0.9179893295870694,-0.3181395540304275,Doanh thu trung bình cao
fixture-user-4517,19.0,6.0,180.0,16.0,3.0,2.0,1,0.1875,940.0,34.0,2,-0.11506542133983415,0.6524097200437152,-0.47729764843711464,Nhóm hành vi còn lại
fixture-user-4518,74.0,2.0,0.0,7.0,0.0,0.0,0,0.0,70.0,9.0,1,-4.544300503596412,-0.08616879017803282,-0.28512883644029735,Hoạt động gần nhất cách xa
fixture-user-4519,12.0,9.0,0.0,22.0,13.0,3.0,0,0.5909090909090909,1640.0,64.0,0,1.6610803566223118,-1.956635720808595,-0.20216044539729697,Tỷ lệ thêm giỏ/xem cao
fixture-user-4520,7.0,14.0,900.0,35.0,10.0,6.0,3,0.2857142857142857,2450.0,85.0,3,2.865809296514496,0.8413885834551914,-0.21799543117210443,Doanh thu trung bình cao
fixture-user-4521,20.0,7.0,200.0,17.0,4.0,2.0,1,0.23529411764705882,950.0,35.0,2,0.1412081418293925,0.49422871537243757,-0.4309330555436214,Nhóm hành vi còn lại
fixture-user-4522,75.0,3.0,0.0,8.0,0.0,0.0,0,0.0,80.0,10.0,1,-4.226355602128988,-0.04652353682671037,-0.10556235721929748,Hoạt động gần nhất cách xa
fixture-user-4523,13.0,10.0,0.0,23.0,14.0,3.0,0,0.6086956521739131,1650.0,65.0,0,1.769348185040836,-2.015953016612214,-0.1188564273584944,Tỷ lệ thêm giỏ/xem cao
fixture-user-4524,8.0,12.0,920.0,36.0,8.0,6.0,3,0.2222222222222222,2460.0,86.0,3,2.6063737094369293,1.0851522433954928,-0.028162481097520817,Doanh thu trung bình cao
fixture-user-4525,21.0,5.0,220.0,18.0,2.0,2.0,1,0.1111111111111111,960.0,36.0,2,-0.331015161317517,1.017672557566975,-0.18189320559016225,Nhóm hành vi còn lại
fixture-user-4526,76.0,1.0,0.0,9.0,0.0,0.0,0,0.0,90.0,11.0,1,-4.5053809003710175,-0.051404916593935875,0.11674763187868262,Hoạt động gần nhất cách xa
fixture-user-4527,14.0,8.0,0.0,24.0,12.0,3.0,0,0.5,1660.0,66.0,0,1.4649328760198592,-1.6524200575582768,0.10500751195665843,Tỷ lệ thêm giỏ/xem cao
fixture-user-4528,9.0,13.0,940.0,37.0,9.0,6.0,3,0.24324324324324326,2470.0,87.0,3,2.6956818339500837,1.0065237107878025,0.05075676314821963,Doanh thu trung bình cao
fixture-user-4529,22.0,6.0,240.0,19.0,3.0,2.0,1,0.15789473684210525,970.0,37.0,2,-0.045442287582045944,0.842002022281944,-0.14614921568949865,Nhóm hành vi còn lại
fixture-user-4530,77.0,2.0,0.0,10.0,0.0,0.0,0,0.0,100.0,12.0,1,-4.145933218700002,-0.012175282230817307,0.25338192247508057,Hoạt động gần nhất cách xa
fixture-user-4531,15.0,9.0,0.0,25.0,13.0,3.0,0,0.52,1670.0,67.0,0,1.5853970707566725,-1.7197729720568595,0.17473155318197717,Tỷ lệ thêm giỏ/xem cao
fixture-user-4532,10.0,14.0,960.0,38.0,10.0,6.0,3,0.2631578947368421,2480.0,88.0,3,2.7805820478578775,0.9335515526720264,0.12366456013755259,Doanh thu trung bình cao
fixture-user-4533,23.0,7.0,260.0,20.0,4.0,2.0,1,0.2,980.0,38.0,2,0.19806579033115437,0.6934432518431779,-0.10747748554529173,Nhóm hành vi còn lại
fixture-user-4534,78.0,3.0,0.0,11.0,0.0,0.0,0,0.0,110.0,13.0,1,-3.866786492395833,0.020083464757670286,0.3842998554068919,Hoạt động gần nhất cách xa
fixture-user-4535,16.0,10.0,0.0,26.0,14.0,3.0,0,0.5384615384615384,1680.0,68.0,0,1.696701628351615,-1.7818534565886186,0.24216164621576905,Tỷ lệ thêm giỏ/xem cao
fixture-user-4536,11.0,12.0,980.0,39.0,8.0,6.0,3,0.20512820512820512,2490.0,89.0,3,2.539096994000912,1.1608947269527035,0.2849645070861152,Doanh thu trung bình cao
fixture-user-4537,24.0,5.0,280.0,21.0,2.0,2.0,1,0.09523809523809523,990.0,39.0,2,-0.2535021844261599,1.1515543709784555,0.11036450120739257,Nhóm hành vi còn lại
fixture-user-4538,79.0,1.0,0.0,12.0,0.0,0.0,0,0.0,120.0,14.0,1,-4.177806227183311,0.009148059352104415,0.5663777413394052,Hoạt động gần nhất cách xa
fixture-user-4539,17.0,8.0,0.0,27.0,12.0,3.0,0,0.4444444444444444,1690.0,69.0,0,1.4131920056243967,-1.4634770190954087,0.43800042229131814,Tỷ lệ thêm giỏ/xem cao
fixture-user-4540,12.0,13.0,1000.0,40.0,9.0,6.0,3,0.225,2500.0,90.0,3,2.6355970708016336,1.085750837529916,0.34560189762492727,Doanh thu trung bình cao
fixture-user-4541,25.0,6.0,300.0,22.0,3.0,2.0,1,0.13636363636363635,1000.0,40.0,2,0.020448779079346835,0.987424175304437,0.14043401059775606,Nhóm hành vi còn lại
fixture-user-4542,80.0,2.0,0.0,13.0,0.0,0.0,0,0.0,130.0,15.0,1,-3.8452080923989924,0.04332455321405482,0.6691606922603189,Hoạt động gần nhất cách xa
fixture-user-4543,18.0,9.0,0.0,28.0,13.0,3.0,0,0.4642857142857143,1700.0,70.0,0,1.534830031286699,-1.5309960415171668,0.49554732017099296,Tỷ lệ thêm giỏ/xem cao
fixture-user-4544,13.0,14.0,1020.0,41.0,10.0,6.0,3,0.24390243902439024,2510.0,91.0,3,2.7262823845513653,1.0157588009747183,0.4029662204898221,Doanh thu trung bình cao
fixture-user-4545,26.0,7.0,320.0,23.0,4.0,2.0,1,0.17391304347826086,1010.0,41.0,2,0.2541908963254575,0.8477774875328858,0.17321533289513408,Nhóm hành vi còn lại
fixture-user-4546,81.0,3.0,0.0,14.0,0.0,0.0,0,0.0,140.0,16.0,1,-3.58892156885437,0.07130138670265128,0.7711842983243252,Hoạt động gần nhất cách xa
fixture-user-4547,19.0,10.0,0.0,29.0,14.0,3.0,0,0.4827586206896552,1710.0,71.0,0,1.6472575587743377,-1.5937242188893985,0.5517615405408011,Tỷ lệ thêm giỏ/xem cao
fixture-user-4548,14.0,12.0,1040.0,42.0,8.0,6.0,3,0.19047619047619047,2520.0,92.0,3,2.49670495094491,1.2290037398474845,0.5454645736096191,Doanh thu trung bình cao
fixture-user-4549,27.0,5.0,340.0,24.0,2.0,2.0,1,0.08333333333333333,1020.0,42.0,2,-0.18230360796635595,1.2586072038036613,0.3675912090530475,Nhóm hành vi còn lại
fixture-user-4550,82.0,1.0,0.0,15.0,0.0,0.0,0,0.0,150.0,17.0,1,-3.9196432407459767,0.05669108652696236,0.9282979885680404,Hoạt động gần nhất cách xa
fixture-user-4551,20.0,8.0,0.0,30.0,12.0,3.0,0,0.4,1720.0,72.0,0,1.3793488527403,-1.3100407571216666,0.7263442280480706,Tỷ lệ thêm giỏ/xem cao
fixture-user-4552,15.0,13.0,1060.0,43.0,9.0,6.0,3,0.20930232558139536,2530.0,93.0,3,2.5967783052258118,1.1568322528607358,0.5946167775727039,Doanh thu trung bình cao
fixture-user-4553,28.0,6.0,360.0,25.0,3.0,2.0,1,0.12,1030.0,43.0,2,0.08266019726750658,1.1041566022540645,0.39313910571678706,Nhóm hành vi còn lại
fixture-user-4554,83.0,2.0,0.0,16.0,0.0,0.0,0,0.0,160.0,18.0,1,-3.604202552262844,0.08767912367278557,1.0092869375057245,Hoạt động gần nhất cách xa
fixture-user-4555,21.0,9.0,0.0,31.0,13.0,3.0,0,0.41935483870967744,1730.0,73.0,0,1.501059534575714,-1.376636657189004,0.7749808036540073,Tỷ lệ thêm giỏ/xem cao
fixture-user-4556,16.0,14.0,1080.0,44.0,10.0,6.0,3,0.22727272727272727,2540.0,94.0,3,2.690427951437499,1.0894358139626867,0.6418324646043475,Doanh thu trung bình cao
fixture-user-4557,29.0,7.0,380.0,26.0,4.0,2.0,1,0.15384615384615385,1040.0,44.0,2,0.3086623039800275,0.9723028927926293,0.4212803240192725,Nhóm hành vi còn lại
fixture-user-4558,84.0,3.0,0.0,17.0,0.0,0.0,0,0.0,170.0,19.0,1,-3.3629925377313117,0.11286336793280101,1.0921119219662825,Hoạt động gần nhất cách xa
fixture-user-4559,22.0,10.0,0.0,32.0,14.0,3.0,0,0.4375,1740.0,74.0,0,1.6136201785899058,-1.438893929708042,0.822869682767591,Tỷ lệ thêm giỏ/xem cao
fixture-user-4560,2.0,12.0,800.0,30.0,8.0,6.0,3,0.26666666666666666,2400.0,80.0,3,2.949000201807968,0.9104099322153842,-1.040664161835835,Doanh thu trung bình cao
fixture-user-4561,15.0,5.0,100.0,12.0,2.0,2.0,1,0.16666666666666666,900.0,30.0,2,-0.5125113090819994,0.5888915999238798,-0.9213435417374367,Nhóm hành vi còn lại
fixture-user-4562,70.0,1.0,0.0,3.0,0.0,0.0,0,0.0,30.0,5.0,1,-5.653074755432996,-0.26751935962468665,-1.3948414954693151,Hoạt động gần nhất cách xa
fixture-user-4563,8.0,8.0,0.0,18.0,12.0,3.0,0,0.6666666666666666,1600.0,60.0,0,1.667619505045523,-2.2053810991863303,-0.7744155991773559,Tỷ lệ thêm giỏ/xem cao
fixture-user-4564,3.0,13.0,820.0,31.0,9.0,6.0,3,0.2903225806451613,2410.0,81.0,3,2.9722504279555224,0.8202064154922466,-0.8360402617366788,Doanh thu trung bình cao
fixture-user-4565,16.0,6.0,120.0,13.0,3.0,2.0,1,0.23076923076923078,910.0,31.0,2,-0.18823476857859642,0.3875447576114711,-0.8693490403338631,Nhóm hành vi còn lại
fixture-user-4566,71.0,2.0,0.0,4.0,0.0,0.0,0,0.0,40.0,6.0,1,-5.132931592866225,-0.19697308259203808,-1.0600968999130056,Hoạt động gần nhất cách xa
fixture-user-4567,9.0,9.0,0.0,19.0,13.0,3.0,0,0.6842105263157895,1610.0,61.0,0,1.7765266448407788,-2.263702585114586,-0.6595478640554292,Tỷ lệ thêm giỏ/xem cao
fixture-user-4568,4.0,14.0,840.0,32.0,10.0,6.0,3,0.3125,2420.0,82.0,3,3.01229401895736,0.7383363392983261,-0.6738605748864045,Doanh thu trung bình cao
fixture-user-4569,17.0,7.0,140.0,14.0,4.0,2.0,1,0.2857142857142857,920.0,32.0,2,0.08566905022148885,0.22145490054473832,-0.8127372610551373,Nhóm hành vi còn lại
fixture-user-4570,72.0,3.0,0.0,5.0,0.0,0.0,0,0.0,50.0,7.0,1,-4.734049758831314,-0.1415652227069219,-0.7803874603946023,Hoạt động gần nhất cách xa
fixture-user-4571,10.0,10.0,0.0,20.0,14.0,3.0,0,0.7,1620.0,62.0,0,1.8778157374373483,-2.316152393098142,-0.5521462253135105,Tỷ lệ thêm giỏ/xem cao
fixture-user-4572,5.0,12.0,860.0,33.0,8.0,6.0,3,0.24242424242424243,2430.0,83.0,3,2.7201358279717427,1.0010280153705131,-0.43135310572761704,Doanh thu trung bình cao
fixture-user-4573,18.0,5.0,160.0,15.0,2.0,2.0,1,0.13333333333333333,930.0,33.0,2,-0.416368974045729,0.8413722469868408,-0.5202824835880352,Nhóm hành vi còn lại
fixture-user-4574,73.0,1.0,0.0,6.0,0.0,0.0,0,0.0,60.0,8.0,1,-4.951827114160079,-0.13461517315522942,-0.48185008826089964,Hoạt động gần nhất cách xa
fixture-user-4575,11.0,8.0,0.0,21.0,12.0,3.0,0,0.5714285714285714,1630.0,63.0,0,1.5440020110863266,-1.8916105529499507,-0.2894737393083827,Tỷ lệ thêm giỏ/xem cao
fixture-user-4576,6.0,13.0,880.0,34.0,9.0,6.0,3,0.2647058823529412,2440.0,84.0,3,2.793205514756805,0.9179893295870694,-0.3181395540304275,Doanh thu trung bình cao
fixture-user-4577,19.0,6.0,180.0,16.0,3.0,2.0,1,0.1875,940.0,34.0,2,-0.11506542133983415,0.6524097200437152,-0.47729764843711464,Nhóm hành vi còn lại
fixture-user-4578,74.0,2.0,0.0,7.0,0.0,0.0,0,0.0,70.0,9.0,1,-4.544300503596412,-0.08616879017803282,-0.28512883644029735,Hoạt động gần nhất cách xa
fixture-user-4579,12.0,9.0,0.0,22.0,13.0,3.0,0,0.5909090909090909,1640.0,64.0,0,1.6610803566223118,-1.956635720808595,-0.20216044539729697,Tỷ lệ thêm giỏ/xem cao
fixture-user-4580,7.0,14.0,900.0,35.0,10.0,6.0,3,0.2857142857142857,2450.0,85.0,3,2.865809296514496,0.8413885834551914,-0.21799543117210443,Doanh thu trung bình cao
fixture-user-4581,20.0,7.0,200.0,17.0,4.0,2.0,1,0.23529411764705882,950.0,35.0,2,0.1412081418293925,0.49422871537243757,-0.4309330555436214,Nhóm hành vi còn lại
fixture-user-4582,75.0,3.0,0.0,8.0,0.0,0.0,0,0.0,80.0,10.0,1,-4.226355602128988,-0.04652353682671037,-0.10556235721929748,Hoạt động gần nhất cách xa
fixture-user-4583,13.0,10.0,0.0,23.0,14.0,3.0,0,0.6086956521739131,1650.0,65.0,0,1.769348185040836,-2.015953016612214,-0.1188564273584944,Tỷ lệ thêm giỏ/xem cao
fixture-user-4584,8.0,12.0,920.0,36.0,8.0,6.0,3,0.2222222222222222,2460.0,86.0,3,2.6063737094369293,1.0851522433954928,-0.028162481097520817,Doanh thu trung bình cao
fixture-user-4585,21.0,5.0,220.0,18.0,2.0,2.0,1,0.1111111111111111,960.0,36.0,2,-0.331015161317517,1.017672557566975,-0.18189320559016225,Nhóm hành vi còn lại
fixture-user-4586,76.0,1.0,0.0,9.0,0.0,0.0,0,0.0,90.0,11.0,1,-4.5053809003710175,-0.051404916593935875,0.11674763187868262,Hoạt động gần nhất cách xa
fixture-user-4587,14.0,8.0,0.0,24.0,12.0,3.0,0,0.5,1660.0,66.0,0,1.4649328760198592,-1.6524200575582768,0.10500751195665843,Tỷ lệ thêm giỏ/xem cao
fixture-user-4588,9.0,13.0,940.0,37.0,9.0,6.0,3,0.24324324324324326,2470.0,87.0,3,2.6956818339500837,1.0065237107878025,0.05075676314821963,Doanh thu trung bình cao
fixture-user-4589,22.0,6.0,240.0,19.0,3.0,2.0,1,0.15789473684210525,970.0,37.0,2,-0.045442287582045944,0.842002022281944,-0.14614921568949865,Nhóm hành vi còn lại
fixture-user-4590,77.0,2.0,0.0,10.0,0.0,0.0,0,0.0,100.0,12.0,1,-4.145933218700002,-0.012175282230817307,0.25338192247508057,Hoạt động gần nhất cách xa
fixture-user-4591,15.0,9.0,0.0,25.0,13.0,3.0,0,0.52,1670.0,67.0,0,1.5853970707566725,-1.7197729720568595,0.17473155318197717,Tỷ lệ thêm giỏ/xem cao
fixture-user-4592,10.0,14.0,960.0,38.0,10.0,6.0,3,0.2631578947368421,2480.0,88.0,3,2.7805820478578775,0.9335515526720264,0.12366456013755259,Doanh thu trung bình cao
fixture-user-4593,23.0,7.0,260.0,20.0,4.0,2.0,1,0.2,980.0,38.0,2,0.19806579033115437,0.6934432518431779,-0.10747748554529173,Nhóm hành vi còn lại
fixture-user-4594,78.0,3.0,0.0,11.0,0.0,0.0,0,0.0,110.0,13.0,1,-3.866786492395833,0.020083464757670286,0.3842998554068919,Hoạt động gần nhất cách xa
fixture-user-4595,16.0,10.0,0.0,26.0,14.0,3.0,0,0.5384615384615384,1680.0,68.0,0,1.696701628351615,-1.7818534565886186,0.24216164621576905,Tỷ lệ thêm giỏ/xem cao
fixture-user-4596,11.0,12.0,980.0,39.0,8.0,6.0,3,0.20512820512820512,2490.0,89.0,3,2.539096994000912,1.1608947269527035,0.2849645070861152,Doanh thu trung bình cao
fixture-user-4597,24.0,5.0,280.0,21.0,2.0,2.0,1,0.09523809523809523,990.0,39.0,2,-0.2535021844261599,1.1515543709784555,0.11036450120739257,Nhóm hành vi còn lại
fixture-user-4598,79.0,1.0,0.0,12.0,0.0,0.0,0,0.0,120.0,14.0,1,-4.177806227183311,0.009148059352104415,0.5663777413394052,Hoạt động gần nhất cách xa
fixture-user-4599,17.0,8.0,0.0,27.0,12.0,3.0,0,0.4444444444444444,1690.0,69.0,0,1.4131920056243967,-1.4634770190954087,0.43800042229131814,Tỷ lệ thêm giỏ/xem cao
fixture-user-4600,12.0,13.0,1000.0,40.0,9.0,6.0,3,0.225,2500.0,90.0,3,2.6355970708016336,1.085750837529916,0.34560189762492727,Doanh thu trung bình cao
fixture-user-4601,25.0,6.0,300.0,22.0,3.0,2.0,1,0.13636363636363635,1000.0,40.0,2,0.020448779079346835,0.987424175304437,0.14043401059775606,Nhóm hành vi còn lại
fixture-user-4602,80.0,2.0,0.0,13.0,0.0,0.0,0,0.0,130.0,15.0,1,-3.8452080923989924,0.04332455321405482,0.6691606922603189,Hoạt động gần nhất cách xa
fixture-user-4603,18.0,9.0,0.0,28.0,13.0,3.0,0,0.4642857142857143,1700.0,70.0,0,1.534830031286699,-1.5309960415171668,0.49554732017099296,Tỷ lệ thêm giỏ/xem cao
fixture-user-4604,13.0,14.0,1020.0,41.0,10.0,6.0,3,0.24390243902439024,2510.0,91.0,3,2.7262823845513653,1.0157588009747183,0.4029662204898221,Doanh thu trung bình cao
fixture-user-4605,26.0,7.0,320.0,23.0,4.0,2.0,1,0.17391304347826086,1010.0,41.0,2,0.2541908963254575,0.8477774875328858,0.17321533289513408,Nhóm hành vi còn lại
fixture-user-4606,81.0,3.0,0.0,14.0,0.0,0.0,0,0.0,140.0,16.0,1,-3.58892156885437,0.07130138670265128,0.7711842983243252,Hoạt động gần nhất cách xa
fixture-user-4607,19.0,10.0,0.0,29.0,14.0,3.0,0,0.4827586206896552,1710.0,71.0,0,1.6472575587743377,-1.5937242188893985,0.5517615405408011,Tỷ lệ thêm giỏ/xem cao
fixture-user-4608,14.0,12.0,1040.0,42.0,8.0,6.0,3,0.19047619047619047,2520.0,92.0,3,2.49670495094491,1.2290037398474845,0.5454645736096191,Doanh thu trung bình cao
fixture-user-4609,27.0,5.0,340.0,24.0,2.0,2.0,1,0.08333333333333333,1020.0,42.0,2,-0.18230360796635595,1.2586072038036613,0.3675912090530475,Nhóm hành vi còn lại
fixture-user-4610,82.0,1.0,0.0,15.0,0.0,0.0,0,0.0,150.0,17.0,1,-3.9196432407459767,0.05669108652696236,0.9282979885680404,Hoạt động gần nhất cách xa
fixture-user-4611,20.0,8.0,0.0,30.0,12.0,3.0,0,0.4,1720.0,72.0,0,1.3793488527403,-1.3100407571216666,0.7263442280480706,Tỷ lệ thêm giỏ/xem cao
fixture-user-4612,15.0,13.0,1060.0,43.0,9.0,6.0,3,0.20930232558139536,2530.0,93.0,3,2.5967783052258118,1.1568322528607358,0.5946167775727039,Doanh thu trung bình cao
fixture-user-4613,28.0,6.0,360.0,25.0,3.0,2.0,1,0.12,1030.0,43.0,2,0.08266019726750658,1.1041566022540645,0.39313910571678706,Nhóm hành vi còn lại
fixture-user-4614,83.0,2.0,0.0,16.0,0.0,0.0,0,0.0,160.0,18.0,1,-3.604202552262844,0.08767912367278557,1.0092869375057245,Hoạt động gần nhất cách xa
fixture-user-4615,21.0,9.0,0.0,31.0,13.0,3.0,0,0.41935483870967744,1730.0,73.0,0,1.501059534575714,-1.376636657189004,0.7749808036540073,Tỷ lệ thêm giỏ/xem cao
fixture-user-4616,16.0,14.0,1080.0,44.0,10.0,6.0,3,0.22727272727272727,2540.0,94.0,3,2.690427951437499,1.0894358139626867,0.6418324646043475,Doanh thu trung bình cao
fixture-user-4617,29.0,7.0,380.0,26.0,4.0,2.0,1,0.15384615384615385,1040.0,44.0,2,0.3086623039800275,0.9723028927926293,0.4212803240192725,Nhóm hành vi còn lại
fixture-user-4618,84.0,3.0,0.0,17.0,0.0,0.0,0,0.0,170.0,19.0,1,-3.3629925377313117,0.11286336793280101,1.0921119219662825,Hoạt động gần nhất cách xa
fixture-user-4619,22.0,10.0,0.0,32.0,14.0,3.0,0,0.4375,1740.0,74.0,0,1.6136201785899058,-1.438893929708042,0.822869682767591,Tỷ lệ thêm giỏ/xem cao
fixture-user-4620,2.0,12.0,800.0,30.0,8.0,6.0,3,0.26666666666666666,2400.0,80.0,3,2.949000201807968,0.9104099322153842,-1.040664161835835,Doanh thu trung bình cao
fixture-user-4621,15.0,5.0,100.0,12.0,2.0,2.0,1,0.16666666666666666,900.0,30.0,2,-0.5125113090819994,0.5888915999238798,-0.9213435417374367,Nhóm hành vi còn lại
fixture-user-4622,70.0,1.0,0.0,3.0,0.0,0.0,0,0.0,30.0,5.0,1,-5.653074755432996,-0.26751935962468665,-1.3948414954693151,Hoạt động gần nhất cách xa
fixture-user-4623,8.0,8.0,0.0,18.0,12.0,3.0,0,0.6666666666666666,1600.0,60.0,0,1.667619505045523,-2.2053810991863303,-0.7744155991773559,Tỷ lệ thêm giỏ/xem cao
fixture-user-4624,3.0,13.0,820.0,31.0,9.0,6.0,3,0.2903225806451613,2410.0,81.0,3,2.9722504279555224,0.8202064154922466,-0.8360402617366788,Doanh thu trung bình cao
fixture-user-4625,16.0,6.0,120.0,13.0,3.0,2.0,1,0.23076923076923078,910.0,31.0,2,-0.18823476857859642,0.3875447576114711,-0.8693490403338631,Nhóm hành vi còn lại
fixture-user-4626,71.0,2.0,0.0,4.0,0.0,0.0,0,0.0,40.0,6.0,1,-5.132931592866225,-0.19697308259203808,-1.0600968999130056,Hoạt động gần nhất cách xa
fixture-user-4627,9.0,9.0,0.0,19.0,13.0,3.0,0,0.6842105263157895,1610.0,61.0,0,1.7765266448407788,-2.263702585114586,-0.6595478640554292,Tỷ lệ thêm giỏ/xem cao
fixture-user-4628,4.0,14.0,840.0,32.0,10.0,6.0,3,0.3125,2420.0,82.0,3,3.01229401895736,0.7383363392983261,-0.6738605748864045,Doanh thu trung bình cao
fixture-user-4629,17.0,7.0,140.0,14.0,4.0,2.0,1,0.2857142857142857,920.0,32.0,2,0.08566905022148885,0.22145490054473832,-0.8127372610551373,Nhóm hành vi còn lại
fixture-user-4630,72.0,3.0,0.0,5.0,0.0,0.0,0,0.0,50.0,7.0,1,-4.734049758831314,-0.1415652227069219,-0.7803874603946023,Hoạt động gần nhất cách xa
fixture-user-4631,10.0,10.0,0.0,20.0,14.0,3.0,0,0.7,1620.0,62.0,0,1.8778157374373483,-2.316152393098142,-0.5521462253135105,Tỷ lệ thêm giỏ/xem cao
fixture-user-4632,5.0,12.0,860.0,33.0,8.0,6.0,3,0.24242424242424243,2430.0,83.0,3,2.7201358279717427,1.0010280153705131,-0.43135310572761704,Doanh thu trung bình cao
fixture-user-4633,18.0,5.0,160.0,15.0,2.0,2.0,1,0.13333333333333333,930.0,33.0,2,-0.416368974045729,0.8413722469868408,-0.5202824835880352,Nhóm hành vi còn lại
fixture-user-4634,73.0,1.0,0.0,6.0,0.0,0.0,0,0.0,60.0,8.0,1,-4.951827114160079,-0.13461517315522942,-0.48185008826089964,Hoạt động gần nhất cách xa
fixture-user-4635,11.0,8.0,0.0,21.0,12.0,3.0,0,0.5714285714285714,1630.0,63.0,0,1.5440020110863266,-1.8916105529499507,-0.2894737393083827,Tỷ lệ thêm giỏ/xem cao
fixture-user-4636,6.0,13.0,880.0,34.0,9.0,6.0,3,0.2647058823529412,2440.0,84.0,3,2.793205514756805,0.9179893295870694,-0.3181395540304275,Doanh thu trung bình cao
fixture-user-4637,19.0,6.0,180.0,16.0,3.0,2.0,1,0.1875,940.0,34.0,2,-0.11506542133983415,0.6524097200437152,-0.47729764843711464,Nhóm hành vi còn lại
fixture-user-4638,74.0,2.0,0.0,7.0,0.0,0.0,0,0.0,70.0,9.0,1,-4.544300503596412,-0.08616879017803282,-0.28512883644029735,Hoạt động gần nhất cách xa
fixture-user-4639,12.0,9.0,0.0,22.0,13.0,3.0,0,0.5909090909090909,1640.0,64.0,0,1.6610803566223118,-1.956635720808595,-0.20216044539729697,Tỷ lệ thêm giỏ/xem cao
fixture-user-4640,7.0,14.0,900.0,35.0,10.0,6.0,3,0.2857142857142857,2450.0,85.0,3,2.865809296514496,0.8413885834551914,-0.21799543117210443,Doanh thu trung bình cao
fixture-user-4641,20.0,7.0,200.0,17.0,4.0,2.0,1,0.23529411764705882,950.0,35.0,2,0.1412081418293925,0.49422871537243757,-0.4309330555436214,Nhóm hành vi còn lại
fixture-user-4642,75.0,3.0,0.0,8.0,0.0,0.0,0,0.0,80.0,10.0,1,-4.226355602128988,-0.04652353682671037,-0.10556235721929748,Hoạt động gần nhất cách xa
fixture-user-4643,13.0,10.0,0.0,23.0,14.0,3.0,0,0.6086956521739131,1650.0,65.0,0,1.769348185040836,-2.015953016612214,-0.1188564273584944,Tỷ lệ thêm giỏ/xem cao
fixture-user-4644,8.0,12.0,920.0,36.0,8.0,6.0,3,0.2222222222222222,2460.0,86.0,3,2.6063737094369293,1.0851522433954928,-0.028162481097520817,Doanh thu trung bình cao
fixture-user-4645,21.0,5.0,220.0,18.0,2.0,2.0,1,0.1111111111111111,960.0,36.0,2,-0.331015161317517,1.017672557566975,-0.18189320559016225,Nhóm hành vi còn lại
fixture-user-4646,76.0,1.0,0.0,9.0,0.0,0.0,0,0.0,90.0,11.0,1,-4.5053809003710175,-0.051404916593935875,0.11674763187868262,Hoạt động gần nhất cách xa
fixture-user-4647,14.0,8.0,0.0,24.0,12.0,3.0,0,0.5,1660.0,66.0,0,1.4649328760198592,-1.6524200575582768,0.10500751195665843,Tỷ lệ thêm giỏ/xem cao
fixture-user-4648,9.0,13.0,940.0,37.0,9.0,6.0,3,0.24324324324324326,2470.0,87.0,3,2.6956818339500837,1.0065237107878025,0.05075676314821963,Doanh thu trung bình cao
fixture-user-4649,22.0,6.0,240.0,19.0,3.0,2.0,1,0.15789473684210525,970.0,37.0,2,-0.045442287582045944,0.842002022281944,-0.14614921568949865,Nhóm hành vi còn lại
fixture-user-4650,77.0,2.0,0.0,10.0,0.0,0.0,0,0.0,100.0,12.0,1,-4.145933218700002,-0.012175282230817307,0.25338192247508057,Hoạt động gần nhất cách xa
fixture-user-4651,15.0,9.0,0.0,25.0,13.0,3.0,0,0.52,1670.0,67.0,0,1.5853970707566725,-1.7197729720568595,0.17473155318197717,Tỷ lệ thêm giỏ/xem cao
fixture-user-4652,10.0,14.0,960.0,38.0,10.0,6.0,3,0.2631578947368421,2480.0,88.0,3,2.7805820478578775,0.9335515526720264,0.12366456013755259,Doanh thu trung bình cao
fixture-user-4653,23.0,7.0,260.0,20.0,4.0,2.0,1,0.2,980.0,38.0,2,0.19806579033115437,0.6934432518431779,-0.10747748554529173,Nhóm hành vi còn lại
fixture-user-4654,78.0,3.0,0.0,11.0,0.0,0.0,0,0.0,110.0,13.0,1,-3.866786492395833,0.020083464757670286,0.3842998554068919,Hoạt động gần nhất cách xa
fixture-user-4655,16.0,10.0,0.0,26.0,14.0,3.0,0,0.5384615384615384,1680.0,68.0,0,1.696701628351615,-1.7818534565886186,0.24216164621576905,Tỷ lệ thêm giỏ/xem cao
fixture-user-4656,11.0,12.0,980.0,39.0,8.0,6.0,3,0.20512820512820512,2490.0,89.0,3,2.539096994000912,1.1608947269527035,0.2849645070861152,Doanh thu trung bình cao
fixture-user-4657,24.0,5.0,280.0,21.0,2.0,2.0,1,0.09523809523809523,990.0,39.0,2,-0.2535021844261599,1.1515543709784555,0.11036450120739257,Nhóm hành vi còn lại
fixture-user-4658,79.0,1.0,0.0,12.0,0.0,0.0,0,0.0,120.0,14.0,1,-4.177806227183311,0.009148059352104415,0.5663777413394052,Hoạt động gần nhất cách xa
fixture-user-4659,17.0,8.0,0.0,27.0,12.0,3.0,0,0.4444444444444444,1690.0,69.0,0,1.4131920056243967,-1.4634770190954087,0.43800042229131814,Tỷ lệ thêm giỏ/xem cao
fixture-user-4660,12.0,13.0,1000.0,40.0,9.0,6.0,3,0.225,2500.0,90.0,3,2.6355970708016336,1.085750837529916,0.34560189762492727,Doanh thu trung bình cao
fixture-user-4661,25.0,6.0,300.0,22.0,3.0,2.0,1,0.13636363636363635,1000.0,40.0,2,0.020448779079346835,0.987424175304437,0.14043401059775606,Nhóm hành vi còn lại
fixture-user-4662,80.0,2.0,0.0,13.0,0.0,0.0,0,0.0,130.0,15.0,1,-3.8452080923989924,0.04332455321405482,0.6691606922603189,Hoạt động gần nhất cách xa
fixture-user-4663,18.0,9.0,0.0,28.0,13.0,3.0,0,0.4642857142857143,1700.0,70.0,0,1.534830031286699,-1.5309960415171668,0.49554732017099296,Tỷ lệ thêm giỏ/xem cao
fixture-user-4664,13.0,14.0,1020.0,41.0,10.0,6.0,3,0.24390243902439024,2510.0,91.0,3,2.7262823845513653,1.0157588009747183,0.4029662204898221,Doanh thu trung bình cao
fixture-user-4665,26.0,7.0,320.0,23.0,4.0,2.0,1,0.17391304347826086,1010.0,41.0,2,0.2541908963254575,0.8477774875328858,0.17321533289513408,Nhóm hành vi còn lại
fixture-user-4666,81.0,3.0,0.0,14.0,0.0,0.0,0,0.0,140.0,16.0,1,-3.58892156885437,0.07130138670265128,0.7711842983243252,Hoạt động gần nhất cách xa
fixture-user-4667,19.0,10.0,0.0,29.0,14.0,3.0,0,0.4827586206896552,1710.0,71.0,0,1.6472575587743377,-1.5937242188893985,0.5517615405408011,Tỷ lệ thêm giỏ/xem cao
fixture-user-4668,14.0,12.0,1040.0,42.0,8.0,6.0,3,0.19047619047619047,2520.0,92.0,3,2.49670495094491,1.2290037398474845,0.5454645736096191,Doanh thu trung bình cao
fixture-user-4669,27.0,5.0,340.0,24.0,2.0,2.0,1,0.08333333333333333,1020.0,42.0,2,-0.18230360796635595,1.2586072038036613,0.3675912090530475,Nhóm hành vi còn lại
fixture-user-4670,82.0,1.0,0.0,15.0,0.0,0.0,0,0.0,150.0,17.0,1,-3.9196432407459767,0.05669108652696236,0.9282979885680404,Hoạt động gần nhất cách xa
fixture-user-4671,20.0,8.0,0.0,30.0,12.0,3.0,0,0.4,1720.0,72.0,0,1.3793488527403,-1.3100407571216666,0.7263442280480706,Tỷ lệ thêm giỏ/xem cao
fixture-user-4672,15.0,13.0,1060.0,43.0,9.0,6.0,3,0.20930232558139536,2530.0,93.0,3,2.5967783052258118,1.1568322528607358,0.5946167775727039,Doanh thu trung bình cao
fixture-user-4673,28.0,6.0,360.0,25.0,3.0,2.0,1,0.12,1030.0,43.0,2,0.08266019726750658,1.1041566022540645,0.39313910571678706,Nhóm hành vi còn lại
fixture-user-4674,83.0,2.0,0.0,16.0,0.0,0.0,0,0.0,160.0,18.0,1,-3.604202552262844,0.08767912367278557,1.0092869375057245,Hoạt động gần nhất cách xa
fixture-user-4675,21.0,9.0,0.0,31.0,13.0,3.0,0,0.41935483870967744,1730.0,73.0,0,1.501059534575714,-1.376636657189004,0.7749808036540073,Tỷ lệ thêm giỏ/xem cao
fixture-user-4676,16.0,14.0,1080.0,44.0,10.0,6.0,3,0.22727272727272727,2540.0,94.0,3,2.690427951437499,1.0894358139626867,0.6418324646043475,Doanh thu trung bình cao
fixture-user-4677,29.0,7.0,380.0,26.0,4.0,2.0,1,0.15384615384615385,1040.0,44.0,2,0.3086623039800275,0.9723028927926293,0.4212803240192725,Nhóm hành vi còn lại
fixture-user-4678,84.0,3.0,0.0,17.0,0.0,0.0,0,0.0,170.0,19.0,1,-3.3629925377313117,0.11286336793280101,1.0921119219662825,Hoạt động gần nhất cách xa
fixture-user-4679,22.0,10.0,0.0,32.0,14.0,3.0,0,0.4375,1740.0,74.0,0,1.6136201785899058,-1.438893929708042,0.822869682767591,Tỷ lệ thêm giỏ/xem cao
fixture-user-4680,2.0,12.0,800.0,30.0,8.0,6.0,3,0.26666666666666666,2400.0,80.0,3,2.949000201807968,0.9104099322153842,-1.040664161835835,Doanh thu trung bình cao
fixture-user-4681,15.0,5.0,100.0,12.0,2.0,2.0,1,0.16666666666666666,900.0,30.0,2,-0.5125113090819994,0.5888915999238798,-0.9213435417374367,Nhóm hành vi còn lại
fixture-user-4682,70.0,1.0,0.0,3.0,0.0,0.0,0,0.0,30.0,5.0,1,-5.653074755432996,-0.26751935962468665,-1.3948414954693151,Hoạt động gần nhất cách xa
fixture-user-4683,8.0,8.0,0.0,18.0,12.0,3.0,0,0.6666666666666666,1600.0,60.0,0,1.667619505045523,-2.2053810991863303,-0.7744155991773559,Tỷ lệ thêm giỏ/xem cao
fixture-user-4684,3.0,13.0,820.0,31.0,9.0,6.0,3,0.2903225806451613,2410.0,81.0,3,2.9722504279555224,0.8202064154922466,-0.8360402617366788,Doanh thu trung bình cao
fixture-user-4685,16.0,6.0,120.0,13.0,3.0,2.0,1,0.23076923076923078,910.0,31.0,2,-0.18823476857859642,0.3875447576114711,-0.8693490403338631,Nhóm hành vi còn lại
fixture-user-4686,71.0,2.0,0.0,4.0,0.0,0.0,0,0.0,40.0,6.0,1,-5.132931592866225,-0.19697308259203808,-1.0600968999130056,Hoạt động gần nhất cách xa
fixture-user-4687,9.0,9.0,0.0,19.0,13.0,3.0,0,0.6842105263157895,1610.0,61.0,0,1.7765266448407788,-2.263702585114586,-0.6595478640554292,Tỷ lệ thêm giỏ/xem cao
fixture-user-4688,4.0,14.0,840.0,32.0,10.0,6.0,3,0.3125,2420.0,82.0,3,3.01229401895736,0.7383363392983261,-0.6738605748864045,Doanh thu trung bình cao
fixture-user-4689,17.0,7.0,140.0,14.0,4.0,2.0,1,0.2857142857142857,920.0,32.0,2,0.08566905022148885,0.22145490054473832,-0.8127372610551373,Nhóm hành vi còn lại
fixture-user-4690,72.0,3.0,0.0,5.0,0.0,0.0,0,0.0,50.0,7.0,1,-4.734049758831314,-0.1415652227069219,-0.7803874603946023,Hoạt động gần nhất cách xa
fixture-user-4691,10.0,10.0,0.0,20.0,14.0,3.0,0,0.7,1620.0,62.0,0,1.8778157374373483,-2.316152393098142,-0.5521462253135105,Tỷ lệ thêm giỏ/xem cao
fixture-user-4692,5.0,12.0,860.0,33.0,8.0,6.0,3,0.24242424242424243,2430.0,83.0,3,2.7201358279717427,1.0010280153705131,-0.43135310572761704,Doanh thu trung bình cao
fixture-user-4693,18.0,5.0,160.0,15.0,2.0,2.0,1,0.13333333333333333,930.0,33.0,2,-0.416368974045729,0.8413722469868408,-0.5202824835880352,Nhóm hành vi còn lại
fixture-user-4694,73.0,1.0,0.0,6.0,0.0,0.0,0,0.0,60.0,8.0,1,-4.951827114160079,-0.13461517315522942,-0.48185008826089964,Hoạt động gần nhất cách xa
fixture-user-4695,11.0,8.0,0.0,21.0,12.0,3.0,0,0.5714285714285714,1630.0,63.0,0,1.5440020110863266,-1.8916105529499507,-0.2894737393083827,Tỷ lệ thêm giỏ/xem cao
fixture-user-4696,6.0,13.0,880.0,34.0,9.0,6.0,3,0.2647058823529412,2440.0,84.0,3,2.793205514756805,0.9179893295870694,-0.3181395540304275,Doanh thu trung bình cao
fixture-user-4697,19.0,6.0,180.0,16.0,3.0,2.0,1,0.1875,940.0,34.0,2,-0.11506542133983415,0.6524097200437152,-0.47729764843711464,Nhóm hành vi còn lại
fixture-user-4698,74.0,2.0,0.0,7.0,0.0,0.0,0,0.0,70.0,9.0,1,-4.544300503596412,-0.08616879017803282,-0.28512883644029735,Hoạt động gần nhất cách xa
fixture-user-4699,12.0,9.0,0.0,22.0,13.0,3.0,0,0.5909090909090909,1640.0,64.0,0,1.6610803566223118,-1.956635720808595,-0.20216044539729697,Tỷ lệ thêm giỏ/xem cao
fixture-user-4700,7.0,14.0,900.0,35.0,10.0,6.0,3,0.2857142857142857,2450.0,85.0,3,2.865809296514496,0.8413885834551914,-0.21799543117210443,Doanh thu trung bình cao
fixture-user-4701,20.0,7.0,200.0,17.0,4.0,2.0,1,0.23529411764705882,950.0,35.0,2,0.1412081418293925,0.49422871537243757,-0.4309330555436214,Nhóm hành vi còn lại
fixture-user-4702,75.0,3.0,0.0,8.0,0.0,0.0,0,0.0,80.0,10.0,1,-4.226355602128988,-0.04652353682671037,-0.10556235721929748,Hoạt động gần nhất cách xa
fixture-user-4703,13.0,10.0,0.0,23.0,14.0,3.0,0,0.6086956521739131,1650.0,65.0,0,1.769348185040836,-2.015953016612214,-0.1188564273584944,Tỷ lệ thêm giỏ/xem cao
fixture-user-4704,8.0,12.0,920.0,36.0,8.0,6.0,3,0.2222222222222222,2460.0,86.0,3,2.6063737094369293,1.0851522433954928,-0.028162481097520817,Doanh thu trung bình cao
fixture-user-4705,21.0,5.0,220.0,18.0,2.0,2.0,1,0.1111111111111111,960.0,36.0,2,-0.331015161317517,1.017672557566975,-0.18189320559016225,Nhóm hành vi còn lại
fixture-user-4706,76.0,1.0,0.0,9.0,0.0,0.0,0,0.0,90.0,11.0,1,-4.5053809003710175,-0.051404916593935875,0.11674763187868262,Hoạt động gần nhất cách xa
fixture-user-4707,14.0,8.0,0.0,24.0,12.0,3.0,0,0.5,1660.0,66.0,0,1.4649328760198592,-1.6524200575582768,0.10500751195665843,Tỷ lệ thêm giỏ/xem cao
fixture-user-4708,9.0,13.0,940.0,37.0,9.0,6.0,3,0.24324324324324326,2470.0,87.0,3,2.6956818339500837,1.0065237107878025,0.05075676314821963,Doanh thu trung bình cao
fixture-user-4709,22.0,6.0,240.0,19.0,3.0,2.0,1,0.15789473684210525,970.0,37.0,2,-0.045442287582045944,0.842002022281944,-0.14614921568949865,Nhóm hành vi còn lại
fixture-user-4710,77.0,2.0,0.0,10.0,0.0,0.0,0,0.0,100.0,12.0,1,-4.145933218700002,-0.012175282230817307,0.25338192247508057,Hoạt động gần nhất cách xa
fixture-user-4711,15.0,9.0,0.0,25.0,13.0,3.0,0,0.52,1670.0,67.0,0,1.5853970707566725,-1.7197729720568595,0.17473155318197717,Tỷ lệ thêm giỏ/xem cao
fixture-user-4712,10.0,14.0,960.0,38.0,10.0,6.0,3,0.2631578947368421,2480.0,88.0,3,2.7805820478578775,0.9335515526720264,0.12366456013755259,Doanh thu trung bình cao
fixture-user-4713,23.0,7.0,260.0,20.0,4.0,2.0,1,0.2,980.0,38.0,2,0.19806579033115437,0.6934432518431779,-0.10747748554529173,Nhóm hành vi còn lại
fixture-user-4714,78.0,3.0,0.0,11.0,0.0,0.0,0,0.0,110.0,13.0,1,-3.866786492395833,0.020083464757670286,0.3842998554068919,Hoạt động gần nhất cách xa
fixture-user-4715,16.0,10.0,0.0,26.0,14.0,3.0,0,0.5384615384615384,1680.0,68.0,0,1.696701628351615,-1.7818534565886186,0.24216164621576905,Tỷ lệ thêm giỏ/xem cao
fixture-user-4716,11.0,12.0,980.0,39.0,8.0,6.0,3,0.20512820512820512,2490.0,89.0,3,2.539096994000912,1.1608947269527035,0.2849645070861152,Doanh thu trung bình cao
fixture-user-4717,24.0,5.0,280.0,21.0,2.0,2.0,1,0.09523809523809523,990.0,39.0,2,-0.2535021844261599,1.1515543709784555,0.11036450120739257,Nhóm hành vi còn lại
fixture-user-4718,79.0,1.0,0.0,12.0,0.0,0.0,0,0.0,120.0,14.0,1,-4.177806227183311,0.009148059352104415,0.5663777413394052,Hoạt động gần nhất cách xa
fixture-user-4719,17.0,8.0,0.0,27.0,12.0,3.0,0,0.4444444444444444,1690.0,69.0,0,1.4131920056243967,-1.4634770190954087,0.43800042229131814,Tỷ lệ thêm giỏ/xem cao
fixture-user-4720,12.0,13.0,1000.0,40.0,9.0,6.0,3,0.225,2500.0,90.0,3,2.6355970708016336,1.085750837529916,0.34560189762492727,Doanh thu trung bình cao
fixture-user-4721,25.0,6.0,300.0,22.0,3.0,2.0,1,0.13636363636363635,1000.0,40.0,2,0.020448779079346835,0.987424175304437,0.14043401059775606,Nhóm hành vi còn lại
fixture-user-4722,80.0,2.0,0.0,13.0,0.0,0.0,0,0.0,130.0,15.0,1,-3.8452080923989924,0.04332455321405482,0.6691606922603189,Hoạt động gần nhất cách xa
fixture-user-4723,18.0,9.0,0.0,28.0,13.0,3.0,0,0.4642857142857143,1700.0,70.0,0,1.534830031286699,-1.5309960415171668,0.49554732017099296,Tỷ lệ thêm giỏ/xem cao
fixture-user-4724,13.0,14.0,1020.0,41.0,10.0,6.0,3,0.24390243902439024,2510.0,91.0,3,2.7262823845513653,1.0157588009747183,0.4029662204898221,Doanh thu trung bình cao
fixture-user-4725,26.0,7.0,320.0,23.0,4.0,2.0,1,0.17391304347826086,1010.0,41.0,2,0.2541908963254575,0.8477774875328858,0.17321533289513408,Nhóm hành vi còn lại
fixture-user-4726,81.0,3.0,0.0,14.0,0.0,0.0,0,0.0,140.0,16.0,1,-3.58892156885437,0.07130138670265128,0.7711842983243252,Hoạt động gần nhất cách xa
fixture-user-4727,19.0,10.0,0.0,29.0,14.0,3.0,0,0.4827586206896552,1710.0,71.0,0,1.6472575587743377,-1.5937242188893985,0.5517615405408011,Tỷ lệ thêm giỏ/xem cao
fixture-user-4728,14.0,12.0,1040.0,42.0,8.0,6.0,3,0.19047619047619047,2520.0,92.0,3,2.49670495094491,1.2290037398474845,0.5454645736096191,Doanh thu trung bình cao
fixture-user-4729,27.0,5.0,340.0,24.0,2.0,2.0,1,0.08333333333333333,1020.0,42.0,2,-0.18230360796635595,1.2586072038036613,0.3675912090530475,Nhóm hành vi còn lại
fixture-user-4730,82.0,1.0,0.0,15.0,0.0,0.0,0,0.0,150.0,17.0,1,-3.9196432407459767,0.05669108652696236,0.9282979885680404,Hoạt động gần nhất cách xa
fixture-user-4731,20.0,8.0,0.0,30.0,12.0,3.0,0,0.4,1720.0,72.0,0,1.3793488527403,-1.3100407571216666,0.7263442280480706,Tỷ lệ thêm giỏ/xem cao
fixture-user-4732,15.0,13.0,1060.0,43.0,9.0,6.0,3,0.20930232558139536,2530.0,93.0,3,2.5967783052258118,1.1568322528607358,0.5946167775727039,Doanh thu trung bình cao
fixture-user-4733,28.0,6.0,360.0,25.0,3.0,2.0,1,0.12,1030.0,43.0,2,0.08266019726750658,1.1041566022540645,0.39313910571678706,Nhóm hành vi còn lại
fixture-user-4734,83.0,2.0,0.0,16.0,0.0,0.0,0,0.0,160.0,18.0,1,-3.604202552262844,0.08767912367278557,1.0092869375057245,Hoạt động gần nhất cách xa
fixture-user-4735,21.0,9.0,0.0,31.0,13.0,3.0,0,0.41935483870967744,1730.0,73.0,0,1.501059534575714,-1.376636657189004,0.7749808036540073,Tỷ lệ thêm giỏ/xem cao
fixture-user-4736,16.0,14.0,1080.0,44.0,10.0,6.0,3,0.22727272727272727,2540.0,94.0,3,2.690427951437499,1.0894358139626867,0.6418324646043475,Doanh thu trung bình cao
fixture-user-4737,29.0,7.0,380.0,26.0,4.0,2.0,1,0.15384615384615385,1040.0,44.0,2,0.3086623039800275,0.9723028927926293,0.4212803240192725,Nhóm hành vi còn lại
fixture-user-4738,84.0,3.0,0.0,17.0,0.0,0.0,0,0.0,170.0,19.0,1,-3.3629925377313117,0.11286336793280101,1.0921119219662825,Hoạt động gần nhất cách xa
fixture-user-4739,22.0,10.0,0.0,32.0,14.0,3.0,0,0.4375,1740.0,74.0,0,1.6136201785899058,-1.438893929708042,0.822869682767591,Tỷ lệ thêm giỏ/xem cao
fixture-user-4740,2.0,12.0,800.0,30.0,8.0,6.0,3,0.26666666666666666,2400.0,80.0,3,2.949000201807968,0.9104099322153842,-1.040664161835835,Doanh thu trung bình cao
fixture-user-4741,15.0,5.0,100.0,12.0,2.0,2.0,1,0.16666666666666666,900.0,30.0,2,-0.5125113090819994,0.5888915999238798,-0.9213435417374367,Nhóm hành vi còn lại
fixture-user-4742,70.0,1.0,0.0,3.0,0.0,0.0,0,0.0,30.0,5.0,1,-5.653074755432996,-0.26751935962468665,-1.3948414954693151,Hoạt động gần nhất cách xa
fixture-user-4743,8.0,8.0,0.0,18.0,12.0,3.0,0,0.6666666666666666,1600.0,60.0,0,1.667619505045523,-2.2053810991863303,-0.7744155991773559,Tỷ lệ thêm giỏ/xem cao
fixture-user-4744,3.0,13.0,820.0,31.0,9.0,6.0,3,0.2903225806451613,2410.0,81.0,3,2.9722504279555224,0.8202064154922466,-0.8360402617366788,Doanh thu trung bình cao
fixture-user-4745,16.0,6.0,120.0,13.0,3.0,2.0,1,0.23076923076923078,910.0,31.0,2,-0.18823476857859642,0.3875447576114711,-0.8693490403338631,Nhóm hành vi còn lại
fixture-user-4746,71.0,2.0,0.0,4.0,0.0,0.0,0,0.0,40.0,6.0,1,-5.132931592866225,-0.19697308259203808,-1.0600968999130056,Hoạt động gần nhất cách xa
fixture-user-4747,9.0,9.0,0.0,19.0,13.0,3.0,0,0.6842105263157895,1610.0,61.0,0,1.7765266448407788,-2.263702585114586,-0.6595478640554292,Tỷ lệ thêm giỏ/xem cao
fixture-user-4748,4.0,14.0,840.0,32.0,10.0,6.0,3,0.3125,2420.0,82.0,3,3.01229401895736,0.7383363392983261,-0.6738605748864045,Doanh thu trung bình cao
fixture-user-4749,17.0,7.0,140.0,14.0,4.0,2.0,1,0.2857142857142857,920.0,32.0,2,0.08566905022148885,0.22145490054473832,-0.8127372610551373,Nhóm hành vi còn lại
fixture-user-4750,72.0,3.0,0.0,5.0,0.0,0.0,0,0.0,50.0,7.0,1,-4.734049758831314,-0.1415652227069219,-0.7803874603946023,Hoạt động gần nhất cách xa
fixture-user-4751,10.0,10.0,0.0,20.0,14.0,3.0,0,0.7,1620.0,62.0,0,1.8778157374373483,-2.316152393098142,-0.5521462253135105,Tỷ lệ thêm giỏ/xem cao
fixture-user-4752,5.0,12.0,860.0,33.0,8.0,6.0,3,0.24242424242424243,2430.0,83.0,3,2.7201358279717427,1.0010280153705131,-0.43135310572761704,Doanh thu trung bình cao
fixture-user-4753,18.0,5.0,160.0,15.0,2.0,2.0,1,0.13333333333333333,930.0,33.0,2,-0.416368974045729,0.8413722469868408,-0.5202824835880352,Nhóm hành vi còn lại
fixture-user-4754,73.0,1.0,0.0,6.0,0.0,0.0,0,0.0,60.0,8.0,1,-4.951827114160079,-0.13461517315522942,-0.48185008826089964,Hoạt động gần nhất cách xa
fixture-user-4755,11.0,8.0,0.0,21.0,12.0,3.0,0,0.5714285714285714,1630.0,63.0,0,1.5440020110863266,-1.8916105529499507,-0.2894737393083827,Tỷ lệ thêm giỏ/xem cao
fixture-user-4756,6.0,13.0,880.0,34.0,9.0,6.0,3,0.2647058823529412,2440.0,84.0,3,2.793205514756805,0.9179893295870694,-0.3181395540304275,Doanh thu trung bình cao
fixture-user-4757,19.0,6.0,180.0,16.0,3.0,2.0,1,0.1875,940.0,34.0,2,-0.11506542133983415,0.6524097200437152,-0.47729764843711464,Nhóm hành vi còn lại
fixture-user-4758,74.0,2.0,0.0,7.0,0.0,0.0,0,0.0,70.0,9.0,1,-4.544300503596412,-0.08616879017803282,-0.28512883644029735,Hoạt động gần nhất cách xa
fixture-user-4759,12.0,9.0,0.0,22.0,13.0,3.0,0,0.5909090909090909,1640.0,64.0,0,1.6610803566223118,-1.956635720808595,-0.20216044539729697,Tỷ lệ thêm giỏ/xem cao
fixture-user-4760,7.0,14.0,900.0,35.0,10.0,6.0,3,0.2857142857142857,2450.0,85.0,3,2.865809296514496,0.8413885834551914,-0.21799543117210443,Doanh thu trung bình cao
fixture-user-4761,20.0,7.0,200.0,17.0,4.0,2.0,1,0.23529411764705882,950.0,35.0,2,0.1412081418293925,0.49422871537243757,-0.4309330555436214,Nhóm hành vi còn lại
fixture-user-4762,75.0,3.0,0.0,8.0,0.0,0.0,0,0.0,80.0,10.0,1,-4.226355602128988,-0.04652353682671037,-0.10556235721929748,Hoạt động gần nhất cách xa
fixture-user-4763,13.0,10.0,0.0,23.0,14.0,3.0,0,0.6086956521739131,1650.0,65.0,0,1.769348185040836,-2.015953016612214,-0.1188564273584944,Tỷ lệ thêm giỏ/xem cao
fixture-user-4764,8.0,12.0,920.0,36.0,8.0,6.0,3,0.2222222222222222,2460.0,86.0,3,2.6063737094369293,1.0851522433954928,-0.028162481097520817,Doanh thu trung bình cao
fixture-user-4765,21.0,5.0,220.0,18.0,2.0,2.0,1,0.1111111111111111,960.0,36.0,2,-0.331015161317517,1.017672557566975,-0.18189320559016225,Nhóm hành vi còn lại
fixture-user-4766,76.0,1.0,0.0,9.0,0.0,0.0,0,0.0,90.0,11.0,1,-4.5053809003710175,-0.051404916593935875,0.11674763187868262,Hoạt động gần nhất cách xa
fixture-user-4767,14.0,8.0,0.0,24.0,12.0,3.0,0,0.5,1660.0,66.0,0,1.4649328760198592,-1.6524200575582768,0.10500751195665843,Tỷ lệ thêm giỏ/xem cao
fixture-user-4768,9.0,13.0,940.0,37.0,9.0,6.0,3,0.24324324324324326,2470.0,87.0,3,2.6956818339500837,1.0065237107878025,0.05075676314821963,Doanh thu trung bình cao
fixture-user-4769,22.0,6.0,240.0,19.0,3.0,2.0,1,0.15789473684210525,970.0,37.0,2,-0.045442287582045944,0.842002022281944,-0.14614921568949865,Nhóm hành vi còn lại
fixture-user-4770,77.0,2.0,0.0,10.0,0.0,0.0,0,0.0,100.0,12.0,1,-4.145933218700002,-0.012175282230817307,0.25338192247508057,Hoạt động gần nhất cách xa
fixture-user-4771,15.0,9.0,0.0,25.0,13.0,3.0,0,0.52,1670.0,67.0,0,1.5853970707566725,-1.7197729720568595,0.17473155318197717,Tỷ lệ thêm giỏ/xem cao
fixture-user-4772,10.0,14.0,960.0,38.0,10.0,6.0,3,0.2631578947368421,2480.0,88.0,3,2.7805820478578775,0.9335515526720264,0.12366456013755259,Doanh thu trung bình cao
fixture-user-4773,23.0,7.0,260.0,20.0,4.0,2.0,1,0.2,980.0,38.0,2,0.19806579033115437,0.6934432518431779,-0.10747748554529173,Nhóm hành vi còn lại
fixture-user-4774,78.0,3.0,0.0,11.0,0.0,0.0,0,0.0,110.0,13.0,1,-3.866786492395833,0.020083464757670286,0.3842998554068919,Hoạt động gần nhất cách xa
fixture-user-4775,16.0,10.0,0.0,26.0,14.0,3.0,0,0.5384615384615384,1680.0,68.0,0,1.696701628351615,-1.7818534565886186,0.24216164621576905,Tỷ lệ thêm giỏ/xem cao
fixture-user-4776,11.0,12.0,980.0,39.0,8.0,6.0,3,0.20512820512820512,2490.0,89.0,3,2.539096994000912,1.1608947269527035,0.2849645070861152,Doanh thu trung bình cao
fixture-user-4777,24.0,5.0,280.0,21.0,2.0,2.0,1,0.09523809523809523,990.0,39.0,2,-0.2535021844261599,1.1515543709784555,0.11036450120739257,Nhóm hành vi còn lại
fixture-user-4778,79.0,1.0,0.0,12.0,0.0,0.0,0,0.0,120.0,14.0,1,-4.177806227183311,0.009148059352104415,0.5663777413394052,Hoạt động gần nhất cách xa
fixture-user-4779,17.0,8.0,0.0,27.0,12.0,3.0,0,0.4444444444444444,1690.0,69.0,0,1.4131920056243967,-1.4634770190954087,0.43800042229131814,Tỷ lệ thêm giỏ/xem cao
fixture-user-4780,12.0,13.0,1000.0,40.0,9.0,6.0,3,0.225,2500.0,90.0,3,2.6355970708016336,1.085750837529916,0.34560189762492727,Doanh thu trung bình cao
fixture-user-4781,25.0,6.0,300.0,22.0,3.0,2.0,1,0.13636363636363635,1000.0,40.0,2,0.020448779079346835,0.987424175304437,0.14043401059775606,Nhóm hành vi còn lại
fixture-user-4782,80.0,2.0,0.0,13.0,0.0,0.0,0,0.0,130.0,15.0,1,-3.8452080923989924,0.04332455321405482,0.6691606922603189,Hoạt động gần nhất cách xa
fixture-user-4783,18.0,9.0,0.0,28.0,13.0,3.0,0,0.4642857142857143,1700.0,70.0,0,1.534830031286699,-1.5309960415171668,0.49554732017099296,Tỷ lệ thêm giỏ/xem cao
fixture-user-4784,13.0,14.0,1020.0,41.0,10.0,6.0,3,0.24390243902439024,2510.0,91.0,3,2.7262823845513653,1.0157588009747183,0.4029662204898221,Doanh thu trung bình cao
fixture-user-4785,26.0,7.0,320.0,23.0,4.0,2.0,1,0.17391304347826086,1010.0,41.0,2,0.2541908963254575,0.8477774875328858,0.17321533289513408,Nhóm hành vi còn lại
fixture-user-4786,81.0,3.0,0.0,14.0,0.0,0.0,0,0.0,140.0,16.0,1,-3.58892156885437,0.07130138670265128,0.7711842983243252,Hoạt động gần nhất cách xa
fixture-user-4787,19.0,10.0,0.0,29.0,14.0,3.0,0,0.4827586206896552,1710.0,71.0,0,1.6472575587743377,-1.5937242188893985,0.5517615405408011,Tỷ lệ thêm giỏ/xem cao
fixture-user-4788,14.0,12.0,1040.0,42.0,8.0,6.0,3,0.19047619047619047,2520.0,92.0,3,2.49670495094491,1.2290037398474845,0.5454645736096191,Doanh thu trung bình cao
fixture-user-4789,27.0,5.0,340.0,24.0,2.0,2.0,1,0.08333333333333333,1020.0,42.0,2,-0.18230360796635595,1.2586072038036613,0.3675912090530475,Nhóm hành vi còn lại
fixture-user-4790,82.0,1.0,0.0,15.0,0.0,0.0,0,0.0,150.0,17.0,1,-3.9196432407459767,0.05669108652696236,0.9282979885680404,Hoạt động gần nhất cách xa
fixture-user-4791,20.0,8.0,0.0,30.0,12.0,3.0,0,0.4,1720.0,72.0,0,1.3793488527403,-1.3100407571216666,0.7263442280480706,Tỷ lệ thêm giỏ/xem cao
fixture-user-4792,15.0,13.0,1060.0,43.0,9.0,6.0,3,0.20930232558139536,2530.0,93.0,3,2.5967783052258118,1.1568322528607358,0.5946167775727039,Doanh thu trung bình cao
fixture-user-4793,28.0,6.0,360.0,25.0,3.0,2.0,1,0.12,1030.0,43.0,2,0.08266019726750658,1.1041566022540645,0.39313910571678706,Nhóm hành vi còn lại
fixture-user-4794,83.0,2.0,0.0,16.0,0.0,0.0,0,0.0,160.0,18.0,1,-3.604202552262844,0.08767912367278557,1.0092869375057245,Hoạt động gần nhất cách xa
fixture-user-4795,21.0,9.0,0.0,31.0,13.0,3.0,0,0.41935483870967744,1730.0,73.0,0,1.501059534575714,-1.376636657189004,0.7749808036540073,Tỷ lệ thêm giỏ/xem cao
fixture-user-4796,16.0,14.0,1080.0,44.0,10.0,6.0,3,0.22727272727272727,2540.0,94.0,3,2.690427951437499,1.0894358139626867,0.6418324646043475,Doanh thu trung bình cao
fixture-user-4797,29.0,7.0,380.0,26.0,4.0,2.0,1,0.15384615384615385,1040.0,44.0,2,0.3086623039800275,0.9723028927926293,0.4212803240192725,Nhóm hành vi còn lại
fixture-user-4798,84.0,3.0,0.0,17.0,0.0,0.0,0,0.0,170.0,19.0,1,-3.3629925377313117,0.11286336793280101,1.0921119219662825,Hoạt động gần nhất cách xa
fixture-user-4799,22.0,10.0,0.0,32.0,14.0,3.0,0,0.4375,1740.0,74.0,0,1.6136201785899058,-1.438893929708042,0.822869682767591,Tỷ lệ thêm giỏ/xem cao
fixture-user-4800,2.0,12.0,800.0,30.0,8.0,6.0,3,0.26666666666666666,2400.0,80.0,3,2.949000201807968,0.9104099322153842,-1.040664161835835,Doanh thu trung bình cao
fixture-user-4801,15.0,5.0,100.0,12.0,2.0,2.0,1,0.16666666666666666,900.0,30.0,2,-0.5125113090819994,0.5888915999238798,-0.9213435417374367,Nhóm hành vi còn lại
fixture-user-4802,70.0,1.0,0.0,3.0,0.0,0.0,0,0.0,30.0,5.0,1,-5.653074755432996,-0.26751935962468665,-1.3948414954693151,Hoạt động gần nhất cách xa
fixture-user-4803,8.0,8.0,0.0,18.0,12.0,3.0,0,0.6666666666666666,1600.0,60.0,0,1.667619505045523,-2.2053810991863303,-0.7744155991773559,Tỷ lệ thêm giỏ/xem cao
fixture-user-4804,3.0,13.0,820.0,31.0,9.0,6.0,3,0.2903225806451613,2410.0,81.0,3,2.9722504279555224,0.8202064154922466,-0.8360402617366788,Doanh thu trung bình cao
fixture-user-4805,16.0,6.0,120.0,13.0,3.0,2.0,1,0.23076923076923078,910.0,31.0,2,-0.18823476857859642,0.3875447576114711,-0.8693490403338631,Nhóm hành vi còn lại
fixture-user-4806,71.0,2.0,0.0,4.0,0.0,0.0,0,0.0,40.0,6.0,1,-5.132931592866225,-0.19697308259203808,-1.0600968999130056,Hoạt động gần nhất cách xa
fixture-user-4807,9.0,9.0,0.0,19.0,13.0,3.0,0,0.6842105263157895,1610.0,61.0,0,1.7765266448407788,-2.263702585114586,-0.6595478640554292,Tỷ lệ thêm giỏ/xem cao
fixture-user-4808,4.0,14.0,840.0,32.0,10.0,6.0,3,0.3125,2420.0,82.0,3,3.01229401895736,0.7383363392983261,-0.6738605748864045,Doanh thu trung bình cao
fixture-user-4809,17.0,7.0,140.0,14.0,4.0,2.0,1,0.2857142857142857,920.0,32.0,2,0.08566905022148885,0.22145490054473832,-0.8127372610551373,Nhóm hành vi còn lại
fixture-user-4810,72.0,3.0,0.0,5.0,0.0,0.0,0,0.0,50.0,7.0,1,-4.734049758831314,-0.1415652227069219,-0.7803874603946023,Hoạt động gần nhất cách xa
fixture-user-4811,10.0,10.0,0.0,20.0,14.0,3.0,0,0.7,1620.0,62.0,0,1.8778157374373483,-2.316152393098142,-0.5521462253135105,Tỷ lệ thêm giỏ/xem cao
fixture-user-4812,5.0,12.0,860.0,33.0,8.0,6.0,3,0.24242424242424243,2430.0,83.0,3,2.7201358279717427,1.0010280153705131,-0.43135310572761704,Doanh thu trung bình cao
fixture-user-4813,18.0,5.0,160.0,15.0,2.0,2.0,1,0.13333333333333333,930.0,33.0,2,-0.416368974045729,0.8413722469868408,-0.5202824835880352,Nhóm hành vi còn lại
fixture-user-4814,73.0,1.0,0.0,6.0,0.0,0.0,0,0.0,60.0,8.0,1,-4.951827114160079,-0.13461517315522942,-0.48185008826089964,Hoạt động gần nhất cách xa
fixture-user-4815,11.0,8.0,0.0,21.0,12.0,3.0,0,0.5714285714285714,1630.0,63.0,0,1.5440020110863266,-1.8916105529499507,-0.2894737393083827,Tỷ lệ thêm giỏ/xem cao
fixture-user-4816,6.0,13.0,880.0,34.0,9.0,6.0,3,0.2647058823529412,2440.0,84.0,3,2.793205514756805,0.9179893295870694,-0.3181395540304275,Doanh thu trung bình cao
fixture-user-4817,19.0,6.0,180.0,16.0,3.0,2.0,1,0.1875,940.0,34.0,2,-0.11506542133983415,0.6524097200437152,-0.47729764843711464,Nhóm hành vi còn lại
fixture-user-4818,74.0,2.0,0.0,7.0,0.0,0.0,0,0.0,70.0,9.0,1,-4.544300503596412,-0.08616879017803282,-0.28512883644029735,Hoạt động gần nhất cách xa
fixture-user-4819,12.0,9.0,0.0,22.0,13.0,3.0,0,0.5909090909090909,1640.0,64.0,0,1.6610803566223118,-1.956635720808595,-0.20216044539729697,Tỷ lệ thêm giỏ/xem cao
fixture-user-4820,7.0,14.0,900.0,35.0,10.0,6.0,3,0.2857142857142857,2450.0,85.0,3,2.865809296514496,0.8413885834551914,-0.21799543117210443,Doanh thu trung bình cao
fixture-user-4821,20.0,7.0,200.0,17.0,4.0,2.0,1,0.23529411764705882,950.0,35.0,2,0.1412081418293925,0.49422871537243757,-0.4309330555436214,Nhóm hành vi còn lại
fixture-user-4822,75.0,3.0,0.0,8.0,0.0,0.0,0,0.0,80.0,10.0,1,-4.226355602128988,-0.04652353682671037,-0.10556235721929748,Hoạt động gần nhất cách xa
fixture-user-4823,13.0,10.0,0.0,23.0,14.0,3.0,0,0.6086956521739131,1650.0,65.0,0,1.769348185040836,-2.015953016612214,-0.1188564273584944,Tỷ lệ thêm giỏ/xem cao
fixture-user-4824,8.0,12.0,920.0,36.0,8.0,6.0,3,0.2222222222222222,2460.0,86.0,3,2.6063737094369293,1.0851522433954928,-0.028162481097520817,Doanh thu trung bình cao
fixture-user-4825,21.0,5.0,220.0,18.0,2.0,2.0,1,0.1111111111111111,960.0,36.0,2,-0.331015161317517,1.017672557566975,-0.18189320559016225,Nhóm hành vi còn lại
fixture-user-4826,76.0,1.0,0.0,9.0,0.0,0.0,0,0.0,90.0,11.0,1,-4.5053809003710175,-0.051404916593935875,0.11674763187868262,Hoạt động gần nhất cách xa
fixture-user-4827,14.0,8.0,0.0,24.0,12.0,3.0,0,0.5,1660.0,66.0,0,1.4649328760198592,-1.6524200575582768,0.10500751195665843,Tỷ lệ thêm giỏ/xem cao
fixture-user-4828,9.0,13.0,940.0,37.0,9.0,6.0,3,0.24324324324324326,2470.0,87.0,3,2.6956818339500837,1.0065237107878025,0.05075676314821963,Doanh thu trung bình cao
fixture-user-4829,22.0,6.0,240.0,19.0,3.0,2.0,1,0.15789473684210525,970.0,37.0,2,-0.045442287582045944,0.842002022281944,-0.14614921568949865,Nhóm hành vi còn lại
fixture-user-4830,77.0,2.0,0.0,10.0,0.0,0.0,0,0.0,100.0,12.0,1,-4.145933218700002,-0.012175282230817307,0.25338192247508057,Hoạt động gần nhất cách xa
fixture-user-4831,15.0,9.0,0.0,25.0,13.0,3.0,0,0.52,1670.0,67.0,0,1.5853970707566725,-1.7197729720568595,0.17473155318197717,Tỷ lệ thêm giỏ/xem cao
fixture-user-4832,10.0,14.0,960.0,38.0,10.0,6.0,3,0.2631578947368421,2480.0,88.0,3,2.7805820478578775,0.9335515526720264,0.12366456013755259,Doanh thu trung bình cao
fixture-user-4833,23.0,7.0,260.0,20.0,4.0,2.0,1,0.2,980.0,38.0,2,0.19806579033115437,0.6934432518431779,-0.10747748554529173,Nhóm hành vi còn lại
fixture-user-4834,78.0,3.0,0.0,11.0,0.0,0.0,0,0.0,110.0,13.0,1,-3.866786492395833,0.020083464757670286,0.3842998554068919,Hoạt động gần nhất cách xa
fixture-user-4835,16.0,10.0,0.0,26.0,14.0,3.0,0,0.5384615384615384,1680.0,68.0,0,1.696701628351615,-1.7818534565886186,0.24216164621576905,Tỷ lệ thêm giỏ/xem cao
fixture-user-4836,11.0,12.0,980.0,39.0,8.0,6.0,3,0.20512820512820512,2490.0,89.0,3,2.539096994000912,1.1608947269527035,0.2849645070861152,Doanh thu trung bình cao
fixture-user-4837,24.0,5.0,280.0,21.0,2.0,2.0,1,0.09523809523809523,990.0,39.0,2,-0.2535021844261599,1.1515543709784555,0.11036450120739257,Nhóm hành vi còn lại
fixture-user-4838,79.0,1.0,0.0,12.0,0.0,0.0,0,0.0,120.0,14.0,1,-4.177806227183311,0.009148059352104415,0.5663777413394052,Hoạt động gần nhất cách xa
fixture-user-4839,17.0,8.0,0.0,27.0,12.0,3.0,0,0.4444444444444444,1690.0,69.0,0,1.4131920056243967,-1.4634770190954087,0.43800042229131814,Tỷ lệ thêm giỏ/xem cao
fixture-user-4840,12.0,13.0,1000.0,40.0,9.0,6.0,3,0.225,2500.0,90.0,3,2.6355970708016336,1.085750837529916,0.34560189762492727,Doanh thu trung bình cao
fixture-user-4841,25.0,6.0,300.0,22.0,3.0,2.0,1,0.13636363636363635,1000.0,40.0,2,0.020448779079346835,0.987424175304437,0.14043401059775606,Nhóm hành vi còn lại
fixture-user-4842,80.0,2.0,0.0,13.0,0.0,0.0,0,0.0,130.0,15.0,1,-3.8452080923989924,0.04332455321405482,0.6691606922603189,Hoạt động gần nhất cách xa
fixture-user-4843,18.0,9.0,0.0,28.0,13.0,3.0,0,0.4642857142857143,1700.0,70.0,0,1.534830031286699,-1.5309960415171668,0.49554732017099296,Tỷ lệ thêm giỏ/xem cao
fixture-user-4844,13.0,14.0,1020.0,41.0,10.0,6.0,3,0.24390243902439024,2510.0,91.0,3,2.7262823845513653,1.0157588009747183,0.4029662204898221,Doanh thu trung bình cao
fixture-user-4845,26.0,7.0,320.0,23.0,4.0,2.0,1,0.17391304347826086,1010.0,41.0,2,0.2541908963254575,0.8477774875328858,0.17321533289513408,Nhóm hành vi còn lại
fixture-user-4846,81.0,3.0,0.0,14.0,0.0,0.0,0,0.0,140.0,16.0,1,-3.58892156885437,0.07130138670265128,0.7711842983243252,Hoạt động gần nhất cách xa
fixture-user-4847,19.0,10.0,0.0,29.0,14.0,3.0,0,0.4827586206896552,1710.0,71.0,0,1.6472575587743377,-1.5937242188893985,0.5517615405408011,Tỷ lệ thêm giỏ/xem cao
fixture-user-4848,14.0,12.0,1040.0,42.0,8.0,6.0,3,0.19047619047619047,2520.0,92.0,3,2.49670495094491,1.2290037398474845,0.5454645736096191,Doanh thu trung bình cao
fixture-user-4849,27.0,5.0,340.0,24.0,2.0,2.0,1,0.08333333333333333,1020.0,42.0,2,-0.18230360796635595,1.2586072038036613,0.3675912090530475,Nhóm hành vi còn lại
fixture-user-4850,82.0,1.0,0.0,15.0,0.0,0.0,0,0.0,150.0,17.0,1,-3.9196432407459767,0.05669108652696236,0.9282979885680404,Hoạt động gần nhất cách xa
fixture-user-4851,20.0,8.0,0.0,30.0,12.0,3.0,0,0.4,1720.0,72.0,0,1.3793488527403,-1.3100407571216666,0.7263442280480706,Tỷ lệ thêm giỏ/xem cao
fixture-user-4852,15.0,13.0,1060.0,43.0,9.0,6.0,3,0.20930232558139536,2530.0,93.0,3,2.5967783052258118,1.1568322528607358,0.5946167775727039,Doanh thu trung bình cao
fixture-user-4853,28.0,6.0,360.0,25.0,3.0,2.0,1,0.12,1030.0,43.0,2,0.08266019726750658,1.1041566022540645,0.39313910571678706,Nhóm hành vi còn lại
fixture-user-4854,83.0,2.0,0.0,16.0,0.0,0.0,0,0.0,160.0,18.0,1,-3.604202552262844,0.08767912367278557,1.0092869375057245,Hoạt động gần nhất cách xa
fixture-user-4855,21.0,9.0,0.0,31.0,13.0,3.0,0,0.41935483870967744,1730.0,73.0,0,1.501059534575714,-1.376636657189004,0.7749808036540073,Tỷ lệ thêm giỏ/xem cao
fixture-user-4856,16.0,14.0,1080.0,44.0,10.0,6.0,3,0.22727272727272727,2540.0,94.0,3,2.690427951437499,1.0894358139626867,0.6418324646043475,Doanh thu trung bình cao
fixture-user-4857,29.0,7.0,380.0,26.0,4.0,2.0,1,0.15384615384615385,1040.0,44.0,2,0.3086623039800275,0.9723028927926293,0.4212803240192725,Nhóm hành vi còn lại
fixture-user-4858,84.0,3.0,0.0,17.0,0.0,0.0,0,0.0,170.0,19.0,1,-3.3629925377313117,0.11286336793280101,1.0921119219662825,Hoạt động gần nhất cách xa
fixture-user-4859,22.0,10.0,0.0,32.0,14.0,3.0,0,0.4375,1740.0,74.0,0,1.6136201785899058,-1.438893929708042,0.822869682767591,Tỷ lệ thêm giỏ/xem cao
fixture-user-4860,2.0,12.0,800.0,30.0,8.0,6.0,3,0.26666666666666666,2400.0,80.0,3,2.949000201807968,0.9104099322153842,-1.040664161835835,Doanh thu trung bình cao
fixture-user-4861,15.0,5.0,100.0,12.0,2.0,2.0,1,0.16666666666666666,900.0,30.0,2,-0.5125113090819994,0.5888915999238798,-0.9213435417374367,Nhóm hành vi còn lại
fixture-user-4862,70.0,1.0,0.0,3.0,0.0,0.0,0,0.0,30.0,5.0,1,-5.653074755432996,-0.26751935962468665,-1.3948414954693151,Hoạt động gần nhất cách xa
fixture-user-4863,8.0,8.0,0.0,18.0,12.0,3.0,0,0.6666666666666666,1600.0,60.0,0,1.667619505045523,-2.2053810991863303,-0.7744155991773559,Tỷ lệ thêm giỏ/xem cao
fixture-user-4864,3.0,13.0,820.0,31.0,9.0,6.0,3,0.2903225806451613,2410.0,81.0,3,2.9722504279555224,0.8202064154922466,-0.8360402617366788,Doanh thu trung bình cao
fixture-user-4865,16.0,6.0,120.0,13.0,3.0,2.0,1,0.23076923076923078,910.0,31.0,2,-0.18823476857859642,0.3875447576114711,-0.8693490403338631,Nhóm hành vi còn lại
fixture-user-4866,71.0,2.0,0.0,4.0,0.0,0.0,0,0.0,40.0,6.0,1,-5.132931592866225,-0.19697308259203808,-1.0600968999130056,Hoạt động gần nhất cách xa
fixture-user-4867,9.0,9.0,0.0,19.0,13.0,3.0,0,0.6842105263157895,1610.0,61.0,0,1.7765266448407788,-2.263702585114586,-0.6595478640554292,Tỷ lệ thêm giỏ/xem cao
fixture-user-4868,4.0,14.0,840.0,32.0,10.0,6.0,3,0.3125,2420.0,82.0,3,3.01229401895736,0.7383363392983261,-0.6738605748864045,Doanh thu trung bình cao
fixture-user-4869,17.0,7.0,140.0,14.0,4.0,2.0,1,0.2857142857142857,920.0,32.0,2,0.08566905022148885,0.22145490054473832,-0.8127372610551373,Nhóm hành vi còn lại
fixture-user-4870,72.0,3.0,0.0,5.0,0.0,0.0,0,0.0,50.0,7.0,1,-4.734049758831314,-0.1415652227069219,-0.7803874603946023,Hoạt động gần nhất cách xa
fixture-user-4871,10.0,10.0,0.0,20.0,14.0,3.0,0,0.7,1620.0,62.0,0,1.8778157374373483,-2.316152393098142,-0.5521462253135105,Tỷ lệ thêm giỏ/xem cao
fixture-user-4872,5.0,12.0,860.0,33.0,8.0,6.0,3,0.24242424242424243,2430.0,83.0,3,2.7201358279717427,1.0010280153705131,-0.43135310572761704,Doanh thu trung bình cao
fixture-user-4873,18.0,5.0,160.0,15.0,2.0,2.0,1,0.13333333333333333,930.0,33.0,2,-0.416368974045729,0.8413722469868408,-0.5202824835880352,Nhóm hành vi còn lại
fixture-user-4874,73.0,1.0,0.0,6.0,0.0,0.0,0,0.0,60.0,8.0,1,-4.951827114160079,-0.13461517315522942,-0.48185008826089964,Hoạt động gần nhất cách xa
fixture-user-4875,11.0,8.0,0.0,21.0,12.0,3.0,0,0.5714285714285714,1630.0,63.0,0,1.5440020110863266,-1.8916105529499507,-0.2894737393083827,Tỷ lệ thêm giỏ/xem cao
fixture-user-4876,6.0,13.0,880.0,34.0,9.0,6.0,3,0.2647058823529412,2440.0,84.0,3,2.793205514756805,0.9179893295870694,-0.3181395540304275,Doanh thu trung bình cao
fixture-user-4877,19.0,6.0,180.0,16.0,3.0,2.0,1,0.1875,940.0,34.0,2,-0.11506542133983415,0.6524097200437152,-0.47729764843711464,Nhóm hành vi còn lại
fixture-user-4878,74.0,2.0,0.0,7.0,0.0,0.0,0,0.0,70.0,9.0,1,-4.544300503596412,-0.08616879017803282,-0.28512883644029735,Hoạt động gần nhất cách xa
fixture-user-4879,12.0,9.0,0.0,22.0,13.0,3.0,0,0.5909090909090909,1640.0,64.0,0,1.6610803566223118,-1.956635720808595,-0.20216044539729697,Tỷ lệ thêm giỏ/xem cao
fixture-user-4880,7.0,14.0,900.0,35.0,10.0,6.0,3,0.2857142857142857,2450.0,85.0,3,2.865809296514496,0.8413885834551914,-0.21799543117210443,Doanh thu trung bình cao
fixture-user-4881,20.0,7.0,200.0,17.0,4.0,2.0,1,0.23529411764705882,950.0,35.0,2,0.1412081418293925,0.49422871537243757,-0.4309330555436214,Nhóm hành vi còn lại
fixture-user-4882,75.0,3.0,0.0,8.0,0.0,0.0,0,0.0,80.0,10.0,1,-4.226355602128988,-0.04652353682671037,-0.10556235721929748,Hoạt động gần nhất cách xa
fixture-user-4883,13.0,10.0,0.0,23.0,14.0,3.0,0,0.6086956521739131,1650.0,65.0,0,1.769348185040836,-2.015953016612214,-0.1188564273584944,Tỷ lệ thêm giỏ/xem cao
fixture-user-4884,8.0,12.0,920.0,36.0,8.0,6.0,3,0.2222222222222222,2460.0,86.0,3,2.6063737094369293,1.0851522433954928,-0.028162481097520817,Doanh thu trung bình cao
fixture-user-4885,21.0,5.0,220.0,18.0,2.0,2.0,1,0.1111111111111111,960.0,36.0,2,-0.331015161317517,1.017672557566975,-0.18189320559016225,Nhóm hành vi còn lại
fixture-user-4886,76.0,1.0,0.0,9.0,0.0,0.0,0,0.0,90.0,11.0,1,-4.5053809003710175,-0.051404916593935875,0.11674763187868262,Hoạt động gần nhất cách xa
fixture-user-4887,14.0,8.0,0.0,24.0,12.0,3.0,0,0.5,1660.0,66.0,0,1.4649328760198592,-1.6524200575582768,0.10500751195665843,Tỷ lệ thêm giỏ/xem cao
fixture-user-4888,9.0,13.0,940.0,37.0,9.0,6.0,3,0.24324324324324326,2470.0,87.0,3,2.6956818339500837,1.0065237107878025,0.05075676314821963,Doanh thu trung bình cao
fixture-user-4889,22.0,6.0,240.0,19.0,3.0,2.0,1,0.15789473684210525,970.0,37.0,2,-0.045442287582045944,0.842002022281944,-0.14614921568949865,Nhóm hành vi còn lại
fixture-user-4890,77.0,2.0,0.0,10.0,0.0,0.0,0,0.0,100.0,12.0,1,-4.145933218700002,-0.012175282230817307,0.25338192247508057,Hoạt động gần nhất cách xa
fixture-user-4891,15.0,9.0,0.0,25.0,13.0,3.0,0,0.52,1670.0,67.0,0,1.5853970707566725,-1.7197729720568595,0.17473155318197717,Tỷ lệ thêm giỏ/xem cao
fixture-user-4892,10.0,14.0,960.0,38.0,10.0,6.0,3,0.2631578947368421,2480.0,88.0,3,2.7805820478578775,0.9335515526720264,0.12366456013755259,Doanh thu trung bình cao
fixture-user-4893,23.0,7.0,260.0,20.0,4.0,2.0,1,0.2,980.0,38.0,2,0.19806579033115437,0.6934432518431779,-0.10747748554529173,Nhóm hành vi còn lại
fixture-user-4894,78.0,3.0,0.0,11.0,0.0,0.0,0,0.0,110.0,13.0,1,-3.866786492395833,0.020083464757670286,0.3842998554068919,Hoạt động gần nhất cách xa
fixture-user-4895,16.0,10.0,0.0,26.0,14.0,3.0,0,0.5384615384615384,1680.0,68.0,0,1.696701628351615,-1.7818534565886186,0.24216164621576905,Tỷ lệ thêm giỏ/xem cao
fixture-user-4896,11.0,12.0,980.0,39.0,8.0,6.0,3,0.20512820512820512,2490.0,89.0,3,2.539096994000912,1.1608947269527035,0.2849645070861152,Doanh thu trung bình cao
fixture-user-4897,24.0,5.0,280.0,21.0,2.0,2.0,1,0.09523809523809523,990.0,39.0,2,-0.2535021844261599,1.1515543709784555,0.11036450120739257,Nhóm hành vi còn lại
fixture-user-4898,79.0,1.0,0.0,12.0,0.0,0.0,0,0.0,120.0,14.0,1,-4.177806227183311,0.009148059352104415,0.5663777413394052,Hoạt động gần nhất cách xa
fixture-user-4899,17.0,8.0,0.0,27.0,12.0,3.0,0,0.4444444444444444,1690.0,69.0,0,1.4131920056243967,-1.4634770190954087,0.43800042229131814,Tỷ lệ thêm giỏ/xem cao
fixture-user-4900,12.0,13.0,1000.0,40.0,9.0,6.0,3,0.225,2500.0,90.0,3,2.6355970708016336,1.085750837529916,0.34560189762492727,Doanh thu trung bình cao
fixture-user-4901,25.0,6.0,300.0,22.0,3.0,2.0,1,0.13636363636363635,1000.0,40.0,2,0.020448779079346835,0.987424175304437,0.14043401059775606,Nhóm hành vi còn lại
fixture-user-4902,80.0,2.0,0.0,13.0,0.0,0.0,0,0.0,130.0,15.0,1,-3.8452080923989924,0.04332455321405482,0.6691606922603189,Hoạt động gần nhất cách xa
fixture-user-4903,18.0,9.0,0.0,28.0,13.0,3.0,0,0.4642857142857143,1700.0,70.0,0,1.534830031286699,-1.5309960415171668,0.49554732017099296,Tỷ lệ thêm giỏ/xem cao
fixture-user-4904,13.0,14.0,1020.0,41.0,10.0,6.0,3,0.24390243902439024,2510.0,91.0,3,2.7262823845513653,1.0157588009747183,0.4029662204898221,Doanh thu trung bình cao
fixture-user-4905,26.0,7.0,320.0,23.0,4.0,2.0,1,0.17391304347826086,1010.0,41.0,2,0.2541908963254575,0.8477774875328858,0.17321533289513408,Nhóm hành vi còn lại
fixture-user-4906,81.0,3.0,0.0,14.0,0.0,0.0,0,0.0,140.0,16.0,1,-3.58892156885437,0.07130138670265128,0.7711842983243252,Hoạt động gần nhất cách xa
fixture-user-4907,19.0,10.0,0.0,29.0,14.0,3.0,0,0.4827586206896552,1710.0,71.0,0,1.6472575587743377,-1.5937242188893985,0.5517615405408011,Tỷ lệ thêm giỏ/xem cao
fixture-user-4908,14.0,12.0,1040.0,42.0,8.0,6.0,3,0.19047619047619047,2520.0,92.0,3,2.49670495094491,1.2290037398474845,0.5454645736096191,Doanh thu trung bình cao
fixture-user-4909,27.0,5.0,340.0,24.0,2.0,2.0,1,0.08333333333333333,1020.0,42.0,2,-0.18230360796635595,1.2586072038036613,0.3675912090530475,Nhóm hành vi còn lại
fixture-user-4910,82.0,1.0,0.0,15.0,0.0,0.0,0,0.0,150.0,17.0,1,-3.9196432407459767,0.05669108652696236,0.9282979885680404,Hoạt động gần nhất cách xa
fixture-user-4911,20.0,8.0,0.0,30.0,12.0,3.0,0,0.4,1720.0,72.0,0,1.3793488527403,-1.3100407571216666,0.7263442280480706,Tỷ lệ thêm giỏ/xem cao
fixture-user-4912,15.0,13.0,1060.0,43.0,9.0,6.0,3,0.20930232558139536,2530.0,93.0,3,2.5967783052258118,1.1568322528607358,0.5946167775727039,Doanh thu trung bình cao
fixture-user-4913,28.0,6.0,360.0,25.0,3.0,2.0,1,0.12,1030.0,43.0,2,0.08266019726750658,1.1041566022540645,0.39313910571678706,Nhóm hành vi còn lại
fixture-user-4914,83.0,2.0,0.0,16.0,0.0,0.0,0,0.0,160.0,18.0,1,-3.604202552262844,0.08767912367278557,1.0092869375057245,Hoạt động gần nhất cách xa
fixture-user-4915,21.0,9.0,0.0,31.0,13.0,3.0,0,0.41935483870967744,1730.0,73.0,0,1.501059534575714,-1.376636657189004,0.7749808036540073,Tỷ lệ thêm giỏ/xem cao
fixture-user-4916,16.0,14.0,1080.0,44.0,10.0,6.0,3,0.22727272727272727,2540.0,94.0,3,2.690427951437499,1.0894358139626867,0.6418324646043475,Doanh thu trung bình cao
fixture-user-4917,29.0,7.0,380.0,26.0,4.0,2.0,1,0.15384615384615385,1040.0,44.0,2,0.3086623039800275,0.9723028927926293,0.4212803240192725,Nhóm hành vi còn lại
fixture-user-4918,84.0,3.0,0.0,17.0,0.0,0.0,0,0.0,170.0,19.0,1,-3.3629925377313117,0.11286336793280101,1.0921119219662825,Hoạt động gần nhất cách xa
fixture-user-4919,22.0,10.0,0.0,32.0,14.0,3.0,0,0.4375,1740.0,74.0,0,1.6136201785899058,-1.438893929708042,0.822869682767591,Tỷ lệ thêm giỏ/xem cao
fixture-user-4920,2.0,12.0,800.0,30.0,8.0,6.0,3,0.26666666666666666,2400.0,80.0,3,2.949000201807968,0.9104099322153842,-1.040664161835835,Doanh thu trung bình cao
fixture-user-4921,15.0,5.0,100.0,12.0,2.0,2.0,1,0.16666666666666666,900.0,30.0,2,-0.5125113090819994,0.5888915999238798,-0.9213435417374367,Nhóm hành vi còn lại
fixture-user-4922,70.0,1.0,0.0,3.0,0.0,0.0,0,0.0,30.0,5.0,1,-5.653074755432996,-0.26751935962468665,-1.3948414954693151,Hoạt động gần nhất cách xa
fixture-user-4923,8.0,8.0,0.0,18.0,12.0,3.0,0,0.6666666666666666,1600.0,60.0,0,1.667619505045523,-2.2053810991863303,-0.7744155991773559,Tỷ lệ thêm giỏ/xem cao
fixture-user-4924,3.0,13.0,820.0,31.0,9.0,6.0,3,0.2903225806451613,2410.0,81.0,3,2.9722504279555224,0.8202064154922466,-0.8360402617366788,Doanh thu trung bình cao
fixture-user-4925,16.0,6.0,120.0,13.0,3.0,2.0,1,0.23076923076923078,910.0,31.0,2,-0.18823476857859642,0.3875447576114711,-0.8693490403338631,Nhóm hành vi còn lại
fixture-user-4926,71.0,2.0,0.0,4.0,0.0,0.0,0,0.0,40.0,6.0,1,-5.132931592866225,-0.19697308259203808,-1.0600968999130056,Hoạt động gần nhất cách xa
fixture-user-4927,9.0,9.0,0.0,19.0,13.0,3.0,0,0.6842105263157895,1610.0,61.0,0,1.7765266448407788,-2.263702585114586,-0.6595478640554292,Tỷ lệ thêm giỏ/xem cao
fixture-user-4928,4.0,14.0,840.0,32.0,10.0,6.0,3,0.3125,2420.0,82.0,3,3.01229401895736,0.7383363392983261,-0.6738605748864045,Doanh thu trung bình cao
fixture-user-4929,17.0,7.0,140.0,14.0,4.0,2.0,1,0.2857142857142857,920.0,32.0,2,0.08566905022148885,0.22145490054473832,-0.8127372610551373,Nhóm hành vi còn lại
fixture-user-4930,72.0,3.0,0.0,5.0,0.0,0.0,0,0.0,50.0,7.0,1,-4.734049758831314,-0.1415652227069219,-0.7803874603946023,Hoạt động gần nhất cách xa
fixture-user-4931,10.0,10.0,0.0,20.0,14.0,3.0,0,0.7,1620.0,62.0,0,1.8778157374373483,-2.316152393098142,-0.5521462253135105,Tỷ lệ thêm giỏ/xem cao
fixture-user-4932,5.0,12.0,860.0,33.0,8.0,6.0,3,0.24242424242424243,2430.0,83.0,3,2.7201358279717427,1.0010280153705131,-0.43135310572761704,Doanh thu trung bình cao
fixture-user-4933,18.0,5.0,160.0,15.0,2.0,2.0,1,0.13333333333333333,930.0,33.0,2,-0.416368974045729,0.8413722469868408,-0.5202824835880352,Nhóm hành vi còn lại
fixture-user-4934,73.0,1.0,0.0,6.0,0.0,0.0,0,0.0,60.0,8.0,1,-4.951827114160079,-0.13461517315522942,-0.48185008826089964,Hoạt động gần nhất cách xa
fixture-user-4935,11.0,8.0,0.0,21.0,12.0,3.0,0,0.5714285714285714,1630.0,63.0,0,1.5440020110863266,-1.8916105529499507,-0.2894737393083827,Tỷ lệ thêm giỏ/xem cao
fixture-user-4936,6.0,13.0,880.0,34.0,9.0,6.0,3,0.2647058823529412,2440.0,84.0,3,2.793205514756805,0.9179893295870694,-0.3181395540304275,Doanh thu trung bình cao
fixture-user-4937,19.0,6.0,180.0,16.0,3.0,2.0,1,0.1875,940.0,34.0,2,-0.11506542133983415,0.6524097200437152,-0.47729764843711464,Nhóm hành vi còn lại
fixture-user-4938,74.0,2.0,0.0,7.0,0.0,0.0,0,0.0,70.0,9.0,1,-4.544300503596412,-0.08616879017803282,-0.28512883644029735,Hoạt động gần nhất cách xa
fixture-user-4939,12.0,9.0,0.0,22.0,13.0,3.0,0,0.5909090909090909,1640.0,64.0,0,1.6610803566223118,-1.956635720808595,-0.20216044539729697,Tỷ lệ thêm giỏ/xem cao
fixture-user-4940,7.0,14.0,900.0,35.0,10.0,6.0,3,0.2857142857142857,2450.0,85.0,3,2.865809296514496,0.8413885834551914,-0.21799543117210443,Doanh thu trung bình cao
fixture-user-4941,20.0,7.0,200.0,17.0,4.0,2.0,1,0.23529411764705882,950.0,35.0,2,0.1412081418293925,0.49422871537243757,-0.4309330555436214,Nhóm hành vi còn lại
fixture-user-4942,75.0,3.0,0.0,8.0,0.0,0.0,0,0.0,80.0,10.0,1,-4.226355602128988,-0.04652353682671037,-0.10556235721929748,Hoạt động gần nhất cách xa
fixture-user-4943,13.0,10.0,0.0,23.0,14.0,3.0,0,0.6086956521739131,1650.0,65.0,0,1.769348185040836,-2.015953016612214,-0.1188564273584944,Tỷ lệ thêm giỏ/xem cao
fixture-user-4944,8.0,12.0,920.0,36.0,8.0,6.0,3,0.2222222222222222,2460.0,86.0,3,2.6063737094369293,1.0851522433954928,-0.028162481097520817,Doanh thu trung bình cao
fixture-user-4945,21.0,5.0,220.0,18.0,2.0,2.0,1,0.1111111111111111,960.0,36.0,2,-0.331015161317517,1.017672557566975,-0.18189320559016225,Nhóm hành vi còn lại
fixture-user-4946,76.0,1.0,0.0,9.0,0.0,0.0,0,0.0,90.0,11.0,1,-4.5053809003710175,-0.051404916593935875,0.11674763187868262,Hoạt động gần nhất cách xa
fixture-user-4947,14.0,8.0,0.0,24.0,12.0,3.0,0,0.5,1660.0,66.0,0,1.4649328760198592,-1.6524200575582768,0.10500751195665843,Tỷ lệ thêm giỏ/xem cao
fixture-user-4948,9.0,13.0,940.0,37.0,9.0,6.0,3,0.24324324324324326,2470.0,87.0,3,2.6956818339500837,1.0065237107878025,0.05075676314821963,Doanh thu trung bình cao
fixture-user-4949,22.0,6.0,240.0,19.0,3.0,2.0,1,0.15789473684210525,970.0,37.0,2,-0.045442287582045944,0.842002022281944,-0.14614921568949865,Nhóm hành vi còn lại
fixture-user-4950,77.0,2.0,0.0,10.0,0.0,0.0,0,0.0,100.0,12.0,1,-4.145933218700002,-0.012175282230817307,0.25338192247508057,Hoạt động gần nhất cách xa
fixture-user-4951,15.0,9.0,0.0,25.0,13.0,3.0,0,0.52,1670.0,67.0,0,1.5853970707566725,-1.7197729720568595,0.17473155318197717,Tỷ lệ thêm giỏ/xem cao
fixture-user-4952,10.0,14.0,960.0,38.0,10.0,6.0,3,0.2631578947368421,2480.0,88.0,3,2.7805820478578775,0.9335515526720264,0.12366456013755259,Doanh thu trung bình cao
fixture-user-4953,23.0,7.0,260.0,20.0,4.0,2.0,1,0.2,980.0,38.0,2,0.19806579033115437,0.6934432518431779,-0.10747748554529173,Nhóm hành vi còn lại
fixture-user-4954,78.0,3.0,0.0,11.0,0.0,0.0,0,0.0,110.0,13.0,1,-3.866786492395833,0.020083464757670286,0.3842998554068919,Hoạt động gần nhất cách xa
fixture-user-4955,16.0,10.0,0.0,26.0,14.0,3.0,0,0.5384615384615384,1680.0,68.0,0,1.696701628351615,-1.7818534565886186,0.24216164621576905,Tỷ lệ thêm giỏ/xem cao
fixture-user-4956,11.0,12.0,980.0,39.0,8.0,6.0,3,0.20512820512820512,2490.0,89.0,3,2.539096994000912,1.1608947269527035,0.2849645070861152,Doanh thu trung bình cao
fixture-user-4957,24.0,5.0,280.0,21.0,2.0,2.0,1,0.09523809523809523,990.0,39.0,2,-0.2535021844261599,1.1515543709784555,0.11036450120739257,Nhóm hành vi còn lại
fixture-user-4958,79.0,1.0,0.0,12.0,0.0,0.0,0,0.0,120.0,14.0,1,-4.177806227183311,0.009148059352104415,0.5663777413394052,Hoạt động gần nhất cách xa
fixture-user-4959,17.0,8.0,0.0,27.0,12.0,3.0,0,0.4444444444444444,1690.0,69.0,0,1.4131920056243967,-1.4634770190954087,0.43800042229131814,Tỷ lệ thêm giỏ/xem cao
fixture-user-4960,12.0,13.0,1000.0,40.0,9.0,6.0,3,0.225,2500.0,90.0,3,2.6355970708016336,1.085750837529916,0.34560189762492727,Doanh thu trung bình cao
fixture-user-4961,25.0,6.0,300.0,22.0,3.0,2.0,1,0.13636363636363635,1000.0,40.0,2,0.020448779079346835,0.987424175304437,0.14043401059775606,Nhóm hành vi còn lại
fixture-user-4962,80.0,2.0,0.0,13.0,0.0,0.0,0,0.0,130.0,15.0,1,-3.8452080923989924,0.04332455321405482,0.6691606922603189,Hoạt động gần nhất cách xa
fixture-user-4963,18.0,9.0,0.0,28.0,13.0,3.0,0,0.4642857142857143,1700.0,70.0,0,1.534830031286699,-1.5309960415171668,0.49554732017099296,Tỷ lệ thêm giỏ/xem cao
fixture-user-4964,13.0,14.0,1020.0,41.0,10.0,6.0,3,0.24390243902439024,2510.0,91.0,3,2.7262823845513653,1.0157588009747183,0.4029662204898221,Doanh thu trung bình cao
fixture-user-4965,26.0,7.0,320.0,23.0,4.0,2.0,1,0.17391304347826086,1010.0,41.0,2,0.2541908963254575,0.8477774875328858,0.17321533289513408,Nhóm hành vi còn lại
fixture-user-4966,81.0,3.0,0.0,14.0,0.0,0.0,0,0.0,140.0,16.0,1,-3.58892156885437,0.07130138670265128,0.7711842983243252,Hoạt động gần nhất cách xa
fixture-user-4967,19.0,10.0,0.0,29.0,14.0,3.0,0,0.4827586206896552,1710.0,71.0,0,1.6472575587743377,-1.5937242188893985,0.5517615405408011,Tỷ lệ thêm giỏ/xem cao
fixture-user-4968,14.0,12.0,1040.0,42.0,8.0,6.0,3,0.19047619047619047,2520.0,92.0,3,2.49670495094491,1.2290037398474845,0.5454645736096191,Doanh thu trung bình cao
fixture-user-4969,27.0,5.0,340.0,24.0,2.0,2.0,1,0.08333333333333333,1020.0,42.0,2,-0.18230360796635595,1.2586072038036613,0.3675912090530475,Nhóm hành vi còn lại
fixture-user-4970,82.0,1.0,0.0,15.0,0.0,0.0,0,0.0,150.0,17.0,1,-3.9196432407459767,0.05669108652696236,0.9282979885680404,Hoạt động gần nhất cách xa
fixture-user-4971,20.0,8.0,0.0,30.0,12.0,3.0,0,0.4,1720.0,72.0,0,1.3793488527403,-1.3100407571216666,0.7263442280480706,Tỷ lệ thêm giỏ/xem cao
fixture-user-4972,15.0,13.0,1060.0,43.0,9.0,6.0,3,0.20930232558139536,2530.0,93.0,3,2.5967783052258118,1.1568322528607358,0.5946167775727039,Doanh thu trung bình cao
fixture-user-4973,28.0,6.0,360.0,25.0,3.0,2.0,1,0.12,1030.0,43.0,2,0.08266019726750658,1.1041566022540645,0.39313910571678706,Nhóm hành vi còn lại
fixture-user-4974,83.0,2.0,0.0,16.0,0.0,0.0,0,0.0,160.0,18.0,1,-3.604202552262844,0.08767912367278557,1.0092869375057245,Hoạt động gần nhất cách xa
fixture-user-4975,21.0,9.0,0.0,31.0,13.0,3.0,0,0.41935483870967744,1730.0,73.0,0,1.501059534575714,-1.376636657189004,0.7749808036540073,Tỷ lệ thêm giỏ/xem cao
fixture-user-4976,16.0,14.0,1080.0,44.0,10.0,6.0,3,0.22727272727272727,2540.0,94.0,3,2.690427951437499,1.0894358139626867,0.6418324646043475,Doanh thu trung bình cao
fixture-user-4977,29.0,7.0,380.0,26.0,4.0,2.0,1,0.15384615384615385,1040.0,44.0,2,0.3086623039800275,0.9723028927926293,0.4212803240192725,Nhóm hành vi còn lại
fixture-user-4978,84.0,3.0,0.0,17.0,0.0,0.0,0,0.0,170.0,19.0,1,-3.3629925377313117,0.11286336793280101,1.0921119219662825,Hoạt động gần nhất cách xa
fixture-user-4979,22.0,10.0,0.0,32.0,14.0,3.0,0,0.4375,1740.0,74.0,0,1.6136201785899058,-1.438893929708042,0.822869682767591,Tỷ lệ thêm giỏ/xem cao
fixture-user-4980,2.0,12.0,800.0,30.0,8.0,6.0,3,0.26666666666666666,2400.0,80.0,3,2.949000201807968,0.9104099322153842,-1.040664161835835,Doanh thu trung bình cao
fixture-user-4981,15.0,5.0,100.0,12.0,2.0,2.0,1,0.16666666666666666,900.0,30.0,2,-0.5125113090819994,0.5888915999238798,-0.9213435417374367,Nhóm hành vi còn lại
fixture-user-4982,70.0,1.0,0.0,3.0,0.0,0.0,0,0.0,30.0,5.0,1,-5.653074755432996,-0.26751935962468665,-1.3948414954693151,Hoạt động gần nhất cách xa
fixture-user-4983,8.0,8.0,0.0,18.0,12.0,3.0,0,0.6666666666666666,1600.0,60.0,0,1.667619505045523,-2.2053810991863303,-0.7744155991773559,Tỷ lệ thêm giỏ/xem cao
fixture-user-4984,3.0,13.0,820.0,31.0,9.0,6.0,3,0.2903225806451613,2410.0,81.0,3,2.9722504279555224,0.8202064154922466,-0.8360402617366788,Doanh thu trung bình cao
fixture-user-4985,16.0,6.0,120.0,13.0,3.0,2.0,1,0.23076923076923078,910.0,31.0,2,-0.18823476857859642,0.3875447576114711,-0.8693490403338631,Nhóm hành vi còn lại
fixture-user-4986,71.0,2.0,0.0,4.0,0.0,0.0,0,0.0,40.0,6.0,1,-5.132931592866225,-0.19697308259203808,-1.0600968999130056,Hoạt động gần nhất cách xa
fixture-user-4987,9.0,9.0,0.0,19.0,13.0,3.0,0,0.6842105263157895,1610.0,61.0,0,1.7765266448407788,-2.263702585114586,-0.6595478640554292,Tỷ lệ thêm giỏ/xem cao
fixture-user-4988,4.0,14.0,840.0,32.0,10.0,6.0,3,0.3125,2420.0,82.0,3,3.01229401895736,0.7383363392983261,-0.6738605748864045,Doanh thu trung bình cao
fixture-user-4989,17.0,7.0,140.0,14.0,4.0,2.0,1,0.2857142857142857,920.0,32.0,2,0.08566905022148885,0.22145490054473832,-0.8127372610551373,Nhóm hành vi còn lại
fixture-user-4990,72.0,3.0,0.0,5.0,0.0,0.0,0,0.0,50.0,7.0,1,-4.734049758831314,-0.1415652227069219,-0.7803874603946023,Hoạt động gần nhất cách xa
fixture-user-4991,10.0,10.0,0.0,20.0,14.0,3.0,0,0.7,1620.0,62.0,0,1.8778157374373483,-2.316152393098142,-0.5521462253135105,Tỷ lệ thêm giỏ/xem cao
fixture-user-4992,5.0,12.0,860.0,33.0,8.0,6.0,3,0.24242424242424243,2430.0,83.0,3,2.7201358279717427,1.0010280153705131,-0.43135310572761704,Doanh thu trung bình cao
fixture-user-4993,18.0,5.0,160.0,15.0,2.0,2.0,1,0.13333333333333333,930.0,33.0,2,-0.416368974045729,0.8413722469868408,-0.5202824835880352,Nhóm hành vi còn lại
fixture-user-4994,73.0,1.0,0.0,6.0,0.0,0.0,0,0.0,60.0,8.0,1,-4.951827114160079,-0.13461517315522942,-0.48185008826089964,Hoạt động gần nhất cách xa
fixture-user-4995,11.0,8.0,0.0,21.0,12.0,3.0,0,0.5714285714285714,1630.0,63.0,0,1.5440020110863266,-1.8916105529499507,-0.2894737393083827,Tỷ lệ thêm giỏ/xem cao
fixture-user-4996,6.0,13.0,880.0,34.0,9.0,6.0,3,0.2647058823529412,2440.0,84.0,3,2.793205514756805,0.9179893295870694,-0.3181395540304275,Doanh thu trung bình cao
fixture-user-4997,19.0,6.0,180.0,16.0,3.0,2.0,1,0.1875,940.0,34.0,2,-0.11506542133983415,0.6524097200437152,-0.47729764843711464,Nhóm hành vi còn lại
fixture-user-4998,74.0,2.0,0.0,7.0,0.0,0.0,0,0.0,70.0,9.0,1,-4.544300503596412,-0.08616879017803282,-0.28512883644029735,Hoạt động gần nhất cách xa
fixture-user-4999,12.0,9.0,0.0,22.0,13.0,3.0,0,0.5909090909090909,1640.0,64.0,0,1.6610803566223118,-1.956635720808595,-0.20216044539729697,Tỷ lệ thêm giỏ/xem cao
fixture-user-5000,7.0,14.0,900.0,35.0,10.0,6.0,3,0.2857142857142857,2450.0,85.0,3,2.865809296514496,0.8413885834551914,-0.21799543117210443,Doanh thu trung bình cao
fixture-user-5001,20.0,7.0,200.0,17.0,4.0,2.0,1,0.23529411764705882,950.0,35.0,2,0.1412081418293925,0.49422871537243757,-0.4309330555436214,Nhóm hành vi còn lại
fixture-user-5002,75.0,3.0,0.0,8.0,0.0,0.0,0,0.0,80.0,10.0,1,-4.226355602128988,-0.04652353682671037,-0.10556235721929748,Hoạt động gần nhất cách xa
fixture-user-5003,13.0,10.0,0.0,23.0,14.0,3.0,0,0.6086956521739131,1650.0,65.0,0,1.769348185040836,-2.015953016612214,-0.1188564273584944,Tỷ lệ thêm giỏ/xem cao
fixture-user-5004,8.0,12.0,920.0,36.0,8.0,6.0,3,0.2222222222222222,2460.0,86.0,3,2.6063737094369293,1.0851522433954928,-0.028162481097520817,Doanh thu trung bình cao
fixture-user-5005,21.0,5.0,220.0,18.0,2.0,2.0,1,0.1111111111111111,960.0,36.0,2,-0.331015161317517,1.017672557566975,-0.18189320559016225,Nhóm hành vi còn lại
fixture-user-5006,76.0,1.0,0.0,9.0,0.0,0.0,0,0.0,90.0,11.0,1,-4.5053809003710175,-0.051404916593935875,0.11674763187868262,Hoạt động gần nhất cách xa
fixture-user-5007,14.0,8.0,0.0,24.0,12.0,3.0,0,0.5,1660.0,66.0,0,1.4649328760198592,-1.6524200575582768,0.10500751195665843,Tỷ lệ thêm giỏ/xem cao
fixture-user-5008,9.0,13.0,940.0,37.0,9.0,6.0,3,0.24324324324324326,2470.0,87.0,3,2.6956818339500837,1.0065237107878025,0.05075676314821963,Doanh thu trung bình cao
fixture-user-5009,22.0,6.0,240.0,19.0,3.0,2.0,1,0.15789473684210525,970.0,37.0,2,-0.045442287582045944,0.842002022281944,-0.14614921568949865,Nhóm hành vi còn lại
fixture-user-5010,77.0,2.0,0.0,10.0,0.0,0.0,0,0.0,100.0,12.0,1,-4.145933218700002,-0.012175282230817307,0.25338192247508057,Hoạt động gần nhất cách xa
fixture-user-5011,15.0,9.0,0.0,25.0,13.0,3.0,0,0.52,1670.0,67.0,0,1.5853970707566725,-1.7197729720568595,0.17473155318197717,Tỷ lệ thêm giỏ/xem cao
fixture-user-5012,10.0,14.0,960.0,38.0,10.0,6.0,3,0.2631578947368421,2480.0,88.0,3,2.7805820478578775,0.9335515526720264,0.12366456013755259,Doanh thu trung bình cao
fixture-user-5013,23.0,7.0,260.0,20.0,4.0,2.0,1,0.2,980.0,38.0,2,0.19806579033115437,0.6934432518431779,-0.10747748554529173,Nhóm hành vi còn lại
fixture-user-5014,78.0,3.0,0.0,11.0,0.0,0.0,0,0.0,110.0,13.0,1,-3.866786492395833,0.020083464757670286,0.3842998554068919,Hoạt động gần nhất cách xa
fixture-user-5015,16.0,10.0,0.0,26.0,14.0,3.0,0,0.5384615384615384,1680.0,68.0,0,1.696701628351615,-1.7818534565886186,0.24216164621576905,Tỷ lệ thêm giỏ/xem cao
fixture-user-5016,11.0,12.0,980.0,39.0,8.0,6.0,3,0.20512820512820512,2490.0,89.0,3,2.539096994000912,1.1608947269527035,0.2849645070861152,Doanh thu trung bình cao
fixture-user-5017,24.0,5.0,280.0,21.0,2.0,2.0,1,0.09523809523809523,990.0,39.0,2,-0.2535021844261599,1.1515543709784555,0.11036450120739257,Nhóm hành vi còn lại
fixture-user-5018,79.0,1.0,0.0,12.0,0.0,0.0,0,0.0,120.0,14.0,1,-4.177806227183311,0.009148059352104415,0.5663777413394052,Hoạt động gần nhất cách xa
fixture-user-5019,17.0,8.0,0.0,27.0,12.0,3.0,0,0.4444444444444444,1690.0,69.0,0,1.4131920056243967,-1.4634770190954087,0.43800042229131814,Tỷ lệ thêm giỏ/xem cao
fixture-user-5020,12.0,13.0,1000.0,40.0,9.0,6.0,3,0.225,2500.0,90.0,3,2.6355970708016336,1.085750837529916,0.34560189762492727,Doanh thu trung bình cao
fixture-user-5021,25.0,6.0,300.0,22.0,3.0,2.0,1,0.13636363636363635,1000.0,40.0,2,0.020448779079346835,0.987424175304437,0.14043401059775606,Nhóm hành vi còn lại
fixture-user-5022,80.0,2.0,0.0,13.0,0.0,0.0,0,0.0,130.0,15.0,1,-3.8452080923989924,0.04332455321405482,0.6691606922603189,Hoạt động gần nhất cách xa
fixture-user-5023,18.0,9.0,0.0,28.0,13.0,3.0,0,0.4642857142857143,1700.0,70.0,0,1.534830031286699,-1.5309960415171668,0.49554732017099296,Tỷ lệ thêm giỏ/xem cao
fixture-user-5024,13.0,14.0,1020.0,41.0,10.0,6.0,3,0.24390243902439024,2510.0,91.0,3,2.7262823845513653,1.0157588009747183,0.4029662204898221,Doanh thu trung bình cao
fixture-user-5025,26.0,7.0,320.0,23.0,4.0,2.0,1,0.17391304347826086,1010.0,41.0,2,0.2541908963254575,0.8477774875328858,0.17321533289513408,Nhóm hành vi còn lại
fixture-user-5026,81.0,3.0,0.0,14.0,0.0,0.0,0,0.0,140.0,16.0,1,-3.58892156885437,0.07130138670265128,0.7711842983243252,Hoạt động gần nhất cách xa
fixture-user-5027,19.0,10.0,0.0,29.0,14.0,3.0,0,0.4827586206896552,1710.0,71.0,0,1.6472575587743377,-1.5937242188893985,0.5517615405408011,Tỷ lệ thêm giỏ/xem cao
fixture-user-5028,14.0,12.0,1040.0,42.0,8.0,6.0,3,0.19047619047619047,2520.0,92.0,3,2.49670495094491,1.2290037398474845,0.5454645736096191,Doanh thu trung bình cao
fixture-user-5029,27.0,5.0,340.0,24.0,2.0,2.0,1,0.08333333333333333,1020.0,42.0,2,-0.18230360796635595,1.2586072038036613,0.3675912090530475,Nhóm hành vi còn lại
fixture-user-5030,82.0,1.0,0.0,15.0,0.0,0.0,0,0.0,150.0,17.0,1,-3.9196432407459767,0.05669108652696236,0.9282979885680404,Hoạt động gần nhất cách xa
fixture-user-5031,20.0,8.0,0.0,30.0,12.0,3.0,0,0.4,1720.0,72.0,0,1.3793488527403,-1.3100407571216666,0.7263442280480706,Tỷ lệ thêm giỏ/xem cao
fixture-user-5032,15.0,13.0,1060.0,43.0,9.0,6.0,3,0.20930232558139536,2530.0,93.0,3,2.5967783052258118,1.1568322528607358,0.5946167775727039,Doanh thu trung bình cao
fixture-user-5033,28.0,6.0,360.0,25.0,3.0,2.0,1,0.12,1030.0,43.0,2,0.08266019726750658,1.1041566022540645,0.39313910571678706,Nhóm hành vi còn lại
fixture-user-5034,83.0,2.0,0.0,16.0,0.0,0.0,0,0.0,160.0,18.0,1,-3.604202552262844,0.08767912367278557,1.0092869375057245,Hoạt động gần nhất cách xa
fixture-user-5035,21.0,9.0,0.0,31.0,13.0,3.0,0,0.41935483870967744,1730.0,73.0,0,1.501059534575714,-1.376636657189004,0.7749808036540073,Tỷ lệ thêm giỏ/xem cao
fixture-user-5036,16.0,14.0,1080.0,44.0,10.0,6.0,3,0.22727272727272727,2540.0,94.0,3,2.690427951437499,1.0894358139626867,0.6418324646043475,Doanh thu trung bình cao
fixture-user-5037,29.0,7.0,380.0,26.0,4.0,2.0,1,0.15384615384615385,1040.0,44.0,2,0.3086623039800275,0.9723028927926293,0.4212803240192725,Nhóm hành vi còn lại
fixture-user-5038,84.0,3.0,0.0,17.0,0.0,0.0,0,0.0,170.0,19.0,1,-3.3629925377313117,0.11286336793280101,1.0921119219662825,Hoạt động gần nhất cách xa
fixture-user-5039,22.0,10.0,0.0,32.0,14.0,3.0,0,0.4375,1740.0,74.0,0,1.6136201785899058,-1.438893929708042,0.822869682767591,Tỷ lệ thêm giỏ/xem cao
fixture-user-5040,2.0,12.0,800.0,30.0,8.0,6.0,3,0.26666666666666666,2400.0,80.0,3,2.949000201807968,0.9104099322153842,-1.040664161835835,Doanh thu trung bình cao
fixture-user-5041,15.0,5.0,100.0,12.0,2.0,2.0,1,0.16666666666666666,900.0,30.0,2,-0.5125113090819994,0.5888915999238798,-0.9213435417374367,Nhóm hành vi còn lại
fixture-user-5042,70.0,1.0,0.0,3.0,0.0,0.0,0,0.0,30.0,5.0,1,-5.653074755432996,-0.26751935962468665,-1.3948414954693151,Hoạt động gần nhất cách xa
fixture-user-5043,8.0,8.0,0.0,18.0,12.0,3.0,0,0.6666666666666666,1600.0,60.0,0,1.667619505045523,-2.2053810991863303,-0.7744155991773559,Tỷ lệ thêm giỏ/xem cao
fixture-user-5044,3.0,13.0,820.0,31.0,9.0,6.0,3,0.2903225806451613,2410.0,81.0,3,2.9722504279555224,0.8202064154922466,-0.8360402617366788,Doanh thu trung bình cao
fixture-user-5045,16.0,6.0,120.0,13.0,3.0,2.0,1,0.23076923076923078,910.0,31.0,2,-0.18823476857859642,0.3875447576114711,-0.8693490403338631,Nhóm hành vi còn lại
fixture-user-5046,71.0,2.0,0.0,4.0,0.0,0.0,0,0.0,40.0,6.0,1,-5.132931592866225,-0.19697308259203808,-1.0600968999130056,Hoạt động gần nhất cách xa
fixture-user-5047,9.0,9.0,0.0,19.0,13.0,3.0,0,0.6842105263157895,1610.0,61.0,0,1.7765266448407788,-2.263702585114586,-0.6595478640554292,Tỷ lệ thêm giỏ/xem cao
fixture-user-5048,4.0,14.0,840.0,32.0,10.0,6.0,3,0.3125,2420.0,82.0,3,3.01229401895736,0.7383363392983261,-0.6738605748864045,Doanh thu trung bình cao
fixture-user-5049,17.0,7.0,140.0,14.0,4.0,2.0,1,0.2857142857142857,920.0,32.0,2,0.08566905022148885,0.22145490054473832,-0.8127372610551373,Nhóm hành vi còn lại
fixture-user-5050,72.0,3.0,0.0,5.0,0.0,0.0,0,0.0,50.0,7.0,1,-4.734049758831314,-0.1415652227069219,-0.7803874603946023,Hoạt động gần nhất cách xa
fixture-user-5051,10.0,10.0,0.0,20.0,14.0,3.0,0,0.7,1620.0,62.0,0,1.8778157374373483,-2.316152393098142,-0.5521462253135105,Tỷ lệ thêm giỏ/xem cao
fixture-user-5052,5.0,12.0,860.0,33.0,8.0,6.0,3,0.24242424242424243,2430.0,83.0,3,2.7201358279717427,1.0010280153705131,-0.43135310572761704,Doanh thu trung bình cao
fixture-user-5053,18.0,5.0,160.0,15.0,2.0,2.0,1,0.13333333333333333,930.0,33.0,2,-0.416368974045729,0.8413722469868408,-0.5202824835880352,Nhóm hành vi còn lại
fixture-user-5054,73.0,1.0,0.0,6.0,0.0,0.0,0,0.0,60.0,8.0,1,-4.951827114160079,-0.13461517315522942,-0.48185008826089964,Hoạt động gần nhất cách xa
fixture-user-5055,11.0,8.0,0.0,21.0,12.0,3.0,0,0.5714285714285714,1630.0,63.0,0,1.5440020110863266,-1.8916105529499507,-0.2894737393083827,Tỷ lệ thêm giỏ/xem cao
fixture-user-5056,6.0,13.0,880.0,34.0,9.0,6.0,3,0.2647058823529412,2440.0,84.0,3,2.793205514756805,0.9179893295870694,-0.3181395540304275,Doanh thu trung bình cao
fixture-user-5057,19.0,6.0,180.0,16.0,3.0,2.0,1,0.1875,940.0,34.0,2,-0.11506542133983415,0.6524097200437152,-0.47729764843711464,Nhóm hành vi còn lại
fixture-user-5058,74.0,2.0,0.0,7.0,0.0,0.0,0,0.0,70.0,9.0,1,-4.544300503596412,-0.08616879017803282,-0.28512883644029735,Hoạt động gần nhất cách xa
fixture-user-5059,12.0,9.0,0.0,22.0,13.0,3.0,0,0.5909090909090909,1640.0,64.0,0,1.6610803566223118,-1.956635720808595,-0.20216044539729697,Tỷ lệ thêm giỏ/xem cao
fixture-user-5060,7.0,14.0,900.0,35.0,10.0,6.0,3,0.2857142857142857,2450.0,85.0,3,2.865809296514496,0.8413885834551914,-0.21799543117210443,Doanh thu trung bình cao
fixture-user-5061,20.0,7.0,200.0,17.0,4.0,2.0,1,0.23529411764705882,950.0,35.0,2,0.1412081418293925,0.49422871537243757,-0.4309330555436214,Nhóm hành vi còn lại
fixture-user-5062,75.0,3.0,0.0,8.0,0.0,0.0,0,0.0,80.0,10.0,1,-4.226355602128988,-0.04652353682671037,-0.10556235721929748,Hoạt động gần nhất cách xa
fixture-user-5063,13.0,10.0,0.0,23.0,14.0,3.0,0,0.6086956521739131,1650.0,65.0,0,1.769348185040836,-2.015953016612214,-0.1188564273584944,Tỷ lệ thêm giỏ/xem cao
fixture-user-5064,8.0,12.0,920.0,36.0,8.0,6.0,3,0.2222222222222222,2460.0,86.0,3,2.6063737094369293,1.0851522433954928,-0.028162481097520817,Doanh thu trung bình cao
fixture-user-5065,21.0,5.0,220.0,18.0,2.0,2.0,1,0.1111111111111111,960.0,36.0,2,-0.331015161317517,1.017672557566975,-0.18189320559016225,Nhóm hành vi còn lại
fixture-user-5066,76.0,1.0,0.0,9.0,0.0,0.0,0,0.0,90.0,11.0,1,-4.5053809003710175,-0.051404916593935875,0.11674763187868262,Hoạt động gần nhất cách xa
fixture-user-5067,14.0,8.0,0.0,24.0,12.0,3.0,0,0.5,1660.0,66.0,0,1.4649328760198592,-1.6524200575582768,0.10500751195665843,Tỷ lệ thêm giỏ/xem cao
fixture-user-5068,9.0,13.0,940.0,37.0,9.0,6.0,3,0.24324324324324326,2470.0,87.0,3,2.6956818339500837,1.0065237107878025,0.05075676314821963,Doanh thu trung bình cao
fixture-user-5069,22.0,6.0,240.0,19.0,3.0,2.0,1,0.15789473684210525,970.0,37.0,2,-0.045442287582045944,0.842002022281944,-0.14614921568949865,Nhóm hành vi còn lại
fixture-user-5070,77.0,2.0,0.0,10.0,0.0,0.0,0,0.0,100.0,12.0,1,-4.145933218700002,-0.012175282230817307,0.25338192247508057,Hoạt động gần nhất cách xa
fixture-user-5071,15.0,9.0,0.0,25.0,13.0,3.0,0,0.52,1670.0,67.0,0,1.5853970707566725,-1.7197729720568595,0.17473155318197717,Tỷ lệ thêm giỏ/xem cao
fixture-user-5072,10.0,14.0,960.0,38.0,10.0,6.0,3,0.2631578947368421,2480.0,88.0,3,2.7805820478578775,0.9335515526720264,0.12366456013755259,Doanh thu trung bình cao
fixture-user-5073,23.0,7.0,260.0,20.0,4.0,2.0,1,0.2,980.0,38.0,2,0.19806579033115437,0.6934432518431779,-0.10747748554529173,Nhóm hành vi còn lại
fixture-user-5074,78.0,3.0,0.0,11.0,0.0,0.0,0,0.0,110.0,13.0,1,-3.866786492395833,0.020083464757670286,0.3842998554068919,Hoạt động gần nhất cách xa
fixture-user-5075,16.0,10.0,0.0,26.0,14.0,3.0,0,0.5384615384615384,1680.0,68.0,0,1.696701628351615,-1.7818534565886186,0.24216164621576905,Tỷ lệ thêm giỏ/xem cao
fixture-user-5076,11.0,12.0,980.0,39.0,8.0,6.0,3,0.20512820512820512,2490.0,89.0,3,2.539096994000912,1.1608947269527035,0.2849645070861152,Doanh thu trung bình cao
fixture-user-5077,24.0,5.0,280.0,21.0,2.0,2.0,1,0.09523809523809523,990.0,39.0,2,-0.2535021844261599,1.1515543709784555,0.11036450120739257,Nhóm hành vi còn lại
fixture-user-5078,79.0,1.0,0.0,12.0,0.0,0.0,0,0.0,120.0,14.0,1,-4.177806227183311,0.009148059352104415,0.5663777413394052,Hoạt động gần nhất cách xa
fixture-user-5079,17.0,8.0,0.0,27.0,12.0,3.0,0,0.4444444444444444,1690.0,69.0,0,1.4131920056243967,-1.4634770190954087,0.43800042229131814,Tỷ lệ thêm giỏ/xem cao
fixture-user-5080,12.0,13.0,1000.0,40.0,9.0,6.0,3,0.225,2500.0,90.0,3,2.6355970708016336,1.085750837529916,0.34560189762492727,Doanh thu trung bình cao
fixture-user-5081,25.0,6.0,300.0,22.0,3.0,2.0,1,0.13636363636363635,1000.0,40.0,2,0.020448779079346835,0.987424175304437,0.14043401059775606,Nhóm hành vi còn lại
fixture-user-5082,80.0,2.0,0.0,13.0,0.0,0.0,0,0.0,130.0,15.0,1,-3.8452080923989924,0.04332455321405482,0.6691606922603189,Hoạt động gần nhất cách xa
fixture-user-5083,18.0,9.0,0.0,28.0,13.0,3.0,0,0.4642857142857143,1700.0,70.0,0,1.534830031286699,-1.5309960415171668,0.49554732017099296,Tỷ lệ thêm giỏ/xem cao
fixture-user-5084,13.0,14.0,1020.0,41.0,10.0,6.0,3,0.24390243902439024,2510.0,91.0,3,2.7262823845513653,1.0157588009747183,0.4029662204898221,Doanh thu trung bình cao
fixture-user-5085,26.0,7.0,320.0,23.0,4.0,2.0,1,0.17391304347826086,1010.0,41.0,2,0.2541908963254575,0.8477774875328858,0.17321533289513408,Nhóm hành vi còn lại
fixture-user-5086,81.0,3.0,0.0,14.0,0.0,0.0,0,0.0,140.0,16.0,1,-3.58892156885437,0.07130138670265128,0.7711842983243252,Hoạt động gần nhất cách xa
fixture-user-5087,19.0,10.0,0.0,29.0,14.0,3.0,0,0.4827586206896552,1710.0,71.0,0,1.6472575587743377,-1.5937242188893985,0.5517615405408011,Tỷ lệ thêm giỏ/xem cao
fixture-user-5088,14.0,12.0,1040.0,42.0,8.0,6.0,3,0.19047619047619047,2520.0,92.0,3,2.49670495094491,1.2290037398474845,0.5454645736096191,Doanh thu trung bình cao
fixture-user-5089,27.0,5.0,340.0,24.0,2.0,2.0,1,0.08333333333333333,1020.0,42.0,2,-0.18230360796635595,1.2586072038036613,0.3675912090530475,Nhóm hành vi còn lại
fixture-user-5090,82.0,1.0,0.0,15.0,0.0,0.0,0,0.0,150.0,17.0,1,-3.9196432407459767,0.05669108652696236,0.9282979885680404,Hoạt động gần nhất cách xa
fixture-user-5091,20.0,8.0,0.0,30.0,12.0,3.0,0,0.4,1720.0,72.0,0,1.3793488527403,-1.3100407571216666,0.7263442280480706,Tỷ lệ thêm giỏ/xem cao
fixture-user-5092,15.0,13.0,1060.0,43.0,9.0,6.0,3,0.20930232558139536,2530.0,93.0,3,2.5967783052258118,1.1568322528607358,0.5946167775727039,Doanh thu trung bình cao
fixture-user-5093,28.0,6.0,360.0,25.0,3.0,2.0,1,0.12,1030.0,43.0,2,0.08266019726750658,1.1041566022540645,0.39313910571678706,Nhóm hành vi còn lại
fixture-user-5094,83.0,2.0,0.0,16.0,0.0,0.0,0,0.0,160.0,18.0,1,-3.604202552262844,0.08767912367278557,1.0092869375057245,Hoạt động gần nhất cách xa
fixture-user-5095,21.0,9.0,0.0,31.0,13.0,3.0,0,0.41935483870967744,1730.0,73.0,0,1.501059534575714,-1.376636657189004,0.7749808036540073,Tỷ lệ thêm giỏ/xem cao
fixture-user-5096,16.0,14.0,1080.0,44.0,10.0,6.0,3,0.22727272727272727,2540.0,94.0,3,2.690427951437499,1.0894358139626867,0.6418324646043475,Doanh thu trung bình cao
fixture-user-5097,29.0,7.0,380.0,26.0,4.0,2.0,1,0.15384615384615385,1040.0,44.0,2,0.3086623039800275,0.9723028927926293,0.4212803240192725,Nhóm hành vi còn lại
fixture-user-5098,84.0,3.0,0.0,17.0,0.0,0.0,0,0.0,170.0,19.0,1,-3.3629925377313117,0.11286336793280101,1.0921119219662825,Hoạt động gần nhất cách xa
fixture-user-5099,22.0,10.0,0.0,32.0,14.0,3.0,0,0.4375,1740.0,74.0,0,1.6136201785899058,-1.438893929708042,0.822869682767591,Tỷ lệ thêm giỏ/xem cao
fixture-user-5100,2.0,12.0,800.0,30.0,8.0,6.0,3,0.26666666666666666,2400.0,80.0,3,2.949000201807968,0.9104099322153842,-1.040664161835835,Doanh thu trung bình cao
fixture-user-5101,15.0,5.0,100.0,12.0,2.0,2.0,1,0.16666666666666666,900.0,30.0,2,-0.5125113090819994,0.5888915999238798,-0.9213435417374367,Nhóm hành vi còn lại
fixture-user-5102,70.0,1.0,0.0,3.0,0.0,0.0,0,0.0,30.0,5.0,1,-5.653074755432996,-0.26751935962468665,-1.3948414954693151,Hoạt động gần nhất cách xa
fixture-user-5103,8.0,8.0,0.0,18.0,12.0,3.0,0,0.6666666666666666,1600.0,60.0,0,1.667619505045523,-2.2053810991863303,-0.7744155991773559,Tỷ lệ thêm giỏ/xem cao
fixture-user-5104,3.0,13.0,820.0,31.0,9.0,6.0,3,0.2903225806451613,2410.0,81.0,3,2.9722504279555224,0.8202064154922466,-0.8360402617366788,Doanh thu trung bình cao
fixture-user-5105,16.0,6.0,120.0,13.0,3.0,2.0,1,0.23076923076923078,910.0,31.0,2,-0.18823476857859642,0.3875447576114711,-0.8693490403338631,Nhóm hành vi còn lại
fixture-user-5106,71.0,2.0,0.0,4.0,0.0,0.0,0,0.0,40.0,6.0,1,-5.132931592866225,-0.19697308259203808,-1.0600968999130056,Hoạt động gần nhất cách xa
fixture-user-5107,9.0,9.0,0.0,19.0,13.0,3.0,0,0.6842105263157895,1610.0,61.0,0,1.7765266448407788,-2.263702585114586,-0.6595478640554292,Tỷ lệ thêm giỏ/xem cao
fixture-user-5108,4.0,14.0,840.0,32.0,10.0,6.0,3,0.3125,2420.0,82.0,3,3.01229401895736,0.7383363392983261,-0.6738605748864045,Doanh thu trung bình cao
fixture-user-5109,17.0,7.0,140.0,14.0,4.0,2.0,1,0.2857142857142857,920.0,32.0,2,0.08566905022148885,0.22145490054473832,-0.8127372610551373,Nhóm hành vi còn lại
fixture-user-5110,72.0,3.0,0.0,5.0,0.0,0.0,0,0.0,50.0,7.0,1,-4.734049758831314,-0.1415652227069219,-0.7803874603946023,Hoạt động gần nhất cách xa
fixture-user-5111,10.0,10.0,0.0,20.0,14.0,3.0,0,0.7,1620.0,62.0,0,1.8778157374373483,-2.316152393098142,-0.5521462253135105,Tỷ lệ thêm giỏ/xem cao
fixture-user-5112,5.0,12.0,860.0,33.0,8.0,6.0,3,0.24242424242424243,2430.0,83.0,3,2.7201358279717427,1.0010280153705131,-0.43135310572761704,Doanh thu trung bình cao
fixture-user-5113,18.0,5.0,160.0,15.0,2.0,2.0,1,0.13333333333333333,930.0,33.0,2,-0.416368974045729,0.8413722469868408,-0.5202824835880352,Nhóm hành vi còn lại
fixture-user-5114,73.0,1.0,0.0,6.0,0.0,0.0,0,0.0,60.0,8.0,1,-4.951827114160079,-0.13461517315522942,-0.48185008826089964,Hoạt động gần nhất cách xa
fixture-user-5115,11.0,8.0,0.0,21.0,12.0,3.0,0,0.5714285714285714,1630.0,63.0,0,1.5440020110863266,-1.8916105529499507,-0.2894737393083827,Tỷ lệ thêm giỏ/xem cao
fixture-user-5116,6.0,13.0,880.0,34.0,9.0,6.0,3,0.2647058823529412,2440.0,84.0,3,2.793205514756805,0.9179893295870694,-0.3181395540304275,Doanh thu trung bình cao
fixture-user-5117,19.0,6.0,180.0,16.0,3.0,2.0,1,0.1875,940.0,34.0,2,-0.11506542133983415,0.6524097200437152,-0.47729764843711464,Nhóm hành vi còn lại
fixture-user-5118,74.0,2.0,0.0,7.0,0.0,0.0,0,0.0,70.0,9.0,1,-4.544300503596412,-0.08616879017803282,-0.28512883644029735,Hoạt động gần nhất cách xa
fixture-user-5119,12.0,9.0,0.0,22.0,13.0,3.0,0,0.5909090909090909,1640.0,64.0,0,1.6610803566223118,-1.956635720808595,-0.20216044539729697,Tỷ lệ thêm giỏ/xem cao
fixture-user-5120,7.0,14.0,900.0,35.0,10.0,6.0,3,0.2857142857142857,2450.0,85.0,3,2.865809296514496,0.8413885834551914,-0.21799543117210443,Doanh thu trung bình cao
fixture-user-5121,20.0,7.0,200.0,17.0,4.0,2.0,1,0.23529411764705882,950.0,35.0,2,0.1412081418293925,0.49422871537243757,-0.4309330555436214,Nhóm hành vi còn lại
fixture-user-5122,75.0,3.0,0.0,8.0,0.0,0.0,0,0.0,80.0,10.0,1,-4.226355602128988,-0.04652353682671037,-0.10556235721929748,Hoạt động gần nhất cách xa
fixture-user-5123,13.0,10.0,0.0,23.0,14.0,3.0,0,0.6086956521739131,1650.0,65.0,0,1.769348185040836,-2.015953016612214,-0.1188564273584944,Tỷ lệ thêm giỏ/xem cao
fixture-user-5124,8.0,12.0,920.0,36.0,8.0,6.0,3,0.2222222222222222,2460.0,86.0,3,2.6063737094369293,1.0851522433954928,-0.028162481097520817,Doanh thu trung bình cao
fixture-user-5125,21.0,5.0,220.0,18.0,2.0,2.0,1,0.1111111111111111,960.0,36.0,2,-0.331015161317517,1.017672557566975,-0.18189320559016225,Nhóm hành vi còn lại
fixture-user-5126,76.0,1.0,0.0,9.0,0.0,0.0,0,0.0,90.0,11.0,1,-4.5053809003710175,-0.051404916593935875,0.11674763187868262,Hoạt động gần nhất cách xa
fixture-user-5127,14.0,8.0,0.0,24.0,12.0,3.0,0,0.5,1660.0,66.0,0,1.4649328760198592,-1.6524200575582768,0.10500751195665843,Tỷ lệ thêm giỏ/xem cao
fixture-user-5128,9.0,13.0,940.0,37.0,9.0,6.0,3,0.24324324324324326,2470.0,87.0,3,2.6956818339500837,1.0065237107878025,0.05075676314821963,Doanh thu trung bình cao
fixture-user-5129,22.0,6.0,240.0,19.0,3.0,2.0,1,0.15789473684210525,970.0,37.0,2,-0.045442287582045944,0.842002022281944,-0.14614921568949865,Nhóm hành vi còn lại
fixture-user-5130,77.0,2.0,0.0,10.0,0.0,0.0,0,0.0,100.0,12.0,1,-4.145933218700002,-0.012175282230817307,0.25338192247508057,Hoạt động gần nhất cách xa
fixture-user-5131,15.0,9.0,0.0,25.0,13.0,3.0,0,0.52,1670.0,67.0,0,1.5853970707566725,-1.7197729720568595,0.17473155318197717,Tỷ lệ thêm giỏ/xem cao
fixture-user-5132,10.0,14.0,960.0,38.0,10.0,6.0,3,0.2631578947368421,2480.0,88.0,3,2.7805820478578775,0.9335515526720264,0.12366456013755259,Doanh thu trung bình cao
fixture-user-5133,23.0,7.0,260.0,20.0,4.0,2.0,1,0.2,980.0,38.0,2,0.19806579033115437,0.6934432518431779,-0.10747748554529173,Nhóm hành vi còn lại
fixture-user-5134,78.0,3.0,0.0,11.0,0.0,0.0,0,0.0,110.0,13.0,1,-3.866786492395833,0.020083464757670286,0.3842998554068919,Hoạt động gần nhất cách xa
fixture-user-5135,16.0,10.0,0.0,26.0,14.0,3.0,0,0.5384615384615384,1680.0,68.0,0,1.696701628351615,-1.7818534565886186,0.24216164621576905,Tỷ lệ thêm giỏ/xem cao
fixture-user-5136,11.0,12.0,980.0,39.0,8.0,6.0,3,0.20512820512820512,2490.0,89.0,3,2.539096994000912,1.1608947269527035,0.2849645070861152,Doanh thu trung bình cao
fixture-user-5137,24.0,5.0,280.0,21.0,2.0,2.0,1,0.09523809523809523,990.0,39.0,2,-0.2535021844261599,1.1515543709784555,0.11036450120739257,Nhóm hành vi còn lại
fixture-user-5138,79.0,1.0,0.0,12.0,0.0,0.0,0,0.0,120.0,14.0,1,-4.177806227183311,0.009148059352104415,0.5663777413394052,Hoạt động gần nhất cách xa
fixture-user-5139,17.0,8.0,0.0,27.0,12.0,3.0,0,0.4444444444444444,1690.0,69.0,0,1.4131920056243967,-1.4634770190954087,0.43800042229131814,Tỷ lệ thêm giỏ/xem cao
fixture-user-5140,12.0,13.0,1000.0,40.0,9.0,6.0,3,0.225,2500.0,90.0,3,2.6355970708016336,1.085750837529916,0.34560189762492727,Doanh thu trung bình cao
fixture-user-5141,25.0,6.0,300.0,22.0,3.0,2.0,1,0.13636363636363635,1000.0,40.0,2,0.020448779079346835,0.987424175304437,0.14043401059775606,Nhóm hành vi còn lại
fixture-user-5142,80.0,2.0,0.0,13.0,0.0,0.0,0,0.0,130.0,15.0,1,-3.8452080923989924,0.04332455321405482,0.6691606922603189,Hoạt động gần nhất cách xa
fixture-user-5143,18.0,9.0,0.0,28.0,13.0,3.0,0,0.4642857142857143,1700.0,70.0,0,1.534830031286699,-1.5309960415171668,0.49554732017099296,Tỷ lệ thêm giỏ/xem cao
fixture-user-5144,13.0,14.0,1020.0,41.0,10.0,6.0,3,0.24390243902439024,2510.0,91.0,3,2.7262823845513653,1.0157588009747183,0.4029662204898221,Doanh thu trung bình cao
fixture-user-5145,26.0,7.0,320.0,23.0,4.0,2.0,1,0.17391304347826086,1010.0,41.0,2,0.2541908963254575,0.8477774875328858,0.17321533289513408,Nhóm hành vi còn lại
fixture-user-5146,81.0,3.0,0.0,14.0,0.0,0.0,0,0.0,140.0,16.0,1,-3.58892156885437,0.07130138670265128,0.7711842983243252,Hoạt động gần nhất cách xa
fixture-user-5147,19.0,10.0,0.0,29.0,14.0,3.0,0,0.4827586206896552,1710.0,71.0,0,1.6472575587743377,-1.5937242188893985,0.5517615405408011,Tỷ lệ thêm giỏ/xem cao
fixture-user-5148,14.0,12.0,1040.0,42.0,8.0,6.0,3,0.19047619047619047,2520.0,92.0,3,2.49670495094491,1.2290037398474845,0.5454645736096191,Doanh thu trung bình cao
fixture-user-5149,27.0,5.0,340.0,24.0,2.0,2.0,1,0.08333333333333333,1020.0,42.0,2,-0.18230360796635595,1.2586072038036613,0.3675912090530475,Nhóm hành vi còn lại
fixture-user-5150,82.0,1.0,0.0,15.0,0.0,0.0,0,0.0,150.0,17.0,1,-3.9196432407459767,0.05669108652696236,0.9282979885680404,Hoạt động gần nhất cách xa
fixture-user-5151,20.0,8.0,0.0,30.0,12.0,3.0,0,0.4,1720.0,72.0,0,1.3793488527403,-1.3100407571216666,0.7263442280480706,Tỷ lệ thêm giỏ/xem cao
fixture-user-5152,15.0,13.0,1060.0,43.0,9.0,6.0,3,0.20930232558139536,2530.0,93.0,3,2.5967783052258118,1.1568322528607358,0.5946167775727039,Doanh thu trung bình cao
fixture-user-5153,28.0,6.0,360.0,25.0,3.0,2.0,1,0.12,1030.0,43.0,2,0.08266019726750658,1.1041566022540645,0.39313910571678706,Nhóm hành vi còn lại
fixture-user-5154,83.0,2.0,0.0,16.0,0.0,0.0,0,0.0,160.0,18.0,1,-3.604202552262844,0.08767912367278557,1.0092869375057245,Hoạt động gần nhất cách xa
fixture-user-5155,21.0,9.0,0.0,31.0,13.0,3.0,0,0.41935483870967744,1730.0,73.0,0,1.501059534575714,-1.376636657189004,0.7749808036540073,Tỷ lệ thêm giỏ/xem cao
fixture-user-5156,16.0,14.0,1080.0,44.0,10.0,6.0,3,0.22727272727272727,2540.0,94.0,3,2.690427951437499,1.0894358139626867,0.6418324646043475,Doanh thu trung bình cao
fixture-user-5157,29.0,7.0,380.0,26.0,4.0,2.0,1,0.15384615384615385,1040.0,44.0,2,0.3086623039800275,0.9723028927926293,0.4212803240192725,Nhóm hành vi còn lại
fixture-user-5158,84.0,3.0,0.0,17.0,0.0,0.0,0,0.0,170.0,19.0,1,-3.3629925377313117,0.11286336793280101,1.0921119219662825,Hoạt động gần nhất cách xa
fixture-user-5159,22.0,10.0,0.0,32.0,14.0,3.0,0,0.4375,1740.0,74.0,0,1.6136201785899058,-1.438893929708042,0.822869682767591,Tỷ lệ thêm giỏ/xem cao
fixture-user-5160,2.0,12.0,800.0,30.0,8.0,6.0,3,0.26666666666666666,2400.0,80.0,3,2.949000201807968,0.9104099322153842,-1.040664161835835,Doanh thu trung bình cao
fixture-user-5161,15.0,5.0,100.0,12.0,2.0,2.0,1,0.16666666666666666,900.0,30.0,2,-0.5125113090819994,0.5888915999238798,-0.9213435417374367,Nhóm hành vi còn lại
fixture-user-5162,70.0,1.0,0.0,3.0,0.0,0.0,0,0.0,30.0,5.0,1,-5.653074755432996,-0.26751935962468665,-1.3948414954693151,Hoạt động gần nhất cách xa
fixture-user-5163,8.0,8.0,0.0,18.0,12.0,3.0,0,0.6666666666666666,1600.0,60.0,0,1.667619505045523,-2.2053810991863303,-0.7744155991773559,Tỷ lệ thêm giỏ/xem cao
fixture-user-5164,3.0,13.0,820.0,31.0,9.0,6.0,3,0.2903225806451613,2410.0,81.0,3,2.9722504279555224,0.8202064154922466,-0.8360402617366788,Doanh thu trung bình cao
fixture-user-5165,16.0,6.0,120.0,13.0,3.0,2.0,1,0.23076923076923078,910.0,31.0,2,-0.18823476857859642,0.3875447576114711,-0.8693490403338631,Nhóm hành vi còn lại
fixture-user-5166,71.0,2.0,0.0,4.0,0.0,0.0,0,0.0,40.0,6.0,1,-5.132931592866225,-0.19697308259203808,-1.0600968999130056,Hoạt động gần nhất cách xa
fixture-user-5167,9.0,9.0,0.0,19.0,13.0,3.0,0,0.6842105263157895,1610.0,61.0,0,1.7765266448407788,-2.263702585114586,-0.6595478640554292,Tỷ lệ thêm giỏ/xem cao
fixture-user-5168,4.0,14.0,840.0,32.0,10.0,6.0,3,0.3125,2420.0,82.0,3,3.01229401895736,0.7383363392983261,-0.6738605748864045,Doanh thu trung bình cao
fixture-user-5169,17.0,7.0,140.0,14.0,4.0,2.0,1,0.2857142857142857,920.0,32.0,2,0.08566905022148885,0.22145490054473832,-0.8127372610551373,Nhóm hành vi còn lại
fixture-user-5170,72.0,3.0,0.0,5.0,0.0,0.0,0,0.0,50.0,7.0,1,-4.734049758831314,-0.1415652227069219,-0.7803874603946023,Hoạt động gần nhất cách xa
fixture-user-5171,10.0,10.0,0.0,20.0,14.0,3.0,0,0.7,1620.0,62.0,0,1.8778157374373483,-2.316152393098142,-0.5521462253135105,Tỷ lệ thêm giỏ/xem cao
fixture-user-5172,5.0,12.0,860.0,33.0,8.0,6.0,3,0.24242424242424243,2430.0,83.0,3,2.7201358279717427,1.0010280153705131,-0.43135310572761704,Doanh thu trung bình cao
fixture-user-5173,18.0,5.0,160.0,15.0,2.0,2.0,1,0.13333333333333333,930.0,33.0,2,-0.416368974045729,0.8413722469868408,-0.5202824835880352,Nhóm hành vi còn lại
fixture-user-5174,73.0,1.0,0.0,6.0,0.0,0.0,0,0.0,60.0,8.0,1,-4.951827114160079,-0.13461517315522942,-0.48185008826089964,Hoạt động gần nhất cách xa
fixture-user-5175,11.0,8.0,0.0,21.0,12.0,3.0,0,0.5714285714285714,1630.0,63.0,0,1.5440020110863266,-1.8916105529499507,-0.2894737393083827,Tỷ lệ thêm giỏ/xem cao
fixture-user-5176,6.0,13.0,880.0,34.0,9.0,6.0,3,0.2647058823529412,2440.0,84.0,3,2.793205514756805,0.9179893295870694,-0.3181395540304275,Doanh thu trung bình cao
fixture-user-5177,19.0,6.0,180.0,16.0,3.0,2.0,1,0.1875,940.0,34.0,2,-0.11506542133983415,0.6524097200437152,-0.47729764843711464,Nhóm hành vi còn lại
fixture-user-5178,74.0,2.0,0.0,7.0,0.0,0.0,0,0.0,70.0,9.0,1,-4.544300503596412,-0.08616879017803282,-0.28512883644029735,Hoạt động gần nhất cách xa
fixture-user-5179,12.0,9.0,0.0,22.0,13.0,3.0,0,0.5909090909090909,1640.0,64.0,0,1.6610803566223118,-1.956635720808595,-0.20216044539729697,Tỷ lệ thêm giỏ/xem cao
fixture-user-5180,7.0,14.0,900.0,35.0,10.0,6.0,3,0.2857142857142857,2450.0,85.0,3,2.865809296514496,0.8413885834551914,-0.21799543117210443,Doanh thu trung bình cao
fixture-user-5181,20.0,7.0,200.0,17.0,4.0,2.0,1,0.23529411764705882,950.0,35.0,2,0.1412081418293925,0.49422871537243757,-0.4309330555436214,Nhóm hành vi còn lại
fixture-user-5182,75.0,3.0,0.0,8.0,0.0,0.0,0,0.0,80.0,10.0,1,-4.226355602128988,-0.04652353682671037,-0.10556235721929748,Hoạt động gần nhất cách xa
fixture-user-5183,13.0,10.0,0.0,23.0,14.0,3.0,0,0.6086956521739131,1650.0,65.0,0,1.769348185040836,-2.015953016612214,-0.1188564273584944,Tỷ lệ thêm giỏ/xem cao
fixture-user-5184,8.0,12.0,920.0,36.0,8.0,6.0,3,0.2222222222222222,2460.0,86.0,3,2.6063737094369293,1.0851522433954928,-0.028162481097520817,Doanh thu trung bình cao
fixture-user-5185,21.0,5.0,220.0,18.0,2.0,2.0,1,0.1111111111111111,960.0,36.0,2,-0.331015161317517,1.017672557566975,-0.18189320559016225,Nhóm hành vi còn lại
fixture-user-5186,76.0,1.0,0.0,9.0,0.0,0.0,0,0.0,90.0,11.0,1,-4.5053809003710175,-0.051404916593935875,0.11674763187868262,Hoạt động gần nhất cách xa
fixture-user-5187,14.0,8.0,0.0,24.0,12.0,3.0,0,0.5,1660.0,66.0,0,1.4649328760198592,-1.6524200575582768,0.10500751195665843,Tỷ lệ thêm giỏ/xem cao
fixture-user-5188,9.0,13.0,940.0,37.0,9.0,6.0,3,0.24324324324324326,2470.0,87.0,3,2.6956818339500837,1.0065237107878025,0.05075676314821963,Doanh thu trung bình cao
fixture-user-5189,22.0,6.0,240.0,19.0,3.0,2.0,1,0.15789473684210525,970.0,37.0,2,-0.045442287582045944,0.842002022281944,-0.14614921568949865,Nhóm hành vi còn lại
fixture-user-5190,77.0,2.0,0.0,10.0,0.0,0.0,0,0.0,100.0,12.0,1,-4.145933218700002,-0.012175282230817307,0.25338192247508057,Hoạt động gần nhất cách xa
fixture-user-5191,15.0,9.0,0.0,25.0,13.0,3.0,0,0.52,1670.0,67.0,0,1.5853970707566725,-1.7197729720568595,0.17473155318197717,Tỷ lệ thêm giỏ/xem cao
fixture-user-5192,10.0,14.0,960.0,38.0,10.0,6.0,3,0.2631578947368421,2480.0,88.0,3,2.7805820478578775,0.9335515526720264,0.12366456013755259,Doanh thu trung bình cao
fixture-user-5193,23.0,7.0,260.0,20.0,4.0,2.0,1,0.2,980.0,38.0,2,0.19806579033115437,0.6934432518431779,-0.10747748554529173,Nhóm hành vi còn lại
fixture-user-5194,78.0,3.0,0.0,11.0,0.0,0.0,0,0.0,110.0,13.0,1,-3.866786492395833,0.020083464757670286,0.3842998554068919,Hoạt động gần nhất cách xa
fixture-user-5195,16.0,10.0,0.0,26.0,14.0,3.0,0,0.5384615384615384,1680.0,68.0,0,1.696701628351615,-1.7818534565886186,0.24216164621576905,Tỷ lệ thêm giỏ/xem cao
fixture-user-5196,11.0,12.0,980.0,39.0,8.0,6.0,3,0.20512820512820512,2490.0,89.0,3,2.539096994000912,1.1608947269527035,0.2849645070861152,Doanh thu trung bình cao
fixture-user-5197,24.0,5.0,280.0,21.0,2.0,2.0,1,0.09523809523809523,990.0,39.0,2,-0.2535021844261599,1.1515543709784555,0.11036450120739257,Nhóm hành vi còn lại
fixture-user-5198,79.0,1.0,0.0,12.0,0.0,0.0,0,0.0,120.0,14.0,1,-4.177806227183311,0.009148059352104415,0.5663777413394052,Hoạt động gần nhất cách xa
fixture-user-5199,17.0,8.0,0.0,27.0,12.0,3.0,0,0.4444444444444444,1690.0,69.0,0,1.4131920056243967,-1.4634770190954087,0.43800042229131814,Tỷ lệ thêm giỏ/xem cao
fixture-user-5200,12.0,13.0,1000.0,40.0,9.0,6.0,3,0.225,2500.0,90.0,3,2.6355970708016336,1.085750837529916,0.34560189762492727,Doanh thu trung bình cao
fixture-user-5201,25.0,6.0,300.0,22.0,3.0,2.0,1,0.13636363636363635,1000.0,40.0,2,0.020448779079346835,0.987424175304437,0.14043401059775606,Nhóm hành vi còn lại
fixture-user-5202,80.0,2.0,0.0,13.0,0.0,0.0,0,0.0,130.0,15.0,1,-3.8452080923989924,0.04332455321405482,0.6691606922603189,Hoạt động gần nhất cách xa
fixture-user-5203,18.0,9.0,0.0,28.0,13.0,3.0,0,0.4642857142857143,1700.0,70.0,0,1.534830031286699,-1.5309960415171668,0.49554732017099296,Tỷ lệ thêm giỏ/xem cao
fixture-user-5204,13.0,14.0,1020.0,41.0,10.0,6.0,3,0.24390243902439024,2510.0,91.0,3,2.7262823845513653,1.0157588009747183,0.4029662204898221,Doanh thu trung bình cao
fixture-user-5205,26.0,7.0,320.0,23.0,4.0,2.0,1,0.17391304347826086,1010.0,41.0,2,0.2541908963254575,0.8477774875328858,0.17321533289513408,Nhóm hành vi còn lại
fixture-user-5206,81.0,3.0,0.0,14.0,0.0,0.0,0,0.0,140.0,16.0,1,-3.58892156885437,0.07130138670265128,0.7711842983243252,Hoạt động gần nhất cách xa
fixture-user-5207,19.0,10.0,0.0,29.0,14.0,3.0,0,0.4827586206896552,1710.0,71.0,0,1.6472575587743377,-1.5937242188893985,0.5517615405408011,Tỷ lệ thêm giỏ/xem cao
fixture-user-5208,14.0,12.0,1040.0,42.0,8.0,6.0,3,0.19047619047619047,2520.0,92.0,3,2.49670495094491,1.2290037398474845,0.5454645736096191,Doanh thu trung bình cao
fixture-user-5209,27.0,5.0,340.0,24.0,2.0,2.0,1,0.08333333333333333,1020.0,42.0,2,-0.18230360796635595,1.2586072038036613,0.3675912090530475,Nhóm hành vi còn lại
fixture-user-5210,82.0,1.0,0.0,15.0,0.0,0.0,0,0.0,150.0,17.0,1,-3.9196432407459767,0.05669108652696236,0.9282979885680404,Hoạt động gần nhất cách xa
fixture-user-5211,20.0,8.0,0.0,30.0,12.0,3.0,0,0.4,1720.0,72.0,0,1.3793488527403,-1.3100407571216666,0.7263442280480706,Tỷ lệ thêm giỏ/xem cao
fixture-user-5212,15.0,13.0,1060.0,43.0,9.0,6.0,3,0.20930232558139536,2530.0,93.0,3,2.5967783052258118,1.1568322528607358,0.5946167775727039,Doanh thu trung bình cao
fixture-user-5213,28.0,6.0,360.0,25.0,3.0,2.0,1,0.12,1030.0,43.0,2,0.08266019726750658,1.1041566022540645,0.39313910571678706,Nhóm hành vi còn lại
fixture-user-5214,83.0,2.0,0.0,16.0,0.0,0.0,0,0.0,160.0,18.0,1,-3.604202552262844,0.08767912367278557,1.0092869375057245,Hoạt động gần nhất cách xa
fixture-user-5215,21.0,9.0,0.0,31.0,13.0,3.0,0,0.41935483870967744,1730.0,73.0,0,1.501059534575714,-1.376636657189004,0.7749808036540073,Tỷ lệ thêm giỏ/xem cao
fixture-user-5216,16.0,14.0,1080.0,44.0,10.0,6.0,3,0.22727272727272727,2540.0,94.0,3,2.690427951437499,1.0894358139626867,0.6418324646043475,Doanh thu trung bình cao
fixture-user-5217,29.0,7.0,380.0,26.0,4.0,2.0,1,0.15384615384615385,1040.0,44.0,2,0.3086623039800275,0.9723028927926293,0.4212803240192725,Nhóm hành vi còn lại
fixture-user-5218,84.0,3.0,0.0,17.0,0.0,0.0,0,0.0,170.0,19.0,1,-3.3629925377313117,0.11286336793280101,1.0921119219662825,Hoạt động gần nhất cách xa
fixture-user-5219,22.0,10.0,0.0,32.0,14.0,3.0,0,0.4375,1740.0,74.0,0,1.6136201785899058,-1.438893929708042,0.822869682767591,Tỷ lệ thêm giỏ/xem cao
fixture-user-5220,2.0,12.0,800.0,30.0,8.0,6.0,3,0.26666666666666666,2400.0,80.0,3,2.949000201807968,0.9104099322153842,-1.040664161835835,Doanh thu trung bình cao
fixture-user-5221,15.0,5.0,100.0,12.0,2.0,2.0,1,0.16666666666666666,900.0,30.0,2,-0.5125113090819994,0.5888915999238798,-0.9213435417374367,Nhóm hành vi còn lại
fixture-user-5222,70.0,1.0,0.0,3.0,0.0,0.0,0,0.0,30.0,5.0,1,-5.653074755432996,-0.26751935962468665,-1.3948414954693151,Hoạt động gần nhất cách xa
fixture-user-5223,8.0,8.0,0.0,18.0,12.0,3.0,0,0.6666666666666666,1600.0,60.0,0,1.667619505045523,-2.2053810991863303,-0.7744155991773559,Tỷ lệ thêm giỏ/xem cao
fixture-user-5224,3.0,13.0,820.0,31.0,9.0,6.0,3,0.2903225806451613,2410.0,81.0,3,2.9722504279555224,0.8202064154922466,-0.8360402617366788,Doanh thu trung bình cao
fixture-user-5225,16.0,6.0,120.0,13.0,3.0,2.0,1,0.23076923076923078,910.0,31.0,2,-0.18823476857859642,0.3875447576114711,-0.8693490403338631,Nhóm hành vi còn lại
fixture-user-5226,71.0,2.0,0.0,4.0,0.0,0.0,0,0.0,40.0,6.0,1,-5.132931592866225,-0.19697308259203808,-1.0600968999130056,Hoạt động gần nhất cách xa
fixture-user-5227,9.0,9.0,0.0,19.0,13.0,3.0,0,0.6842105263157895,1610.0,61.0,0,1.7765266448407788,-2.263702585114586,-0.6595478640554292,Tỷ lệ thêm giỏ/xem cao
fixture-user-5228,4.0,14.0,840.0,32.0,10.0,6.0,3,0.3125,2420.0,82.0,3,3.01229401895736,0.7383363392983261,-0.6738605748864045,Doanh thu trung bình cao
fixture-user-5229,17.0,7.0,140.0,14.0,4.0,2.0,1,0.2857142857142857,920.0,32.0,2,0.08566905022148885,0.22145490054473832,-0.8127372610551373,Nhóm hành vi còn lại
fixture-user-5230,72.0,3.0,0.0,5.0,0.0,0.0,0,0.0,50.0,7.0,1,-4.734049758831314,-0.1415652227069219,-0.7803874603946023,Hoạt động gần nhất cách xa
fixture-user-5231,10.0,10.0,0.0,20.0,14.0,3.0,0,0.7,1620.0,62.0,0,1.8778157374373483,-2.316152393098142,-0.5521462253135105,Tỷ lệ thêm giỏ/xem cao
fixture-user-5232,5.0,12.0,860.0,33.0,8.0,6.0,3,0.24242424242424243,2430.0,83.0,3,2.7201358279717427,1.0010280153705131,-0.43135310572761704,Doanh thu trung bình cao
fixture-user-5233,18.0,5.0,160.0,15.0,2.0,2.0,1,0.13333333333333333,930.0,33.0,2,-0.416368974045729,0.8413722469868408,-0.5202824835880352,Nhóm hành vi còn lại
fixture-user-5234,73.0,1.0,0.0,6.0,0.0,0.0,0,0.0,60.0,8.0,1,-4.951827114160079,-0.13461517315522942,-0.48185008826089964,Hoạt động gần nhất cách xa
fixture-user-5235,11.0,8.0,0.0,21.0,12.0,3.0,0,0.5714285714285714,1630.0,63.0,0,1.5440020110863266,-1.8916105529499507,-0.2894737393083827,Tỷ lệ thêm giỏ/xem cao
fixture-user-5236,6.0,13.0,880.0,34.0,9.0,6.0,3,0.2647058823529412,2440.0,84.0,3,2.793205514756805,0.9179893295870694,-0.3181395540304275,Doanh thu trung bình cao
fixture-user-5237,19.0,6.0,180.0,16.0,3.0,2.0,1,0.1875,940.0,34.0,2,-0.11506542133983415,0.6524097200437152,-0.47729764843711464,Nhóm hành vi còn lại
fixture-user-5238,74.0,2.0,0.0,7.0,0.0,0.0,0,0.0,70.0,9.0,1,-4.544300503596412,-0.08616879017803282,-0.28512883644029735,Hoạt động gần nhất cách xa
fixture-user-5239,12.0,9.0,0.0,22.0,13.0,3.0,0,0.5909090909090909,1640.0,64.0,0,1.6610803566223118,-1.956635720808595,-0.20216044539729697,Tỷ lệ thêm giỏ/xem cao
fixture-user-5240,7.0,14.0,900.0,35.0,10.0,6.0,3,0.2857142857142857,2450.0,85.0,3,2.865809296514496,0.8413885834551914,-0.21799543117210443,Doanh thu trung bình cao
fixture-user-5241,20.0,7.0,200.0,17.0,4.0,2.0,1,0.23529411764705882,950.0,35.0,2,0.1412081418293925,0.49422871537243757,-0.4309330555436214,Nhóm hành vi còn lại
fixture-user-5242,75.0,3.0,0.0,8.0,0.0,0.0,0,0.0,80.0,10.0,1,-4.226355602128988,-0.04652353682671037,-0.10556235721929748,Hoạt động gần nhất cách xa
fixture-user-5243,13.0,10.0,0.0,23.0,14.0,3.0,0,0.6086956521739131,1650.0,65.0,0,1.769348185040836,-2.015953016612214,-0.1188564273584944,Tỷ lệ thêm giỏ/xem cao
fixture-user-5244,8.0,12.0,920.0,36.0,8.0,6.0,3,0.2222222222222222,2460.0,86.0,3,2.6063737094369293,1.0851522433954928,-0.028162481097520817,Doanh thu trung bình cao
fixture-user-5245,21.0,5.0,220.0,18.0,2.0,2.0,1,0.1111111111111111,960.0,36.0,2,-0.331015161317517,1.017672557566975,-0.18189320559016225,Nhóm hành vi còn lại
fixture-user-5246,76.0,1.0,0.0,9.0,0.0,0.0,0,0.0,90.0,11.0,1,-4.5053809003710175,-0.051404916593935875,0.11674763187868262,Hoạt động gần nhất cách xa
fixture-user-5247,14.0,8.0,0.0,24.0,12.0,3.0,0,0.5,1660.0,66.0,0,1.4649328760198592,-1.6524200575582768,0.10500751195665843,Tỷ lệ thêm giỏ/xem cao
fixture-user-5248,9.0,13.0,940.0,37.0,9.0,6.0,3,0.24324324324324326,2470.0,87.0,3,2.6956818339500837,1.0065237107878025,0.05075676314821963,Doanh thu trung bình cao
fixture-user-5249,22.0,6.0,240.0,19.0,3.0,2.0,1,0.15789473684210525,970.0,37.0,2,-0.045442287582045944,0.842002022281944,-0.14614921568949865,Nhóm hành vi còn lại
fixture-user-5250,77.0,2.0,0.0,10.0,0.0,0.0,0,0.0,100.0,12.0,1,-4.145933218700002,-0.012175282230817307,0.25338192247508057,Hoạt động gần nhất cách xa
fixture-user-5251,15.0,9.0,0.0,25.0,13.0,3.0,0,0.52,1670.0,67.0,0,1.5853970707566725,-1.7197729720568595,0.17473155318197717,Tỷ lệ thêm giỏ/xem cao
fixture-user-5252,10.0,14.0,960.0,38.0,10.0,6.0,3,0.2631578947368421,2480.0,88.0,3,2.7805820478578775,0.9335515526720264,0.12366456013755259,Doanh thu trung bình cao
fixture-user-5253,23.0,7.0,260.0,20.0,4.0,2.0,1,0.2,980.0,38.0,2,0.19806579033115437,0.6934432518431779,-0.10747748554529173,Nhóm hành vi còn lại
fixture-user-5254,78.0,3.0,0.0,11.0,0.0,0.0,0,0.0,110.0,13.0,1,-3.866786492395833,0.020083464757670286,0.3842998554068919,Hoạt động gần nhất cách xa
fixture-user-5255,16.0,10.0,0.0,26.0,14.0,3.0,0,0.5384615384615384,1680.0,68.0,0,1.696701628351615,-1.7818534565886186,0.24216164621576905,Tỷ lệ thêm giỏ/xem cao
fixture-user-5256,11.0,12.0,980.0,39.0,8.0,6.0,3,0.20512820512820512,2490.0,89.0,3,2.539096994000912,1.1608947269527035,0.2849645070861152,Doanh thu trung bình cao
fixture-user-5257,24.0,5.0,280.0,21.0,2.0,2.0,1,0.09523809523809523,990.0,39.0,2,-0.2535021844261599,1.1515543709784555,0.11036450120739257,Nhóm hành vi còn lại
fixture-user-5258,79.0,1.0,0.0,12.0,0.0,0.0,0,0.0,120.0,14.0,1,-4.177806227183311,0.009148059352104415,0.5663777413394052,Hoạt động gần nhất cách xa
fixture-user-5259,17.0,8.0,0.0,27.0,12.0,3.0,0,0.4444444444444444,1690.0,69.0,0,1.4131920056243967,-1.4634770190954087,0.43800042229131814,Tỷ lệ thêm giỏ/xem cao
fixture-user-5260,12.0,13.0,1000.0,40.0,9.0,6.0,3,0.225,2500.0,90.0,3,2.6355970708016336,1.085750837529916,0.34560189762492727,Doanh thu trung bình cao
fixture-user-5261,25.0,6.0,300.0,22.0,3.0,2.0,1,0.13636363636363635,1000.0,40.0,2,0.020448779079346835,0.987424175304437,0.14043401059775606,Nhóm hành vi còn lại
fixture-user-5262,80.0,2.0,0.0,13.0,0.0,0.0,0,0.0,130.0,15.0,1,-3.8452080923989924,0.04332455321405482,0.6691606922603189,Hoạt động gần nhất cách xa
fixture-user-5263,18.0,9.0,0.0,28.0,13.0,3.0,0,0.4642857142857143,1700.0,70.0,0,1.534830031286699,-1.5309960415171668,0.49554732017099296,Tỷ lệ thêm giỏ/xem cao
fixture-user-5264,13.0,14.0,1020.0,41.0,10.0,6.0,3,0.24390243902439024,2510.0,91.0,3,2.7262823845513653,1.0157588009747183,0.4029662204898221,Doanh thu trung bình cao
fixture-user-5265,26.0,7.0,320.0,23.0,4.0,2.0,1,0.17391304347826086,1010.0,41.0,2,0.2541908963254575,0.8477774875328858,0.17321533289513408,Nhóm hành vi còn lại
fixture-user-5266,81.0,3.0,0.0,14.0,0.0,0.0,0,0.0,140.0,16.0,1,-3.58892156885437,0.07130138670265128,0.7711842983243252,Hoạt động gần nhất cách xa
fixture-user-5267,19.0,10.0,0.0,29.0,14.0,3.0,0,0.4827586206896552,1710.0,71.0,0,1.6472575587743377,-1.5937242188893985,0.5517615405408011,Tỷ lệ thêm giỏ/xem cao
fixture-user-5268,14.0,12.0,1040.0,42.0,8.0,6.0,3,0.19047619047619047,2520.0,92.0,3,2.49670495094491,1.2290037398474845,0.5454645736096191,Doanh thu trung bình cao
fixture-user-5269,27.0,5.0,340.0,24.0,2.0,2.0,1,0.08333333333333333,1020.0,42.0,2,-0.18230360796635595,1.2586072038036613,0.3675912090530475,Nhóm hành vi còn lại
fixture-user-5270,82.0,1.0,0.0,15.0,0.0,0.0,0,0.0,150.0,17.0,1,-3.9196432407459767,0.05669108652696236,0.9282979885680404,Hoạt động gần nhất cách xa
fixture-user-5271,20.0,8.0,0.0,30.0,12.0,3.0,0,0.4,1720.0,72.0,0,1.3793488527403,-1.3100407571216666,0.7263442280480706,Tỷ lệ thêm giỏ/xem cao
fixture-user-5272,15.0,13.0,1060.0,43.0,9.0,6.0,3,0.20930232558139536,2530.0,93.0,3,2.5967783052258118,1.1568322528607358,0.5946167775727039,Doanh thu trung bình cao
fixture-user-5273,28.0,6.0,360.0,25.0,3.0,2.0,1,0.12,1030.0,43.0,2,0.08266019726750658,1.1041566022540645,0.39313910571678706,Nhóm hành vi còn lại
fixture-user-5274,83.0,2.0,0.0,16.0,0.0,0.0,0,0.0,160.0,18.0,1,-3.604202552262844,0.08767912367278557,1.0092869375057245,Hoạt động gần nhất cách xa
fixture-user-5275,21.0,9.0,0.0,31.0,13.0,3.0,0,0.41935483870967744,1730.0,73.0,0,1.501059534575714,-1.376636657189004,0.7749808036540073,Tỷ lệ thêm giỏ/xem cao
fixture-user-5276,16.0,14.0,1080.0,44.0,10.0,6.0,3,0.22727272727272727,2540.0,94.0,3,2.690427951437499,1.0894358139626867,0.6418324646043475,Doanh thu trung bình cao
fixture-user-5277,29.0,7.0,380.0,26.0,4.0,2.0,1,0.15384615384615385,1040.0,44.0,2,0.3086623039800275,0.9723028927926293,0.4212803240192725,Nhóm hành vi còn lại
fixture-user-5278,84.0,3.0,0.0,17.0,0.0,0.0,0,0.0,170.0,19.0,1,-3.3629925377313117,0.11286336793280101,1.0921119219662825,Hoạt động gần nhất cách xa
fixture-user-5279,22.0,10.0,0.0,32.0,14.0,3.0,0,0.4375,1740.0,74.0,0,1.6136201785899058,-1.438893929708042,0.822869682767591,Tỷ lệ thêm giỏ/xem cao
fixture-user-5280,2.0,12.0,800.0,30.0,8.0,6.0,3,0.26666666666666666,2400.0,80.0,3,2.949000201807968,0.9104099322153842,-1.040664161835835,Doanh thu trung bình cao
fixture-user-5281,15.0,5.0,100.0,12.0,2.0,2.0,1,0.16666666666666666,900.0,30.0,2,-0.5125113090819994,0.5888915999238798,-0.9213435417374367,Nhóm hành vi còn lại
fixture-user-5282,70.0,1.0,0.0,3.0,0.0,0.0,0,0.0,30.0,5.0,1,-5.653074755432996,-0.26751935962468665,-1.3948414954693151,Hoạt động gần nhất cách xa
fixture-user-5283,8.0,8.0,0.0,18.0,12.0,3.0,0,0.6666666666666666,1600.0,60.0,0,1.667619505045523,-2.2053810991863303,-0.7744155991773559,Tỷ lệ thêm giỏ/xem cao
fixture-user-5284,3.0,13.0,820.0,31.0,9.0,6.0,3,0.2903225806451613,2410.0,81.0,3,2.9722504279555224,0.8202064154922466,-0.8360402617366788,Doanh thu trung bình cao
fixture-user-5285,16.0,6.0,120.0,13.0,3.0,2.0,1,0.23076923076923078,910.0,31.0,2,-0.18823476857859642,0.3875447576114711,-0.8693490403338631,Nhóm hành vi còn lại
fixture-user-5286,71.0,2.0,0.0,4.0,0.0,0.0,0,0.0,40.0,6.0,1,-5.132931592866225,-0.19697308259203808,-1.0600968999130056,Hoạt động gần nhất cách xa
fixture-user-5287,9.0,9.0,0.0,19.0,13.0,3.0,0,0.6842105263157895,1610.0,61.0,0,1.7765266448407788,-2.263702585114586,-0.6595478640554292,Tỷ lệ thêm giỏ/xem cao
fixture-user-5288,4.0,14.0,840.0,32.0,10.0,6.0,3,0.3125,2420.0,82.0,3,3.01229401895736,0.7383363392983261,-0.6738605748864045,Doanh thu trung bình cao
fixture-user-5289,17.0,7.0,140.0,14.0,4.0,2.0,1,0.2857142857142857,920.0,32.0,2,0.08566905022148885,0.22145490054473832,-0.8127372610551373,Nhóm hành vi còn lại
fixture-user-5290,72.0,3.0,0.0,5.0,0.0,0.0,0,0.0,50.0,7.0,1,-4.734049758831314,-0.1415652227069219,-0.7803874603946023,Hoạt động gần nhất cách xa
fixture-user-5291,10.0,10.0,0.0,20.0,14.0,3.0,0,0.7,1620.0,62.0,0,1.8778157374373483,-2.316152393098142,-0.5521462253135105,Tỷ lệ thêm giỏ/xem cao
fixture-user-5292,5.0,12.0,860.0,33.0,8.0,6.0,3,0.24242424242424243,2430.0,83.0,3,2.7201358279717427,1.0010280153705131,-0.43135310572761704,Doanh thu trung bình cao
fixture-user-5293,18.0,5.0,160.0,15.0,2.0,2.0,1,0.13333333333333333,930.0,33.0,2,-0.416368974045729,0.8413722469868408,-0.5202824835880352,Nhóm hành vi còn lại
fixture-user-5294,73.0,1.0,0.0,6.0,0.0,0.0,0,0.0,60.0,8.0,1,-4.951827114160079,-0.13461517315522942,-0.48185008826089964,Hoạt động gần nhất cách xa
fixture-user-5295,11.0,8.0,0.0,21.0,12.0,3.0,0,0.5714285714285714,1630.0,63.0,0,1.5440020110863266,-1.8916105529499507,-0.2894737393083827,Tỷ lệ thêm giỏ/xem cao
fixture-user-5296,6.0,13.0,880.0,34.0,9.0,6.0,3,0.2647058823529412,2440.0,84.0,3,2.793205514756805,0.9179893295870694,-0.3181395540304275,Doanh thu trung bình cao
fixture-user-5297,19.0,6.0,180.0,16.0,3.0,2.0,1,0.1875,940.0,34.0,2,-0.11506542133983415,0.6524097200437152,-0.47729764843711464,Nhóm hành vi còn lại
fixture-user-5298,74.0,2.0,0.0,7.0,0.0,0.0,0,0.0,70.0,9.0,1,-4.544300503596412,-0.08616879017803282,-0.28512883644029735,Hoạt động gần nhất cách xa
fixture-user-5299,12.0,9.0,0.0,22.0,13.0,3.0,0,0.5909090909090909,1640.0,64.0,0,1.6610803566223118,-1.956635720808595,-0.20216044539729697,Tỷ lệ thêm giỏ/xem cao
fixture-user-5300,7.0,14.0,900.0,35.0,10.0,6.0,3,0.2857142857142857,2450.0,85.0,3,2.865809296514496,0.8413885834551914,-0.21799543117210443,Doanh thu trung bình cao
fixture-user-5301,20.0,7.0,200.0,17.0,4.0,2.0,1,0.23529411764705882,950.0,35.0,2,0.1412081418293925,0.49422871537243757,-0.4309330555436214,Nhóm hành vi còn lại
fixture-user-5302,75.0,3.0,0.0,8.0,0.0,0.0,0,0.0,80.0,10.0,1,-4.226355602128988,-0.04652353682671037,-0.10556235721929748,Hoạt động gần nhất cách xa
fixture-user-5303,13.0,10.0,0.0,23.0,14.0,3.0,0,0.6086956521739131,1650.0,65.0,0,1.769348185040836,-2.015953016612214,-0.1188564273584944,Tỷ lệ thêm giỏ/xem cao
fixture-user-5304,8.0,12.0,920.0,36.0,8.0,6.0,3,0.2222222222222222,2460.0,86.0,3,2.6063737094369293,1.0851522433954928,-0.028162481097520817,Doanh thu trung bình cao
fixture-user-5305,21.0,5.0,220.0,18.0,2.0,2.0,1,0.1111111111111111,960.0,36.0,2,-0.331015161317517,1.017672557566975,-0.18189320559016225,Nhóm hành vi còn lại
fixture-user-5306,76.0,1.0,0.0,9.0,0.0,0.0,0,0.0,90.0,11.0,1,-4.5053809003710175,-0.051404916593935875,0.11674763187868262,Hoạt động gần nhất cách xa
fixture-user-5307,14.0,8.0,0.0,24.0,12.0,3.0,0,0.5,1660.0,66.0,0,1.4649328760198592,-1.6524200575582768,0.10500751195665843,Tỷ lệ thêm giỏ/xem cao
fixture-user-5308,9.0,13.0,940.0,37.0,9.0,6.0,3,0.24324324324324326,2470.0,87.0,3,2.6956818339500837,1.0065237107878025,0.05075676314821963,Doanh thu trung bình cao
fixture-user-5309,22.0,6.0,240.0,19.0,3.0,2.0,1,0.15789473684210525,970.0,37.0,2,-0.045442287582045944,0.842002022281944,-0.14614921568949865,Nhóm hành vi còn lại
fixture-user-5310,77.0,2.0,0.0,10.0,0.0,0.0,0,0.0,100.0,12.0,1,-4.145933218700002,-0.012175282230817307,0.25338192247508057,Hoạt động gần nhất cách xa
fixture-user-5311,15.0,9.0,0.0,25.0,13.0,3.0,0,0.52,1670.0,67.0,0,1.5853970707566725,-1.7197729720568595,0.17473155318197717,Tỷ lệ thêm giỏ/xem cao
fixture-user-5312,10.0,14.0,960.0,38.0,10.0,6.0,3,0.2631578947368421,2480.0,88.0,3,2.7805820478578775,0.9335515526720264,0.12366456013755259,Doanh thu trung bình cao
fixture-user-5313,23.0,7.0,260.0,20.0,4.0,2.0,1,0.2,980.0,38.0,2,0.19806579033115437,0.6934432518431779,-0.10747748554529173,Nhóm hành vi còn lại
fixture-user-5314,78.0,3.0,0.0,11.0,0.0,0.0,0,0.0,110.0,13.0,1,-3.866786492395833,0.020083464757670286,0.3842998554068919,Hoạt động gần nhất cách xa
fixture-user-5315,16.0,10.0,0.0,26.0,14.0,3.0,0,0.5384615384615384,1680.0,68.0,0,1.696701628351615,-1.7818534565886186,0.24216164621576905,Tỷ lệ thêm giỏ/xem cao
fixture-user-5316,11.0,12.0,980.0,39.0,8.0,6.0,3,0.20512820512820512,2490.0,89.0,3,2.539096994000912,1.1608947269527035,0.2849645070861152,Doanh thu trung bình cao
fixture-user-5317,24.0,5.0,280.0,21.0,2.0,2.0,1,0.09523809523809523,990.0,39.0,2,-0.2535021844261599,1.1515543709784555,0.11036450120739257,Nhóm hành vi còn lại
fixture-user-5318,79.0,1.0,0.0,12.0,0.0,0.0,0,0.0,120.0,14.0,1,-4.177806227183311,0.009148059352104415,0.5663777413394052,Hoạt động gần nhất cách xa
fixture-user-5319,17.0,8.0,0.0,27.0,12.0,3.0,0,0.4444444444444444,1690.0,69.0,0,1.4131920056243967,-1.4634770190954087,0.43800042229131814,Tỷ lệ thêm giỏ/xem cao
fixture-user-5320,12.0,13.0,1000.0,40.0,9.0,6.0,3,0.225,2500.0,90.0,3,2.6355970708016336,1.085750837529916,0.34560189762492727,Doanh thu trung bình cao
fixture-user-5321,25.0,6.0,300.0,22.0,3.0,2.0,1,0.13636363636363635,1000.0,40.0,2,0.020448779079346835,0.987424175304437,0.14043401059775606,Nhóm hành vi còn lại
fixture-user-5322,80.0,2.0,0.0,13.0,0.0,0.0,0,0.0,130.0,15.0,1,-3.8452080923989924,0.04332455321405482,0.6691606922603189,Hoạt động gần nhất cách xa
fixture-user-5323,18.0,9.0,0.0,28.0,13.0,3.0,0,0.4642857142857143,1700.0,70.0,0,1.534830031286699,-1.5309960415171668,0.49554732017099296,Tỷ lệ thêm giỏ/xem cao
fixture-user-5324,13.0,14.0,1020.0,41.0,10.0,6.0,3,0.24390243902439024,2510.0,91.0,3,2.7262823845513653,1.0157588009747183,0.4029662204898221,Doanh thu trung bình cao
fixture-user-5325,26.0,7.0,320.0,23.0,4.0,2.0,1,0.17391304347826086,1010.0,41.0,2,0.2541908963254575,0.8477774875328858,0.17321533289513408,Nhóm hành vi còn lại
fixture-user-5326,81.0,3.0,0.0,14.0,0.0,0.0,0,0.0,140.0,16.0,1,-3.58892156885437,0.07130138670265128,0.7711842983243252,Hoạt động gần nhất cách xa
fixture-user-5327,19.0,10.0,0.0,29.0,14.0,3.0,0,0.4827586206896552,1710.0,71.0,0,1.6472575587743377,-1.5937242188893985,0.5517615405408011,Tỷ lệ thêm giỏ/xem cao
fixture-user-5328,14.0,12.0,1040.0,42.0,8.0,6.0,3,0.19047619047619047,2520.0,92.0,3,2.49670495094491,1.2290037398474845,0.5454645736096191,Doanh thu trung bình cao
fixture-user-5329,27.0,5.0,340.0,24.0,2.0,2.0,1,0.08333333333333333,1020.0,42.0,2,-0.18230360796635595,1.2586072038036613,0.3675912090530475,Nhóm hành vi còn lại
fixture-user-5330,82.0,1.0,0.0,15.0,0.0,0.0,0,0.0,150.0,17.0,1,-3.9196432407459767,0.05669108652696236,0.9282979885680404,Hoạt động gần nhất cách xa
fixture-user-5331,20.0,8.0,0.0,30.0,12.0,3.0,0,0.4,1720.0,72.0,0,1.3793488527403,-1.3100407571216666,0.7263442280480706,Tỷ lệ thêm giỏ/xem cao
fixture-user-5332,15.0,13.0,1060.0,43.0,9.0,6.0,3,0.20930232558139536,2530.0,93.0,3,2.5967783052258118,1.1568322528607358,0.5946167775727039,Doanh thu trung bình cao
fixture-user-5333,28.0,6.0,360.0,25.0,3.0,2.0,1,0.12,1030.0,43.0,2,0.08266019726750658,1.1041566022540645,0.39313910571678706,Nhóm hành vi còn lại
fixture-user-5334,83.0,2.0,0.0,16.0,0.0,0.0,0,0.0,160.0,18.0,1,-3.604202552262844,0.08767912367278557,1.0092869375057245,Hoạt động gần nhất cách xa
fixture-user-5335,21.0,9.0,0.0,31.0,13.0,3.0,0,0.41935483870967744,1730.0,73.0,0,1.501059534575714,-1.376636657189004,0.7749808036540073,Tỷ lệ thêm giỏ/xem cao
fixture-user-5336,16.0,14.0,1080.0,44.0,10.0,6.0,3,0.22727272727272727,2540.0,94.0,3,2.690427951437499,1.0894358139626867,0.6418324646043475,Doanh thu trung bình cao
fixture-user-5337,29.0,7.0,380.0,26.0,4.0,2.0,1,0.15384615384615385,1040.0,44.0,2,0.3086623039800275,0.9723028927926293,0.4212803240192725,Nhóm hành vi còn lại
fixture-user-5338,84.0,3.0,0.0,17.0,0.0,0.0,0,0.0,170.0,19.0,1,-3.3629925377313117,0.11286336793280101,1.0921119219662825,Hoạt động gần nhất cách xa
fixture-user-5339,22.0,10.0,0.0,32.0,14.0,3.0,0,0.4375,1740.0,74.0,0,1.6136201785899058,-1.438893929708042,0.822869682767591,Tỷ lệ thêm giỏ/xem cao
fixture-user-5340,2.0,12.0,800.0,30.0,8.0,6.0,3,0.26666666666666666,2400.0,80.0,3,2.949000201807968,0.9104099322153842,-1.040664161835835,Doanh thu trung bình cao
fixture-user-5341,15.0,5.0,100.0,12.0,2.0,2.0,1,0.16666666666666666,900.0,30.0,2,-0.5125113090819994,0.5888915999238798,-0.9213435417374367,Nhóm hành vi còn lại
fixture-user-5342,70.0,1.0,0.0,3.0,0.0,0.0,0,0.0,30.0,5.0,1,-5.653074755432996,-0.26751935962468665,-1.3948414954693151,Hoạt động gần nhất cách xa
fixture-user-5343,8.0,8.0,0.0,18.0,12.0,3.0,0,0.6666666666666666,1600.0,60.0,0,1.667619505045523,-2.2053810991863303,-0.7744155991773559,Tỷ lệ thêm giỏ/xem cao
fixture-user-5344,3.0,13.0,820.0,31.0,9.0,6.0,3,0.2903225806451613,2410.0,81.0,3,2.9722504279555224,0.8202064154922466,-0.8360402617366788,Doanh thu trung bình cao
fixture-user-5345,16.0,6.0,120.0,13.0,3.0,2.0,1,0.23076923076923078,910.0,31.0,2,-0.18823476857859642,0.3875447576114711,-0.8693490403338631,Nhóm hành vi còn lại
fixture-user-5346,71.0,2.0,0.0,4.0,0.0,0.0,0,0.0,40.0,6.0,1,-5.132931592866225,-0.19697308259203808,-1.0600968999130056,Hoạt động gần nhất cách xa
fixture-user-5347,9.0,9.0,0.0,19.0,13.0,3.0,0,0.6842105263157895,1610.0,61.0,0,1.7765266448407788,-2.263702585114586,-0.6595478640554292,Tỷ lệ thêm giỏ/xem cao
fixture-user-5348,4.0,14.0,840.0,32.0,10.0,6.0,3,0.3125,2420.0,82.0,3,3.01229401895736,0.7383363392983261,-0.6738605748864045,Doanh thu trung bình cao
fixture-user-5349,17.0,7.0,140.0,14.0,4.0,2.0,1,0.2857142857142857,920.0,32.0,2,0.08566905022148885,0.22145490054473832,-0.8127372610551373,Nhóm hành vi còn lại
fixture-user-5350,72.0,3.0,0.0,5.0,0.0,0.0,0,0.0,50.0,7.0,1,-4.734049758831314,-0.1415652227069219,-0.7803874603946023,Hoạt động gần nhất cách xa
fixture-user-5351,10.0,10.0,0.0,20.0,14.0,3.0,0,0.7,1620.0,62.0,0,1.8778157374373483,-2.316152393098142,-0.5521462253135105,Tỷ lệ thêm giỏ/xem cao
fixture-user-5352,5.0,12.0,860.0,33.0,8.0,6.0,3,0.24242424242424243,2430.0,83.0,3,2.7201358279717427,1.0010280153705131,-0.43135310572761704,Doanh thu trung bình cao
fixture-user-5353,18.0,5.0,160.0,15.0,2.0,2.0,1,0.13333333333333333,930.0,33.0,2,-0.416368974045729,0.8413722469868408,-0.5202824835880352,Nhóm hành vi còn lại
fixture-user-5354,73.0,1.0,0.0,6.0,0.0,0.0,0,0.0,60.0,8.0,1,-4.951827114160079,-0.13461517315522942,-0.48185008826089964,Hoạt động gần nhất cách xa
fixture-user-5355,11.0,8.0,0.0,21.0,12.0,3.0,0,0.5714285714285714,1630.0,63.0,0,1.5440020110863266,-1.8916105529499507,-0.2894737393083827,Tỷ lệ thêm giỏ/xem cao
fixture-user-5356,6.0,13.0,880.0,34.0,9.0,6.0,3,0.2647058823529412,2440.0,84.0,3,2.793205514756805,0.9179893295870694,-0.3181395540304275,Doanh thu trung bình cao
fixture-user-5357,19.0,6.0,180.0,16.0,3.0,2.0,1,0.1875,940.0,34.0,2,-0.11506542133983415,0.6524097200437152,-0.47729764843711464,Nhóm hành vi còn lại
fixture-user-5358,74.0,2.0,0.0,7.0,0.0,0.0,0,0.0,70.0,9.0,1,-4.544300503596412,-0.08616879017803282,-0.28512883644029735,Hoạt động gần nhất cách xa
fixture-user-5359,12.0,9.0,0.0,22.0,13.0,3.0,0,0.5909090909090909,1640.0,64.0,0,1.6610803566223118,-1.956635720808595,-0.20216044539729697,Tỷ lệ thêm giỏ/xem cao
fixture-user-5360,7.0,14.0,900.0,35.0,10.0,6.0,3,0.2857142857142857,2450.0,85.0,3,2.865809296514496,0.8413885834551914,-0.21799543117210443,Doanh thu trung bình cao
fixture-user-5361,20.0,7.0,200.0,17.0,4.0,2.0,1,0.23529411764705882,950.0,35.0,2,0.1412081418293925,0.49422871537243757,-0.4309330555436214,Nhóm hành vi còn lại
fixture-user-5362,75.0,3.0,0.0,8.0,0.0,0.0,0,0.0,80.0,10.0,1,-4.226355602128988,-0.04652353682671037,-0.10556235721929748,Hoạt động gần nhất cách xa
fixture-user-5363,13.0,10.0,0.0,23.0,14.0,3.0,0,0.6086956521739131,1650.0,65.0,0,1.769348185040836,-2.015953016612214,-0.1188564273584944,Tỷ lệ thêm giỏ/xem cao
fixture-user-5364,8.0,12.0,920.0,36.0,8.0,6.0,3,0.2222222222222222,2460.0,86.0,3,2.6063737094369293,1.0851522433954928,-0.028162481097520817,Doanh thu trung bình cao
fixture-user-5365,21.0,5.0,220.0,18.0,2.0,2.0,1,0.1111111111111111,960.0,36.0,2,-0.331015161317517,1.017672557566975,-0.18189320559016225,Nhóm hành vi còn lại
fixture-user-5366,76.0,1.0,0.0,9.0,0.0,0.0,0,0.0,90.0,11.0,1,-4.5053809003710175,-0.051404916593935875,0.11674763187868262,Hoạt động gần nhất cách xa
fixture-user-5367,14.0,8.0,0.0,24.0,12.0,3.0,0,0.5,1660.0,66.0,0,1.4649328760198592,-1.6524200575582768,0.10500751195665843,Tỷ lệ thêm giỏ/xem cao
fixture-user-5368,9.0,13.0,940.0,37.0,9.0,6.0,3,0.24324324324324326,2470.0,87.0,3,2.6956818339500837,1.0065237107878025,0.05075676314821963,Doanh thu trung bình cao
fixture-user-5369,22.0,6.0,240.0,19.0,3.0,2.0,1,0.15789473684210525,970.0,37.0,2,-0.045442287582045944,0.842002022281944,-0.14614921568949865,Nhóm hành vi còn lại
fixture-user-5370,77.0,2.0,0.0,10.0,0.0,0.0,0,0.0,100.0,12.0,1,-4.145933218700002,-0.012175282230817307,0.25338192247508057,Hoạt động gần nhất cách xa
fixture-user-5371,15.0,9.0,0.0,25.0,13.0,3.0,0,0.52,1670.0,67.0,0,1.5853970707566725,-1.7197729720568595,0.17473155318197717,Tỷ lệ thêm giỏ/xem cao
fixture-user-5372,10.0,14.0,960.0,38.0,10.0,6.0,3,0.2631578947368421,2480.0,88.0,3,2.7805820478578775,0.9335515526720264,0.12366456013755259,Doanh thu trung bình cao
fixture-user-5373,23.0,7.0,260.0,20.0,4.0,2.0,1,0.2,980.0,38.0,2,0.19806579033115437,0.6934432518431779,-0.10747748554529173,Nhóm hành vi còn lại
fixture-user-5374,78.0,3.0,0.0,11.0,0.0,0.0,0,0.0,110.0,13.0,1,-3.866786492395833,0.020083464757670286,0.3842998554068919,Hoạt động gần nhất cách xa
fixture-user-5375,16.0,10.0,0.0,26.0,14.0,3.0,0,0.5384615384615384,1680.0,68.0,0,1.696701628351615,-1.7818534565886186,0.24216164621576905,Tỷ lệ thêm giỏ/xem cao
fixture-user-5376,11.0,12.0,980.0,39.0,8.0,6.0,3,0.20512820512820512,2490.0,89.0,3,2.539096994000912,1.1608947269527035,0.2849645070861152,Doanh thu trung bình cao
fixture-user-5377,24.0,5.0,280.0,21.0,2.0,2.0,1,0.09523809523809523,990.0,39.0,2,-0.2535021844261599,1.1515543709784555,0.11036450120739257,Nhóm hành vi còn lại
fixture-user-5378,79.0,1.0,0.0,12.0,0.0,0.0,0,0.0,120.0,14.0,1,-4.177806227183311,0.009148059352104415,0.5663777413394052,Hoạt động gần nhất cách xa
fixture-user-5379,17.0,8.0,0.0,27.0,12.0,3.0,0,0.4444444444444444,1690.0,69.0,0,1.4131920056243967,-1.4634770190954087,0.43800042229131814,Tỷ lệ thêm giỏ/xem cao
fixture-user-5380,12.0,13.0,1000.0,40.0,9.0,6.0,3,0.225,2500.0,90.0,3,2.6355970708016336,1.085750837529916,0.34560189762492727,Doanh thu trung bình cao
fixture-user-5381,25.0,6.0,300.0,22.0,3.0,2.0,1,0.13636363636363635,1000.0,40.0,2,0.020448779079346835,0.987424175304437,0.14043401059775606,Nhóm hành vi còn lại
fixture-user-5382,80.0,2.0,0.0,13.0,0.0,0.0,0,0.0,130.0,15.0,1,-3.8452080923989924,0.04332455321405482,0.6691606922603189,Hoạt động gần nhất cách xa
fixture-user-5383,18.0,9.0,0.0,28.0,13.0,3.0,0,0.4642857142857143,1700.0,70.0,0,1.534830031286699,-1.5309960415171668,0.49554732017099296,Tỷ lệ thêm giỏ/xem cao
fixture-user-5384,13.0,14.0,1020.0,41.0,10.0,6.0,3,0.24390243902439024,2510.0,91.0,3,2.7262823845513653,1.0157588009747183,0.4029662204898221,Doanh thu trung bình cao
fixture-user-5385,26.0,7.0,320.0,23.0,4.0,2.0,1,0.17391304347826086,1010.0,41.0,2,0.2541908963254575,0.8477774875328858,0.17321533289513408,Nhóm hành vi còn lại
fixture-user-5386,81.0,3.0,0.0,14.0,0.0,0.0,0,0.0,140.0,16.0,1,-3.58892156885437,0.07130138670265128,0.7711842983243252,Hoạt động gần nhất cách xa
fixture-user-5387,19.0,10.0,0.0,29.0,14.0,3.0,0,0.4827586206896552,1710.0,71.0,0,1.6472575587743377,-1.5937242188893985,0.5517615405408011,Tỷ lệ thêm giỏ/xem cao
fixture-user-5388,14.0,12.0,1040.0,42.0,8.0,6.0,3,0.19047619047619047,2520.0,92.0,3,2.49670495094491,1.2290037398474845,0.5454645736096191,Doanh thu trung bình cao
fixture-user-5389,27.0,5.0,340.0,24.0,2.0,2.0,1,0.08333333333333333,1020.0,42.0,2,-0.18230360796635595,1.2586072038036613,0.3675912090530475,Nhóm hành vi còn lại
fixture-user-5390,82.0,1.0,0.0,15.0,0.0,0.0,0,0.0,150.0,17.0,1,-3.9196432407459767,0.05669108652696236,0.9282979885680404,Hoạt động gần nhất cách xa
fixture-user-5391,20.0,8.0,0.0,30.0,12.0,3.0,0,0.4,1720.0,72.0,0,1.3793488527403,-1.3100407571216666,0.7263442280480706,Tỷ lệ thêm giỏ/xem cao
fixture-user-5392,15.0,13.0,1060.0,43.0,9.0,6.0,3,0.20930232558139536,2530.0,93.0,3,2.5967783052258118,1.1568322528607358,0.5946167775727039,Doanh thu trung bình cao
fixture-user-5393,28.0,6.0,360.0,25.0,3.0,2.0,1,0.12,1030.0,43.0,2,0.08266019726750658,1.1041566022540645,0.39313910571678706,Nhóm hành vi còn lại
fixture-user-5394,83.0,2.0,0.0,16.0,0.0,0.0,0,0.0,160.0,18.0,1,-3.604202552262844,0.08767912367278557,1.0092869375057245,Hoạt động gần nhất cách xa
fixture-user-5395,21.0,9.0,0.0,31.0,13.0,3.0,0,0.41935483870967744,1730.0,73.0,0,1.501059534575714,-1.376636657189004,0.7749808036540073,Tỷ lệ thêm giỏ/xem cao
fixture-user-5396,16.0,14.0,1080.0,44.0,10.0,6.0,3,0.22727272727272727,2540.0,94.0,3,2.690427951437499,1.0894358139626867,0.6418324646043475,Doanh thu trung bình cao
fixture-user-5397,29.0,7.0,380.0,26.0,4.0,2.0,1,0.15384615384615385,1040.0,44.0,2,0.3086623039800275,0.9723028927926293,0.4212803240192725,Nhóm hành vi còn lại
fixture-user-5398,84.0,3.0,0.0,17.0,0.0,0.0,0,0.0,170.0,19.0,1,-3.3629925377313117,0.11286336793280101,1.0921119219662825,Hoạt động gần nhất cách xa
fixture-user-5399,22.0,10.0,0.0,32.0,14.0,3.0,0,0.4375,1740.0,74.0,0,1.6136201785899058,-1.438893929708042,0.822869682767591,Tỷ lệ thêm giỏ/xem cao
fixture-user-5400,2.0,12.0,800.0,30.0,8.0,6.0,3,0.26666666666666666,2400.0,80.0,3,2.949000201807968,0.9104099322153842,-1.040664161835835,Doanh thu trung bình cao
fixture-user-5401,15.0,5.0,100.0,12.0,2.0,2.0,1,0.16666666666666666,900.0,30.0,2,-0.5125113090819994,0.5888915999238798,-0.9213435417374367,Nhóm hành vi còn lại
fixture-user-5402,70.0,1.0,0.0,3.0,0.0,0.0,0,0.0,30.0,5.0,1,-5.653074755432996,-0.26751935962468665,-1.3948414954693151,Hoạt động gần nhất cách xa
fixture-user-5403,8.0,8.0,0.0,18.0,12.0,3.0,0,0.6666666666666666,1600.0,60.0,0,1.667619505045523,-2.2053810991863303,-0.7744155991773559,Tỷ lệ thêm giỏ/xem cao
fixture-user-5404,3.0,13.0,820.0,31.0,9.0,6.0,3,0.2903225806451613,2410.0,81.0,3,2.9722504279555224,0.8202064154922466,-0.8360402617366788,Doanh thu trung bình cao
fixture-user-5405,16.0,6.0,120.0,13.0,3.0,2.0,1,0.23076923076923078,910.0,31.0,2,-0.18823476857859642,0.3875447576114711,-0.8693490403338631,Nhóm hành vi còn lại
fixture-user-5406,71.0,2.0,0.0,4.0,0.0,0.0,0,0.0,40.0,6.0,1,-5.132931592866225,-0.19697308259203808,-1.0600968999130056,Hoạt động gần nhất cách xa
fixture-user-5407,9.0,9.0,0.0,19.0,13.0,3.0,0,0.6842105263157895,1610.0,61.0,0,1.7765266448407788,-2.263702585114586,-0.6595478640554292,Tỷ lệ thêm giỏ/xem cao
fixture-user-5408,4.0,14.0,840.0,32.0,10.0,6.0,3,0.3125,2420.0,82.0,3,3.01229401895736,0.7383363392983261,-0.6738605748864045,Doanh thu trung bình cao
fixture-user-5409,17.0,7.0,140.0,14.0,4.0,2.0,1,0.2857142857142857,920.0,32.0,2,0.08566905022148885,0.22145490054473832,-0.8127372610551373,Nhóm hành vi còn lại
fixture-user-5410,72.0,3.0,0.0,5.0,0.0,0.0,0,0.0,50.0,7.0,1,-4.734049758831314,-0.1415652227069219,-0.7803874603946023,Hoạt động gần nhất cách xa
fixture-user-5411,10.0,10.0,0.0,20.0,14.0,3.0,0,0.7,1620.0,62.0,0,1.8778157374373483,-2.316152393098142,-0.5521462253135105,Tỷ lệ thêm giỏ/xem cao
fixture-user-5412,5.0,12.0,860.0,33.0,8.0,6.0,3,0.24242424242424243,2430.0,83.0,3,2.7201358279717427,1.0010280153705131,-0.43135310572761704,Doanh thu trung bình cao
fixture-user-5413,18.0,5.0,160.0,15.0,2.0,2.0,1,0.13333333333333333,930.0,33.0,2,-0.416368974045729,0.8413722469868408,-0.5202824835880352,Nhóm hành vi còn lại
fixture-user-5414,73.0,1.0,0.0,6.0,0.0,0.0,0,0.0,60.0,8.0,1,-4.951827114160079,-0.13461517315522942,-0.48185008826089964,Hoạt động gần nhất cách xa
fixture-user-5415,11.0,8.0,0.0,21.0,12.0,3.0,0,0.5714285714285714,1630.0,63.0,0,1.5440020110863266,-1.8916105529499507,-0.2894737393083827,Tỷ lệ thêm giỏ/xem cao
fixture-user-5416,6.0,13.0,880.0,34.0,9.0,6.0,3,0.2647058823529412,2440.0,84.0,3,2.793205514756805,0.9179893295870694,-0.3181395540304275,Doanh thu trung bình cao
fixture-user-5417,19.0,6.0,180.0,16.0,3.0,2.0,1,0.1875,940.0,34.0,2,-0.11506542133983415,0.6524097200437152,-0.47729764843711464,Nhóm hành vi còn lại
fixture-user-5418,74.0,2.0,0.0,7.0,0.0,0.0,0,0.0,70.0,9.0,1,-4.544300503596412,-0.08616879017803282,-0.28512883644029735,Hoạt động gần nhất cách xa
fixture-user-5419,12.0,9.0,0.0,22.0,13.0,3.0,0,0.5909090909090909,1640.0,64.0,0,1.6610803566223118,-1.956635720808595,-0.20216044539729697,Tỷ lệ thêm giỏ/xem cao
fixture-user-5420,7.0,14.0,900.0,35.0,10.0,6.0,3,0.2857142857142857,2450.0,85.0,3,2.865809296514496,0.8413885834551914,-0.21799543117210443,Doanh thu trung bình cao
fixture-user-5421,20.0,7.0,200.0,17.0,4.0,2.0,1,0.23529411764705882,950.0,35.0,2,0.1412081418293925,0.49422871537243757,-0.4309330555436214,Nhóm hành vi còn lại
fixture-user-5422,75.0,3.0,0.0,8.0,0.0,0.0,0,0.0,80.0,10.0,1,-4.226355602128988,-0.04652353682671037,-0.10556235721929748,Hoạt động gần nhất cách xa
fixture-user-5423,13.0,10.0,0.0,23.0,14.0,3.0,0,0.6086956521739131,1650.0,65.0,0,1.769348185040836,-2.015953016612214,-0.1188564273584944,Tỷ lệ thêm giỏ/xem cao
fixture-user-5424,8.0,12.0,920.0,36.0,8.0,6.0,3,0.2222222222222222,2460.0,86.0,3,2.6063737094369293,1.0851522433954928,-0.028162481097520817,Doanh thu trung bình cao
fixture-user-5425,21.0,5.0,220.0,18.0,2.0,2.0,1,0.1111111111111111,960.0,36.0,2,-0.331015161317517,1.017672557566975,-0.18189320559016225,Nhóm hành vi còn lại
fixture-user-5426,76.0,1.0,0.0,9.0,0.0,0.0,0,0.0,90.0,11.0,1,-4.5053809003710175,-0.051404916593935875,0.11674763187868262,Hoạt động gần nhất cách xa
fixture-user-5427,14.0,8.0,0.0,24.0,12.0,3.0,0,0.5,1660.0,66.0,0,1.4649328760198592,-1.6524200575582768,0.10500751195665843,Tỷ lệ thêm giỏ/xem cao
fixture-user-5428,9.0,13.0,940.0,37.0,9.0,6.0,3,0.24324324324324326,2470.0,87.0,3,2.6956818339500837,1.0065237107878025,0.05075676314821963,Doanh thu trung bình cao
fixture-user-5429,22.0,6.0,240.0,19.0,3.0,2.0,1,0.15789473684210525,970.0,37.0,2,-0.045442287582045944,0.842002022281944,-0.14614921568949865,Nhóm hành vi còn lại
fixture-user-5430,77.0,2.0,0.0,10.0,0.0,0.0,0,0.0,100.0,12.0,1,-4.145933218700002,-0.012175282230817307,0.25338192247508057,Hoạt động gần nhất cách xa
fixture-user-5431,15.0,9.0,0.0,25.0,13.0,3.0,0,0.52,1670.0,67.0,0,1.5853970707566725,-1.7197729720568595,0.17473155318197717,Tỷ lệ thêm giỏ/xem cao
fixture-user-5432,10.0,14.0,960.0,38.0,10.0,6.0,3,0.2631578947368421,2480.0,88.0,3,2.7805820478578775,0.9335515526720264,0.12366456013755259,Doanh thu trung bình cao
fixture-user-5433,23.0,7.0,260.0,20.0,4.0,2.0,1,0.2,980.0,38.0,2,0.19806579033115437,0.6934432518431779,-0.10747748554529173,Nhóm hành vi còn lại
fixture-user-5434,78.0,3.0,0.0,11.0,0.0,0.0,0,0.0,110.0,13.0,1,-3.866786492395833,0.020083464757670286,0.3842998554068919,Hoạt động gần nhất cách xa
fixture-user-5435,16.0,10.0,0.0,26.0,14.0,3.0,0,0.5384615384615384,1680.0,68.0,0,1.696701628351615,-1.7818534565886186,0.24216164621576905,Tỷ lệ thêm giỏ/xem cao
fixture-user-5436,11.0,12.0,980.0,39.0,8.0,6.0,3,0.20512820512820512,2490.0,89.0,3,2.539096994000912,1.1608947269527035,0.2849645070861152,Doanh thu trung bình cao
fixture-user-5437,24.0,5.0,280.0,21.0,2.0,2.0,1,0.09523809523809523,990.0,39.0,2,-0.2535021844261599,1.1515543709784555,0.11036450120739257,Nhóm hành vi còn lại
fixture-user-5438,79.0,1.0,0.0,12.0,0.0,0.0,0,0.0,120.0,14.0,1,-4.177806227183311,0.009148059352104415,0.5663777413394052,Hoạt động gần nhất cách xa
fixture-user-5439,17.0,8.0,0.0,27.0,12.0,3.0,0,0.4444444444444444,1690.0,69.0,0,1.4131920056243967,-1.4634770190954087,0.43800042229131814,Tỷ lệ thêm giỏ/xem cao
fixture-user-5440,12.0,13.0,1000.0,40.0,9.0,6.0,3,0.225,2500.0,90.0,3,2.6355970708016336,1.085750837529916,0.34560189762492727,Doanh thu trung bình cao
fixture-user-5441,25.0,6.0,300.0,22.0,3.0,2.0,1,0.13636363636363635,1000.0,40.0,2,0.020448779079346835,0.987424175304437,0.14043401059775606,Nhóm hành vi còn lại
fixture-user-5442,80.0,2.0,0.0,13.0,0.0,0.0,0,0.0,130.0,15.0,1,-3.8452080923989924,0.04332455321405482,0.6691606922603189,Hoạt động gần nhất cách xa
fixture-user-5443,18.0,9.0,0.0,28.0,13.0,3.0,0,0.4642857142857143,1700.0,70.0,0,1.534830031286699,-1.5309960415171668,0.49554732017099296,Tỷ lệ thêm giỏ/xem cao
fixture-user-5444,13.0,14.0,1020.0,41.0,10.0,6.0,3,0.24390243902439024,2510.0,91.0,3,2.7262823845513653,1.0157588009747183,0.4029662204898221,Doanh thu trung bình cao
fixture-user-5445,26.0,7.0,320.0,23.0,4.0,2.0,1,0.17391304347826086,1010.0,41.0,2,0.2541908963254575,0.8477774875328858,0.17321533289513408,Nhóm hành vi còn lại
fixture-user-5446,81.0,3.0,0.0,14.0,0.0,0.0,0,0.0,140.0,16.0,1,-3.58892156885437,0.07130138670265128,0.7711842983243252,Hoạt động gần nhất cách xa
fixture-user-5447,19.0,10.0,0.0,29.0,14.0,3.0,0,0.4827586206896552,1710.0,71.0,0,1.6472575587743377,-1.5937242188893985,0.5517615405408011,Tỷ lệ thêm giỏ/xem cao
fixture-user-5448,14.0,12.0,1040.0,42.0,8.0,6.0,3,0.19047619047619047,2520.0,92.0,3,2.49670495094491,1.2290037398474845,0.5454645736096191,Doanh thu trung bình cao
fixture-user-5449,27.0,5.0,340.0,24.0,2.0,2.0,1,0.08333333333333333,1020.0,42.0,2,-0.18230360796635595,1.2586072038036613,0.3675912090530475,Nhóm hành vi còn lại
fixture-user-5450,82.0,1.0,0.0,15.0,0.0,0.0,0,0.0,150.0,17.0,1,-3.9196432407459767,0.05669108652696236,0.9282979885680404,Hoạt động gần nhất cách xa
fixture-user-5451,20.0,8.0,0.0,30.0,12.0,3.0,0,0.4,1720.0,72.0,0,1.3793488527403,-1.3100407571216666,0.7263442280480706,Tỷ lệ thêm giỏ/xem cao
fixture-user-5452,15.0,13.0,1060.0,43.0,9.0,6.0,3,0.20930232558139536,2530.0,93.0,3,2.5967783052258118,1.1568322528607358,0.5946167775727039,Doanh thu trung bình cao
fixture-user-5453,28.0,6.0,360.0,25.0,3.0,2.0,1,0.12,1030.0,43.0,2,0.08266019726750658,1.1041566022540645,0.39313910571678706,Nhóm hành vi còn lại
fixture-user-5454,83.0,2.0,0.0,16.0,0.0,0.0,0,0.0,160.0,18.0,1,-3.604202552262844,0.08767912367278557,1.0092869375057245,Hoạt động gần nhất cách xa
fixture-user-5455,21.0,9.0,0.0,31.0,13.0,3.0,0,0.41935483870967744,1730.0,73.0,0,1.501059534575714,-1.376636657189004,0.7749808036540073,Tỷ lệ thêm giỏ/xem cao
fixture-user-5456,16.0,14.0,1080.0,44.0,10.0,6.0,3,0.22727272727272727,2540.0,94.0,3,2.690427951437499,1.0894358139626867,0.6418324646043475,Doanh thu trung bình cao
fixture-user-5457,29.0,7.0,380.0,26.0,4.0,2.0,1,0.15384615384615385,1040.0,44.0,2,0.3086623039800275,0.9723028927926293,0.4212803240192725,Nhóm hành vi còn lại
fixture-user-5458,84.0,3.0,0.0,17.0,0.0,0.0,0,0.0,170.0,19.0,1,-3.3629925377313117,0.11286336793280101,1.0921119219662825,Hoạt động gần nhất cách xa
fixture-user-5459,22.0,10.0,0.0,32.0,14.0,3.0,0,0.4375,1740.0,74.0,0,1.6136201785899058,-1.438893929708042,0.822869682767591,Tỷ lệ thêm giỏ/xem cao
fixture-user-5460,2.0,12.0,800.0,30.0,8.0,6.0,3,0.26666666666666666,2400.0,80.0,3,2.949000201807968,0.9104099322153842,-1.040664161835835,Doanh thu trung bình cao
fixture-user-5461,15.0,5.0,100.0,12.0,2.0,2.0,1,0.16666666666666666,900.0,30.0,2,-0.5125113090819994,0.5888915999238798,-0.9213435417374367,Nhóm hành vi còn lại
fixture-user-5462,70.0,1.0,0.0,3.0,0.0,0.0,0,0.0,30.0,5.0,1,-5.653074755432996,-0.26751935962468665,-1.3948414954693151,Hoạt động gần nhất cách xa
fixture-user-5463,8.0,8.0,0.0,18.0,12.0,3.0,0,0.6666666666666666,1600.0,60.0,0,1.667619505045523,-2.2053810991863303,-0.7744155991773559,Tỷ lệ thêm giỏ/xem cao
fixture-user-5464,3.0,13.0,820.0,31.0,9.0,6.0,3,0.2903225806451613,2410.0,81.0,3,2.9722504279555224,0.8202064154922466,-0.8360402617366788,Doanh thu trung bình cao
fixture-user-5465,16.0,6.0,120.0,13.0,3.0,2.0,1,0.23076923076923078,910.0,31.0,2,-0.18823476857859642,0.3875447576114711,-0.8693490403338631,Nhóm hành vi còn lại
fixture-user-5466,71.0,2.0,0.0,4.0,0.0,0.0,0,0.0,40.0,6.0,1,-5.132931592866225,-0.19697308259203808,-1.0600968999130056,Hoạt động gần nhất cách xa
fixture-user-5467,9.0,9.0,0.0,19.0,13.0,3.0,0,0.6842105263157895,1610.0,61.0,0,1.7765266448407788,-2.263702585114586,-0.6595478640554292,Tỷ lệ thêm giỏ/xem cao
fixture-user-5468,4.0,14.0,840.0,32.0,10.0,6.0,3,0.3125,2420.0,82.0,3,3.01229401895736,0.7383363392983261,-0.6738605748864045,Doanh thu trung bình cao
fixture-user-5469,17.0,7.0,140.0,14.0,4.0,2.0,1,0.2857142857142857,920.0,32.0,2,0.08566905022148885,0.22145490054473832,-0.8127372610551373,Nhóm hành vi còn lại
fixture-user-5470,72.0,3.0,0.0,5.0,0.0,0.0,0,0.0,50.0,7.0,1,-4.734049758831314,-0.1415652227069219,-0.7803874603946023,Hoạt động gần nhất cách xa
fixture-user-5471,10.0,10.0,0.0,20.0,14.0,3.0,0,0.7,1620.0,62.0,0,1.8778157374373483,-2.316152393098142,-0.5521462253135105,Tỷ lệ thêm giỏ/xem cao
fixture-user-5472,5.0,12.0,860.0,33.0,8.0,6.0,3,0.24242424242424243,2430.0,83.0,3,2.7201358279717427,1.0010280153705131,-0.43135310572761704,Doanh thu trung bình cao
fixture-user-5473,18.0,5.0,160.0,15.0,2.0,2.0,1,0.13333333333333333,930.0,33.0,2,-0.416368974045729,0.8413722469868408,-0.5202824835880352,Nhóm hành vi còn lại
fixture-user-5474,73.0,1.0,0.0,6.0,0.0,0.0,0,0.0,60.0,8.0,1,-4.951827114160079,-0.13461517315522942,-0.48185008826089964,Hoạt động gần nhất cách xa
fixture-user-5475,11.0,8.0,0.0,21.0,12.0,3.0,0,0.5714285714285714,1630.0,63.0,0,1.5440020110863266,-1.8916105529499507,-0.2894737393083827,Tỷ lệ thêm giỏ/xem cao
fixture-user-5476,6.0,13.0,880.0,34.0,9.0,6.0,3,0.2647058823529412,2440.0,84.0,3,2.793205514756805,0.9179893295870694,-0.3181395540304275,Doanh thu trung bình cao
fixture-user-5477,19.0,6.0,180.0,16.0,3.0,2.0,1,0.1875,940.0,34.0,2,-0.11506542133983415,0.6524097200437152,-0.47729764843711464,Nhóm hành vi còn lại
fixture-user-5478,74.0,2.0,0.0,7.0,0.0,0.0,0,0.0,70.0,9.0,1,-4.544300503596412,-0.08616879017803282,-0.28512883644029735,Hoạt động gần nhất cách xa
fixture-user-5479,12.0,9.0,0.0,22.0,13.0,3.0,0,0.5909090909090909,1640.0,64.0,0,1.6610803566223118,-1.956635720808595,-0.20216044539729697,Tỷ lệ thêm giỏ/xem cao
fixture-user-5480,7.0,14.0,900.0,35.0,10.0,6.0,3,0.2857142857142857,2450.0,85.0,3,2.865809296514496,0.8413885834551914,-0.21799543117210443,Doanh thu trung bình cao
fixture-user-5481,20.0,7.0,200.0,17.0,4.0,2.0,1,0.23529411764705882,950.0,35.0,2,0.1412081418293925,0.49422871537243757,-0.4309330555436214,Nhóm hành vi còn lại
fixture-user-5482,75.0,3.0,0.0,8.0,0.0,0.0,0,0.0,80.0,10.0,1,-4.226355602128988,-0.04652353682671037,-0.10556235721929748,Hoạt động gần nhất cách xa
fixture-user-5483,13.0,10.0,0.0,23.0,14.0,3.0,0,0.6086956521739131,1650.0,65.0,0,1.769348185040836,-2.015953016612214,-0.1188564273584944,Tỷ lệ thêm giỏ/xem cao
fixture-user-5484,8.0,12.0,920.0,36.0,8.0,6.0,3,0.2222222222222222,2460.0,86.0,3,2.6063737094369293,1.0851522433954928,-0.028162481097520817,Doanh thu trung bình cao
fixture-user-5485,21.0,5.0,220.0,18.0,2.0,2.0,1,0.1111111111111111,960.0,36.0,2,-0.331015161317517,1.017672557566975,-0.18189320559016225,Nhóm hành vi còn lại
fixture-user-5486,76.0,1.0,0.0,9.0,0.0,0.0,0,0.0,90.0,11.0,1,-4.5053809003710175,-0.051404916593935875,0.11674763187868262,Hoạt động gần nhất cách xa
fixture-user-5487,14.0,8.0,0.0,24.0,12.0,3.0,0,0.5,1660.0,66.0,0,1.4649328760198592,-1.6524200575582768,0.10500751195665843,Tỷ lệ thêm giỏ/xem cao
fixture-user-5488,9.0,13.0,940.0,37.0,9.0,6.0,3,0.24324324324324326,2470.0,87.0,3,2.6956818339500837,1.0065237107878025,0.05075676314821963,Doanh thu trung bình cao
fixture-user-5489,22.0,6.0,240.0,19.0,3.0,2.0,1,0.15789473684210525,970.0,37.0,2,-0.045442287582045944,0.842002022281944,-0.14614921568949865,Nhóm hành vi còn lại
fixture-user-5490,77.0,2.0,0.0,10.0,0.0,0.0,0,0.0,100.0,12.0,1,-4.145933218700002,-0.012175282230817307,0.25338192247508057,Hoạt động gần nhất cách xa
fixture-user-5491,15.0,9.0,0.0,25.0,13.0,3.0,0,0.52,1670.0,67.0,0,1.5853970707566725,-1.7197729720568595,0.17473155318197717,Tỷ lệ thêm giỏ/xem cao
fixture-user-5492,10.0,14.0,960.0,38.0,10.0,6.0,3,0.2631578947368421,2480.0,88.0,3,2.7805820478578775,0.9335515526720264,0.12366456013755259,Doanh thu trung bình cao
fixture-user-5493,23.0,7.0,260.0,20.0,4.0,2.0,1,0.2,980.0,38.0,2,0.19806579033115437,0.6934432518431779,-0.10747748554529173,Nhóm hành vi còn lại
fixture-user-5494,78.0,3.0,0.0,11.0,0.0,0.0,0,0.0,110.0,13.0,1,-3.866786492395833,0.020083464757670286,0.3842998554068919,Hoạt động gần nhất cách xa
fixture-user-5495,16.0,10.0,0.0,26.0,14.0,3.0,0,0.5384615384615384,1680.0,68.0,0,1.696701628351615,-1.7818534565886186,0.24216164621576905,Tỷ lệ thêm giỏ/xem cao
fixture-user-5496,11.0,12.0,980.0,39.0,8.0,6.0,3,0.20512820512820512,2490.0,89.0,3,2.539096994000912,1.1608947269527035,0.2849645070861152,Doanh thu trung bình cao
fixture-user-5497,24.0,5.0,280.0,21.0,2.0,2.0,1,0.09523809523809523,990.0,39.0,2,-0.2535021844261599,1.1515543709784555,0.11036450120739257,Nhóm hành vi còn lại
fixture-user-5498,79.0,1.0,0.0,12.0,0.0,0.0,0,0.0,120.0,14.0,1,-4.177806227183311,0.009148059352104415,0.5663777413394052,Hoạt động gần nhất cách xa
fixture-user-5499,17.0,8.0,0.0,27.0,12.0,3.0,0,0.4444444444444444,1690.0,69.0,0,1.4131920056243967,-1.4634770190954087,0.43800042229131814,Tỷ lệ thêm giỏ/xem cao
fixture-user-5500,12.0,13.0,1000.0,40.0,9.0,6.0,3,0.225,2500.0,90.0,3,2.6355970708016336,1.085750837529916,0.34560189762492727,Doanh thu trung bình cao
fixture-user-5501,25.0,6.0,300.0,22.0,3.0,2.0,1,0.13636363636363635,1000.0,40.0,2,0.020448779079346835,0.987424175304437,0.14043401059775606,Nhóm hành vi còn lại
fixture-user-5502,80.0,2.0,0.0,13.0,0.0,0.0,0,0.0,130.0,15.0,1,-3.8452080923989924,0.04332455321405482,0.6691606922603189,Hoạt động gần nhất cách xa
fixture-user-5503,18.0,9.0,0.0,28.0,13.0,3.0,0,0.4642857142857143,1700.0,70.0,0,1.534830031286699,-1.5309960415171668,0.49554732017099296,Tỷ lệ thêm giỏ/xem cao
fixture-user-5504,13.0,14.0,1020.0,41.0,10.0,6.0,3,0.24390243902439024,2510.0,91.0,3,2.7262823845513653,1.0157588009747183,0.4029662204898221,Doanh thu trung bình cao
fixture-user-5505,26.0,7.0,320.0,23.0,4.0,2.0,1,0.17391304347826086,1010.0,41.0,2,0.2541908963254575,0.8477774875328858,0.17321533289513408,Nhóm hành vi còn lại
fixture-user-5506,81.0,3.0,0.0,14.0,0.0,0.0,0,0.0,140.0,16.0,1,-3.58892156885437,0.07130138670265128,0.7711842983243252,Hoạt động gần nhất cách xa
fixture-user-5507,19.0,10.0,0.0,29.0,14.0,3.0,0,0.4827586206896552,1710.0,71.0,0,1.6472575587743377,-1.5937242188893985,0.5517615405408011,Tỷ lệ thêm giỏ/xem cao
fixture-user-5508,14.0,12.0,1040.0,42.0,8.0,6.0,3,0.19047619047619047,2520.0,92.0,3,2.49670495094491,1.2290037398474845,0.5454645736096191,Doanh thu trung bình cao
fixture-user-5509,27.0,5.0,340.0,24.0,2.0,2.0,1,0.08333333333333333,1020.0,42.0,2,-0.18230360796635595,1.2586072038036613,0.3675912090530475,Nhóm hành vi còn lại
fixture-user-5510,82.0,1.0,0.0,15.0,0.0,0.0,0,0.0,150.0,17.0,1,-3.9196432407459767,0.05669108652696236,0.9282979885680404,Hoạt động gần nhất cách xa
fixture-user-5511,20.0,8.0,0.0,30.0,12.0,3.0,0,0.4,1720.0,72.0,0,1.3793488527403,-1.3100407571216666,0.7263442280480706,Tỷ lệ thêm giỏ/xem cao
fixture-user-5512,15.0,13.0,1060.0,43.0,9.0,6.0,3,0.20930232558139536,2530.0,93.0,3,2.5967783052258118,1.1568322528607358,0.5946167775727039,Doanh thu trung bình cao
fixture-user-5513,28.0,6.0,360.0,25.0,3.0,2.0,1,0.12,1030.0,43.0,2,0.08266019726750658,1.1041566022540645,0.39313910571678706,Nhóm hành vi còn lại
fixture-user-5514,83.0,2.0,0.0,16.0,0.0,0.0,0,0.0,160.0,18.0,1,-3.604202552262844,0.08767912367278557,1.0092869375057245,Hoạt động gần nhất cách xa
fixture-user-5515,21.0,9.0,0.0,31.0,13.0,3.0,0,0.41935483870967744,1730.0,73.0,0,1.501059534575714,-1.376636657189004,0.7749808036540073,Tỷ lệ thêm giỏ/xem cao
fixture-user-5516,16.0,14.0,1080.0,44.0,10.0,6.0,3,0.22727272727272727,2540.0,94.0,3,2.690427951437499,1.0894358139626867,0.6418324646043475,Doanh thu trung bình cao
fixture-user-5517,29.0,7.0,380.0,26.0,4.0,2.0,1,0.15384615384615385,1040.0,44.0,2,0.3086623039800275,0.9723028927926293,0.4212803240192725,Nhóm hành vi còn lại
fixture-user-5518,84.0,3.0,0.0,17.0,0.0,0.0,0,0.0,170.0,19.0,1,-3.3629925377313117,0.11286336793280101,1.0921119219662825,Hoạt động gần nhất cách xa
fixture-user-5519,22.0,10.0,0.0,32.0,14.0,3.0,0,0.4375,1740.0,74.0,0,1.6136201785899058,-1.438893929708042,0.822869682767591,Tỷ lệ thêm giỏ/xem cao
fixture-user-5520,2.0,12.0,800.0,30.0,8.0,6.0,3,0.26666666666666666,2400.0,80.0,3,2.949000201807968,0.9104099322153842,-1.040664161835835,Doanh thu trung bình cao
fixture-user-5521,15.0,5.0,100.0,12.0,2.0,2.0,1,0.16666666666666666,900.0,30.0,2,-0.5125113090819994,0.5888915999238798,-0.9213435417374367,Nhóm hành vi còn lại
fixture-user-5522,70.0,1.0,0.0,3.0,0.0,0.0,0,0.0,30.0,5.0,1,-5.653074755432996,-0.26751935962468665,-1.3948414954693151,Hoạt động gần nhất cách xa
fixture-user-5523,8.0,8.0,0.0,18.0,12.0,3.0,0,0.6666666666666666,1600.0,60.0,0,1.667619505045523,-2.2053810991863303,-0.7744155991773559,Tỷ lệ thêm giỏ/xem cao
fixture-user-5524,3.0,13.0,820.0,31.0,9.0,6.0,3,0.2903225806451613,2410.0,81.0,3,2.9722504279555224,0.8202064154922466,-0.8360402617366788,Doanh thu trung bình cao
fixture-user-5525,16.0,6.0,120.0,13.0,3.0,2.0,1,0.23076923076923078,910.0,31.0,2,-0.18823476857859642,0.3875447576114711,-0.8693490403338631,Nhóm hành vi còn lại
fixture-user-5526,71.0,2.0,0.0,4.0,0.0,0.0,0,0.0,40.0,6.0,1,-5.132931592866225,-0.19697308259203808,-1.0600968999130056,Hoạt động gần nhất cách xa
fixture-user-5527,9.0,9.0,0.0,19.0,13.0,3.0,0,0.6842105263157895,1610.0,61.0,0,1.7765266448407788,-2.263702585114586,-0.6595478640554292,Tỷ lệ thêm giỏ/xem cao
fixture-user-5528,4.0,14.0,840.0,32.0,10.0,6.0,3,0.3125,2420.0,82.0,3,3.01229401895736,0.7383363392983261,-0.6738605748864045,Doanh thu trung bình cao
fixture-user-5529,17.0,7.0,140.0,14.0,4.0,2.0,1,0.2857142857142857,920.0,32.0,2,0.08566905022148885,0.22145490054473832,-0.8127372610551373,Nhóm hành vi còn lại
fixture-user-5530,72.0,3.0,0.0,5.0,0.0,0.0,0,0.0,50.0,7.0,1,-4.734049758831314,-0.1415652227069219,-0.7803874603946023,Hoạt động gần nhất cách xa
fixture-user-5531,10.0,10.0,0.0,20.0,14.0,3.0,0,0.7,1620.0,62.0,0,1.8778157374373483,-2.316152393098142,-0.5521462253135105,Tỷ lệ thêm giỏ/xem cao
fixture-user-5532,5.0,12.0,860.0,33.0,8.0,6.0,3,0.24242424242424243,2430.0,83.0,3,2.7201358279717427,1.0010280153705131,-0.43135310572761704,Doanh thu trung bình cao
fixture-user-5533,18.0,5.0,160.0,15.0,2.0,2.0,1,0.13333333333333333,930.0,33.0,2,-0.416368974045729,0.8413722469868408,-0.5202824835880352,Nhóm hành vi còn lại
fixture-user-5534,73.0,1.0,0.0,6.0,0.0,0.0,0,0.0,60.0,8.0,1,-4.951827114160079,-0.13461517315522942,-0.48185008826089964,Hoạt động gần nhất cách xa
fixture-user-5535,11.0,8.0,0.0,21.0,12.0,3.0,0,0.5714285714285714,1630.0,63.0,0,1.5440020110863266,-1.8916105529499507,-0.2894737393083827,Tỷ lệ thêm giỏ/xem cao
fixture-user-5536,6.0,13.0,880.0,34.0,9.0,6.0,3,0.2647058823529412,2440.0,84.0,3,2.793205514756805,0.9179893295870694,-0.3181395540304275,Doanh thu trung bình cao
fixture-user-5537,19.0,6.0,180.0,16.0,3.0,2.0,1,0.1875,940.0,34.0,2,-0.11506542133983415,0.6524097200437152,-0.47729764843711464,Nhóm hành vi còn lại
fixture-user-5538,74.0,2.0,0.0,7.0,0.0,0.0,0,0.0,70.0,9.0,1,-4.544300503596412,-0.08616879017803282,-0.28512883644029735,Hoạt động gần nhất cách xa
fixture-user-5539,12.0,9.0,0.0,22.0,13.0,3.0,0,0.5909090909090909,1640.0,64.0,0,1.6610803566223118,-1.956635720808595,-0.20216044539729697,Tỷ lệ thêm giỏ/xem cao
fixture-user-5540,7.0,14.0,900.0,35.0,10.0,6.0,3,0.2857142857142857,2450.0,85.0,3,2.865809296514496,0.8413885834551914,-0.21799543117210443,Doanh thu trung bình cao
fixture-user-5541,20.0,7.0,200.0,17.0,4.0,2.0,1,0.23529411764705882,950.0,35.0,2,0.1412081418293925,0.49422871537243757,-0.4309330555436214,Nhóm hành vi còn lại
fixture-user-5542,75.0,3.0,0.0,8.0,0.0,0.0,0,0.0,80.0,10.0,1,-4.226355602128988,-0.04652353682671037,-0.10556235721929748,Hoạt động gần nhất cách xa
fixture-user-5543,13.0,10.0,0.0,23.0,14.0,3.0,0,0.6086956521739131,1650.0,65.0,0,1.769348185040836,-2.015953016612214,-0.1188564273584944,Tỷ lệ thêm giỏ/xem cao
fixture-user-5544,8.0,12.0,920.0,36.0,8.0,6.0,3,0.2222222222222222,2460.0,86.0,3,2.6063737094369293,1.0851522433954928,-0.028162481097520817,Doanh thu trung bình cao
fixture-user-5545,21.0,5.0,220.0,18.0,2.0,2.0,1,0.1111111111111111,960.0,36.0,2,-0.331015161317517,1.017672557566975,-0.18189320559016225,Nhóm hành vi còn lại
fixture-user-5546,76.0,1.0,0.0,9.0,0.0,0.0,0,0.0,90.0,11.0,1,-4.5053809003710175,-0.051404916593935875,0.11674763187868262,Hoạt động gần nhất cách xa
fixture-user-5547,14.0,8.0,0.0,24.0,12.0,3.0,0,0.5,1660.0,66.0,0,1.4649328760198592,-1.6524200575582768,0.10500751195665843,Tỷ lệ thêm giỏ/xem cao
fixture-user-5548,9.0,13.0,940.0,37.0,9.0,6.0,3,0.24324324324324326,2470.0,87.0,3,2.6956818339500837,1.0065237107878025,0.05075676314821963,Doanh thu trung bình cao
fixture-user-5549,22.0,6.0,240.0,19.0,3.0,2.0,1,0.15789473684210525,970.0,37.0,2,-0.045442287582045944,0.842002022281944,-0.14614921568949865,Nhóm hành vi còn lại
fixture-user-5550,77.0,2.0,0.0,10.0,0.0,0.0,0,0.0,100.0,12.0,1,-4.145933218700002,-0.012175282230817307,0.25338192247508057,Hoạt động gần nhất cách xa
fixture-user-5551,15.0,9.0,0.0,25.0,13.0,3.0,0,0.52,1670.0,67.0,0,1.5853970707566725,-1.7197729720568595,0.17473155318197717,Tỷ lệ thêm giỏ/xem cao
fixture-user-5552,10.0,14.0,960.0,38.0,10.0,6.0,3,0.2631578947368421,2480.0,88.0,3,2.7805820478578775,0.9335515526720264,0.12366456013755259,Doanh thu trung bình cao
fixture-user-5553,23.0,7.0,260.0,20.0,4.0,2.0,1,0.2,980.0,38.0,2,0.19806579033115437,0.6934432518431779,-0.10747748554529173,Nhóm hành vi còn lại
fixture-user-5554,78.0,3.0,0.0,11.0,0.0,0.0,0,0.0,110.0,13.0,1,-3.866786492395833,0.020083464757670286,0.3842998554068919,Hoạt động gần nhất cách xa
fixture-user-5555,16.0,10.0,0.0,26.0,14.0,3.0,0,0.5384615384615384,1680.0,68.0,0,1.696701628351615,-1.7818534565886186,0.24216164621576905,Tỷ lệ thêm giỏ/xem cao
fixture-user-5556,11.0,12.0,980.0,39.0,8.0,6.0,3,0.20512820512820512,2490.0,89.0,3,2.539096994000912,1.1608947269527035,0.2849645070861152,Doanh thu trung bình cao
fixture-user-5557,24.0,5.0,280.0,21.0,2.0,2.0,1,0.09523809523809523,990.0,39.0,2,-0.2535021844261599,1.1515543709784555,0.11036450120739257,Nhóm hành vi còn lại
fixture-user-5558,79.0,1.0,0.0,12.0,0.0,0.0,0,0.0,120.0,14.0,1,-4.177806227183311,0.009148059352104415,0.5663777413394052,Hoạt động gần nhất cách xa
fixture-user-5559,17.0,8.0,0.0,27.0,12.0,3.0,0,0.4444444444444444,1690.0,69.0,0,1.4131920056243967,-1.4634770190954087,0.43800042229131814,Tỷ lệ thêm giỏ/xem cao
fixture-user-5560,12.0,13.0,1000.0,40.0,9.0,6.0,3,0.225,2500.0,90.0,3,2.6355970708016336,1.085750837529916,0.34560189762492727,Doanh thu trung bình cao
fixture-user-5561,25.0,6.0,300.0,22.0,3.0,2.0,1,0.13636363636363635,1000.0,40.0,2,0.020448779079346835,0.987424175304437,0.14043401059775606,Nhóm hành vi còn lại
fixture-user-5562,80.0,2.0,0.0,13.0,0.0,0.0,0,0.0,130.0,15.0,1,-3.8452080923989924,0.04332455321405482,0.6691606922603189,Hoạt động gần nhất cách xa
fixture-user-5563,18.0,9.0,0.0,28.0,13.0,3.0,0,0.4642857142857143,1700.0,70.0,0,1.534830031286699,-1.5309960415171668,0.49554732017099296,Tỷ lệ thêm giỏ/xem cao
fixture-user-5564,13.0,14.0,1020.0,41.0,10.0,6.0,3,0.24390243902439024,2510.0,91.0,3,2.7262823845513653,1.0157588009747183,0.4029662204898221,Doanh thu trung bình cao
fixture-user-5565,26.0,7.0,320.0,23.0,4.0,2.0,1,0.17391304347826086,1010.0,41.0,2,0.2541908963254575,0.8477774875328858,0.17321533289513408,Nhóm hành vi còn lại
fixture-user-5566,81.0,3.0,0.0,14.0,0.0,0.0,0,0.0,140.0,16.0,1,-3.58892156885437,0.07130138670265128,0.7711842983243252,Hoạt động gần nhất cách xa
fixture-user-5567,19.0,10.0,0.0,29.0,14.0,3.0,0,0.4827586206896552,1710.0,71.0,0,1.6472575587743377,-1.5937242188893985,0.5517615405408011,Tỷ lệ thêm giỏ/xem cao
fixture-user-5568,14.0,12.0,1040.0,42.0,8.0,6.0,3,0.19047619047619047,2520.0,92.0,3,2.49670495094491,1.2290037398474845,0.5454645736096191,Doanh thu trung bình cao
fixture-user-5569,27.0,5.0,340.0,24.0,2.0,2.0,1,0.08333333333333333,1020.0,42.0,2,-0.18230360796635595,1.2586072038036613,0.3675912090530475,Nhóm hành vi còn lại
fixture-user-5570,82.0,1.0,0.0,15.0,0.0,0.0,0,0.0,150.0,17.0,1,-3.9196432407459767,0.05669108652696236,0.9282979885680404,Hoạt động gần nhất cách xa
fixture-user-5571,20.0,8.0,0.0,30.0,12.0,3.0,0,0.4,1720.0,72.0,0,1.3793488527403,-1.3100407571216666,0.7263442280480706,Tỷ lệ thêm giỏ/xem cao
fixture-user-5572,15.0,13.0,1060.0,43.0,9.0,6.0,3,0.20930232558139536,2530.0,93.0,3,2.5967783052258118,1.1568322528607358,0.5946167775727039,Doanh thu trung bình cao
fixture-user-5573,28.0,6.0,360.0,25.0,3.0,2.0,1,0.12,1030.0,43.0,2,0.08266019726750658,1.1041566022540645,0.39313910571678706,Nhóm hành vi còn lại
fixture-user-5574,83.0,2.0,0.0,16.0,0.0,0.0,0,0.0,160.0,18.0,1,-3.604202552262844,0.08767912367278557,1.0092869375057245,Hoạt động gần nhất cách xa
fixture-user-5575,21.0,9.0,0.0,31.0,13.0,3.0,0,0.41935483870967744,1730.0,73.0,0,1.501059534575714,-1.376636657189004,0.7749808036540073,Tỷ lệ thêm giỏ/xem cao
fixture-user-5576,16.0,14.0,1080.0,44.0,10.0,6.0,3,0.22727272727272727,2540.0,94.0,3,2.690427951437499,1.0894358139626867,0.6418324646043475,Doanh thu trung bình cao
fixture-user-5577,29.0,7.0,380.0,26.0,4.0,2.0,1,0.15384615384615385,1040.0,44.0,2,0.3086623039800275,0.9723028927926293,0.4212803240192725,Nhóm hành vi còn lại
fixture-user-5578,84.0,3.0,0.0,17.0,0.0,0.0,0,0.0,170.0,19.0,1,-3.3629925377313117,0.11286336793280101,1.0921119219662825,Hoạt động gần nhất cách xa
fixture-user-5579,22.0,10.0,0.0,32.0,14.0,3.0,0,0.4375,1740.0,74.0,0,1.6136201785899058,-1.438893929708042,0.822869682767591,Tỷ lệ thêm giỏ/xem cao
fixture-user-5580,2.0,12.0,800.0,30.0,8.0,6.0,3,0.26666666666666666,2400.0,80.0,3,2.949000201807968,0.9104099322153842,-1.040664161835835,Doanh thu trung bình cao
fixture-user-5581,15.0,5.0,100.0,12.0,2.0,2.0,1,0.16666666666666666,900.0,30.0,2,-0.5125113090819994,0.5888915999238798,-0.9213435417374367,Nhóm hành vi còn lại
fixture-user-5582,70.0,1.0,0.0,3.0,0.0,0.0,0,0.0,30.0,5.0,1,-5.653074755432996,-0.26751935962468665,-1.3948414954693151,Hoạt động gần nhất cách xa
fixture-user-5583,8.0,8.0,0.0,18.0,12.0,3.0,0,0.6666666666666666,1600.0,60.0,0,1.667619505045523,-2.2053810991863303,-0.7744155991773559,Tỷ lệ thêm giỏ/xem cao
fixture-user-5584,3.0,13.0,820.0,31.0,9.0,6.0,3,0.2903225806451613,2410.0,81.0,3,2.9722504279555224,0.8202064154922466,-0.8360402617366788,Doanh thu trung bình cao
fixture-user-5585,16.0,6.0,120.0,13.0,3.0,2.0,1,0.23076923076923078,910.0,31.0,2,-0.18823476857859642,0.3875447576114711,-0.8693490403338631,Nhóm hành vi còn lại
fixture-user-5586,71.0,2.0,0.0,4.0,0.0,0.0,0,0.0,40.0,6.0,1,-5.132931592866225,-0.19697308259203808,-1.0600968999130056,Hoạt động gần nhất cách xa
fixture-user-5587,9.0,9.0,0.0,19.0,13.0,3.0,0,0.6842105263157895,1610.0,61.0,0,1.7765266448407788,-2.263702585114586,-0.6595478640554292,Tỷ lệ thêm giỏ/xem cao
fixture-user-5588,4.0,14.0,840.0,32.0,10.0,6.0,3,0.3125,2420.0,82.0,3,3.01229401895736,0.7383363392983261,-0.6738605748864045,Doanh thu trung bình cao
fixture-user-5589,17.0,7.0,140.0,14.0,4.0,2.0,1,0.2857142857142857,920.0,32.0,2,0.08566905022148885,0.22145490054473832,-0.8127372610551373,Nhóm hành vi còn lại
fixture-user-5590,72.0,3.0,0.0,5.0,0.0,0.0,0,0.0,50.0,7.0,1,-4.734049758831314,-0.1415652227069219,-0.7803874603946023,Hoạt động gần nhất cách xa
fixture-user-5591,10.0,10.0,0.0,20.0,14.0,3.0,0,0.7,1620.0,62.0,0,1.8778157374373483,-2.316152393098142,-0.5521462253135105,Tỷ lệ thêm giỏ/xem cao
fixture-user-5592,5.0,12.0,860.0,33.0,8.0,6.0,3,0.24242424242424243,2430.0,83.0,3,2.7201358279717427,1.0010280153705131,-0.43135310572761704,Doanh thu trung bình cao
fixture-user-5593,18.0,5.0,160.0,15.0,2.0,2.0,1,0.13333333333333333,930.0,33.0,2,-0.416368974045729,0.8413722469868408,-0.5202824835880352,Nhóm hành vi còn lại
fixture-user-5594,73.0,1.0,0.0,6.0,0.0,0.0,0,0.0,60.0,8.0,1,-4.951827114160079,-0.13461517315522942,-0.48185008826089964,Hoạt động gần nhất cách xa
fixture-user-5595,11.0,8.0,0.0,21.0,12.0,3.0,0,0.5714285714285714,1630.0,63.0,0,1.5440020110863266,-1.8916105529499507,-0.2894737393083827,Tỷ lệ thêm giỏ/xem cao
fixture-user-5596,6.0,13.0,880.0,34.0,9.0,6.0,3,0.2647058823529412,2440.0,84.0,3,2.793205514756805,0.9179893295870694,-0.3181395540304275,Doanh thu trung bình cao
fixture-user-5597,19.0,6.0,180.0,16.0,3.0,2.0,1,0.1875,940.0,34.0,2,-0.11506542133983415,0.6524097200437152,-0.47729764843711464,Nhóm hành vi còn lại
fixture-user-5598,74.0,2.0,0.0,7.0,0.0,0.0,0,0.0,70.0,9.0,1,-4.544300503596412,-0.08616879017803282,-0.28512883644029735,Hoạt động gần nhất cách xa
fixture-user-5599,12.0,9.0,0.0,22.0,13.0,3.0,0,0.5909090909090909,1640.0,64.0,0,1.6610803566223118,-1.956635720808595,-0.20216044539729697,Tỷ lệ thêm giỏ/xem cao
fixture-user-5600,7.0,14.0,900.0,35.0,10.0,6.0,3,0.2857142857142857,2450.0,85.0,3,2.865809296514496,0.8413885834551914,-0.21799543117210443,Doanh thu trung bình cao
fixture-user-5601,20.0,7.0,200.0,17.0,4.0,2.0,1,0.23529411764705882,950.0,35.0,2,0.1412081418293925,0.49422871537243757,-0.4309330555436214,Nhóm hành vi còn lại
fixture-user-5602,75.0,3.0,0.0,8.0,0.0,0.0,0,0.0,80.0,10.0,1,-4.226355602128988,-0.04652353682671037,-0.10556235721929748,Hoạt động gần nhất cách xa
fixture-user-5603,13.0,10.0,0.0,23.0,14.0,3.0,0,0.6086956521739131,1650.0,65.0,0,1.769348185040836,-2.015953016612214,-0.1188564273584944,Tỷ lệ thêm giỏ/xem cao
fixture-user-5604,8.0,12.0,920.0,36.0,8.0,6.0,3,0.2222222222222222,2460.0,86.0,3,2.6063737094369293,1.0851522433954928,-0.028162481097520817,Doanh thu trung bình cao
fixture-user-5605,21.0,5.0,220.0,18.0,2.0,2.0,1,0.1111111111111111,960.0,36.0,2,-0.331015161317517,1.017672557566975,-0.18189320559016225,Nhóm hành vi còn lại
fixture-user-5606,76.0,1.0,0.0,9.0,0.0,0.0,0,0.0,90.0,11.0,1,-4.5053809003710175,-0.051404916593935875,0.11674763187868262,Hoạt động gần nhất cách xa
fixture-user-5607,14.0,8.0,0.0,24.0,12.0,3.0,0,0.5,1660.0,66.0,0,1.4649328760198592,-1.6524200575582768,0.10500751195665843,Tỷ lệ thêm giỏ/xem cao
fixture-user-5608,9.0,13.0,940.0,37.0,9.0,6.0,3,0.24324324324324326,2470.0,87.0,3,2.6956818339500837,1.0065237107878025,0.05075676314821963,Doanh thu trung bình cao
fixture-user-5609,22.0,6.0,240.0,19.0,3.0,2.0,1,0.15789473684210525,970.0,37.0,2,-0.045442287582045944,0.842002022281944,-0.14614921568949865,Nhóm hành vi còn lại
fixture-user-5610,77.0,2.0,0.0,10.0,0.0,0.0,0,0.0,100.0,12.0,1,-4.145933218700002,-0.012175282230817307,0.25338192247508057,Hoạt động gần nhất cách xa
fixture-user-5611,15.0,9.0,0.0,25.0,13.0,3.0,0,0.52,1670.0,67.0,0,1.5853970707566725,-1.7197729720568595,0.17473155318197717,Tỷ lệ thêm giỏ/xem cao
fixture-user-5612,10.0,14.0,960.0,38.0,10.0,6.0,3,0.2631578947368421,2480.0,88.0,3,2.7805820478578775,0.9335515526720264,0.12366456013755259,Doanh thu trung bình cao
fixture-user-5613,23.0,7.0,260.0,20.0,4.0,2.0,1,0.2,980.0,38.0,2,0.19806579033115437,0.6934432518431779,-0.10747748554529173,Nhóm hành vi còn lại
fixture-user-5614,78.0,3.0,0.0,11.0,0.0,0.0,0,0.0,110.0,13.0,1,-3.866786492395833,0.020083464757670286,0.3842998554068919,Hoạt động gần nhất cách xa
fixture-user-5615,16.0,10.0,0.0,26.0,14.0,3.0,0,0.5384615384615384,1680.0,68.0,0,1.696701628351615,-1.7818534565886186,0.24216164621576905,Tỷ lệ thêm giỏ/xem cao
fixture-user-5616,11.0,12.0,980.0,39.0,8.0,6.0,3,0.20512820512820512,2490.0,89.0,3,2.539096994000912,1.1608947269527035,0.2849645070861152,Doanh thu trung bình cao
fixture-user-5617,24.0,5.0,280.0,21.0,2.0,2.0,1,0.09523809523809523,990.0,39.0,2,-0.2535021844261599,1.1515543709784555,0.11036450120739257,Nhóm hành vi còn lại
fixture-user-5618,79.0,1.0,0.0,12.0,0.0,0.0,0,0.0,120.0,14.0,1,-4.177806227183311,0.009148059352104415,0.5663777413394052,Hoạt động gần nhất cách xa
fixture-user-5619,17.0,8.0,0.0,27.0,12.0,3.0,0,0.4444444444444444,1690.0,69.0,0,1.4131920056243967,-1.4634770190954087,0.43800042229131814,Tỷ lệ thêm giỏ/xem cao
fixture-user-5620,12.0,13.0,1000.0,40.0,9.0,6.0,3,0.225,2500.0,90.0,3,2.6355970708016336,1.085750837529916,0.34560189762492727,Doanh thu trung bình cao
fixture-user-5621,25.0,6.0,300.0,22.0,3.0,2.0,1,0.13636363636363635,1000.0,40.0,2,0.020448779079346835,0.987424175304437,0.14043401059775606,Nhóm hành vi còn lại
fixture-user-5622,80.0,2.0,0.0,13.0,0.0,0.0,0,0.0,130.0,15.0,1,-3.8452080923989924,0.04332455321405482,0.6691606922603189,Hoạt động gần nhất cách xa
fixture-user-5623,18.0,9.0,0.0,28.0,13.0,3.0,0,0.4642857142857143,1700.0,70.0,0,1.534830031286699,-1.5309960415171668,0.49554732017099296,Tỷ lệ thêm giỏ/xem cao
fixture-user-5624,13.0,14.0,1020.0,41.0,10.0,6.0,3,0.24390243902439024,2510.0,91.0,3,2.7262823845513653,1.0157588009747183,0.4029662204898221,Doanh thu trung bình cao
fixture-user-5625,26.0,7.0,320.0,23.0,4.0,2.0,1,0.17391304347826086,1010.0,41.0,2,0.2541908963254575,0.8477774875328858,0.17321533289513408,Nhóm hành vi còn lại
fixture-user-5626,81.0,3.0,0.0,14.0,0.0,0.0,0,0.0,140.0,16.0,1,-3.58892156885437,0.07130138670265128,0.7711842983243252,Hoạt động gần nhất cách xa
fixture-user-5627,19.0,10.0,0.0,29.0,14.0,3.0,0,0.4827586206896552,1710.0,71.0,0,1.6472575587743377,-1.5937242188893985,0.5517615405408011,Tỷ lệ thêm giỏ/xem cao
fixture-user-5628,14.0,12.0,1040.0,42.0,8.0,6.0,3,0.19047619047619047,2520.0,92.0,3,2.49670495094491,1.2290037398474845,0.5454645736096191,Doanh thu trung bình cao
fixture-user-5629,27.0,5.0,340.0,24.0,2.0,2.0,1,0.08333333333333333,1020.0,42.0,2,-0.18230360796635595,1.2586072038036613,0.3675912090530475,Nhóm hành vi còn lại
fixture-user-5630,82.0,1.0,0.0,15.0,0.0,0.0,0,0.0,150.0,17.0,1,-3.9196432407459767,0.05669108652696236,0.9282979885680404,Hoạt động gần nhất cách xa
fixture-user-5631,20.0,8.0,0.0,30.0,12.0,3.0,0,0.4,1720.0,72.0,0,1.3793488527403,-1.3100407571216666,0.7263442280480706,Tỷ lệ thêm giỏ/xem cao
fixture-user-5632,15.0,13.0,1060.0,43.0,9.0,6.0,3,0.20930232558139536,2530.0,93.0,3,2.5967783052258118,1.1568322528607358,0.5946167775727039,Doanh thu trung bình cao
fixture-user-5633,28.0,6.0,360.0,25.0,3.0,2.0,1,0.12,1030.0,43.0,2,0.08266019726750658,1.1041566022540645,0.39313910571678706,Nhóm hành vi còn lại
fixture-user-5634,83.0,2.0,0.0,16.0,0.0,0.0,0,0.0,160.0,18.0,1,-3.604202552262844,0.08767912367278557,1.0092869375057245,Hoạt động gần nhất cách xa
fixture-user-5635,21.0,9.0,0.0,31.0,13.0,3.0,0,0.41935483870967744,1730.0,73.0,0,1.501059534575714,-1.376636657189004,0.7749808036540073,Tỷ lệ thêm giỏ/xem cao
fixture-user-5636,16.0,14.0,1080.0,44.0,10.0,6.0,3,0.22727272727272727,2540.0,94.0,3,2.690427951437499,1.0894358139626867,0.6418324646043475,Doanh thu trung bình cao
fixture-user-5637,29.0,7.0,380.0,26.0,4.0,2.0,1,0.15384615384615385,1040.0,44.0,2,0.3086623039800275,0.9723028927926293,0.4212803240192725,Nhóm hành vi còn lại
fixture-user-5638,84.0,3.0,0.0,17.0,0.0,0.0,0,0.0,170.0,19.0,1,-3.3629925377313117,0.11286336793280101,1.0921119219662825,Hoạt động gần nhất cách xa
fixture-user-5639,22.0,10.0,0.0,32.0,14.0,3.0,0,0.4375,1740.0,74.0,0,1.6136201785899058,-1.438893929708042,0.822869682767591,Tỷ lệ thêm giỏ/xem cao
fixture-user-5640,2.0,12.0,800.0,30.0,8.0,6.0,3,0.26666666666666666,2400.0,80.0,3,2.949000201807968,0.9104099322153842,-1.040664161835835,Doanh thu trung bình cao
fixture-user-5641,15.0,5.0,100.0,12.0,2.0,2.0,1,0.16666666666666666,900.0,30.0,2,-0.5125113090819994,0.5888915999238798,-0.9213435417374367,Nhóm hành vi còn lại
fixture-user-5642,70.0,1.0,0.0,3.0,0.0,0.0,0,0.0,30.0,5.0,1,-5.653074755432996,-0.26751935962468665,-1.3948414954693151,Hoạt động gần nhất cách xa
fixture-user-5643,8.0,8.0,0.0,18.0,12.0,3.0,0,0.6666666666666666,1600.0,60.0,0,1.667619505045523,-2.2053810991863303,-0.7744155991773559,Tỷ lệ thêm giỏ/xem cao
fixture-user-5644,3.0,13.0,820.0,31.0,9.0,6.0,3,0.2903225806451613,2410.0,81.0,3,2.9722504279555224,0.8202064154922466,-0.8360402617366788,Doanh thu trung bình cao
fixture-user-5645,16.0,6.0,120.0,13.0,3.0,2.0,1,0.23076923076923078,910.0,31.0,2,-0.18823476857859642,0.3875447576114711,-0.8693490403338631,Nhóm hành vi còn lại
fixture-user-5646,71.0,2.0,0.0,4.0,0.0,0.0,0,0.0,40.0,6.0,1,-5.132931592866225,-0.19697308259203808,-1.0600968999130056,Hoạt động gần nhất cách xa
fixture-user-5647,9.0,9.0,0.0,19.0,13.0,3.0,0,0.6842105263157895,1610.0,61.0,0,1.7765266448407788,-2.263702585114586,-0.6595478640554292,Tỷ lệ thêm giỏ/xem cao
fixture-user-5648,4.0,14.0,840.0,32.0,10.0,6.0,3,0.3125,2420.0,82.0,3,3.01229401895736,0.7383363392983261,-0.6738605748864045,Doanh thu trung bình cao
fixture-user-5649,17.0,7.0,140.0,14.0,4.0,2.0,1,0.2857142857142857,920.0,32.0,2,0.08566905022148885,0.22145490054473832,-0.8127372610551373,Nhóm hành vi còn lại
fixture-user-5650,72.0,3.0,0.0,5.0,0.0,0.0,0,0.0,50.0,7.0,1,-4.734049758831314,-0.1415652227069219,-0.7803874603946023,Hoạt động gần nhất cách xa
fixture-user-5651,10.0,10.0,0.0,20.0,14.0,3.0,0,0.7,1620.0,62.0,0,1.8778157374373483,-2.316152393098142,-0.5521462253135105,Tỷ lệ thêm giỏ/xem cao
fixture-user-5652,5.0,12.0,860.0,33.0,8.0,6.0,3,0.24242424242424243,2430.0,83.0,3,2.7201358279717427,1.0010280153705131,-0.43135310572761704,Doanh thu trung bình cao
fixture-user-5653,18.0,5.0,160.0,15.0,2.0,2.0,1,0.13333333333333333,930.0,33.0,2,-0.416368974045729,0.8413722469868408,-0.5202824835880352,Nhóm hành vi còn lại
fixture-user-5654,73.0,1.0,0.0,6.0,0.0,0.0,0,0.0,60.0,8.0,1,-4.951827114160079,-0.13461517315522942,-0.48185008826089964,Hoạt động gần nhất cách xa
fixture-user-5655,11.0,8.0,0.0,21.0,12.0,3.0,0,0.5714285714285714,1630.0,63.0,0,1.5440020110863266,-1.8916105529499507,-0.2894737393083827,Tỷ lệ thêm giỏ/xem cao
fixture-user-5656,6.0,13.0,880.0,34.0,9.0,6.0,3,0.2647058823529412,2440.0,84.0,3,2.793205514756805,0.9179893295870694,-0.3181395540304275,Doanh thu trung bình cao
fixture-user-5657,19.0,6.0,180.0,16.0,3.0,2.0,1,0.1875,940.0,34.0,2,-0.11506542133983415,0.6524097200437152,-0.47729764843711464,Nhóm hành vi còn lại
fixture-user-5658,74.0,2.0,0.0,7.0,0.0,0.0,0,0.0,70.0,9.0,1,-4.544300503596412,-0.08616879017803282,-0.28512883644029735,Hoạt động gần nhất cách xa
fixture-user-5659,12.0,9.0,0.0,22.0,13.0,3.0,0,0.5909090909090909,1640.0,64.0,0,1.6610803566223118,-1.956635720808595,-0.20216044539729697,Tỷ lệ thêm giỏ/xem cao
fixture-user-5660,7.0,14.0,900.0,35.0,10.0,6.0,3,0.2857142857142857,2450.0,85.0,3,2.865809296514496,0.8413885834551914,-0.21799543117210443,Doanh thu trung bình cao
fixture-user-5661,20.0,7.0,200.0,17.0,4.0,2.0,1,0.23529411764705882,950.0,35.0,2,0.1412081418293925,0.49422871537243757,-0.4309330555436214,Nhóm hành vi còn lại
fixture-user-5662,75.0,3.0,0.0,8.0,0.0,0.0,0,0.0,80.0,10.0,1,-4.226355602128988,-0.04652353682671037,-0.10556235721929748,Hoạt động gần nhất cách xa
fixture-user-5663,13.0,10.0,0.0,23.0,14.0,3.0,0,0.6086956521739131,1650.0,65.0,0,1.769348185040836,-2.015953016612214,-0.1188564273584944,Tỷ lệ thêm giỏ/xem cao
fixture-user-5664,8.0,12.0,920.0,36.0,8.0,6.0,3,0.2222222222222222,2460.0,86.0,3,2.6063737094369293,1.0851522433954928,-0.028162481097520817,Doanh thu trung bình cao
fixture-user-5665,21.0,5.0,220.0,18.0,2.0,2.0,1,0.1111111111111111,960.0,36.0,2,-0.331015161317517,1.017672557566975,-0.18189320559016225,Nhóm hành vi còn lại
fixture-user-5666,76.0,1.0,0.0,9.0,0.0,0.0,0,0.0,90.0,11.0,1,-4.5053809003710175,-0.051404916593935875,0.11674763187868262,Hoạt động gần nhất cách xa
fixture-user-5667,14.0,8.0,0.0,24.0,12.0,3.0,0,0.5,1660.0,66.0,0,1.4649328760198592,-1.6524200575582768,0.10500751195665843,Tỷ lệ thêm giỏ/xem cao
fixture-user-5668,9.0,13.0,940.0,37.0,9.0,6.0,3,0.24324324324324326,2470.0,87.0,3,2.6956818339500837,1.0065237107878025,0.05075676314821963,Doanh thu trung bình cao
fixture-user-5669,22.0,6.0,240.0,19.0,3.0,2.0,1,0.15789473684210525,970.0,37.0,2,-0.045442287582045944,0.842002022281944,-0.14614921568949865,Nhóm hành vi còn lại
fixture-user-5670,77.0,2.0,0.0,10.0,0.0,0.0,0,0.0,100.0,12.0,1,-4.145933218700002,-0.012175282230817307,0.25338192247508057,Hoạt động gần nhất cách xa
fixture-user-5671,15.0,9.0,0.0,25.0,13.0,3.0,0,0.52,1670.0,67.0,0,1.5853970707566725,-1.7197729720568595,0.17473155318197717,Tỷ lệ thêm giỏ/xem cao
fixture-user-5672,10.0,14.0,960.0,38.0,10.0,6.0,3,0.2631578947368421,2480.0,88.0,3,2.7805820478578775,0.9335515526720264,0.12366456013755259,Doanh thu trung bình cao
fixture-user-5673,23.0,7.0,260.0,20.0,4.0,2.0,1,0.2,980.0,38.0,2,0.19806579033115437,0.6934432518431779,-0.10747748554529173,Nhóm hành vi còn lại
fixture-user-5674,78.0,3.0,0.0,11.0,0.0,0.0,0,0.0,110.0,13.0,1,-3.866786492395833,0.020083464757670286,0.3842998554068919,Hoạt động gần nhất cách xa
fixture-user-5675,16.0,10.0,0.0,26.0,14.0,3.0,0,0.5384615384615384,1680.0,68.0,0,1.696701628351615,-1.7818534565886186,0.24216164621576905,Tỷ lệ thêm giỏ/xem cao
fixture-user-5676,11.0,12.0,980.0,39.0,8.0,6.0,3,0.20512820512820512,2490.0,89.0,3,2.539096994000912,1.1608947269527035,0.2849645070861152,Doanh thu trung bình cao
fixture-user-5677,24.0,5.0,280.0,21.0,2.0,2.0,1,0.09523809523809523,990.0,39.0,2,-0.2535021844261599,1.1515543709784555,0.11036450120739257,Nhóm hành vi còn lại
fixture-user-5678,79.0,1.0,0.0,12.0,0.0,0.0,0,0.0,120.0,14.0,1,-4.177806227183311,0.009148059352104415,0.5663777413394052,Hoạt động gần nhất cách xa
fixture-user-5679,17.0,8.0,0.0,27.0,12.0,3.0,0,0.4444444444444444,1690.0,69.0,0,1.4131920056243967,-1.4634770190954087,0.43800042229131814,Tỷ lệ thêm giỏ/xem cao
fixture-user-5680,12.0,13.0,1000.0,40.0,9.0,6.0,3,0.225,2500.0,90.0,3,2.6355970708016336,1.085750837529916,0.34560189762492727,Doanh thu trung bình cao
fixture-user-5681,25.0,6.0,300.0,22.0,3.0,2.0,1,0.13636363636363635,1000.0,40.0,2,0.020448779079346835,0.987424175304437,0.14043401059775606,Nhóm hành vi còn lại
fixture-user-5682,80.0,2.0,0.0,13.0,0.0,0.0,0,0.0,130.0,15.0,1,-3.8452080923989924,0.04332455321405482,0.6691606922603189,Hoạt động gần nhất cách xa
fixture-user-5683,18.0,9.0,0.0,28.0,13.0,3.0,0,0.4642857142857143,1700.0,70.0,0,1.534830031286699,-1.5309960415171668,0.49554732017099296,Tỷ lệ thêm giỏ/xem cao
fixture-user-5684,13.0,14.0,1020.0,41.0,10.0,6.0,3,0.24390243902439024,2510.0,91.0,3,2.7262823845513653,1.0157588009747183,0.4029662204898221,Doanh thu trung bình cao
fixture-user-5685,26.0,7.0,320.0,23.0,4.0,2.0,1,0.17391304347826086,1010.0,41.0,2,0.2541908963254575,0.8477774875328858,0.17321533289513408,Nhóm hành vi còn lại
fixture-user-5686,81.0,3.0,0.0,14.0,0.0,0.0,0,0.0,140.0,16.0,1,-3.58892156885437,0.07130138670265128,0.7711842983243252,Hoạt động gần nhất cách xa
fixture-user-5687,19.0,10.0,0.0,29.0,14.0,3.0,0,0.4827586206896552,1710.0,71.0,0,1.6472575587743377,-1.5937242188893985,0.5517615405408011,Tỷ lệ thêm giỏ/xem cao
fixture-user-5688,14.0,12.0,1040.0,42.0,8.0,6.0,3,0.19047619047619047,2520.0,92.0,3,2.49670495094491,1.2290037398474845,0.5454645736096191,Doanh thu trung bình cao
fixture-user-5689,27.0,5.0,340.0,24.0,2.0,2.0,1,0.08333333333333333,1020.0,42.0,2,-0.18230360796635595,1.2586072038036613,0.3675912090530475,Nhóm hành vi còn lại
fixture-user-5690,82.0,1.0,0.0,15.0,0.0,0.0,0,0.0,150.0,17.0,1,-3.9196432407459767,0.05669108652696236,0.9282979885680404,Hoạt động gần nhất cách xa
fixture-user-5691,20.0,8.0,0.0,30.0,12.0,3.0,0,0.4,1720.0,72.0,0,1.3793488527403,-1.3100407571216666,0.7263442280480706,Tỷ lệ thêm giỏ/xem cao
fixture-user-5692,15.0,13.0,1060.0,43.0,9.0,6.0,3,0.20930232558139536,2530.0,93.0,3,2.5967783052258118,1.1568322528607358,0.5946167775727039,Doanh thu trung bình cao
fixture-user-5693,28.0,6.0,360.0,25.0,3.0,2.0,1,0.12,1030.0,43.0,2,0.08266019726750658,1.1041566022540645,0.39313910571678706,Nhóm hành vi còn lại
fixture-user-5694,83.0,2.0,0.0,16.0,0.0,0.0,0,0.0,160.0,18.0,1,-3.604202552262844,0.08767912367278557,1.0092869375057245,Hoạt động gần nhất cách xa
fixture-user-5695,21.0,9.0,0.0,31.0,13.0,3.0,0,0.41935483870967744,1730.0,73.0,0,1.501059534575714,-1.376636657189004,0.7749808036540073,Tỷ lệ thêm giỏ/xem cao
fixture-user-5696,16.0,14.0,1080.0,44.0,10.0,6.0,3,0.22727272727272727,2540.0,94.0,3,2.690427951437499,1.0894358139626867,0.6418324646043475,Doanh thu trung bình cao
fixture-user-5697,29.0,7.0,380.0,26.0,4.0,2.0,1,0.15384615384615385,1040.0,44.0,2,0.3086623039800275,0.9723028927926293,0.4212803240192725,Nhóm hành vi còn lại
fixture-user-5698,84.0,3.0,0.0,17.0,0.0,0.0,0,0.0,170.0,19.0,1,-3.3629925377313117,0.11286336793280101,1.0921119219662825,Hoạt động gần nhất cách xa
fixture-user-5699,22.0,10.0,0.0,32.0,14.0,3.0,0,0.4375,1740.0,74.0,0,1.6136201785899058,-1.438893929708042,0.822869682767591,Tỷ lệ thêm giỏ/xem cao
fixture-user-5700,2.0,12.0,800.0,30.0,8.0,6.0,3,0.26666666666666666,2400.0,80.0,3,2.949000201807968,0.9104099322153842,-1.040664161835835,Doanh thu trung bình cao
fixture-user-5701,15.0,5.0,100.0,12.0,2.0,2.0,1,0.16666666666666666,900.0,30.0,2,-0.5125113090819994,0.5888915999238798,-0.9213435417374367,Nhóm hành vi còn lại
fixture-user-5702,70.0,1.0,0.0,3.0,0.0,0.0,0,0.0,30.0,5.0,1,-5.653074755432996,-0.26751935962468665,-1.3948414954693151,Hoạt động gần nhất cách xa
fixture-user-5703,8.0,8.0,0.0,18.0,12.0,3.0,0,0.6666666666666666,1600.0,60.0,0,1.667619505045523,-2.2053810991863303,-0.7744155991773559,Tỷ lệ thêm giỏ/xem cao
fixture-user-5704,3.0,13.0,820.0,31.0,9.0,6.0,3,0.2903225806451613,2410.0,81.0,3,2.9722504279555224,0.8202064154922466,-0.8360402617366788,Doanh thu trung bình cao
fixture-user-5705,16.0,6.0,120.0,13.0,3.0,2.0,1,0.23076923076923078,910.0,31.0,2,-0.18823476857859642,0.3875447576114711,-0.8693490403338631,Nhóm hành vi còn lại
fixture-user-5706,71.0,2.0,0.0,4.0,0.0,0.0,0,0.0,40.0,6.0,1,-5.132931592866225,-0.19697308259203808,-1.0600968999130056,Hoạt động gần nhất cách xa
fixture-user-5707,9.0,9.0,0.0,19.0,13.0,3.0,0,0.6842105263157895,1610.0,61.0,0,1.7765266448407788,-2.263702585114586,-0.6595478640554292,Tỷ lệ thêm giỏ/xem cao
fixture-user-5708,4.0,14.0,840.0,32.0,10.0,6.0,3,0.3125,2420.0,82.0,3,3.01229401895736,0.7383363392983261,-0.6738605748864045,Doanh thu trung bình cao
fixture-user-5709,17.0,7.0,140.0,14.0,4.0,2.0,1,0.2857142857142857,920.0,32.0,2,0.08566905022148885,0.22145490054473832,-0.8127372610551373,Nhóm hành vi còn lại
fixture-user-5710,72.0,3.0,0.0,5.0,0.0,0.0,0,0.0,50.0,7.0,1,-4.734049758831314,-0.1415652227069219,-0.7803874603946023,Hoạt động gần nhất cách xa
fixture-user-5711,10.0,10.0,0.0,20.0,14.0,3.0,0,0.7,1620.0,62.0,0,1.8778157374373483,-2.316152393098142,-0.5521462253135105,Tỷ lệ thêm giỏ/xem cao
fixture-user-5712,5.0,12.0,860.0,33.0,8.0,6.0,3,0.24242424242424243,2430.0,83.0,3,2.7201358279717427,1.0010280153705131,-0.43135310572761704,Doanh thu trung bình cao
fixture-user-5713,18.0,5.0,160.0,15.0,2.0,2.0,1,0.13333333333333333,930.0,33.0,2,-0.416368974045729,0.8413722469868408,-0.5202824835880352,Nhóm hành vi còn lại
fixture-user-5714,73.0,1.0,0.0,6.0,0.0,0.0,0,0.0,60.0,8.0,1,-4.951827114160079,-0.13461517315522942,-0.48185008826089964,Hoạt động gần nhất cách xa
fixture-user-5715,11.0,8.0,0.0,21.0,12.0,3.0,0,0.5714285714285714,1630.0,63.0,0,1.5440020110863266,-1.8916105529499507,-0.2894737393083827,Tỷ lệ thêm giỏ/xem cao
fixture-user-5716,6.0,13.0,880.0,34.0,9.0,6.0,3,0.2647058823529412,2440.0,84.0,3,2.793205514756805,0.9179893295870694,-0.3181395540304275,Doanh thu trung bình cao
fixture-user-5717,19.0,6.0,180.0,16.0,3.0,2.0,1,0.1875,940.0,34.0,2,-0.11506542133983415,0.6524097200437152,-0.47729764843711464,Nhóm hành vi còn lại
fixture-user-5718,74.0,2.0,0.0,7.0,0.0,0.0,0,0.0,70.0,9.0,1,-4.544300503596412,-0.08616879017803282,-0.28512883644029735,Hoạt động gần nhất cách xa
fixture-user-5719,12.0,9.0,0.0,22.0,13.0,3.0,0,0.5909090909090909,1640.0,64.0,0,1.6610803566223118,-1.956635720808595,-0.20216044539729697,Tỷ lệ thêm giỏ/xem cao
fixture-user-5720,7.0,14.0,900.0,35.0,10.0,6.0,3,0.2857142857142857,2450.0,85.0,3,2.865809296514496,0.8413885834551914,-0.21799543117210443,Doanh thu trung bình cao
fixture-user-5721,20.0,7.0,200.0,17.0,4.0,2.0,1,0.23529411764705882,950.0,35.0,2,0.1412081418293925,0.49422871537243757,-0.4309330555436214,Nhóm hành vi còn lại
fixture-user-5722,75.0,3.0,0.0,8.0,0.0,0.0,0,0.0,80.0,10.0,1,-4.226355602128988,-0.04652353682671037,-0.10556235721929748,Hoạt động gần nhất cách xa
fixture-user-5723,13.0,10.0,0.0,23.0,14.0,3.0,0,0.6086956521739131,1650.0,65.0,0,1.769348185040836,-2.015953016612214,-0.1188564273584944,Tỷ lệ thêm giỏ/xem cao
fixture-user-5724,8.0,12.0,920.0,36.0,8.0,6.0,3,0.2222222222222222,2460.0,86.0,3,2.6063737094369293,1.0851522433954928,-0.028162481097520817,Doanh thu trung bình cao
fixture-user-5725,21.0,5.0,220.0,18.0,2.0,2.0,1,0.1111111111111111,960.0,36.0,2,-0.331015161317517,1.017672557566975,-0.18189320559016225,Nhóm hành vi còn lại
fixture-user-5726,76.0,1.0,0.0,9.0,0.0,0.0,0,0.0,90.0,11.0,1,-4.5053809003710175,-0.051404916593935875,0.11674763187868262,Hoạt động gần nhất cách xa
fixture-user-5727,14.0,8.0,0.0,24.0,12.0,3.0,0,0.5,1660.0,66.0,0,1.4649328760198592,-1.6524200575582768,0.10500751195665843,Tỷ lệ thêm giỏ/xem cao
fixture-user-5728,9.0,13.0,940.0,37.0,9.0,6.0,3,0.24324324324324326,2470.0,87.0,3,2.6956818339500837,1.0065237107878025,0.05075676314821963,Doanh thu trung bình cao
fixture-user-5729,22.0,6.0,240.0,19.0,3.0,2.0,1,0.15789473684210525,970.0,37.0,2,-0.045442287582045944,0.842002022281944,-0.14614921568949865,Nhóm hành vi còn lại
fixture-user-5730,77.0,2.0,0.0,10.0,0.0,0.0,0,0.0,100.0,12.0,1,-4.145933218700002,-0.012175282230817307,0.25338192247508057,Hoạt động gần nhất cách xa
fixture-user-5731,15.0,9.0,0.0,25.0,13.0,3.0,0,0.52,1670.0,67.0,0,1.5853970707566725,-1.7197729720568595,0.17473155318197717,Tỷ lệ thêm giỏ/xem cao
fixture-user-5732,10.0,14.0,960.0,38.0,10.0,6.0,3,0.2631578947368421,2480.0,88.0,3,2.7805820478578775,0.9335515526720264,0.12366456013755259,Doanh thu trung bình cao
fixture-user-5733,23.0,7.0,260.0,20.0,4.0,2.0,1,0.2,980.0,38.0,2,0.19806579033115437,0.6934432518431779,-0.10747748554529173,Nhóm hành vi còn lại
fixture-user-5734,78.0,3.0,0.0,11.0,0.0,0.0,0,0.0,110.0,13.0,1,-3.866786492395833,0.020083464757670286,0.3842998554068919,Hoạt động gần nhất cách xa
fixture-user-5735,16.0,10.0,0.0,26.0,14.0,3.0,0,0.5384615384615384,1680.0,68.0,0,1.696701628351615,-1.7818534565886186,0.24216164621576905,Tỷ lệ thêm giỏ/xem cao
fixture-user-5736,11.0,12.0,980.0,39.0,8.0,6.0,3,0.20512820512820512,2490.0,89.0,3,2.539096994000912,1.1608947269527035,0.2849645070861152,Doanh thu trung bình cao
fixture-user-5737,24.0,5.0,280.0,21.0,2.0,2.0,1,0.09523809523809523,990.0,39.0,2,-0.2535021844261599,1.1515543709784555,0.11036450120739257,Nhóm hành vi còn lại
fixture-user-5738,79.0,1.0,0.0,12.0,0.0,0.0,0,0.0,120.0,14.0,1,-4.177806227183311,0.009148059352104415,0.5663777413394052,Hoạt động gần nhất cách xa
fixture-user-5739,17.0,8.0,0.0,27.0,12.0,3.0,0,0.4444444444444444,1690.0,69.0,0,1.4131920056243967,-1.4634770190954087,0.43800042229131814,Tỷ lệ thêm giỏ/xem cao
fixture-user-5740,12.0,13.0,1000.0,40.0,9.0,6.0,3,0.225,2500.0,90.0,3,2.6355970708016336,1.085750837529916,0.34560189762492727,Doanh thu trung bình cao
fixture-user-5741,25.0,6.0,300.0,22.0,3.0,2.0,1,0.13636363636363635,1000.0,40.0,2,0.020448779079346835,0.987424175304437,0.14043401059775606,Nhóm hành vi còn lại
fixture-user-5742,80.0,2.0,0.0,13.0,0.0,0.0,0,0.0,130.0,15.0,1,-3.8452080923989924,0.04332455321405482,0.6691606922603189,Hoạt động gần nhất cách xa
fixture-user-5743,18.0,9.0,0.0,28.0,13.0,3.0,0,0.4642857142857143,1700.0,70.0,0,1.534830031286699,-1.5309960415171668,0.49554732017099296,Tỷ lệ thêm giỏ/xem cao
fixture-user-5744,13.0,14.0,1020.0,41.0,10.0,6.0,3,0.24390243902439024,2510.0,91.0,3,2.7262823845513653,1.0157588009747183,0.4029662204898221,Doanh thu trung bình cao
fixture-user-5745,26.0,7.0,320.0,23.0,4.0,2.0,1,0.17391304347826086,1010.0,41.0,2,0.2541908963254575,0.8477774875328858,0.17321533289513408,Nhóm hành vi còn lại
fixture-user-5746,81.0,3.0,0.0,14.0,0.0,0.0,0,0.0,140.0,16.0,1,-3.58892156885437,0.07130138670265128,0.7711842983243252,Hoạt động gần nhất cách xa
fixture-user-5747,19.0,10.0,0.0,29.0,14.0,3.0,0,0.4827586206896552,1710.0,71.0,0,1.6472575587743377,-1.5937242188893985,0.5517615405408011,Tỷ lệ thêm giỏ/xem cao
fixture-user-5748,14.0,12.0,1040.0,42.0,8.0,6.0,3,0.19047619047619047,2520.0,92.0,3,2.49670495094491,1.2290037398474845,0.5454645736096191,Doanh thu trung bình cao
fixture-user-5749,27.0,5.0,340.0,24.0,2.0,2.0,1,0.08333333333333333,1020.0,42.0,2,-0.18230360796635595,1.2586072038036613,0.3675912090530475,Nhóm hành vi còn lại
fixture-user-5750,82.0,1.0,0.0,15.0,0.0,0.0,0,0.0,150.0,17.0,1,-3.9196432407459767,0.05669108652696236,0.9282979885680404,Hoạt động gần nhất cách xa
fixture-user-5751,20.0,8.0,0.0,30.0,12.0,3.0,0,0.4,1720.0,72.0,0,1.3793488527403,-1.3100407571216666,0.7263442280480706,Tỷ lệ thêm giỏ/xem cao
fixture-user-5752,15.0,13.0,1060.0,43.0,9.0,6.0,3,0.20930232558139536,2530.0,93.0,3,2.5967783052258118,1.1568322528607358,0.5946167775727039,Doanh thu trung bình cao
fixture-user-5753,28.0,6.0,360.0,25.0,3.0,2.0,1,0.12,1030.0,43.0,2,0.08266019726750658,1.1041566022540645,0.39313910571678706,Nhóm hành vi còn lại
fixture-user-5754,83.0,2.0,0.0,16.0,0.0,0.0,0,0.0,160.0,18.0,1,-3.604202552262844,0.08767912367278557,1.0092869375057245,Hoạt động gần nhất cách xa
fixture-user-5755,21.0,9.0,0.0,31.0,13.0,3.0,0,0.41935483870967744,1730.0,73.0,0,1.501059534575714,-1.376636657189004,0.7749808036540073,Tỷ lệ thêm giỏ/xem cao
fixture-user-5756,16.0,14.0,1080.0,44.0,10.0,6.0,3,0.22727272727272727,2540.0,94.0,3,2.690427951437499,1.0894358139626867,0.6418324646043475,Doanh thu trung bình cao
fixture-user-5757,29.0,7.0,380.0,26.0,4.0,2.0,1,0.15384615384615385,1040.0,44.0,2,0.3086623039800275,0.9723028927926293,0.4212803240192725,Nhóm hành vi còn lại
fixture-user-5758,84.0,3.0,0.0,17.0,0.0,0.0,0,0.0,170.0,19.0,1,-3.3629925377313117,0.11286336793280101,1.0921119219662825,Hoạt động gần nhất cách xa
fixture-user-5759,22.0,10.0,0.0,32.0,14.0,3.0,0,0.4375,1740.0,74.0,0,1.6136201785899058,-1.438893929708042,0.822869682767591,Tỷ lệ thêm giỏ/xem cao
fixture-user-5760,2.0,12.0,800.0,30.0,8.0,6.0,3,0.26666666666666666,2400.0,80.0,3,2.949000201807968,0.9104099322153842,-1.040664161835835,Doanh thu trung bình cao
fixture-user-5761,15.0,5.0,100.0,12.0,2.0,2.0,1,0.16666666666666666,900.0,30.0,2,-0.5125113090819994,0.5888915999238798,-0.9213435417374367,Nhóm hành vi còn lại
fixture-user-5762,70.0,1.0,0.0,3.0,0.0,0.0,0,0.0,30.0,5.0,1,-5.653074755432996,-0.26751935962468665,-1.3948414954693151,Hoạt động gần nhất cách xa
fixture-user-5763,8.0,8.0,0.0,18.0,12.0,3.0,0,0.6666666666666666,1600.0,60.0,0,1.667619505045523,-2.2053810991863303,-0.7744155991773559,Tỷ lệ thêm giỏ/xem cao
fixture-user-5764,3.0,13.0,820.0,31.0,9.0,6.0,3,0.2903225806451613,2410.0,81.0,3,2.9722504279555224,0.8202064154922466,-0.8360402617366788,Doanh thu trung bình cao
fixture-user-5765,16.0,6.0,120.0,13.0,3.0,2.0,1,0.23076923076923078,910.0,31.0,2,-0.18823476857859642,0.3875447576114711,-0.8693490403338631,Nhóm hành vi còn lại
fixture-user-5766,71.0,2.0,0.0,4.0,0.0,0.0,0,0.0,40.0,6.0,1,-5.132931592866225,-0.19697308259203808,-1.0600968999130056,Hoạt động gần nhất cách xa
fixture-user-5767,9.0,9.0,0.0,19.0,13.0,3.0,0,0.6842105263157895,1610.0,61.0,0,1.7765266448407788,-2.263702585114586,-0.6595478640554292,Tỷ lệ thêm giỏ/xem cao
fixture-user-5768,4.0,14.0,840.0,32.0,10.0,6.0,3,0.3125,2420.0,82.0,3,3.01229401895736,0.7383363392983261,-0.6738605748864045,Doanh thu trung bình cao
fixture-user-5769,17.0,7.0,140.0,14.0,4.0,2.0,1,0.2857142857142857,920.0,32.0,2,0.08566905022148885,0.22145490054473832,-0.8127372610551373,Nhóm hành vi còn lại
fixture-user-5770,72.0,3.0,0.0,5.0,0.0,0.0,0,0.0,50.0,7.0,1,-4.734049758831314,-0.1415652227069219,-0.7803874603946023,Hoạt động gần nhất cách xa
fixture-user-5771,10.0,10.0,0.0,20.0,14.0,3.0,0,0.7,1620.0,62.0,0,1.8778157374373483,-2.316152393098142,-0.5521462253135105,Tỷ lệ thêm giỏ/xem cao
fixture-user-5772,5.0,12.0,860.0,33.0,8.0,6.0,3,0.24242424242424243,2430.0,83.0,3,2.7201358279717427,1.0010280153705131,-0.43135310572761704,Doanh thu trung bình cao
fixture-user-5773,18.0,5.0,160.0,15.0,2.0,2.0,1,0.13333333333333333,930.0,33.0,2,-0.416368974045729,0.8413722469868408,-0.5202824835880352,Nhóm hành vi còn lại
fixture-user-5774,73.0,1.0,0.0,6.0,0.0,0.0,0,0.0,60.0,8.0,1,-4.951827114160079,-0.13461517315522942,-0.48185008826089964,Hoạt động gần nhất cách xa
fixture-user-5775,11.0,8.0,0.0,21.0,12.0,3.0,0,0.5714285714285714,1630.0,63.0,0,1.5440020110863266,-1.8916105529499507,-0.2894737393083827,Tỷ lệ thêm giỏ/xem cao
fixture-user-5776,6.0,13.0,880.0,34.0,9.0,6.0,3,0.2647058823529412,2440.0,84.0,3,2.793205514756805,0.9179893295870694,-0.3181395540304275,Doanh thu trung bình cao
fixture-user-5777,19.0,6.0,180.0,16.0,3.0,2.0,1,0.1875,940.0,34.0,2,-0.11506542133983415,0.6524097200437152,-0.47729764843711464,Nhóm hành vi còn lại
fixture-user-5778,74.0,2.0,0.0,7.0,0.0,0.0,0,0.0,70.0,9.0,1,-4.544300503596412,-0.08616879017803282,-0.28512883644029735,Hoạt động gần nhất cách xa
fixture-user-5779,12.0,9.0,0.0,22.0,13.0,3.0,0,0.5909090909090909,1640.0,64.0,0,1.6610803566223118,-1.956635720808595,-0.20216044539729697,Tỷ lệ thêm giỏ/xem cao
fixture-user-5780,7.0,14.0,900.0,35.0,10.0,6.0,3,0.2857142857142857,2450.0,85.0,3,2.865809296514496,0.8413885834551914,-0.21799543117210443,Doanh thu trung bình cao
fixture-user-5781,20.0,7.0,200.0,17.0,4.0,2.0,1,0.23529411764705882,950.0,35.0,2,0.1412081418293925,0.49422871537243757,-0.4309330555436214,Nhóm hành vi còn lại
fixture-user-5782,75.0,3.0,0.0,8.0,0.0,0.0,0,0.0,80.0,10.0,1,-4.226355602128988,-0.04652353682671037,-0.10556235721929748,Hoạt động gần nhất cách xa
fixture-user-5783,13.0,10.0,0.0,23.0,14.0,3.0,0,0.6086956521739131,1650.0,65.0,0,1.769348185040836,-2.015953016612214,-0.1188564273584944,Tỷ lệ thêm giỏ/xem cao
fixture-user-5784,8.0,12.0,920.0,36.0,8.0,6.0,3,0.2222222222222222,2460.0,86.0,3,2.6063737094369293,1.0851522433954928,-0.028162481097520817,Doanh thu trung bình cao
fixture-user-5785,21.0,5.0,220.0,18.0,2.0,2.0,1,0.1111111111111111,960.0,36.0,2,-0.331015161317517,1.017672557566975,-0.18189320559016225,Nhóm hành vi còn lại
fixture-user-5786,76.0,1.0,0.0,9.0,0.0,0.0,0,0.0,90.0,11.0,1,-4.5053809003710175,-0.051404916593935875,0.11674763187868262,Hoạt động gần nhất cách xa
fixture-user-5787,14.0,8.0,0.0,24.0,12.0,3.0,0,0.5,1660.0,66.0,0,1.4649328760198592,-1.6524200575582768,0.10500751195665843,Tỷ lệ thêm giỏ/xem cao
fixture-user-5788,9.0,13.0,940.0,37.0,9.0,6.0,3,0.24324324324324326,2470.0,87.0,3,2.6956818339500837,1.0065237107878025,0.05075676314821963,Doanh thu trung bình cao
fixture-user-5789,22.0,6.0,240.0,19.0,3.0,2.0,1,0.15789473684210525,970.0,37.0,2,-0.045442287582045944,0.842002022281944,-0.14614921568949865,Nhóm hành vi còn lại
fixture-user-5790,77.0,2.0,0.0,10.0,0.0,0.0,0,0.0,100.0,12.0,1,-4.145933218700002,-0.012175282230817307,0.25338192247508057,Hoạt động gần nhất cách xa
fixture-user-5791,15.0,9.0,0.0,25.0,13.0,3.0,0,0.52,1670.0,67.0,0,1.5853970707566725,-1.7197729720568595,0.17473155318197717,Tỷ lệ thêm giỏ/xem cao
fixture-user-5792,10.0,14.0,960.0,38.0,10.0,6.0,3,0.2631578947368421,2480.0,88.0,3,2.7805820478578775,0.9335515526720264,0.12366456013755259,Doanh thu trung bình cao
fixture-user-5793,23.0,7.0,260.0,20.0,4.0,2.0,1,0.2,980.0,38.0,2,0.19806579033115437,0.6934432518431779,-0.10747748554529173,Nhóm hành vi còn lại
fixture-user-5794,78.0,3.0,0.0,11.0,0.0,0.0,0,0.0,110.0,13.0,1,-3.866786492395833,0.020083464757670286,0.3842998554068919,Hoạt động gần nhất cách xa
fixture-user-5795,16.0,10.0,0.0,26.0,14.0,3.0,0,0.5384615384615384,1680.0,68.0,0,1.696701628351615,-1.7818534565886186,0.24216164621576905,Tỷ lệ thêm giỏ/xem cao
fixture-user-5796,11.0,12.0,980.0,39.0,8.0,6.0,3,0.20512820512820512,2490.0,89.0,3,2.539096994000912,1.1608947269527035,0.2849645070861152,Doanh thu trung bình cao
fixture-user-5797,24.0,5.0,280.0,21.0,2.0,2.0,1,0.09523809523809523,990.0,39.0,2,-0.2535021844261599,1.1515543709784555,0.11036450120739257,Nhóm hành vi còn lại
fixture-user-5798,79.0,1.0,0.0,12.0,0.0,0.0,0,0.0,120.0,14.0,1,-4.177806227183311,0.009148059352104415,0.5663777413394052,Hoạt động gần nhất cách xa
fixture-user-5799,17.0,8.0,0.0,27.0,12.0,3.0,0,0.4444444444444444,1690.0,69.0,0,1.4131920056243967,-1.4634770190954087,0.43800042229131814,Tỷ lệ thêm giỏ/xem cao
fixture-user-5800,12.0,13.0,1000.0,40.0,9.0,6.0,3,0.225,2500.0,90.0,3,2.6355970708016336,1.085750837529916,0.34560189762492727,Doanh thu trung bình cao
fixture-user-5801,25.0,6.0,300.0,22.0,3.0,2.0,1,0.13636363636363635,1000.0,40.0,2,0.020448779079346835,0.987424175304437,0.14043401059775606,Nhóm hành vi còn lại
fixture-user-5802,80.0,2.0,0.0,13.0,0.0,0.0,0,0.0,130.0,15.0,1,-3.8452080923989924,0.04332455321405482,0.6691606922603189,Hoạt động gần nhất cách xa
fixture-user-5803,18.0,9.0,0.0,28.0,13.0,3.0,0,0.4642857142857143,1700.0,70.0,0,1.534830031286699,-1.5309960415171668,0.49554732017099296,Tỷ lệ thêm giỏ/xem cao
fixture-user-5804,13.0,14.0,1020.0,41.0,10.0,6.0,3,0.24390243902439024,2510.0,91.0,3,2.7262823845513653,1.0157588009747183,0.4029662204898221,Doanh thu trung bình cao
fixture-user-5805,26.0,7.0,320.0,23.0,4.0,2.0,1,0.17391304347826086,1010.0,41.0,2,0.2541908963254575,0.8477774875328858,0.17321533289513408,Nhóm hành vi còn lại
fixture-user-5806,81.0,3.0,0.0,14.0,0.0,0.0,0,0.0,140.0,16.0,1,-3.58892156885437,0.07130138670265128,0.7711842983243252,Hoạt động gần nhất cách xa
fixture-user-5807,19.0,10.0,0.0,29.0,14.0,3.0,0,0.4827586206896552,1710.0,71.0,0,1.6472575587743377,-1.5937242188893985,0.5517615405408011,Tỷ lệ thêm giỏ/xem cao
fixture-user-5808,14.0,12.0,1040.0,42.0,8.0,6.0,3,0.19047619047619047,2520.0,92.0,3,2.49670495094491,1.2290037398474845,0.5454645736096191,Doanh thu trung bình cao
fixture-user-5809,27.0,5.0,340.0,24.0,2.0,2.0,1,0.08333333333333333,1020.0,42.0,2,-0.18230360796635595,1.2586072038036613,0.3675912090530475,Nhóm hành vi còn lại
fixture-user-5810,82.0,1.0,0.0,15.0,0.0,0.0,0,0.0,150.0,17.0,1,-3.9196432407459767,0.05669108652696236,0.9282979885680404,Hoạt động gần nhất cách xa
fixture-user-5811,20.0,8.0,0.0,30.0,12.0,3.0,0,0.4,1720.0,72.0,0,1.3793488527403,-1.3100407571216666,0.7263442280480706,Tỷ lệ thêm giỏ/xem cao
fixture-user-5812,15.0,13.0,1060.0,43.0,9.0,6.0,3,0.20930232558139536,2530.0,93.0,3,2.5967783052258118,1.1568322528607358,0.5946167775727039,Doanh thu trung bình cao
fixture-user-5813,28.0,6.0,360.0,25.0,3.0,2.0,1,0.12,1030.0,43.0,2,0.08266019726750658,1.1041566022540645,0.39313910571678706,Nhóm hành vi còn lại
fixture-user-5814,83.0,2.0,0.0,16.0,0.0,0.0,0,0.0,160.0,18.0,1,-3.604202552262844,0.08767912367278557,1.0092869375057245,Hoạt động gần nhất cách xa
fixture-user-5815,21.0,9.0,0.0,31.0,13.0,3.0,0,0.41935483870967744,1730.0,73.0,0,1.501059534575714,-1.376636657189004,0.7749808036540073,Tỷ lệ thêm giỏ/xem cao
fixture-user-5816,16.0,14.0,1080.0,44.0,10.0,6.0,3,0.22727272727272727,2540.0,94.0,3,2.690427951437499,1.0894358139626867,0.6418324646043475,Doanh thu trung bình cao
fixture-user-5817,29.0,7.0,380.0,26.0,4.0,2.0,1,0.15384615384615385,1040.0,44.0,2,0.3086623039800275,0.9723028927926293,0.4212803240192725,Nhóm hành vi còn lại
fixture-user-5818,84.0,3.0,0.0,17.0,0.0,0.0,0,0.0,170.0,19.0,1,-3.3629925377313117,0.11286336793280101,1.0921119219662825,Hoạt động gần nhất cách xa
fixture-user-5819,22.0,10.0,0.0,32.0,14.0,3.0,0,0.4375,1740.0,74.0,0,1.6136201785899058,-1.438893929708042,0.822869682767591,Tỷ lệ thêm giỏ/xem cao
fixture-user-5820,2.0,12.0,800.0,30.0,8.0,6.0,3,0.26666666666666666,2400.0,80.0,3,2.949000201807968,0.9104099322153842,-1.040664161835835,Doanh thu trung bình cao
fixture-user-5821,15.0,5.0,100.0,12.0,2.0,2.0,1,0.16666666666666666,900.0,30.0,2,-0.5125113090819994,0.5888915999238798,-0.9213435417374367,Nhóm hành vi còn lại
fixture-user-5822,70.0,1.0,0.0,3.0,0.0,0.0,0,0.0,30.0,5.0,1,-5.653074755432996,-0.26751935962468665,-1.3948414954693151,Hoạt động gần nhất cách xa
fixture-user-5823,8.0,8.0,0.0,18.0,12.0,3.0,0,0.6666666666666666,1600.0,60.0,0,1.667619505045523,-2.2053810991863303,-0.7744155991773559,Tỷ lệ thêm giỏ/xem cao
fixture-user-5824,3.0,13.0,820.0,31.0,9.0,6.0,3,0.2903225806451613,2410.0,81.0,3,2.9722504279555224,0.8202064154922466,-0.8360402617366788,Doanh thu trung bình cao
fixture-user-5825,16.0,6.0,120.0,13.0,3.0,2.0,1,0.23076923076923078,910.0,31.0,2,-0.18823476857859642,0.3875447576114711,-0.8693490403338631,Nhóm hành vi còn lại
fixture-user-5826,71.0,2.0,0.0,4.0,0.0,0.0,0,0.0,40.0,6.0,1,-5.132931592866225,-0.19697308259203808,-1.0600968999130056,Hoạt động gần nhất cách xa
fixture-user-5827,9.0,9.0,0.0,19.0,13.0,3.0,0,0.6842105263157895,1610.0,61.0,0,1.7765266448407788,-2.263702585114586,-0.6595478640554292,Tỷ lệ thêm giỏ/xem cao
fixture-user-5828,4.0,14.0,840.0,32.0,10.0,6.0,3,0.3125,2420.0,82.0,3,3.01229401895736,0.7383363392983261,-0.6738605748864045,Doanh thu trung bình cao
fixture-user-5829,17.0,7.0,140.0,14.0,4.0,2.0,1,0.2857142857142857,920.0,32.0,2,0.08566905022148885,0.22145490054473832,-0.8127372610551373,Nhóm hành vi còn lại
fixture-user-5830,72.0,3.0,0.0,5.0,0.0,0.0,0,0.0,50.0,7.0,1,-4.734049758831314,-0.1415652227069219,-0.7803874603946023,Hoạt động gần nhất cách xa
fixture-user-5831,10.0,10.0,0.0,20.0,14.0,3.0,0,0.7,1620.0,62.0,0,1.8778157374373483,-2.316152393098142,-0.5521462253135105,Tỷ lệ thêm giỏ/xem cao
fixture-user-5832,5.0,12.0,860.0,33.0,8.0,6.0,3,0.24242424242424243,2430.0,83.0,3,2.7201358279717427,1.0010280153705131,-0.43135310572761704,Doanh thu trung bình cao
fixture-user-5833,18.0,5.0,160.0,15.0,2.0,2.0,1,0.13333333333333333,930.0,33.0,2,-0.416368974045729,0.8413722469868408,-0.5202824835880352,Nhóm hành vi còn lại
fixture-user-5834,73.0,1.0,0.0,6.0,0.0,0.0,0,0.0,60.0,8.0,1,-4.951827114160079,-0.13461517315522942,-0.48185008826089964,Hoạt động gần nhất cách xa
fixture-user-5835,11.0,8.0,0.0,21.0,12.0,3.0,0,0.5714285714285714,1630.0,63.0,0,1.5440020110863266,-1.8916105529499507,-0.2894737393083827,Tỷ lệ thêm giỏ/xem cao
fixture-user-5836,6.0,13.0,880.0,34.0,9.0,6.0,3,0.2647058823529412,2440.0,84.0,3,2.793205514756805,0.9179893295870694,-0.3181395540304275,Doanh thu trung bình cao
fixture-user-5837,19.0,6.0,180.0,16.0,3.0,2.0,1,0.1875,940.0,34.0,2,-0.11506542133983415,0.6524097200437152,-0.47729764843711464,Nhóm hành vi còn lại
fixture-user-5838,74.0,2.0,0.0,7.0,0.0,0.0,0,0.0,70.0,9.0,1,-4.544300503596412,-0.08616879017803282,-0.28512883644029735,Hoạt động gần nhất cách xa
fixture-user-5839,12.0,9.0,0.0,22.0,13.0,3.0,0,0.5909090909090909,1640.0,64.0,0,1.6610803566223118,-1.956635720808595,-0.20216044539729697,Tỷ lệ thêm giỏ/xem cao
fixture-user-5840,7.0,14.0,900.0,35.0,10.0,6.0,3,0.2857142857142857,2450.0,85.0,3,2.865809296514496,0.8413885834551914,-0.21799543117210443,Doanh thu trung bình cao
fixture-user-5841,20.0,7.0,200.0,17.0,4.0,2.0,1,0.23529411764705882,950.0,35.0,2,0.1412081418293925,0.49422871537243757,-0.4309330555436214,Nhóm hành vi còn lại
fixture-user-5842,75.0,3.0,0.0,8.0,0.0,0.0,0,0.0,80.0,10.0,1,-4.226355602128988,-0.04652353682671037,-0.10556235721929748,Hoạt động gần nhất cách xa
fixture-user-5843,13.0,10.0,0.0,23.0,14.0,3.0,0,0.6086956521739131,1650.0,65.0,0,1.769348185040836,-2.015953016612214,-0.1188564273584944,Tỷ lệ thêm giỏ/xem cao
fixture-user-5844,8.0,12.0,920.0,36.0,8.0,6.0,3,0.2222222222222222,2460.0,86.0,3,2.6063737094369293,1.0851522433954928,-0.028162481097520817,Doanh thu trung bình cao
fixture-user-5845,21.0,5.0,220.0,18.0,2.0,2.0,1,0.1111111111111111,960.0,36.0,2,-0.331015161317517,1.017672557566975,-0.18189320559016225,Nhóm hành vi còn lại
fixture-user-5846,76.0,1.0,0.0,9.0,0.0,0.0,0,0.0,90.0,11.0,1,-4.5053809003710175,-0.051404916593935875,0.11674763187868262,Hoạt động gần nhất cách xa
fixture-user-5847,14.0,8.0,0.0,24.0,12.0,3.0,0,0.5,1660.0,66.0,0,1.4649328760198592,-1.6524200575582768,0.10500751195665843,Tỷ lệ thêm giỏ/xem cao
fixture-user-5848,9.0,13.0,940.0,37.0,9.0,6.0,3,0.24324324324324326,2470.0,87.0,3,2.6956818339500837,1.0065237107878025,0.05075676314821963,Doanh thu trung bình cao
fixture-user-5849,22.0,6.0,240.0,19.0,3.0,2.0,1,0.15789473684210525,970.0,37.0,2,-0.045442287582045944,0.842002022281944,-0.14614921568949865,Nhóm hành vi còn lại
fixture-user-5850,77.0,2.0,0.0,10.0,0.0,0.0,0,0.0,100.0,12.0,1,-4.145933218700002,-0.012175282230817307,0.25338192247508057,Hoạt động gần nhất cách xa
fixture-user-5851,15.0,9.0,0.0,25.0,13.0,3.0,0,0.52,1670.0,67.0,0,1.5853970707566725,-1.7197729720568595,0.17473155318197717,Tỷ lệ thêm giỏ/xem cao
fixture-user-5852,10.0,14.0,960.0,38.0,10.0,6.0,3,0.2631578947368421,2480.0,88.0,3,2.7805820478578775,0.9335515526720264,0.12366456013755259,Doanh thu trung bình cao
fixture-user-5853,23.0,7.0,260.0,20.0,4.0,2.0,1,0.2,980.0,38.0,2,0.19806579033115437,0.6934432518431779,-0.10747748554529173,Nhóm hành vi còn lại
fixture-user-5854,78.0,3.0,0.0,11.0,0.0,0.0,0,0.0,110.0,13.0,1,-3.866786492395833,0.020083464757670286,0.3842998554068919,Hoạt động gần nhất cách xa
fixture-user-5855,16.0,10.0,0.0,26.0,14.0,3.0,0,0.5384615384615384,1680.0,68.0,0,1.696701628351615,-1.7818534565886186,0.24216164621576905,Tỷ lệ thêm giỏ/xem cao
fixture-user-5856,11.0,12.0,980.0,39.0,8.0,6.0,3,0.20512820512820512,2490.0,89.0,3,2.539096994000912,1.1608947269527035,0.2849645070861152,Doanh thu trung bình cao
fixture-user-5857,24.0,5.0,280.0,21.0,2.0,2.0,1,0.09523809523809523,990.0,39.0,2,-0.2535021844261599,1.1515543709784555,0.11036450120739257,Nhóm hành vi còn lại
fixture-user-5858,79.0,1.0,0.0,12.0,0.0,0.0,0,0.0,120.0,14.0,1,-4.177806227183311,0.009148059352104415,0.5663777413394052,Hoạt động gần nhất cách xa
fixture-user-5859,17.0,8.0,0.0,27.0,12.0,3.0,0,0.4444444444444444,1690.0,69.0,0,1.4131920056243967,-1.4634770190954087,0.43800042229131814,Tỷ lệ thêm giỏ/xem cao
fixture-user-5860,12.0,13.0,1000.0,40.0,9.0,6.0,3,0.225,2500.0,90.0,3,2.6355970708016336,1.085750837529916,0.34560189762492727,Doanh thu trung bình cao
fixture-user-5861,25.0,6.0,300.0,22.0,3.0,2.0,1,0.13636363636363635,1000.0,40.0,2,0.020448779079346835,0.987424175304437,0.14043401059775606,Nhóm hành vi còn lại
fixture-user-5862,80.0,2.0,0.0,13.0,0.0,0.0,0,0.0,130.0,15.0,1,-3.8452080923989924,0.04332455321405482,0.6691606922603189,Hoạt động gần nhất cách xa
fixture-user-5863,18.0,9.0,0.0,28.0,13.0,3.0,0,0.4642857142857143,1700.0,70.0,0,1.534830031286699,-1.5309960415171668,0.49554732017099296,Tỷ lệ thêm giỏ/xem cao
fixture-user-5864,13.0,14.0,1020.0,41.0,10.0,6.0,3,0.24390243902439024,2510.0,91.0,3,2.7262823845513653,1.0157588009747183,0.4029662204898221,Doanh thu trung bình cao
fixture-user-5865,26.0,7.0,320.0,23.0,4.0,2.0,1,0.17391304347826086,1010.0,41.0,2,0.2541908963254575,0.8477774875328858,0.17321533289513408,Nhóm hành vi còn lại
fixture-user-5866,81.0,3.0,0.0,14.0,0.0,0.0,0,0.0,140.0,16.0,1,-3.58892156885437,0.07130138670265128,0.7711842983243252,Hoạt động gần nhất cách xa
fixture-user-5867,19.0,10.0,0.0,29.0,14.0,3.0,0,0.4827586206896552,1710.0,71.0,0,1.6472575587743377,-1.5937242188893985,0.5517615405408011,Tỷ lệ thêm giỏ/xem cao
fixture-user-5868,14.0,12.0,1040.0,42.0,8.0,6.0,3,0.19047619047619047,2520.0,92.0,3,2.49670495094491,1.2290037398474845,0.5454645736096191,Doanh thu trung bình cao
fixture-user-5869,27.0,5.0,340.0,24.0,2.0,2.0,1,0.08333333333333333,1020.0,42.0,2,-0.18230360796635595,1.2586072038036613,0.3675912090530475,Nhóm hành vi còn lại
fixture-user-5870,82.0,1.0,0.0,15.0,0.0,0.0,0,0.0,150.0,17.0,1,-3.9196432407459767,0.05669108652696236,0.9282979885680404,Hoạt động gần nhất cách xa
fixture-user-5871,20.0,8.0,0.0,30.0,12.0,3.0,0,0.4,1720.0,72.0,0,1.3793488527403,-1.3100407571216666,0.7263442280480706,Tỷ lệ thêm giỏ/xem cao
fixture-user-5872,15.0,13.0,1060.0,43.0,9.0,6.0,3,0.20930232558139536,2530.0,93.0,3,2.5967783052258118,1.1568322528607358,0.5946167775727039,Doanh thu trung bình cao
fixture-user-5873,28.0,6.0,360.0,25.0,3.0,2.0,1,0.12,1030.0,43.0,2,0.08266019726750658,1.1041566022540645,0.39313910571678706,Nhóm hành vi còn lại
fixture-user-5874,83.0,2.0,0.0,16.0,0.0,0.0,0,0.0,160.0,18.0,1,-3.604202552262844,0.08767912367278557,1.0092869375057245,Hoạt động gần nhất cách xa
fixture-user-5875,21.0,9.0,0.0,31.0,13.0,3.0,0,0.41935483870967744,1730.0,73.0,0,1.501059534575714,-1.376636657189004,0.7749808036540073,Tỷ lệ thêm giỏ/xem cao
fixture-user-5876,16.0,14.0,1080.0,44.0,10.0,6.0,3,0.22727272727272727,2540.0,94.0,3,2.690427951437499,1.0894358139626867,0.6418324646043475,Doanh thu trung bình cao
fixture-user-5877,29.0,7.0,380.0,26.0,4.0,2.0,1,0.15384615384615385,1040.0,44.0,2,0.3086623039800275,0.9723028927926293,0.4212803240192725,Nhóm hành vi còn lại
fixture-user-5878,84.0,3.0,0.0,17.0,0.0,0.0,0,0.0,170.0,19.0,1,-3.3629925377313117,0.11286336793280101,1.0921119219662825,Hoạt động gần nhất cách xa
fixture-user-5879,22.0,10.0,0.0,32.0,14.0,3.0,0,0.4375,1740.0,74.0,0,1.6136201785899058,-1.438893929708042,0.822869682767591,Tỷ lệ thêm giỏ/xem cao
fixture-user-5880,2.0,12.0,800.0,30.0,8.0,6.0,3,0.26666666666666666,2400.0,80.0,3,2.949000201807968,0.9104099322153842,-1.040664161835835,Doanh thu trung bình cao
fixture-user-5881,15.0,5.0,100.0,12.0,2.0,2.0,1,0.16666666666666666,900.0,30.0,2,-0.5125113090819994,0.5888915999238798,-0.9213435417374367,Nhóm hành vi còn lại
fixture-user-5882,70.0,1.0,0.0,3.0,0.0,0.0,0,0.0,30.0,5.0,1,-5.653074755432996,-0.26751935962468665,-1.3948414954693151,Hoạt động gần nhất cách xa
fixture-user-5883,8.0,8.0,0.0,18.0,12.0,3.0,0,0.6666666666666666,1600.0,60.0,0,1.667619505045523,-2.2053810991863303,-0.7744155991773559,Tỷ lệ thêm giỏ/xem cao
fixture-user-5884,3.0,13.0,820.0,31.0,9.0,6.0,3,0.2903225806451613,2410.0,81.0,3,2.9722504279555224,0.8202064154922466,-0.8360402617366788,Doanh thu trung bình cao
fixture-user-5885,16.0,6.0,120.0,13.0,3.0,2.0,1,0.23076923076923078,910.0,31.0,2,-0.18823476857859642,0.3875447576114711,-0.8693490403338631,Nhóm hành vi còn lại
fixture-user-5886,71.0,2.0,0.0,4.0,0.0,0.0,0,0.0,40.0,6.0,1,-5.132931592866225,-0.19697308259203808,-1.0600968999130056,Hoạt động gần nhất cách xa
fixture-user-5887,9.0,9.0,0.0,19.0,13.0,3.0,0,0.6842105263157895,1610.0,61.0,0,1.7765266448407788,-2.263702585114586,-0.6595478640554292,Tỷ lệ thêm giỏ/xem cao
fixture-user-5888,4.0,14.0,840.0,32.0,10.0,6.0,3,0.3125,2420.0,82.0,3,3.01229401895736,0.7383363392983261,-0.6738605748864045,Doanh thu trung bình cao
fixture-user-5889,17.0,7.0,140.0,14.0,4.0,2.0,1,0.2857142857142857,920.0,32.0,2,0.08566905022148885,0.22145490054473832,-0.8127372610551373,Nhóm hành vi còn lại
fixture-user-5890,72.0,3.0,0.0,5.0,0.0,0.0,0,0.0,50.0,7.0,1,-4.734049758831314,-0.1415652227069219,-0.7803874603946023,Hoạt động gần nhất cách xa
fixture-user-5891,10.0,10.0,0.0,20.0,14.0,3.0,0,0.7,1620.0,62.0,0,1.8778157374373483,-2.316152393098142,-0.5521462253135105,Tỷ lệ thêm giỏ/xem cao
fixture-user-5892,5.0,12.0,860.0,33.0,8.0,6.0,3,0.24242424242424243,2430.0,83.0,3,2.7201358279717427,1.0010280153705131,-0.43135310572761704,Doanh thu trung bình cao
fixture-user-5893,18.0,5.0,160.0,15.0,2.0,2.0,1,0.13333333333333333,930.0,33.0,2,-0.416368974045729,0.8413722469868408,-0.5202824835880352,Nhóm hành vi còn lại
fixture-user-5894,73.0,1.0,0.0,6.0,0.0,0.0,0,0.0,60.0,8.0,1,-4.951827114160079,-0.13461517315522942,-0.48185008826089964,Hoạt động gần nhất cách xa
fixture-user-5895,11.0,8.0,0.0,21.0,12.0,3.0,0,0.5714285714285714,1630.0,63.0,0,1.5440020110863266,-1.8916105529499507,-0.2894737393083827,Tỷ lệ thêm giỏ/xem cao
fixture-user-5896,6.0,13.0,880.0,34.0,9.0,6.0,3,0.2647058823529412,2440.0,84.0,3,2.793205514756805,0.9179893295870694,-0.3181395540304275,Doanh thu trung bình cao
fixture-user-5897,19.0,6.0,180.0,16.0,3.0,2.0,1,0.1875,940.0,34.0,2,-0.11506542133983415,0.6524097200437152,-0.47729764843711464,Nhóm hành vi còn lại
fixture-user-5898,74.0,2.0,0.0,7.0,0.0,0.0,0,0.0,70.0,9.0,1,-4.544300503596412,-0.08616879017803282,-0.28512883644029735,Hoạt động gần nhất cách xa
fixture-user-5899,12.0,9.0,0.0,22.0,13.0,3.0,0,0.5909090909090909,1640.0,64.0,0,1.6610803566223118,-1.956635720808595,-0.20216044539729697,Tỷ lệ thêm giỏ/xem cao
fixture-user-5900,7.0,14.0,900.0,35.0,10.0,6.0,3,0.2857142857142857,2450.0,85.0,3,2.865809296514496,0.8413885834551914,-0.21799543117210443,Doanh thu trung bình cao
fixture-user-5901,20.0,7.0,200.0,17.0,4.0,2.0,1,0.23529411764705882,950.0,35.0,2,0.1412081418293925,0.49422871537243757,-0.4309330555436214,Nhóm hành vi còn lại
fixture-user-5902,75.0,3.0,0.0,8.0,0.0,0.0,0,0.0,80.0,10.0,1,-4.226355602128988,-0.04652353682671037,-0.10556235721929748,Hoạt động gần nhất cách xa
fixture-user-5903,13.0,10.0,0.0,23.0,14.0,3.0,0,0.6086956521739131,1650.0,65.0,0,1.769348185040836,-2.015953016612214,-0.1188564273584944,Tỷ lệ thêm giỏ/xem cao
fixture-user-5904,8.0,12.0,920.0,36.0,8.0,6.0,3,0.2222222222222222,2460.0,86.0,3,2.6063737094369293,1.0851522433954928,-0.028162481097520817,Doanh thu trung bình cao
fixture-user-5905,21.0,5.0,220.0,18.0,2.0,2.0,1,0.1111111111111111,960.0,36.0,2,-0.331015161317517,1.017672557566975,-0.18189320559016225,Nhóm hành vi còn lại
fixture-user-5906,76.0,1.0,0.0,9.0,0.0,0.0,0,0.0,90.0,11.0,1,-4.5053809003710175,-0.051404916593935875,0.11674763187868262,Hoạt động gần nhất cách xa
fixture-user-5907,14.0,8.0,0.0,24.0,12.0,3.0,0,0.5,1660.0,66.0,0,1.4649328760198592,-1.6524200575582768,0.10500751195665843,Tỷ lệ thêm giỏ/xem cao
fixture-user-5908,9.0,13.0,940.0,37.0,9.0,6.0,3,0.24324324324324326,2470.0,87.0,3,2.6956818339500837,1.0065237107878025,0.05075676314821963,Doanh thu trung bình cao
fixture-user-5909,22.0,6.0,240.0,19.0,3.0,2.0,1,0.15789473684210525,970.0,37.0,2,-0.045442287582045944,0.842002022281944,-0.14614921568949865,Nhóm hành vi còn lại
fixture-user-5910,77.0,2.0,0.0,10.0,0.0,0.0,0,0.0,100.0,12.0,1,-4.145933218700002,-0.012175282230817307,0.25338192247508057,Hoạt động gần nhất cách xa
fixture-user-5911,15.0,9.0,0.0,25.0,13.0,3.0,0,0.52,1670.0,67.0,0,1.5853970707566725,-1.7197729720568595,0.17473155318197717,Tỷ lệ thêm giỏ/xem cao
fixture-user-5912,10.0,14.0,960.0,38.0,10.0,6.0,3,0.2631578947368421,2480.0,88.0,3,2.7805820478578775,0.9335515526720264,0.12366456013755259,Doanh thu trung bình cao
fixture-user-5913,23.0,7.0,260.0,20.0,4.0,2.0,1,0.2,980.0,38.0,2,0.19806579033115437,0.6934432518431779,-0.10747748554529173,Nhóm hành vi còn lại
fixture-user-5914,78.0,3.0,0.0,11.0,0.0,0.0,0,0.0,110.0,13.0,1,-3.866786492395833,0.020083464757670286,0.3842998554068919,Hoạt động gần nhất cách xa
fixture-user-5915,16.0,10.0,0.0,26.0,14.0,3.0,0,0.5384615384615384,1680.0,68.0,0,1.696701628351615,-1.7818534565886186,0.24216164621576905,Tỷ lệ thêm giỏ/xem cao
fixture-user-5916,11.0,12.0,980.0,39.0,8.0,6.0,3,0.20512820512820512,2490.0,89.0,3,2.539096994000912,1.1608947269527035,0.2849645070861152,Doanh thu trung bình cao
fixture-user-5917,24.0,5.0,280.0,21.0,2.0,2.0,1,0.09523809523809523,990.0,39.0,2,-0.2535021844261599,1.1515543709784555,0.11036450120739257,Nhóm hành vi còn lại
fixture-user-5918,79.0,1.0,0.0,12.0,0.0,0.0,0,0.0,120.0,14.0,1,-4.177806227183311,0.009148059352104415,0.5663777413394052,Hoạt động gần nhất cách xa
fixture-user-5919,17.0,8.0,0.0,27.0,12.0,3.0,0,0.4444444444444444,1690.0,69.0,0,1.4131920056243967,-1.4634770190954087,0.43800042229131814,Tỷ lệ thêm giỏ/xem cao
fixture-user-5920,12.0,13.0,1000.0,40.0,9.0,6.0,3,0.225,2500.0,90.0,3,2.6355970708016336,1.085750837529916,0.34560189762492727,Doanh thu trung bình cao
fixture-user-5921,25.0,6.0,300.0,22.0,3.0,2.0,1,0.13636363636363635,1000.0,40.0,2,0.020448779079346835,0.987424175304437,0.14043401059775606,Nhóm hành vi còn lại
fixture-user-5922,80.0,2.0,0.0,13.0,0.0,0.0,0,0.0,130.0,15.0,1,-3.8452080923989924,0.04332455321405482,0.6691606922603189,Hoạt động gần nhất cách xa
fixture-user-5923,18.0,9.0,0.0,28.0,13.0,3.0,0,0.4642857142857143,1700.0,70.0,0,1.534830031286699,-1.5309960415171668,0.49554732017099296,Tỷ lệ thêm giỏ/xem cao
fixture-user-5924,13.0,14.0,1020.0,41.0,10.0,6.0,3,0.24390243902439024,2510.0,91.0,3,2.7262823845513653,1.0157588009747183,0.4029662204898221,Doanh thu trung bình cao
fixture-user-5925,26.0,7.0,320.0,23.0,4.0,2.0,1,0.17391304347826086,1010.0,41.0,2,0.2541908963254575,0.8477774875328858,0.17321533289513408,Nhóm hành vi còn lại
fixture-user-5926,81.0,3.0,0.0,14.0,0.0,0.0,0,0.0,140.0,16.0,1,-3.58892156885437,0.07130138670265128,0.7711842983243252,Hoạt động gần nhất cách xa
fixture-user-5927,19.0,10.0,0.0,29.0,14.0,3.0,0,0.4827586206896552,1710.0,71.0,0,1.6472575587743377,-1.5937242188893985,0.5517615405408011,Tỷ lệ thêm giỏ/xem cao
fixture-user-5928,14.0,12.0,1040.0,42.0,8.0,6.0,3,0.19047619047619047,2520.0,92.0,3,2.49670495094491,1.2290037398474845,0.5454645736096191,Doanh thu trung bình cao
fixture-user-5929,27.0,5.0,340.0,24.0,2.0,2.0,1,0.08333333333333333,1020.0,42.0,2,-0.18230360796635595,1.2586072038036613,0.3675912090530475,Nhóm hành vi còn lại
fixture-user-5930,82.0,1.0,0.0,15.0,0.0,0.0,0,0.0,150.0,17.0,1,-3.9196432407459767,0.05669108652696236,0.9282979885680404,Hoạt động gần nhất cách xa
fixture-user-5931,20.0,8.0,0.0,30.0,12.0,3.0,0,0.4,1720.0,72.0,0,1.3793488527403,-1.3100407571216666,0.7263442280480706,Tỷ lệ thêm giỏ/xem cao
fixture-user-5932,15.0,13.0,1060.0,43.0,9.0,6.0,3,0.20930232558139536,2530.0,93.0,3,2.5967783052258118,1.1568322528607358,0.5946167775727039,Doanh thu trung bình cao
fixture-user-5933,28.0,6.0,360.0,25.0,3.0,2.0,1,0.12,1030.0,43.0,2,0.08266019726750658,1.1041566022540645,0.39313910571678706,Nhóm hành vi còn lại
fixture-user-5934,83.0,2.0,0.0,16.0,0.0,0.0,0,0.0,160.0,18.0,1,-3.604202552262844,0.08767912367278557,1.0092869375057245,Hoạt động gần nhất cách xa
fixture-user-5935,21.0,9.0,0.0,31.0,13.0,3.0,0,0.41935483870967744,1730.0,73.0,0,1.501059534575714,-1.376636657189004,0.7749808036540073,Tỷ lệ thêm giỏ/xem cao
fixture-user-5936,16.0,14.0,1080.0,44.0,10.0,6.0,3,0.22727272727272727,2540.0,94.0,3,2.690427951437499,1.0894358139626867,0.6418324646043475,Doanh thu trung bình cao
fixture-user-5937,29.0,7.0,380.0,26.0,4.0,2.0,1,0.15384615384615385,1040.0,44.0,2,0.3086623039800275,0.9723028927926293,0.4212803240192725,Nhóm hành vi còn lại
fixture-user-5938,84.0,3.0,0.0,17.0,0.0,0.0,0,0.0,170.0,19.0,1,-3.3629925377313117,0.11286336793280101,1.0921119219662825,Hoạt động gần nhất cách xa
fixture-user-5939,22.0,10.0,0.0,32.0,14.0,3.0,0,0.4375,1740.0,74.0,0,1.6136201785899058,-1.438893929708042,0.822869682767591,Tỷ lệ thêm giỏ/xem cao
fixture-user-5940,2.0,12.0,800.0,30.0,8.0,6.0,3,0.26666666666666666,2400.0,80.0,3,2.949000201807968,0.9104099322153842,-1.040664161835835,Doanh thu trung bình cao
fixture-user-5941,15.0,5.0,100.0,12.0,2.0,2.0,1,0.16666666666666666,900.0,30.0,2,-0.5125113090819994,0.5888915999238798,-0.9213435417374367,Nhóm hành vi còn lại
fixture-user-5942,70.0,1.0,0.0,3.0,0.0,0.0,0,0.0,30.0,5.0,1,-5.653074755432996,-0.26751935962468665,-1.3948414954693151,Hoạt động gần nhất cách xa
fixture-user-5943,8.0,8.0,0.0,18.0,12.0,3.0,0,0.6666666666666666,1600.0,60.0,0,1.667619505045523,-2.2053810991863303,-0.7744155991773559,Tỷ lệ thêm giỏ/xem cao
fixture-user-5944,3.0,13.0,820.0,31.0,9.0,6.0,3,0.2903225806451613,2410.0,81.0,3,2.9722504279555224,0.8202064154922466,-0.8360402617366788,Doanh thu trung bình cao
fixture-user-5945,16.0,6.0,120.0,13.0,3.0,2.0,1,0.23076923076923078,910.0,31.0,2,-0.18823476857859642,0.3875447576114711,-0.8693490403338631,Nhóm hành vi còn lại
fixture-user-5946,71.0,2.0,0.0,4.0,0.0,0.0,0,0.0,40.0,6.0,1,-5.132931592866225,-0.19697308259203808,-1.0600968999130056,Hoạt động gần nhất cách xa
fixture-user-5947,9.0,9.0,0.0,19.0,13.0,3.0,0,0.6842105263157895,1610.0,61.0,0,1.7765266448407788,-2.263702585114586,-0.6595478640554292,Tỷ lệ thêm giỏ/xem cao
fixture-user-5948,4.0,14.0,840.0,32.0,10.0,6.0,3,0.3125,2420.0,82.0,3,3.01229401895736,0.7383363392983261,-0.6738605748864045,Doanh thu trung bình cao
fixture-user-5949,17.0,7.0,140.0,14.0,4.0,2.0,1,0.2857142857142857,920.0,32.0,2,0.08566905022148885,0.22145490054473832,-0.8127372610551373,Nhóm hành vi còn lại
fixture-user-5950,72.0,3.0,0.0,5.0,0.0,0.0,0,0.0,50.0,7.0,1,-4.734049758831314,-0.1415652227069219,-0.7803874603946023,Hoạt động gần nhất cách xa
fixture-user-5951,10.0,10.0,0.0,20.0,14.0,3.0,0,0.7,1620.0,62.0,0,1.8778157374373483,-2.316152393098142,-0.5521462253135105,Tỷ lệ thêm giỏ/xem cao
fixture-user-5952,5.0,12.0,860.0,33.0,8.0,6.0,3,0.24242424242424243,2430.0,83.0,3,2.7201358279717427,1.0010280153705131,-0.43135310572761704,Doanh thu trung bình cao
fixture-user-5953,18.0,5.0,160.0,15.0,2.0,2.0,1,0.13333333333333333,930.0,33.0,2,-0.416368974045729,0.8413722469868408,-0.5202824835880352,Nhóm hành vi còn lại
fixture-user-5954,73.0,1.0,0.0,6.0,0.0,0.0,0,0.0,60.0,8.0,1,-4.951827114160079,-0.13461517315522942,-0.48185008826089964,Hoạt động gần nhất cách xa
fixture-user-5955,11.0,8.0,0.0,21.0,12.0,3.0,0,0.5714285714285714,1630.0,63.0,0,1.5440020110863266,-1.8916105529499507,-0.2894737393083827,Tỷ lệ thêm giỏ/xem cao
fixture-user-5956,6.0,13.0,880.0,34.0,9.0,6.0,3,0.2647058823529412,2440.0,84.0,3,2.793205514756805,0.9179893295870694,-0.3181395540304275,Doanh thu trung bình cao
fixture-user-5957,19.0,6.0,180.0,16.0,3.0,2.0,1,0.1875,940.0,34.0,2,-0.11506542133983415,0.6524097200437152,-0.47729764843711464,Nhóm hành vi còn lại
fixture-user-5958,74.0,2.0,0.0,7.0,0.0,0.0,0,0.0,70.0,9.0,1,-4.544300503596412,-0.08616879017803282,-0.28512883644029735,Hoạt động gần nhất cách xa
fixture-user-5959,12.0,9.0,0.0,22.0,13.0,3.0,0,0.5909090909090909,1640.0,64.0,0,1.6610803566223118,-1.956635720808595,-0.20216044539729697,Tỷ lệ thêm giỏ/xem cao
fixture-user-5960,7.0,14.0,900.0,35.0,10.0,6.0,3,0.2857142857142857,2450.0,85.0,3,2.865809296514496,0.8413885834551914,-0.21799543117210443,Doanh thu trung bình cao
fixture-user-5961,20.0,7.0,200.0,17.0,4.0,2.0,1,0.23529411764705882,950.0,35.0,2,0.1412081418293925,0.49422871537243757,-0.4309330555436214,Nhóm hành vi còn lại
fixture-user-5962,75.0,3.0,0.0,8.0,0.0,0.0,0,0.0,80.0,10.0,1,-4.226355602128988,-0.04652353682671037,-0.10556235721929748,Hoạt động gần nhất cách xa
fixture-user-5963,13.0,10.0,0.0,23.0,14.0,3.0,0,0.6086956521739131,1650.0,65.0,0,1.769348185040836,-2.015953016612214,-0.1188564273584944,Tỷ lệ thêm giỏ/xem cao
fixture-user-5964,8.0,12.0,920.0,36.0,8.0,6.0,3,0.2222222222222222,2460.0,86.0,3,2.6063737094369293,1.0851522433954928,-0.028162481097520817,Doanh thu trung bình cao
fixture-user-5965,21.0,5.0,220.0,18.0,2.0,2.0,1,0.1111111111111111,960.0,36.0,2,-0.331015161317517,1.017672557566975,-0.18189320559016225,Nhóm hành vi còn lại
fixture-user-5966,76.0,1.0,0.0,9.0,0.0,0.0,0,0.0,90.0,11.0,1,-4.5053809003710175,-0.051404916593935875,0.11674763187868262,Hoạt động gần nhất cách xa
fixture-user-5967,14.0,8.0,0.0,24.0,12.0,3.0,0,0.5,1660.0,66.0,0,1.4649328760198592,-1.6524200575582768,0.10500751195665843,Tỷ lệ thêm giỏ/xem cao
fixture-user-5968,9.0,13.0,940.0,37.0,9.0,6.0,3,0.24324324324324326,2470.0,87.0,3,2.6956818339500837,1.0065237107878025,0.05075676314821963,Doanh thu trung bình cao
fixture-user-5969,22.0,6.0,240.0,19.0,3.0,2.0,1,0.15789473684210525,970.0,37.0,2,-0.045442287582045944,0.842002022281944,-0.14614921568949865,Nhóm hành vi còn lại
fixture-user-5970,77.0,2.0,0.0,10.0,0.0,0.0,0,0.0,100.0,12.0,1,-4.145933218700002,-0.012175282230817307,0.25338192247508057,Hoạt động gần nhất cách xa
fixture-user-5971,15.0,9.0,0.0,25.0,13.0,3.0,0,0.52,1670.0,67.0,0,1.5853970707566725,-1.7197729720568595,0.17473155318197717,Tỷ lệ thêm giỏ/xem cao
fixture-user-5972,10.0,14.0,960.0,38.0,10.0,6.0,3,0.2631578947368421,2480.0,88.0,3,2.7805820478578775,0.9335515526720264,0.12366456013755259,Doanh thu trung bình cao
fixture-user-5973,23.0,7.0,260.0,20.0,4.0,2.0,1,0.2,980.0,38.0,2,0.19806579033115437,0.6934432518431779,-0.10747748554529173,Nhóm hành vi còn lại
fixture-user-5974,78.0,3.0,0.0,11.0,0.0,0.0,0,0.0,110.0,13.0,1,-3.866786492395833,0.020083464757670286,0.3842998554068919,Hoạt động gần nhất cách xa
fixture-user-5975,16.0,10.0,0.0,26.0,14.0,3.0,0,0.5384615384615384,1680.0,68.0,0,1.696701628351615,-1.7818534565886186,0.24216164621576905,Tỷ lệ thêm giỏ/xem cao
fixture-user-5976,11.0,12.0,980.0,39.0,8.0,6.0,3,0.20512820512820512,2490.0,89.0,3,2.539096994000912,1.1608947269527035,0.2849645070861152,Doanh thu trung bình cao
fixture-user-5977,24.0,5.0,280.0,21.0,2.0,2.0,1,0.09523809523809523,990.0,39.0,2,-0.2535021844261599,1.1515543709784555,0.11036450120739257,Nhóm hành vi còn lại
fixture-user-5978,79.0,1.0,0.0,12.0,0.0,0.0,0,0.0,120.0,14.0,1,-4.177806227183311,0.009148059352104415,0.5663777413394052,Hoạt động gần nhất cách xa
fixture-user-5979,17.0,8.0,0.0,27.0,12.0,3.0,0,0.4444444444444444,1690.0,69.0,0,1.4131920056243967,-1.4634770190954087,0.43800042229131814,Tỷ lệ thêm giỏ/xem cao
fixture-user-5980,12.0,13.0,1000.0,40.0,9.0,6.0,3,0.225,2500.0,90.0,3,2.6355970708016336,1.085750837529916,0.34560189762492727,Doanh thu trung bình cao
fixture-user-5981,25.0,6.0,300.0,22.0,3.0,2.0,1,0.13636363636363635,1000.0,40.0,2,0.020448779079346835,0.987424175304437,0.14043401059775606,Nhóm hành vi còn lại
fixture-user-5982,80.0,2.0,0.0,13.0,0.0,0.0,0,0.0,130.0,15.0,1,-3.8452080923989924,0.04332455321405482,0.6691606922603189,Hoạt động gần nhất cách xa
fixture-user-5983,18.0,9.0,0.0,28.0,13.0,3.0,0,0.4642857142857143,1700.0,70.0,0,1.534830031286699,-1.5309960415171668,0.49554732017099296,Tỷ lệ thêm giỏ/xem cao
fixture-user-5984,13.0,14.0,1020.0,41.0,10.0,6.0,3,0.24390243902439024,2510.0,91.0,3,2.7262823845513653,1.0157588009747183,0.4029662204898221,Doanh thu trung bình cao
fixture-user-5985,26.0,7.0,320.0,23.0,4.0,2.0,1,0.17391304347826086,1010.0,41.0,2,0.2541908963254575,0.8477774875328858,0.17321533289513408,Nhóm hành vi còn lại
fixture-user-5986,81.0,3.0,0.0,14.0,0.0,0.0,0,0.0,140.0,16.0,1,-3.58892156885437,0.07130138670265128,0.7711842983243252,Hoạt động gần nhất cách xa
fixture-user-5987,19.0,10.0,0.0,29.0,14.0,3.0,0,0.4827586206896552,1710.0,71.0,0,1.6472575587743377,-1.5937242188893985,0.5517615405408011,Tỷ lệ thêm giỏ/xem cao
fixture-user-5988,14.0,12.0,1040.0,42.0,8.0,6.0,3,0.19047619047619047,2520.0,92.0,3,2.49670495094491,1.2290037398474845,0.5454645736096191,Doanh thu trung bình cao
fixture-user-5989,27.0,5.0,340.0,24.0,2.0,2.0,1,0.08333333333333333,1020.0,42.0,2,-0.18230360796635595,1.2586072038036613,0.3675912090530475,Nhóm hành vi còn lại
fixture-user-5990,82.0,1.0,0.0,15.0,0.0,0.0,0,0.0,150.0,17.0,1,-3.9196432407459767,0.05669108652696236,0.9282979885680404,Hoạt động gần nhất cách xa
fixture-user-5991,20.0,8.0,0.0,30.0,12.0,3.0,0,0.4,1720.0,72.0,0,1.3793488527403,-1.3100407571216666,0.7263442280480706,Tỷ lệ thêm giỏ/xem cao
fixture-user-5992,15.0,13.0,1060.0,43.0,9.0,6.0,3,0.20930232558139536,2530.0,93.0,3,2.5967783052258118,1.1568322528607358,0.5946167775727039,Doanh thu trung bình cao
fixture-user-5993,28.0,6.0,360.0,25.0,3.0,2.0,1,0.12,1030.0,43.0,2,0.08266019726750658,1.1041566022540645,0.39313910571678706,Nhóm hành vi còn lại
fixture-user-5994,83.0,2.0,0.0,16.0,0.0,0.0,0,0.0,160.0,18.0,1,-3.604202552262844,0.08767912367278557,1.0092869375057245,Hoạt động gần nhất cách xa
fixture-user-5995,21.0,9.0,0.0,31.0,13.0,3.0,0,0.41935483870967744,1730.0,73.0,0,1.501059534575714,-1.376636657189004,0.7749808036540073,Tỷ lệ thêm giỏ/xem cao
fixture-user-5996,16.0,14.0,1080.0,44.0,10.0,6.0,3,0.22727272727272727,2540.0,94.0,3,2.690427951437499,1.0894358139626867,0.6418324646043475,Doanh thu trung bình cao
fixture-user-5997,29.0,7.0,380.0,26.0,4.0,2.0,1,0.15384615384615385,1040.0,44.0,2,0.3086623039800275,0.9723028927926293,0.4212803240192725,Nhóm hành vi còn lại
fixture-user-5998,84.0,3.0,0.0,17.0,0.0,0.0,0,0.0,170.0,19.0,1,-3.3629925377313117,0.11286336793280101,1.0921119219662825,Hoạt động gần nhất cách xa
fixture-user-5999,22.0,10.0,0.0,32.0,14.0,3.0,0,0.4375,1740.0,74.0,0,1.6136201785899058,-1.438893929708042,0.822869682767591,Tỷ lệ thêm giỏ/xem cao
