user_pseudo_id,recency_days,total_sessions,monetary_value,total_engagement_sec,total_pageviews,items_viewed_count,items_added_to_cart_count,cart_to_view_ratio,purchase_count,primary_device,primary_channel,cluster_id,pca_2d_x,pca_2d_y,pca_3d_x,pca_3d_y,pca_3d_z,persona_name,persona_color
8666667.26104133,21,1,181.3,120.4,2,42,5,0.119,1,desktop,Organic Search,2,2.998,-2.7616,2.998,-2.7616,-1.1992,Loyal Champions (VIPs),#10B981
1237757.67592184,20,2,201.21,308.4,12,32,4,0.125,1,tablet,Paid Search,2,2.8266,0.2274,2.8266,0.2274,-1.3155,Loyal Champions (VIPs),#10B981
4289298.52054155,22,1,685.94,176.4,4,17,4,0.235,5,desktop,Referral,2,4.0062,-1.8447,4.0062,-1.8447,-2.8054,Loyal Champions (VIPs),#10B981
1718452.43345047,4,1,558.68,162.7,4,31,5,0.161,4,desktop,Organic Search,2,4.956,-1.9103,4.956,-1.9103,-2.6088,Loyal Champions (VIPs),#10B981
6791059.41942559,2,2,339.91,191.7,7,22,5,0.227,4,desktop,Paid Search,2,5.1045,-0.6986,5.1045,-0.6986,-2.3499,Loyal Champions (VIPs),#10B981
8479548.81146641,6,3,349.14,602.3,14,34,3,0.088,4,mobile,Paid Search,2,4.3257,1.4191,4.3257,1.4191,-2.8465,Loyal Champions (VIPs),#10B981
7339846.91462944,22,4,302.6,614.3,18,10,6,0.6,3,mobile,Referral,2,3.9666,1.9726,3.9666,1.9726,-1.0891,Loyal Champions (VIPs),#10B981
7490876.25961787,22,2,391.66,417.6,13,34,11,0.324,3,mobile,Referral,2,4.5148,0.5788,4.5148,0.5788,-1.3524,Loyal Champions (VIPs),#10B981
8726093.68750631,3,1,752.57,310.1,7,30,11,0.367,5,mobile,Organic Search,2,6.0348,-0.8201,6.0348,-0.8201,-1.9469,Loyal Champions (VIPs),#10B981
1886200.36847248,20,1,257.56,236.6,6,37,6,0.162,2,tablet,Direct,2,3.6218,-1.2318,3.6218,-1.2318,-1.6037,Loyal Champions (VIPs),#10B981
2491061.97026597,16,1,388.45,357.1,9,34,8,0.235,3,mobile,Organic Search,2,4.3637,-0.4684,4.3637,-0.4684,-1.7512,Loyal Champions (VIPs),#10B981
7551639.92786513,1,1,294.24,261.1,9,14,11,0.786,2,desktop,Organic Search,2,5.7921,-0.7406,5.7921,-0.7406,-0.0934,Loyal Champions (VIPs),#10B981
3542491.67228371,9,1,447.27,432.2,9,27,9,0.333,4,mobile,Direct,2,5.0412,-0.2833,5.0412,-0.2833,-1.8044,Loyal Champions (VIPs),#10B981
6437567.77745887,18,1,389.15,107.0,3,17,5,0.294,5,mobile,Referral,2,4.2289,-2.5463,4.2289,-2.5463,-2.4511,Loyal Champions (VIPs),#10B981
2062146.56363832,1,3,311.89,845.9,21,15,11,0.733,2,desktop,Organic Search,2,5.7821,2.1355,5.7821,2.1355,-0.1717,Loyal Champions (VIPs),#10B981
6800888.84330572,6,1,565.72,258.3,5,25,9,0.36,5,mobile,Organic Search,2,5.4867,-1.2981,5.4867,-1.2981,-2.0624,Loyal Champions (VIPs),#10B981
6904777.50354248,11,1,156.33,264.3,9,24,4,0.167,2,desktop,Affiliates,2,3.4396,-0.7358,3.4396,-0.7358,-1.7103,Loyal Champions (VIPs),#10B981
5141209.40493120,13,4,398.64,918.2,21,17,6,0.353,5,desktop,Organic Search,2,4.6114,2.5113,4.6114,2.5113,-2.1759,Loyal Champions (VIPs),#10B981
2415156.35010929,13,2,544.62,181.4,6,27,6,0.222,4,desktop,Organic Search,2,4.4923,-0.9129,4.4923,-0.9129,-2.34,Loyal Champions (VIPs),#10B981
2315144.30369974,8,3,557.44,496.6,12,31,11,0.355,4,desktop,Organic Search,2,5.3679,1.0673,5.3679,1.0673,-1.6824,Loyal Champions (VIPs),#10B981
8684175.57323515,17,2,604.42,298.3,8,38,5,0.132,5,desktop,Organic Search,2,4.458,-0.185,4.458,-0.185,-2.8606,Loyal Champions (VIPs),#10B981
1824404.48782085,6,5,545.62,463.0,17,17,11,0.647,4,desktop,Direct,2,5.6402,1.9052,5.6402,1.9052,-1.0994,Loyal Champions (VIPs),#10B981
3437069.69686255,14,5,192.76,349.8,16,35,6,0.171,1,mobile,Paid Search,2,3.3516,1.5724,3.3516,1.5724,-0.9819,Loyal Champions (VIPs),#10B981
8472693.11155643,4,1,230.15,209.6,8,29,8,0.276,3,desktop,Direct,2,4.954,-1.0607,4.954,-1.0607,-1.5673,Loyal Champions (VIPs),#10B981
5192364.50293170,21,3,273.7,240.0,13,17,4,0.235,2,desktop,Paid Search,2,3.1755,0.4733,3.1755,0.4733,-1.6993,Loyal Champions (VIPs),#10B981
9916309.42866271,6,4,177.78,760.8,16,23,10,0.435,1,mobile,Direct,2,4.2789,2.049,4.2789,2.049,-0.1137,Loyal Champions (VIPs),#10B981
2486968.27585783,6,6,650.33,1363.3,44,31,5,0.161,4,desktop,Organic Search,2,4.7942,3.9776,4.7942,3.9776,-2.558,Loyal Champions (VIPs),#10B981
5297966.63537927,8,1,366.45,193.1,6,39,4,0.103,2,desktop,Organic Search,2,3.9018,-1.4048,3.9018,-1.4048,-2.0549,Loyal Champions (VIPs),#10B981
3939096.49178183,20,3,465.27,228.7,12,37,10,0.27,3,desktop,Affiliates,2,4.5078,0.3356,4.5078,0.3356,-1.5797,Loyal Champions (VIPs),#10B981
6969519.36999235,13,1,164.06,148.2,7,22,3,0.136,1,mobile,Direct,2,2.7222,-1.5104,2.7222,-1.5104,-1.4355,Loyal Champions (VIPs),#10B981
9682609.28847450,7,2,368.49,576.9,13,38,3,0.079,3,mobile,Organic Search,2,4.0692,0.909,4.0692,0.909,-2.5864,Loyal Champions (VIPs),#10B981
9417201.88716164,19,2,210.49,307.6,12,10,6,0.6,2,desktop,Organic Search,2,3.6758,0.2282,3.6758,0.2282,-0.6512,Loyal Champions (VIPs),#10B981
9612877.81771607,10,2,278.8,266.6,11,17,9,0.529,2,mobile,Direct,2,4.4473,0.0093,4.4473,0.0093,-0.6345,Loyal Champions (VIPs),#10B981
5758468.64603870,21,3,295.92,284.0,10,14,11,0.786,3,desktop,Paid Search,2,4.6921,0.3582,4.6921,0.3582,-0.393,Loyal Champions (VIPs),#10B981
2860256.41059051,2,2,135.36,557.0,14,27,9,0.333,1,desktop,Direct,2,4.5705,0.9402,4.5705,0.9402,-0.3491,Loyal Champions (VIPs),#10B981
5168313.95213780,9,2,787.57,168.8,8,13,9,0.692,4,desktop,Paid Search,2,5.2697,-0.7132,5.2697,-0.7132,-1.187,Loyal Champions (VIPs),#10B981
8152999.60703963,10,4,312.16,575.6,24,14,8,0.571,2,mobile,Organic Search,2,4.382,2.204,4.382,2.204,-0.6315,Loyal Champions (VIPs),#10B981
6355517.48948646,17,5,154.08,658.0,36,23,10,0.435,1,mobile,Organic Search,2,3.7016,2.978,3.7016,2.978,-0.0448,Loyal Champions (VIPs),#10B981
4775033.10372983,8,2,553.65,225.5,11,21,11,0.524,3,desktop,Organic Search,2,5.2033,-0.1443,5.2033,-0.1443,-1.0703,Loyal Champions (VIPs),#10B981
3874075.46753001,18,2,76.68,294.1,9,44,11,0.25,1,mobile,Direct,2,3.5797,-0.1126,3.5797,-0.1126,-0.2156,Loyal Champions (VIPs),#10B981
7263953.47070706,18,12,557.83,2226.2,67,14,3,0.214,3,mobile,Organic Search,2,3.4546,4.4618,3.4546,4.4618,-2.4147,Loyal Champions (VIPs),#10B981
3824382.17051907,5,1,484.74,177.6,9,16,8,0.5,4,mobile,Display,2,5.2948,-1.0991,5.2948,-1.0991,-1.5817,Loyal Champions (VIPs),#10B981
3353977.19515185,10,3,114.63,635.5,14,23,4,0.174,1,mobile,Organic Search,2,3.0182,1.4528,3.0182,1.4528,-1.0828,Loyal Champions (VIPs),#10B981
7307567.48504114,2,2,342.08,420.8,10,43,11,0.256,3,desktop,Organic Search,2,5.6708,0.3521,5.6708,0.3521,-1.5103,Loyal Champions (VIPs),#10B981
3051027.58605438,11,5,311.55,653.9,26,24,10,0.417,2,desktop,Organic Search,2,4.4889,2.6467,4.4889,2.6467,-0.7928,Loyal Champions (VIPs),#10B981
5437992.52548536,20,1,420.75,165.6,4,41,10,0.244,2,desktop,Paid Search,2,4.1955,-1.9278,4.1955,-1.9278,-1.2636,Loyal Champions (VIPs),#10B981
6220255.66398177,8,2,726.88,276.6,15,17,9,0.529,4,desktop,Direct,2,5.244,0.3575,5.244,0.3575,-1.4853,Loyal Champions (VIPs),#10B981
2700157.23952598,11,3,184.42,228.8,9,14,4,0.286,1,desktop,Direct,2,3.0323,0.0749,3.0323,0.0749,-0.995,Loyal Champions (VIPs),#10B981
7581165.97537762,16,2,664.27,402.4,10,43,3,0.07,5,desktop,Organic Search,2,4.1839,0.3123,4.1839,0.3123,-3.2245,Loyal Champions (VIPs),#10B981
5936347.50571967,23,2,791.8,507.2,14,33,5,0.152,5,mobile,Direct,2,4.2621,0.849,4.2621,0.849,-2.8057,Loyal Champions (VIPs),#10B981
6593528.13118352,11,18,583.17,2652.1,123,33,11,0.333,3,mobile,Organic Search,2,4.9943,4.443,4.9943,4.443,-1.4167,Loyal Champions (VIPs),#10B981
4349298.42287529,19,1,513.5,114.8,4,18,10,0.556,5,desktop,Organic Search,2,5.04,-2.2566,5.04,-2.2566,-1.5642,Loyal Champions (VIPs),#10B981
4781738.76957327,17,1,406.66,162.6,3,14,5,0.357,4,desktop,Referral,2,4.0986,-2.1595,4.0986,-2.1595,-2.0953,Loyal Champions (VIPs),#10B981
5453466.87020222,4,2,477.72,126.4,6,35,8,0.229,3,mobile,Direct,2,5.1271,-1.2433,5.1271,-1.2433,-1.8625,Loyal Champions (VIPs),#10B981
5229737.13058874,16,1,128.99,192.3,5,32,8,0.25,1,desktop,Organic Search,2,3.4263,-1.5937,3.4263,-1.5937,-0.5686,Loyal Champions (VIPs),#10B981
7080752.81826169,20,3,675.73,908.0,20,36,9,0.25,4,desktop,Organic Search,2,4.685,2.1315,4.685,2.1315,-2.0133,Loyal Champions (VIPs),#10B981
6194596.94378096,5,1,127.33,156.7,4,25,6,0.24,1,desktop,Direct,2,3.7431,-1.9593,3.7431,-1.9593,-0.7919,Loyal Champions (VIPs),#10B981
4746435.81740407,3,1,274.97,188.1,4,14,8,0.571,2,mobile,Display,2,4.9306,-1.7834,4.9306,-1.7834,-0.6644,Loyal Champions (VIPs),#10B981
1016221.13508152,22,1,381.12,167.7,5,20,6,0.3,2,mobile,Organic Search,2,3.6009,-1.7118,3.6009,-1.7118,-1.4318,Loyal Champions (VIPs),#10B981
8146278.88601783,4,3,225.83,456.0,11,41,11,0.268,2,mobile,Referral,2,4.9958,0.9024,4.9958,0.9024,-0.996,Loyal Champions (VIPs),#10B981
5674457.77744760,18,2,194.83,320.8,15,36,9,0.25,1,mobile,Direct,2,3.5774,0.4736,3.5774,0.4736,-0.5787,Loyal Champions (VIPs),#10B981
3938901.75432265,11,1,515.84,239.5,6,10,8,0.8,3,desktop,Referral,2,4.849,-1.2108,4.849,-1.2108,-0.7386,Loyal Champions (VIPs),#10B981
5499594.37321832,19,2,268.54,495.7,12,44,8,0.182,2,desktop,Organic Search,2,3.9358,0.6615,3.9358,0.6615,-1.3806,Loyal Champions (VIPs),#10B981
1841013.25719578,2,1,799.78,379.0,9,36,8,0.222,5,mobile,Organic Search,2,5.8792,-0.3886,5.8792,-0.3886,-2.4484,Loyal Champions (VIPs),#10B981
9142335.49943623,3,2,238.13,342.4,12,43,11,0.256,3,mobile,Referral,2,5.4245,0.3341,5.4245,0.3341,-1.4092,Loyal Champions (VIPs),#10B981
9907624.41758780,4,5,380.06,1304.1,34,16,3,0.188,4,mobile,Direct,2,4.3803,3.5628,4.3803,3.5628,-2.6869,Loyal Champions (VIPs),#10B981
1528616.33058946,18,4,161.71,527.7,15,22,5,0.227,2,desktop,Display,2,3.3649,1.6477,3.3649,1.6477,-1.4375,Loyal Champions (VIPs),#10B981
4224080.73091003,19,1,236.87,186.4,7,31,11,0.355,2,mobile,Paid Search,2,4.1986,-1.3192,4.1986,-1.3192,-0.8165,Loyal Champions (VIPs),#10B981
7570580.76326691,15,2,379.43,176.5,7,30,8,0.267,2,mobile,Direct,2,4.1042,-0.8081,4.1042,-0.8081,-1.3253,Loyal Champions (VIPs),#10B981
3828142.44200969,14,1,565.35,276.4,7,16,11,0.688,4,mobile,Organic Search,2,5.216,-0.9429,5.216,-0.9429,-1.0396,Loyal Champions (VIPs),#10B981
6103447.64567200,6,1,274.99,190.5,6,30,4,0.133,2,desktop,Direct,2,3.9181,-1.413,3.9181,-1.413,-1.9419,Loyal Champions (VIPs),#10B981
4749138.27118428,23,1,540.81,181.0,5,30,10,0.333,4,desktop,Direct,2,4.6798,-1.6466,4.6798,-1.6466,-1.7851,Loyal Champions (VIPs),#10B981
7967908.56868070,14,1,203.94,201.2,4,10,11,1.0,1,mobile,Direct,2,4.2181,-1.7467,4.2181,-1.7467,0.8928,Loyal Champions (VIPs),#10B981
9626178.95149398,22,1,754.5,97.5,4,21,7,0.333,4,desktop,Organic Search,2,4.3675,-2.4043,4.3675,-2.4043,-2.047,Loyal Champions (VIPs),#10B981
8995557.96468311,7,1,219.71,313.6,7,36,8,0.222,1,desktop,Direct,2,3.99,-0.825,3.99,-0.825,-0.7736,Loyal Champions (VIPs),#10B981
6588418.36841454,19,4,338.65,433.3,12,14,7,0.5,4,desktop,Organic Search,2,4.3924,1.245,4.3924,1.245,-1.5169,Loyal Champions (VIPs),#10B981
2442468.19469710,5,2,494.72,156.3,6,44,10,0.227,5,desktop,Organic Search,2,5.6608,-1.05,5.6608,-1.05,-2.2426,Loyal Champions (VIPs),#10B981
9523557.34329824,8,2,134.77,393.9,14,38,4,0.105,2,desktop,Direct,2,3.6804,0.6186,3.6804,0.6186,-1.7694,Loyal Champions (VIPs),#10B981
1212691.13378376,23,2,246.2,204.3,9,43,11,0.256,3,mobile,Organic Search,2,4.3887,-0.4451,4.3887,-0.4451,-1.3846,Loyal Champions (VIPs),#10B981
3679384.98144278,7,1,236.12,139.4,3,36,11,0.306,2,mobile,Organic Search,2,4.7231,-2.315,4.7231,-2.315,-0.9517,Loyal Champions (VIPs),#10B981
3534521.19189940,24,12,136.78,3216.2,80,33,5,0.152,1,mobile,Organic Search,3,2.8305,4.4378,2.8305,4.4378,-0.9901,Potential Loyalists,#3B82F6
7046433.15375163,24,1,253.81,414.7,9,43,5,0.116,2,mobile,Referral,2,3.4103,-0.3321,3.4103,-0.3321,-1.771,Loyal Champions (VIPs),#10B981
5386267.17752391,6,3,684.23,784.7,19,19,5,0.263,4,desktop,Affiliates,2,4.7352,1.9691,4.7352,1.9691,-2.3733,Loyal Champions (VIPs),#10B981
1835996.42410395,11,5,288.72,825.1,29,37,3,0.081,2,desktop,Organic Search,2,3.4923,2.9896,3.4923,2.9896,-2.1277,Loyal Champions (VIPs),#10B981
1115720.86553305,20,1,169.67,194.2,5,44,4,0.091,1,desktop,Organic Search,2,2.8695,-1.5793,2.8695,-1.5793,-1.336,Loyal Champions (VIPs),#10B981
6438841.94003916,11,5,152.54,725.4,37,10,4,0.4,1,desktop,Organic Search,2,3.0241,3.1202,3.0241,3.1202,-0.6712,Loyal Champions (VIPs),#10B981
5423349.60051414,23,1,584.17,231.7,6,29,6,0.207,4,desktop,Referral,2,4.1981,-1.2453,4.1981,-1.2453,-2.375,Loyal Champions (VIPs),#10B981
6412438.51942438,17,1,58.65,252.9,7,25,11,0.44,1,desktop,Organic Search,2,3.5774,-1.0402,3.5774,-1.0402,0.237,Loyal Champions (VIPs),#10B981
6076214.61520299,17,3,924.86,574.6,16,29,9,0.31,5,tablet,Organic Search,2,4.9521,1.4856,4.9521,1.4856,-2.1323,Loyal Champions (VIPs),#10B981
9014131.37303612,19,3,745.95,515.0,19,21,7,0.333,5,desktop,Paid Search,2,4.6406,1.5608,4.6406,1.5608,-2.2364,Loyal Champions (VIPs),#10B981
9265570.25521525,14,2,138.15,209.2,5,22,6,0.273,1,desktop,Direct,2,3.2273,-0.9549,3.2273,-0.9549,-0.713,Loyal Champions (VIPs),#10B981
2694314.32952669,12,2,444.72,243.3,12,31,8,0.258,4,mobile,Paid Search,2,4.7713,0.0129,4.7713,0.0129,-2.0273,Loyal Champions (VIPs),#10B981
9479086.32029142,5,5,275.16,776.6,18,36,4,0.111,5,desktop,Organic Search,2,4.7568,2.4588,4.7568,2.4588,-2.8172,Loyal Champions (VIPs),#10B981
8089538.62477953,19,1,528.25,251.1,6,17,11,0.647,3,desktop,Direct,2,4.7874,-1.1795,4.7874,-1.1795,-0.8111,Loyal Champions (VIPs),#10B981
6751235.16979633,14,2,157.5,370.3,12,18,6,0.333,1,desktop,Organic Search,2,3.2609,0.3984,3.2609,0.3984,-0.6051,Loyal Champions (VIPs),#10B981
6936464.16255118,11,1,293.56,166.2,6,43,7,0.163,2,mobile,Direct,2,4.1303,-1.5557,4.1303,-1.5557,-1.5603,Loyal Champions (VIPs),#10B981
5914541.80834438,9,3,788.7,670.5,21,22,3,0.136,5,desktop,Display,2,4.3086,1.9277,4.3086,1.9277,-3.1381,Loyal Champions (VIPs),#10B981
9255368.99073058,3,4,357.57,962.3,31,21,5,0.238,2,desktop,Referral,2,4.4436,2.9634,4.4436,2.9634,-1.6442,Loyal Champions (VIPs),#10B981
3099368.79087501,9,3,210.42,514.3,17,27,6,0.222,2,mobile,Organic Search,2,3.975,1.4489,3.975,1.4489,-1.4242,Loyal Champions (VIPs),#10B981
6393843.76027959,13,1,203.62,163.2,6,18,7,0.389,1,mobile,Direct,2,3.519,-1.5742,3.519,-1.5742,-0.486,Loyal Champions (VIPs),#10B981
8328186.22128530,22,5,358.53,398.4,22,12,6,0.5,2,desktop,Organic Search,2,3.6656,2.0191,3.6656,2.0191,-0.9676,Loyal Champions (VIPs),#10B981
8098563.65395744,10,5,339.06,326.0,21,38,11,0.289,2,desktop,Direct,2,4.6292,1.7795,4.6292,1.7795,-1.0345,Loyal Champions (VIPs),#10B981
2201829.46255012,3,5,207.19,578.8,18,44,3,0.068,1,desktop,Direct,2,3.7093,2.1814,3.7093,2.1814,-1.5734,Loyal Champions (VIPs),#10B981
2306563.78943269,14,1,234.17,143.5,7,36,5,0.139,1,mobile,Display,2,3.2433,-1.5505,3.2433,-1.5505,-1.229,Loyal Champions (VIPs),#10B981
4012952.16094292,11,1,552.49,197.9,6,24,9,0.375,4,mobile,Referral,2,4.9901,-1.3891,4.9901,-1.3891,-1.7831,Loyal Champions (VIPs),#10B981
3559476.64613293,17,2,663.6,274.3,7,15,5,0.333,4,mobile,Referral,2,4.185,-0.3844,4.185,-0.3844,-2.2313,Loyal Champions (VIPs),#10B981
6320540.87137081,7,2,609.58,189.5,8,24,5,0.208,5,desktop,Direct,2,4.8501,-0.5934,4.8501,-0.5934,-2.7455,Loyal Champions (VIPs),#10B981
4248853.66551306,10,1,319.32,160.3,6,20,4,0.2,2,desktop,Organic Search,2,3.6192,-1.5753,3.6192,-1.5753,-1.8469,Loyal Champions (VIPs),#10B981
9503915.38920392,11,1,243.31,185.8,7,27,3,0.111,1,mobile,Organic Search,2,2.9466,-1.3,2.9466,-1.3,-1.5788,Loyal Champions (VIPs),#10B981
1272713.69021644,11,1,615.69,292.1,7,24,3,0.125,4,mobile,Organic Search,2,4.0318,-0.8696,4.0318,-0.8696,-2.9495,Loyal Champions (VIPs),#10B981
6405379.40433755,7,2,188.92,240.1,12,30,10,0.333,1,mobile,Organic Search,2,4.1797,-0.007,4.1797,-0.007,-0.36,Loyal Champions (VIPs),#10B981
6065064.70173350,16,1,78.04,164.5,7,37,5,0.135,1,desktop,Organic Search,2,2.9367,-1.4275,2.9367,-1.4275,-0.9441,Loyal Champions (VIPs),#10B981
8364836.21550995,5,1,369.8,99.3,5,43,4,0.093,5,mobile,Direct,2,4.858,-2.1736,4.858,-2.1736,-2.9686,Loyal Champions (VIPs),#10B981
5242213.35199256,20,1,133.15,97.3,3,26,9,0.346,1,mobile,Direct,2,3.4304,-2.6583,3.4304,-2.6583,-0.3132,Loyal Champions (VIPs),#10B981
4005201.12944653,9,1,429.51,53.9,3,44,3,0.068,5,tablet,Referral,2,4.4182,-3.1689,4.4182,-3.1689,-3.1927,Loyal Champions (VIPs),#10B981
4798906.17551844,23,1,207.83,194.7,6,24,5,0.208,2,desktop,Direct,2,3.2812,-1.4092,3.2812,-1.4092,-1.5669,Loyal Champions (VIPs),#10B981
9336241.59929265,10,1,338.47,214.9,7,33,8,0.242,2,desktop,Display,2,4.2967,-1.1747,4.2967,-1.1747,-1.357,Loyal Champions (VIPs),#10B981
4791944.30852839,3,4,225.43,1117.4,25,29,8,0.276,2,mobile,Direct,2,4.8033,2.8721,4.8033,2.8721,-1.1603,Loyal Champions (VIPs),#10B981
9452008.56447432,1,5,451.84,323.1,16,11,3,0.273,3,mobile,Referral,2,4.7019,1.5463,4.7019,1.5463,-2.3243,Loyal Champions (VIPs),#10B981
9872584.69361257,9,2,126.25,218.3,6,43,6,0.14,1,desktop,Organic Search,2,3.5278,-0.751,3.5278,-0.751,-0.9582,Loyal Champions (VIPs),#10B981
9940544.89306755,23,2,105.63,195.0,9,32,4,0.125,1,desktop,Organic Search,2,2.6077,-0.4795,2.6077,-0.4795,-1.1532,Loyal Champions (VIPs),#10B981
7681172.41955490,15,3,185.33,729.8,17,44,6,0.136,1,mobile,Direct,2,3.3467,1.7619,3.3467,1.7619,-1.025,Loyal Champions (VIPs),#10B981
7997431.38681106,1,2,272.88,338.0,13,29,11,0.379,4,desktop,Organic Search,2,6.0892,0.4129,6.0892,0.4129,-1.4888,Loyal Champions (VIPs),#10B981
8734956.38230006,2,2,424.03,485.6,14,25,3,0.12,3,desktop,Referral,2,4.5528,0.8371,4.5528,0.8371,-2.598,Loyal Champions (VIPs),#10B981
1697532.20606467,22,1,192.6,299.8,7,20,3,0.15,1,desktop,Organic Search,2,2.4501,-0.862,2.4501,-0.862,-1.4304,Loyal Champions (VIPs),#10B981
5087739.69686502,6,5,171.09,631.4,19,39,7,0.179,1,mobile,Organic Search,2,3.9163,2.3001,3.9163,2.3001,-0.85,Loyal Champions (VIPs),#10B981
3604488.83768911,11,5,448.5,1183.9,26,43,6,0.14,3,desktop,Referral,2,4.4003,3.2073,4.4003,3.2073,-2.1186,Loyal Champions (VIPs),#10B981
3300106.52570436,12,2,576.96,338.3,11,43,5,0.116,5,mobile,Referral,2,4.6664,0.2406,4.6664,0.2406,-2.8775,Loyal Champions (VIPs),#10B981
4023473.60246765,12,1,406.04,235.8,5,12,4,0.333,2,desktop,Organic Search,2,3.5609,-1.3805,3.5609,-1.3805,-1.6255,Loyal Champions (VIPs),#10B981
2701386.96263209,18,2,860.39,338.0,10,25,3,0.12,5,desktop,Organic Search,2,3.9606,0.1532,3.9606,0.1532,-3.1681,Loyal Champions (VIPs),#10B981
9330985.72902364,14,3,816.61,259.4,12,12,6,0.5,5,desktop,Referral,2,4.7155,0.4733,4.7155,0.4733,-2.0083,Loyal Champions (VIPs),#10B981
5776584.77053139,16,2,267.87,510.5,16,38,11,0.289,2,desktop,Referral,2,4.3176,0.9718,4.3176,0.9718,-0.9642,Loyal Champions (VIPs),#10B981
5218050.90054851,16,8,490.35,1065.8,46,14,9,0.643,4,desktop,Organic Search,2,4.9016,4.1531,4.9016,4.1531,-1.157,Loyal Champions (VIPs),#10B981
1596617.29421151,1,1,503.37,161.2,7,15,6,0.4,5,desktop,Display,2,5.7974,-1.4061,5.7974,-1.4061,-2.2302,Loyal Champions (VIPs),#10B981
5109356.68514944,14,2,722.98,378.4,12,40,6,0.15,5,mobile,Paid Search,2,4.7164,0.4262,4.7164,0.4262,-2.7179,Loyal Champions (VIPs),#10B981
7362624.74565504,23,2,658.73,357.1,13,19,3,0.158,4,desktop,Organic Search,2,3.586,0.4582,3.586,0.4582,-2.8624,Loyal Champions (VIPs),#10B981
9462969.85800512,19,3,334.42,306.5,8,18,3,0.167,4,desktop,Direct,2,3.5554,0.2402,3.5554,0.2402,-2.6992,Loyal Champions (VIPs),#10B981
9240760.40940698,24,1,372.71,162.1,8,42,7,0.167,2,tablet,Referral,2,3.7522,-1.3197,3.7522,-1.3197,-1.595,Loyal Champions (VIPs),#10B981
7259360.71991522,18,1,332.65,126.1,7,33,10,0.303,2,mobile,Organic Search,2,4.1974,-1.6784,4.1974,-1.6784,-1.0806,Loyal Champions (VIPs),#10B981
6443019.64396053,17,2,577.51,577.2,12,32,10,0.312,3,desktop,Referral,2,4.6418,0.8064,4.6418,0.8064,-1.5424,Loyal Champions (VIPs),#10B981
5725879.46842492,8,1,171.28,172.2,5,25,6,0.24,1,desktop,Display,2,3.5723,-1.6824,3.5723,-1.6824,-0.8561,Loyal Champions (VIPs),#10B981
2232028.19151718,13,2,170.33,276.1,9,14,4,0.286,2,desktop,Direct,2,3.3273,-0.1411,3.3273,-0.1411,-1.4832,Loyal Champions (VIPs),#10B981
1023488.41774358,21,1,253.31,236.0,9,23,5,0.217,2,mobile,Referral,2,3.3716,-0.85,3.3716,-0.85,-1.5959,Loyal Champions (VIPs),#10B981
4350285.96713626,9,1,70.72,168.7,4,29,5,0.172,1,desktop,Organic Search,2,3.1756,-1.8961,3.1756,-1.8961,-0.8702,Loyal Champions (VIPs),#10B981
3181360.29487114,24,3,504.39,653.2,16,21,4,0.19,3,mobile,Referral,2,3.5425,1.6111,3.5425,1.6111,-2.296,Loyal Champions (VIPs),#10B981
1398448.20227419,16,4,918.71,599.3,21,21,6,0.286,5,desktop,Organic Search,2,4.5811,2.1118,4.5811,2.1118,-2.4266,Loyal Champions (VIPs),#10B981
6917875.43091147,5,1,521.33,152.7,5,35,9,0.257,3,desktop,Organic Search,2,5.1475,-1.7889,5.1475,-1.7889,-1.753,Loyal Champions (VIPs),#10B981
6574314.19088271,19,2,104.18,276.9,7,13,10,0.769,1,desktop,Organic Search,2,3.7181,-0.4009,3.7181,-0.4009,0.6596,Loyal Champions (VIPs),#10B981
7866271.34047903,1,2,305.54,663.2,16,10,4,0.4,3,mobile,Direct,2,4.9019,1.2651,4.9019,1.2651,-1.7901,Loyal Champions (VIPs),#10B981
1531394.92301050,11,2,498.03,500.4,13,42,6,0.143,4,desktop,Direct,2,4.6324,0.7651,4.6324,0.7651,-2.4489,Loyal Champions (VIPs),#10B981
4236152.14313983,19,2,294.04,474.6,11,35,3,0.086,2,desktop,Organic Search,2,3.1741,0.5506,3.1741,0.5506,-2.1384,Loyal Champions (VIPs),#10B981
6273005.35132172,12,5,249.3,1146.1,27,26,5,0.192,4,mobile,Direct,2,4.2105,3.2218,4.2105,3.2218,-2.2584,Loyal Champions (VIPs),#10B981
3148702.70851803,1,4,520.86,343.6,21,17,11,0.647,3,mobile,Direct,2,6.1348,1.6053,6.1348,1.6053,-0.8385,Loyal Champions (VIPs),#10B981
7011818.23155159,12,3,107.37,989.4,21,33,9,0.273,1,desktop,Direct,2,3.6689,2.2557,3.6689,2.2557,-0.3627,Loyal Champions (VIPs),#10B981
2148907.31800072,16,3,211.75,406.2,19,38,8,0.211,1,mobile,Direct,2,3.5585,1.3253,3.5585,1.3253,-0.7474,Loyal Champions (VIPs),#10B981
8108283.33988904,23,5,181.19,838.2,18,24,8,0.333,2,mobile,Referral,2,3.7168,2.499,3.7168,2.499,-0.9472,Loyal Champions (VIPs),#10B981
4806513.21555820,1,3,169.28,195.4,8,15,5,0.333,1,mobile,Organic Search,2,4.273,-0.1664,4.273,-0.1664,-0.7921,Loyal Champions (VIPs),#10B981
2652943.69982687,4,4,477.07,1079.1,29,32,3,0.094,4,desktop,Paid Search,2,4.5766,3.0078,4.5766,3.0078,-2.9111,Loyal Champions (VIPs),#10B981
7824245.87922804,9,3,150.36,378.7,15,15,9,0.6,1,mobile,Referral,2,4.0037,1.0299,4.0037,1.0299,0.1862,Loyal Champions (VIPs),#10B981
5988542.34938517,4,1,271.59,264.5,5,29,4,0.138,4,mobile,Organic Search,2,4.614,-1.2636,4.614,-1.2636,-2.5815,Loyal Champions (VIPs),#10B981
4943304.24047648,17,2,265.0,395.9,14,44,6,0.136,2,desktop,Direct,2,3.7578,0.6099,3.7578,0.6099,-1.642,Loyal Champions (VIPs),#10B981
3165634.53302760,10,1,335.32,269.6,7,13,11,0.846,3,mobile,Direct,2,5.1507,-0.9653,5.1507,-0.9653,-0.349,Loyal Champions (VIPs),#10B981
8032292.33298224,7,1,209.69,148.9,7,39,7,0.179,1,mobile,Direct,2,3.8706,-1.5143,3.8706,-1.5143,-0.9394,Loyal Champions (VIPs),#10B981
4287565.13387803,4,1,232.83,178.7,4,18,8,0.444,2,mobile,Direct,2,4.704,-1.8343,4.704,-1.8343,-0.8679,Loyal Champions (VIPs),#10B981
1387816.59166962,12,4,143.06,429.3,26,22,6,0.273,1,desktop,Organic Search,2,3.3263,2.0098,3.3263,2.0098,-0.694,Loyal Champions (VIPs),#10B981
9688322.61780564,22,2,457.67,330.7,7,23,7,0.304,3,desktop,Display,2,4.0853,-0.2234,4.0853,-0.2234,-1.7265,Loyal Champions (VIPs),#10B981
1274183.61644276,2,4,199.62,720.1,28,20,9,0.45,1,mobile,Organic Search,2,4.6969,2.5781,4.6969,2.5781,-0.1946,Loyal Champions (VIPs),#10B981
2084221.72292653,1,2,288.01,347.9,8,35,7,0.2,2,desktop,Organic Search,2,5.1412,-0.028,5.1412,-0.028,-1.5117,Loyal Champions (VIPs),#10B981
5192312.42710189,16,4,174.93,709.3,15,14,8,0.571,2,desktop,Direct,2,4.0012,1.9178,4.0012,1.9178,-0.4713,Loyal Champions (VIPs),#10B981
2870694.25840954,7,2,92.95,410.6,9,26,5,0.192,1,tablet,Direct,2,3.3545,0.2229,3.3545,0.2229,-0.8842,Loyal Champions (VIPs),#10B981
4016215.50502351,3,1,288.61,189.8,7,39,4,0.103,4,desktop,Referral,2,4.8314,-1.2651,4.8314,-1.2651,-2.6571,Loyal Champions (VIPs),#10B981
6108086.72009776,14,1,200.48,182.8,4,25,10,0.4,1,desktop,Referral,2,3.8379,-1.835,3.8379,-1.835,-0.2396,Loyal Champions (VIPs),#10B981
9620576.12921507,23,3,153.68,615.8,20,44,10,0.227,1,desktop,Organic Search,2,3.5075,1.7552,3.5075,1.7552,-0.4775,Loyal Champions (VIPs),#10B981
9426809.60516216,22,2,302.65,432.5,13,27,11,0.407,5,tablet,Organic Search,2,4.8814,0.6155,4.8814,0.6155,-1.6263,Loyal Champions (VIPs),#10B981
1665063.88019486,12,2,555.46,455.4,14,36,5,0.139,4,desktop,Organic Search,2,4.4355,0.7536,4.4355,0.7536,-2.5924,Loyal Champions (VIPs),#10B981
8679822.35935814,3,1,298.4,117.8,4,36,7,0.194,2,mobile,Direct,2,4.7433,-2.2178,4.7433,-2.2178,-1.5415,Loyal Champions (VIPs),#10B981
2510412.37065324,21,1,341.38,266.0,9,41,10,0.244,3,desktop,Organic Search,2,4.4114,-0.7497,4.4114,-0.7497,-1.5569,Loyal Champions (VIPs),#10B981
8302895.92674337,20,2,214.91,390.5,14,33,11,0.333,1,mobile,Paid Search,2,3.7448,0.5837,3.7448,0.5837,-0.3017,Loyal Champions (VIPs),#10B981
3667124.52770443,6,12,363.16,1543.3,49,26,5,0.192,2,desktop,Paid Search,2,4.1487,4.4595,4.1487,4.4595,-1.7154,Loyal Champions (VIPs),#10B981
7460508.26222553,12,3,128.74,493.7,18,40,7,0.175,1,desktop,Paid Search,2,3.4951,1.4561,3.4951,1.4561,-0.7748,Loyal Champions (VIPs),#10B981
7469138.30263143,9,3,292.29,385.3,23,25,5,0.2,4,desktop,Referral,2,4.3893,1.4945,4.3893,1.4945,-2.3105,Loyal Champions (VIPs),#10B981
8654960.22006343,22,2,211.23,369.6,10,41,11,0.268,1,mobile,Direct,2,3.6858,0.2008,3.6858,0.2008,-0.4344,Loyal Champions (VIPs),#10B981
9816631.74870274,13,1,359.35,281.5,6,31,9,0.29,2,mobile,Direct,2,4.2833,-1.0704,4.2833,-1.0704,-1.1919,Loyal Champions (VIPs),#10B981
3479327.82600973,19,1,337.43,223.7,5,32,5,0.156,5,desktop,Organic Search,2,4.2274,-1.4369,4.2274,-1.4369,-2.6759,Loyal Champions (VIPs),#10B981
6654775.52840149,15,2,601.79,616.0,15,38,8,0.211,3,desktop,Organic Search,2,4.5112,1.0918,4.5112,1.0918,-1.8994,Loyal Champions (VIPs),#10B981
7653346.72043756,10,1,158.24,250.3,6,39,4,0.103,1,mobile,Organic Search,2,3.1969,-1.1716,3.1969,-1.1716,-1.313,Loyal Champions (VIPs),#10B981
1716663.30665426,8,2,177.43,392.2,15,29,10,0.345,1,desktop,Direct,2,4.1008,0.6682,4.1008,0.6682,-0.3062,Loyal Champions (VIPs),#10B981
6966651.46496113,15,2,178.09,396.5,11,21,10,0.476,1,mobile,Referral,2,3.8091,0.3667,3.8091,0.3667,-0.0286,Loyal Champions (VIPs),#10B981
3893639.59069178,6,2,493.35,303.9,7,39,7,0.179,5,desktop,Display,2,5.236,-0.287,5.236,-0.287,-2.5446,Loyal Champions (VIPs),#10B981
2453221.98421662,3,1,350.28,235.1,6,12,6,0.5,3,desktop,Referral,2,4.9525,-1.2101,4.9525,-1.2101,-1.3979,Loyal Champions (VIPs),#10B981
5945243.10629506,17,1,436.06,255.0,8,29,7,0.241,4,desktop,Referral,2,4.4415,-0.8886,4.4415,-0.8886,-2.1385,Loyal Champions (VIPs),#10B981
5156951.76954579,22,2,336.71,402.8,17,41,5,0.122,2,desktop,Paid Search,2,3.5143,0.8203,3.5143,0.8203,-1.828,Loyal Champions (VIPs),#10B981
6193717.55858732,18,3,369.54,621.2,20,41,5,0.122,4,desktop,Organic Search,2,4.1588,1.7862,4.1588,1.7862,-2.4935,Loyal Champions (VIPs),#10B981
6777257.12283611,12,1,173.09,128.5,7,13,6,0.462,1,desktop,Direct,2,3.4037,-1.6492,3.4037,-1.6492,-0.3902,Loyal Champions (VIPs),#10B981
5488019.46211841,15,1,191.72,310.8,8,29,9,0.31,2,desktop,Paid Search,2,4.0696,-0.7136,4.0696,-0.7136,-0.9779,Loyal Champions (VIPs),#10B981
9146355.62507792,8,1,402.68,379.7,10,34,3,0.088,5,desktop,Paid Search,2,4.3856,-0.2857,4.3856,-0.2857,-3.1241,Loyal Champions (VIPs),#10B981
2601227.86805393,13,1,305.81,166.9,5,36,7,0.194,2,desktop,Organic Search,2,4.0203,-1.7163,4.0203,-1.7163,-1.5105,Loyal Champions (VIPs),#10B981
3599124.99632098,23,2,369.85,269.8,8,34,7,0.206,5,desktop,Referral,2,4.4388,-0.2864,4.4388,-0.2864,-2.3857,Loyal Champions (VIPs),#10B981
4205994.86343805,20,3,488.25,616.4,18,44,9,0.205,3,mobile,Organic Search,2,4.4336,1.6611,4.4336,1.6611,-1.7721,Loyal Champions (VIPs),#10B981
7969437.75021455,2,2,172.53,321.2,16,34,3,0.088,2,desktop,Direct,2,4.1522,0.5796,4.1522,0.5796,-2.0454,Loyal Champions (VIPs),#10B981
6868882.12020202,19,2,346.27,623.4,17,15,11,0.733,2,mobile,Affiliates,2,4.4622,1.2192,4.4622,1.2192,-0.152,Loyal Champions (VIPs),#10B981
2857803.88595161,9,1,643.9,267.2,7,14,3,0.214,5,desktop,Paid Search,2,4.2315,-0.9451,4.2315,-0.9451,-3.0184,Loyal Champions (VIPs),#10B981
7699976.51596085,18,2,364.49,378.3,11,19,10,0.526,5,desktop,Email,2,4.9852,0.3324,4.9852,0.3324,-1.5042,Loyal Champions (VIPs),#10B981
7943832.69111295,9,2,514.73,282.1,13,29,11,0.379,3,mobile,Direct,2,5.0691,0.2252,5.0691,0.2252,-1.3364,Loyal Champions (VIPs),#10B981
7932172.57997646,1,2,307.86,371.5,8,43,4,0.093,3,desktop,Organic Search,2,5.0572,0.0417,5.0572,0.0417,-2.4078,Loyal Champions (VIPs),#10B981
1705356.46717315,15,1,483.11,220.9,6,26,8,0.308,4,desktop,Organic Search,2,4.6623,-1.2891,4.6623,-1.2891,-1.9515,Loyal Champions (VIPs),#10B981
2909252.87641178,17,1,494.08,208.4,9,12,6,0.5,5,desktop,Paid Search,2,4.5582,-0.9562,4.5582,-0.9562,-1.9624,Loyal Champions (VIPs),#10B981
9058464.28262049,1,2,265.31,509.8,12,39,6,0.154,3,desktop,Organic Search,2,5.299,0.7221,5.299,0.7221,-2.0259,Loyal Champions (VIPs),#10B981
8914887.39656390,11,3,225.31,319.9,8,43,6,0.14,3,mobile,Organic Search,2,4.2432,0.2682,4.2432,0.2682,-1.9722,Loyal Champions (VIPs),#10B981
2850153.34495774,5,2,761.93,420.6,10,39,5,0.128,5,mobile,Direct,2,5.1025,0.3603,5.1025,0.3603,-2.8877,Loyal Champions (VIPs),#10B981
5962380.31555564,24,1,564.98,164.1,5,14,4,0.286,5,desktop,Organic Search,2,3.9392,-1.718,3.9392,-1.718,-2.6774,Loyal Champions (VIPs),#10B981
3364149.72942659,9,3,127.7,457.4,13,42,8,0.19,1,desktop,Organic Search,2,3.7669,1.0612,3.7669,1.0612,-0.6729,Loyal Champions (VIPs),#10B981
4746562.72761555,22,1,859.39,62.0,3,27,5,0.185,5,mobile,Organic Search,2,4.2448,-3.0525,4.2448,-3.0525,-2.7934,Loyal Champions (VIPs),#10B981
1188503.18781016,18,1,603.64,227.7,5,42,9,0.214,4,desktop,Display,2,4.7454,-1.4308,4.7454,-1.4308,-2.1282,Loyal Champions (VIPs),#10B981
3535841.42578497,18,1,543.08,210.0,7,27,7,0.259,4,mobile,Organic Search,2,4.4544,-1.1939,4.4544,-1.1939,-2.1617,Loyal Champions (VIPs),#10B981
3436127.45602408,3,1,539.42,181.9,5,27,3,0.111,4,desktop,Organic Search,2,4.6739,-1.603,4.6739,-1.603,-2.9779,Loyal Champions (VIPs),#10B981
9272173.51401871,18,3,193.65,410.0,12,41,8,0.195,1,mobile,Direct,2,3.4815,0.8741,3.4815,0.8741,-0.7584,Loyal Champions (VIPs),#10B981
6291731.81044985,16,1,536.92,202.6,7,43,9,0.209,5,desktop,Direct,2,4.9695,-1.2307,4.9695,-1.2307,-2.3392,Loyal Champions (VIPs),#10B981
2597648.22982978,6,1,268.09,314.1,6,15,5,0.333,2,desktop,Email,2,4.0426,-0.9483,4.0426,-0.9483,-1.397,Loyal Champions (VIPs),#10B981
4848080.65944421,9,1,330.72,261.7,5,31,5,0.161,2,desktop,Organic Search,2,3.9286,-1.2893,3.9286,-1.2893,-1.7989,Loyal Champions (VIPs),#10B981
5436424.20766892,7,2,493.22,323.2,9,32,6,0.188,4,desktop,Direct,2,4.8178,0.0076,4.8178,0.0076,-2.3825,Loyal Champions (VIPs),#10B981
6736240.93179751,23,1,204.5,110.4,4,24,11,0.458,2,mobile,Organic Search,2,4.0918,-2.3051,4.0918,-2.3051,-0.5757,Loyal Champions (VIPs),#10B981
5792030.90860866,3,2,687.77,373.5,11,15,4,0.267,5,mobile,Affiliates,2,5.0259,0.3561,5.0259,0.3561,-2.7569,Loyal Champions (VIPs),#10B981
4788933.46024805,20,2,579.72,422.3,9,29,9,0.31,3,mobile,Direct,2,4.4447,0.2373,4.4447,0.2373,-1.6171,Loyal Champions (VIPs),#10B981
3797136.56815509,14,12,281.62,1331.4,44,39,10,0.256,3,desktop,Organic Search,2,4.6068,4.44,4.6068,4.44,-1.4402,Loyal Champions (VIPs),#10B981
6174995.19504595,15,1,483.29,130.5,5,40,10,0.25,3,desktop,Email,2,4.6699,-1.9483,4.6699,-1.9483,-1.6596,Loyal Champions (VIPs),#10B981
9782487.23780436,20,1,882.85,279.5,8,31,4,0.129,5,mobile,Direct,2,4.1518,-0.7956,4.1518,-0.7956,-2.9972,Loyal Champions (VIPs),#10B981
5976882.89831092,22,2,368.7,148.8,8,21,5,0.238,2,mobile,Direct,2,3.4248,-0.8361,3.4248,-0.8361,-1.6546,Loyal Champions (VIPs),#10B981
6796475.11374519,18,2,319.37,253.0,11,10,6,0.6,2,mobile,Direct,2,3.7965,-0.0371,3.7965,-0.0371,-0.7655,Loyal Champions (VIPs),#10B981
1245777.28278766,2,1,692.14,234.5,9,18,10,0.556,5,desktop,Referral,2,6.1811,-0.8358,6.1811,-0.8358,-1.6352,Loyal Champions (VIPs),#10B981
8384452.87829117,3,3,595.46,463.7,20,42,4,0.095,5,mobile,Display,2,5.2004,1.5376,5.2004,1.5376,-3.0603,Loyal Champions (VIPs),#10B981
5958202.61252560,19,1,152.6,321.5,8,30,3,0.1,1,tablet,Direct,2,2.5763,-0.6736,2.5763,-0.6736,-1.45,Loyal Champions (VIPs),#10B981
6820096.53880226,20,3,184.73,199.9,8,17,11,0.647,1,desktop,Email,2,3.8442,-0.1875,3.8442,-0.1875,0.3483,Loyal Champions (VIPs),#10B981
5597646.43192385,12,1,581.83,141.8,4,28,6,0.214,4,mobile,Display,2,4.5487,-2.0506,4.5487,-2.0506,-2.3859,Loyal Champions (VIPs),#10B981
5414780.36573913,24,1,209.19,260.0,5,23,10,0.435,2,desktop,Organic Search,2,3.9676,-1.3164,3.9676,-1.3164,-0.6728,Loyal Champions (VIPs),#10B981
7730459.71094680,15,5,699.14,1270.2,34,15,6,0.4,4,mobile,Referral,2,4.4596,3.5398,4.4596,3.5398,-1.9426,Loyal Champions (VIPs),#10B981
7451594.42916154,23,1,648.24,330.5,8,23,3,0.13,4,mobile,Paid Search,2,3.6184,-0.6375,3.6184,-0.6375,-2.922,Loyal Champions (VIPs),#10B981
4559862.49171123,13,12,178.85,1779.1,80,28,10,0.357,1,mobile,Organic Search,2,3.8611,4.4352,3.8611,4.4352,-0.2356,Loyal Champions (VIPs),#10B981
6423179.79916345,8,1,164.49,91.9,4,33,4,0.121,1,desktop,Organic Search,2,3.2764,-2.4529,3.2764,-2.4529,-1.3212,Loyal Champions (VIPs),#10B981
1079938.95156466,5,6,179.6,553.9,32,35,3,0.086,1,mobile,Organic Search,2,3.3721,2.9344,3.3721,2.9344,-1.5047,Loyal Champions (VIPs),#10B981
8759515.99429115,8,1,329.55,178.7,5,36,3,0.083,2,desktop,Direct,2,3.6656,-1.6367,3.6656,-1.6367,-2.217,Loyal Champions (VIPs),#10B981
3499526.53642370,21,1,105.84,244.0,6,27,5,0.185,1,desktop,Organic Search,2,2.7949,-1.2044,2.7949,-1.2044,-0.9216,Loyal Champions (VIPs),#10B981
5917623.22435214,19,1,445.99,185.7,6,37,8,0.216,4,desktop,Organic Search,2,4.5286,-1.4546,4.5286,-1.4546,-2.1178,Loyal Champions (VIPs),#10B981
4215549.12243124,18,2,97.4,507.7,16,43,8,0.186,1,desktop,Organic Search,2,3.3365,0.9644,3.3365,0.9644,-0.5924,Loyal Champions (VIPs),#10B981
2071816.38425841,5,2,340.24,448.3,12,29,11,0.379,2,desktop,Referral,2,4.9884,0.5795,4.9884,0.5795,-0.8703,Loyal Champions (VIPs),#10B981
1687194.85204196,5,3,694.41,318.5,10,17,10,0.588,4,desktop,Organic Search,2,5.6186,0.4851,5.6186,0.4851,-1.3153,Loyal Champions (VIPs),#10B981
2059417.30848503,14,5,237.36,755.6,18,43,9,0.209,1,mobile,Paid Search,2,3.7794,2.4,3.7794,2.4,-0.7004,Loyal Champions (VIPs),#10B981
3113551.56481240,24,1,202.26,248.6,7,28,7,0.25,1,desktop,Organic Search,2,3.1662,-1.0507,3.1662,-1.0507,-0.7521,Loyal Champions (VIPs),#10B981
9927936.12527696,24,1,862.02,218.7,8,41,9,0.22,5,mobile,Direct,2,4.7677,-1.0386,4.7677,-1.0386,-2.3357,Loyal Champions (VIPs),#10B981
2460056.39977398,11,2,404.12,278.0,6,22,7,0.318,3,desktop,Direct,2,4.4378,-0.519,4.4378,-0.519,-1.6842,Loyal Champions (VIPs),#10B981
1991188.10664879,17,2,144.27,420.9,15,23,3,0.13,1,desktop,Organic Search,2,2.5629,0.7444,2.5629,0.7444,-1.3802,Loyal Champions (VIPs),#10B981
9243313.30127107,14,1,141.45,224.1,6,37,10,0.27,1,mobile,Organic Search,2,3.7437,-1.2907,3.7437,-1.2907,-0.4113,Loyal Champions (VIPs),#10B981
6598627.89585565,15,2,534.04,362.1,14,39,4,0.103,5,desktop,Direct,2,4.3469,0.5419,4.3469,0.5419,-2.9963,Loyal Champions (VIPs),#10B981
7659105.13805916,7,4,233.4,380.3,14,17,5,0.294,2,desktop,Direct,2,3.94,1.2865,3.94,1.2865,-1.4205,Loyal Champions (VIPs),#10B981
4192600.14519449,1,1,512.65,167.0,4,22,7,0.318,4,tablet,Organic Search,2,5.7504,-1.8787,5.7504,-1.8787,-2.087,Loyal Champions (VIPs),#10B981
9404491.51708700,15,3,392.96,730.0,24,44,6,0.136,3,desktop,Direct,2,4.2035,2.1189,4.2035,2.1189,-2.0956,Loyal Champions (VIPs),#10B981
9784904.60261012,17,1,509.91,77.3,3,11,3,0.273,3,mobile,Organic Search,2,3.4365,-2.8389,3.4365,-2.8389,-2.3479,Loyal Champions (VIPs),#10B981
1565845.98815623,17,5,611.58,539.9,12,27,9,0.333,4,mobile,Organic Search,2,4.776,1.6939,4.776,1.6939,-1.8545,Loyal Champions (VIPs),#10B981
8722420.55521491,23,2,229.03,644.1,14,28,4,0.143,2,mobile,Organic Search,2,3.153,1.0675,3.153,1.0675,-1.8171,Loyal Champions (VIPs),#10B981
3089007.49576625,8,1,578.88,198.0,6,17,11,0.647,4,desktop,Organic Search,2,5.4946,-1.3883,5.4946,-1.3883,-1.1403,Loyal Champions (VIPs),#10B981
4930239.80689059,2,2,309.08,227.3,11,39,4,0.103,3,desktop,Organic Search,2,4.7957,-0.1126,4.7957,-0.1126,-2.3893,Loyal Champions (VIPs),#10B981
3682247.67982289,23,5,293.47,334.3,16,22,6,0.273,3,desktop,Referral,2,3.8189,1.5344,3.8189,1.5344,-1.7521,Loyal Champions (VIPs),#10B981
8287413.28047731,12,1,454.71,369.8,8,11,10,0.909,4,mobile,Organic Search,2,5.2849,-0.5441,5.2849,-0.5441,-0.6548,Loyal Champions (VIPs),#10B981
7993355.56344535,3,2,295.66,226.1,11,18,5,0.278,2,mobile,Direct,2,4.39,-0.1217,4.39,-0.1217,-1.5466,Loyal Champions (VIPs),#10B981
2838600.11481351,23,2,423.09,354.5,10,10,8,0.8,2,mobile,Organic Search,2,4.12,0.1756,4.12,0.1756,-0.2916,Loyal Champions (VIPs),#10B981
8956606.88809385,12,1,642.11,173.7,6,16,5,0.312,4,desktop,Affiliates,2,4.3665,-1.4994,4.3665,-1.4994,-2.2945,Loyal Champions (VIPs),#10B981
1568366.58820129,5,4,419.96,776.2,20,10,3,0.3,5,mobile,Organic Search,2,4.4519,2.3284,4.4519,2.3284,-2.7211,Loyal Champions (VIPs),#10B981
1841100.14156832,1,2,229.27,527.4,11,18,5,0.278,2,desktop,Direct,2,4.7378,0.6729,4.7378,0.6729,-1.4849,Loyal Champions (VIPs),#10B981
1519817.94398302,11,4,420.47,717.9,21,12,5,0.417,3,desktop,Referral,2,4.1521,2.2847,4.1521,2.2847,-1.6588,Loyal Champions (VIPs),#10B981
5562966.99949281,11,1,511.43,114.9,4,19,11,0.579,4,tablet,Organic Search,2,5.2629,-2.2534,5.2629,-2.2534,-1.2408,Loyal Champions (VIPs),#10B981
7949397.76357487,9,1,741.51,95.7,3,33,11,0.333,4,mobile,Organic Search,2,5.3104,-2.6585,5.3104,-2.6585,-1.7892,Loyal Champions (VIPs),#10B981
1961073.48819110,5,1,705.39,226.9,9,43,3,0.07,5,mobile,Direct,2,4.7857,-0.8617,4.7857,-0.8617,-3.2622,Loyal Champions (VIPs),#10B981
6069410.63227734,24,2,308.13,505.6,16,12,5,0.417,4,desktop,Referral,2,3.8745,0.9809,3.8745,0.9809,-1.8536,Loyal Champions (VIPs),#10B981
2248934.10920871,23,1,256.04,224.8,4,15,11,0.733,2,mobile,Organic Search,2,4.2834,-1.6458,4.2834,-1.6458,-0.1007,Loyal Champions (VIPs),#10B981
6516524.19760438,9,1,423.09,122.4,6,12,6,0.5,5,mobile,Organic Search,2,4.8653,-1.8215,4.8653,-1.8215,-1.9475,Loyal Champions (VIPs),#10B981
9429582.39789949,5,1,782.86,348.9,8,38,5,0.132,5,desktop,Referral,2,5.0935,-0.5793,5.0935,-0.5793,-2.8883,Loyal Champions (VIPs),#10B981
9347073.47014181,1,1,494.5,188.8,5,27,7,0.259,3,desktop,Organic Search,2,5.5202,-1.5742,5.5202,-1.5742,-1.9143,Loyal Champions (VIPs),#10B981
4803497.78035394,19,1,339.53,263.2,8,37,6,0.162,2,desktop,Referral,2,3.7112,-0.8647,3.7112,-0.8647,-1.673,Loyal Champions (VIPs),#10B981
9099448.25365679,20,2,112.01,691.5,16,24,9,0.375,1,desktop,Organic Search,2,3.4072,1.2519,3.4072,1.2519,-0.1604,Loyal Champions (VIPs),#10B981
4983839.20449426,15,1,534.05,247.1,5,35,9,0.257,3,desktop,Direct,2,4.5823,-1.3542,4.5823,-1.3542,-1.7288,Loyal Champions (VIPs),#10B981
7301170.72771753,11,1,321.08,283.5,7,33,11,0.333,4,desktop,Organic Search,2,5.0676,-0.9193,5.0676,-0.9193,-1.5953,Loyal Champions (VIPs),#10B981
2274033.89922889,9,4,283.27,518.3,16,29,11,0.379,4,mobile,Organic Search,2,5.1663,1.6944,5.1663,1.6944,-1.4472,Loyal Champions (VIPs),#10B981
9822340.89170051,2,1,522.7,241.9,6,31,5,0.161,3,mobile,Direct,2,5.0167,-1.181,5.0167,-1.181,-2.3119,Loyal Champions (VIPs),#10B981
8222157.76772457,6,2,242.74,263.4,11,24,8,0.333,4,desktop,Direct,2,4.9996,0.0089,4.9996,0.0089,-1.7273,Loyal Champions (VIPs),#10B981
3508116.98521056,1,1,509.69,154.2,4,37,5,0.135,5,desktop,Paid Search,2,5.6867,-1.9489,5.6867,-1.9489,-2.8843,Loyal Champions (VIPs),#10B981
3764230.56988289,9,5,524.94,1017.1,25,11,11,1.0,5,mobile,Direct,2,5.8133,3.0254,5.8133,3.0254,-0.6877,Loyal Champions (VIPs),#10B981
7326390.79702188,9,2,323.36,418.4,12,42,3,0.071,4,desktop,Direct,2,4.1648,0.5299,4.1648,0.5299,-2.8412,Loyal Champions (VIPs),#10B981
3934313.47545968,11,2,500.84,183.5,9,27,10,0.37,5,mobile,Organic Search,2,5.2606,-0.528,5.2606,-0.528,-1.9265,Loyal Champions (VIPs),#10B981
5276089.41793009,16,1,713.84,214.4,8,29,4,0.138,5,mobile,Organic Search,2,4.2601,-1.0388,4.2601,-1.0388,-2.9908,Loyal Champions (VIPs),#10B981
3944114.91973987,1,1,138.49,85.4,3,11,11,1.0,1,mobile,Organic Search,2,5.3469,-2.7541,5.3469,-2.7541,0.9481,Loyal Champions (VIPs),#10B981
3178699.48763629,18,6,528.33,750.0,22,34,11,0.324,5,desktop,Paid Search,2,5.1052,2.8127,5.1052,2.8127,-1.9282,Loyal Champions (VIPs),#10B981
2340812.77182392,5,2,554.4,366.0,12,19,5,0.263,5,desktop,Organic Search,2,4.9841,0.413,4.9841,0.413,-2.603,Loyal Champions (VIPs),#10B981
8251024.54732034,17,2,273.48,259.6,7,31,10,0.323,2,desktop,Direct,2,4.1922,-0.456,4.1922,-0.456,-0.9753,Loyal Champions (VIPs),#10B981
1557613.20099163,15,2,694.6,248.6,10,33,8,0.242,4,mobile,Direct,2,4.7201,-0.147,4.7201,-0.147,-2.1379,Loyal Champions (VIPs),#10B981
3280824.21418846,12,2,490.5,458.0,10,43,5,0.116,3,desktop,Organic Search,2,4.226,0.4257,4.226,0.4257,-2.3184,Loyal Champions (VIPs),#10B981
3028626.55911032,16,2,245.95,430.7,10,26,4,0.154,4,desktop,Direct,2,3.8637,0.3728,3.8637,0.3728,-2.4803,Loyal Champions (VIPs),#10B981
6257059.73691010,18,3,134.6,319.9,20,19,11,0.579,1,desktop,Referral,2,3.7989,1.1502,3.7989,1.1502,0.3166,Loyal Champions (VIPs),#10B981
9396182.76823578,10,1,320.97,235.1,5,26,6,0.231,2,mobile,Direct,2,4.0007,-1.3915,4.0007,-1.3915,-1.543,Loyal Champions (VIPs),#10B981
5263864.40212737,3,5,332.51,541.1,14,16,11,0.688,4,desktop,Direct,2,5.8803,1.862,5.8803,1.862,-0.907,Loyal Champions (VIPs),#10B981
8829227.10828959,19,1,94.28,122.1,5,21,10,0.476,1,desktop,Display,2,3.5352,-2.0189,3.5352,-2.0189,0.1153,Loyal Champions (VIPs),#10B981
7580103.58002077,11,1,96.83,210.0,5,37,11,0.297,1,mobile,Direct,2,3.8877,-1.5144,3.8877,-1.5144,-0.2043,Loyal Champions (VIPs),#10B981
5429968.27061029,17,1,128.85,217.3,7,14,11,0.786,1,tablet,Organic Search,2,3.9283,-1.1791,3.9283,-1.1791,0.6844,Loyal Champions (VIPs),#10B981
3559691.38810796,13,4,734.23,1004.7,25,16,7,0.438,5,mobile,Organic Search,2,4.8835,2.7709,4.8835,2.7709,-2.0135,Loyal Champions (VIPs),#10B981
1372448.60980421,2,3,767.84,398.3,16,35,6,0.171,4,desktop,Organic Search,2,5.4489,1.1694,5.4489,1.1694,-2.4821,Loyal Champions (VIPs),#10B981
6124150.45264967,12,1,177.49,208.8,4,22,9,0.409,1,mobile,Direct,2,3.7902,-1.708,3.7902,-1.708,-0.2566,Loyal Champions (VIPs),#10B981
9110470.51310146,20,2,375.24,285.3,8,41,5,0.122,4,mobile,Paid Search,2,4.0992,-0.2312,4.0992,-0.2312,-2.5181,Loyal Champions (VIPs),#10B981
1652198.14541305,7,2,418.13,277.7,14,26,6,0.231,5,mobile,Organic Search,2,4.9414,0.3004,4.9414,0.3004,-2.4813,Loyal Champions (VIPs),#10B981
4309493.26471387,1,8,328.49,988.6,44,32,6,0.188,2,mobile,Organic Search,2,5.0389,4.1068,5.0389,4.1068,-1.6217,Loyal Champions (VIPs),#10B981
8752131.85770601,7,1,330.13,91.2,4,23,8,0.348,5,desktop,Organic Search,2,5.1688,-2.4555,5.1688,-2.4555,-2.0321,Loyal Champions (VIPs),#10B981
9673665.56069327,1,1,404.04,276.9,7,34,9,0.265,5,tablet,Organic Search,2,6.1358,-0.9149,6.1358,-0.9149,-2.1975,Loyal Champions (VIPs),#10B981
5397025.89660592,6,1,191.44,207.7,5,28,5,0.179,1,desktop,Organic Search,2,3.5963,-1.5035,3.5963,-1.5035,-1.1195,Loyal Champions (VIPs),#10B981
6724007.87157089,15,3,198.02,606.6,14,19,8,0.421,4,desktop,Organic Search,2,4.5023,1.4044,4.5023,1.4044,-1.4551,Loyal Champions (VIPs),#10B981
2753715.27385297,18,1,482.65,282.5,8,31,7,0.226,5,mobile,Direct,2,4.6202,-0.7928,4.6202,-0.7928,-2.4234,Loyal Champions (VIPs),#10B981
1508273.45963715,22,2,263.61,258.6,11,39,4,0.103,3,mobile,Organic Search,2,3.576,-0.017,3.576,-0.017,-2.2962,Loyal Champions (VIPs),#10B981
8094030.57320046,14,8,351.42,1079.5,54,13,11,0.846,2,desktop,Referral,2,4.7112,4.157,4.7112,4.157,0.0611,Loyal Champions (VIPs),#10B981
5935537.18776363,21,1,297.33,371.0,9,33,5,0.152,2,desktop,Direct,2,3.4609,-0.4319,3.4609,-0.4319,-1.7564,Loyal Champions (VIPs),#10B981
2146045.17682054,1,2,587.64,282.4,9,24,11,0.458,5,desktop,Organic Search,2,6.4657,-0.1082,6.4657,-0.1082,-1.7662,Loyal Champions (VIPs),#10B981
4306675.85733789,20,1,184.3,224.4,5,14,4,0.286,1,mobile,Paid Search,2,2.6991,-1.4377,2.6991,-1.4377,-0.9928,Loyal Champions (VIPs),#10B981
7658899.84404224,13,4,229.03,458.2,16,12,5,0.417,4,desktop,Organic Search,2,4.1516,1.5921,4.1516,1.5921,-1.7873,Loyal Champions (VIPs),#10B981
3678725.44496042,18,2,910.24,541.5,13,33,9,0.273,5,mobile,Referral,2,4.9185,0.8305,4.9185,0.8305,-2.2129,Loyal Champions (VIPs),#10B981
9629757.73592620,17,3,148.59,398.2,9,41,4,0.098,1,mobile,Direct,2,2.918,0.5775,2.918,0.5775,-1.2748,Loyal Champions (VIPs),#10B981
7203304.56613979,3,1,146.64,104.8,3,16,5,0.312,1,mobile,Organic Search,2,3.8266,-2.5585,3.8266,-2.5585,-0.8054,Loyal Champions (VIPs),#10B981
1954719.77288816,11,4,169.91,502.3,12,36,10,0.278,1,desktop,Direct,2,3.9236,1.3694,3.9236,1.3694,-0.4221,Loyal Champions (VIPs),#10B981
4327651.38366658,20,1,216.15,373.6,9,15,6,0.4,1,desktop,Organic Search,2,3.1487,-0.4279,3.1487,-0.4279,-0.5463,Loyal Champions (VIPs),#10B981
7515084.52663259,19,2,200.8,355.9,14,43,3,0.07,2,desktop,Organic Search,2,3.157,0.5179,3.157,0.5179,-2.0521,Loyal Champions (VIPs),#10B981
2521320.90366068,10,5,143.0,890.9,26,16,11,0.688,1,mobile,Paid Search,2,4.1943,2.9293,4.1943,2.9293,0.5123,Loyal Champions (VIPs),#10B981
4552167.83497965,15,3,266.8,512.3,12,39,3,0.077,3,desktop,Organic Search,2,3.6061,1.1031,3.6061,1.1031,-2.4865,Loyal Champions (VIPs),#10B981
4650959.37896737,6,3,407.45,271.7,14,16,9,0.562,2,mobile,Referral,2,4.8131,0.6623,4.8131,0.6623,-0.6756,Loyal Champions (VIPs),#10B981
8218622.89359396,4,1,266.68,375.6,9,23,10,0.435,4,desktop,Paid Search,2,5.4681,-0.4078,5.4681,-0.4078,-1.4111,Loyal Champions (VIPs),#10B981
3826116.45884703,4,4,292.19,589.2,19,44,11,0.25,4,desktop,Direct,2,5.5688,1.9927,5.5688,1.9927,-1.7358,Loyal Champions (VIPs),#10B981
5976741.71414194,8,3,538.55,425.7,17,21,8,0.381,3,desktop,Organic Search,2,4.8204,1.275,4.8204,1.275,-1.5344,Loyal Champions (VIPs),#10B981
5518617.74035948,23,1,89.89,212.6,8,26,6,0.231,1,mobile,Paid Search,2,2.8653,-1.0687,2.8653,-1.0687,-0.6745,Loyal Champions (VIPs),#10B981
8449254.46151646,1,1,463.07,236.6,7,26,9,0.346,4,desktop,Referral,2,5.9871,-1.0611,5.9871,-1.0611,-1.8365,Loyal Champions (VIPs),#10B981
8618622.84438441,13,1,320.09,307.1,6,31,9,0.29,2,desktop,Direct,2,4.258,-0.9898,4.258,-0.9898,-1.1603,Loyal Champions (VIPs),#10B981
9799054.51881654,5,1,671.99,352.0,7,41,11,0.268,4,desktop,Organic Search,2,5.6078,-0.7101,5.6078,-0.7101,-1.9104,Loyal Champions (VIPs),#10B981
8612412.96461982,22,1,183.83,62.1,3,13,11,0.846,1,mobile,Referral,2,3.8965,-3.0748,3.8965,-3.0748,0.6754,Loyal Champions (VIPs),#10B981
9467719.94302903,6,3,521.84,299.4,11,38,7,0.184,5,desktop,Referral,2,5.2483,0.5226,5.2483,0.5226,-2.5426,Loyal Champions (VIPs),#10B981
4522052.91023886,5,2,248.13,544.2,13,10,10,1.0,2,mobile,Organic Search,2,5.1514,0.8408,5.1514,0.8408,0.2936,Loyal Champions (VIPs),#10B981
4930531.91751810,10,1,192.35,279.8,6,26,3,0.115,1,desktop,Organic Search,2,2.9356,-1.0613,2.9356,-1.0613,-1.5097,Loyal Champions (VIPs),#10B981
8285887.23234188,16,3,125.93,990.6,23,21,8,0.381,2,mobile,Referral,2,3.8465,2.3541,3.8465,2.3541,-0.7586,Loyal Champions (VIPs),#10B981
2150770.68350068,9,2,97.0,228.5,8,17,4,0.235,1,desktop,Paid Search,2,2.9996,-0.4304,2.9996,-0.4304,-0.942,Loyal Champions (VIPs),#10B981
3208330.76700307,5,2,503.73,421.4,9,26,9,0.346,3,mobile,Direct,2,5.148,0.2503,5.148,0.2503,-1.5356,Loyal Champions (VIPs),#10B981
8027750.57588324,11,2,200.67,294.3,14,43,6,0.14,3,desktop,Organic Search,2,4.2164,0.3414,4.2164,0.3414,-1.9393,Loyal Champions (VIPs),#10B981
8006174.57629888,24,1,589.3,201.5,9,33,7,0.212,5,mobile,Direct,2,4.5099,-0.9975,4.5099,-0.9975,-2.5013,Loyal Champions (VIPs),#10B981
6127914.28128781,9,1,107.74,250.3,6,35,8,0.229,2,desktop,Direct,2,4.1078,-1.1763,4.1078,-1.1763,-1.0848,Loyal Champions (VIPs),#10B981
6277607.24470785,10,6,344.96,513.4,23,12,11,0.917,3,desktop,Direct,2,5.2132,2.509,5.2132,2.509,-0.2057,Loyal Champions (VIPs),#10B981
6582326.80482088,19,5,527.34,438.9,23,36,3,0.083,4,mobile,Organic Search,2,3.8272,2.1651,3.8272,2.1651,-2.9303,Loyal Champions (VIPs),#10B981
7906757.23464501,12,3,372.06,508.0,23,23,3,0.13,3,desktop,Organic Search,2,3.6547,1.7541,3.6547,1.7541,-2.5042,Loyal Champions (VIPs),#10B981
8102343.75537726,1,1,218.44,270.9,8,37,11,0.297,1,mobile,Organic Search,2,5.1083,-0.8247,5.1083,-0.8247,-0.4523,Loyal Champions (VIPs),#10B981
2340160.16936163,2,5,666.92,1342.5,30,13,5,0.385,5,desktop,Organic Search,2,5.4338,3.4356,5.4338,3.4356,-2.3541,Loyal Champions (VIPs),#10B981
6859202.47102689,23,1,161.98,314.3,9,25,7,0.28,1,desktop,Referral,2,3.1385,-0.5951,3.1385,-0.5951,-0.6268,Loyal Champions (VIPs),#10B981
5484142.12161019,7,2,195.28,389.6,10,13,10,0.769,2,mobile,Paid Search,2,4.7936,0.2703,4.7936,0.2703,-0.0317,Loyal Champions (VIPs),#10B981
3148663.69433539,23,1,422.07,274.1,6,24,8,0.333,5,desktop,Organic Search,2,4.581,-1.0918,4.581,-1.0918,-2.0821,Loyal Champions (VIPs),#10B981
6695917.36362428,18,1,646.2,170.1,5,30,7,0.233,4,desktop,Referral,2,4.4831,-1.6954,4.4831,-1.6954,-2.2498,Loyal Champions (VIPs),#10B981
4080695.52093007,7,3,309.32,329.6,17,21,6,0.286,2,desktop,Organic Search,2,4.1785,1.0398,4.1785,1.0398,-1.4041,Loyal Champions (VIPs),#10B981
4061347.35780384,17,1,181.54,196.5,4,39,11,0.282,1,mobile,Organic Search,2,3.789,-1.7738,3.789,-1.7738,-0.3927,Loyal Champions (VIPs),#10B981
3818226.56419698,8,2,151.36,447.5,11,24,6,0.25,1,desktop,Organic Search,2,3.5485,0.4939,3.5485,0.4939,-0.7786,Loyal Champions (VIPs),#10B981
5991612.69188207,6,1,423.51,299.0,7,20,9,0.45,5,desktop,Direct,2,5.4536,-0.8562,5.4536,-0.8562,-1.7962,Loyal Champions (VIPs),#10B981
3242188.25022202,11,1,341.21,135.1,6,36,3,0.083,3,mobile,Paid Search,2,3.7932,-1.7325,3.7932,-1.7325,-2.5853,Loyal Champions (VIPs),#10B981
3822215.79934411,15,4,398.8,335.7,13,20,4,0.2,3,tablet,Organic Search,2,3.7471,1.0951,3.7471,1.0951,-2.2347,Loyal Champions (VIPs),#10B981
8526204.80426382,17,1,0.0,404.1,10,8,5,0.625,0,desktop,Referral,0,1.3018,-0.2627,1.3018,-0.2627,2.0864,Cart Abandoners / Window Shoppers,#F59E0B
4528792.94794905,31,2,54.05,268.8,14,9,2,0.222,1,desktop,Referral,2,1.5787,0.2615,1.5787,0.2615,-1.1532,Loyal Champions (VIPs),#10B981
6140422.44262571,43,1,0.0,302.1,6,18,4,0.222,0,mobile,Direct,0,0.4393,-1.0227,0.4393,-1.0227,1.1497,Cart Abandoners / Window Shoppers,#F59E0B
6254515.88581812,42,1,0.0,97.4,5,20,4,0.2,0,mobile,Direct,0,0.4626,-2.2353,0.4626,-2.2353,1.0872,Cart Abandoners / Window Shoppers,#F59E0B
4908904.18431694,43,3,61.16,496.5,22,7,3,0.429,1,mobile,Organic Search,2,1.8167,1.6698,1.8167,1.6698,-0.5134,Loyal Champions (VIPs),#10B981
3759565.99451566,19,2,0.0,257.2,14,6,4,0.667,0,desktop,Paid Search,0,1.0645,0.2031,1.0645,0.2031,2.0425,Cart Abandoners / Window Shoppers,#F59E0B
5180841.29098672,39,1,57.58,178.5,7,22,3,0.136,1,desktop,Direct,2,1.884,-1.3522,1.884,-1.3522,-1.1346,Loyal Champions (VIPs),#10B981
8931399.43646422,25,1,58.96,188.8,5,13,3,0.231,1,mobile,Email,2,2.0664,-1.5977,2.0664,-1.5977,-0.9685,Loyal Champions (VIPs),#10B981
3878992.18415310,22,2,22.66,216.6,10,18,5,0.278,1,mobile,Direct,2,2.4123,-0.2824,2.4123,-0.2824,-0.3265,Loyal Champions (VIPs),#10B981
9515655.85162755,13,2,0.0,485.8,14,8,4,0.5,0,mobile,Organic Search,0,1.175,0.7981,1.175,0.7981,1.7183,Cart Abandoners / Window Shoppers,#F59E0B
4500966.53733967,37,1,0.0,333.2,9,21,3,0.143,0,desktop,Direct,0,0.3205,-0.548,0.3205,-0.548,0.8374,Cart Abandoners / Window Shoppers,#F59E0B
3287079.96616128,7,2,0.0,200.2,8,11,4,0.364,0,desktop,Organic Search,0,1.4413,-0.5625,1.4413,-0.5625,1.4066,Cart Abandoners / Window Shoppers,#F59E0B
9271221.23015413,23,2,21.69,405.3,11,19,2,0.105,1,mobile,Organic Search,2,1.6764,0.4029,1.6764,0.4029,-1.1415,Loyal Champions (VIPs),#10B981
3184336.90263957,12,3,27.25,390.6,16,16,5,0.312,1,mobile,Organic Search,2,2.7877,1.1276,2.7877,1.1276,-0.3007,Loyal Champions (VIPs),#10B981
2963201.42359150,40,1,46.21,187.3,7,23,3,0.13,1,mobile,Organic Search,2,1.8318,-1.3086,1.8318,-1.3086,-1.0868,Loyal Champions (VIPs),#10B981
8277454.31266161,31,1,0.0,150.3,6,12,5,0.417,0,desktop,Referral,0,0.8598,-1.6683,0.8598,-1.6683,1.6687,Cart Abandoners / Window Shoppers,#F59E0B
8615517.69141083,11,4,50.43,544.2,24,21,5,0.238,1,mobile,Organic Search,2,2.9728,2.1508,2.9728,2.1508,-0.6038,Loyal Champions (VIPs),#10B981
2672284.12716962,16,12,60.44,2384.0,61,8,2,0.25,1,desktop,Referral,3,1.9806,4.4613,1.9806,4.4613,-1.0951,Potential Loyalists,#3B82F6
2548146.57292274,34,6,29.61,1315.4,30,24,4,0.167,1,desktop,Direct,3,2.0672,3.6023,2.0672,3.6023,-0.6953,Potential Loyalists,#3B82F6
9639908.52624466,34,1,0.0,255.0,7,16,5,0.312,0,desktop,Referral,0,0.7781,-1.0383,0.7781,-1.0383,1.4603,Cart Abandoners / Window Shoppers,#F59E0B
2155098.14365461,30,3,63.55,833.3,20,12,3,0.25,1,mobile,Direct,2,1.9857,2.0572,1.9857,2.0572,-0.9034,Loyal Champions (VIPs),#10B981
2687784.49076400,28,1,0.0,174.8,8,14,2,0.143,0,desktop,Organic Search,0,0.1162,-1.2479,0.1162,-1.2479,0.6063,Cart Abandoners / Window Shoppers,#F59E0B
4976535.37442726,32,2,0.0,212.8,6,20,2,0.1,0,desktop,Direct,0,0.1268,-0.784,0.1268,-0.784,0.544,Cart Abandoners / Window Shoppers,#F59E0B
6593298.32378337,32,3,28.04,901.7,23,20,3,0.15,1,desktop,Direct,3,1.8326,2.2675,1.8326,2.2675,-0.8885,Potential Loyalists,#3B82F6
3294147.93726436,26,1,0.0,124.1,5,11,2,0.182,0,desktop,Organic Search,0,0.1188,-1.9936,0.1188,-1.9936,0.6693,Cart Abandoners / Window Shoppers,#F59E0B
5807684.63846715,42,2,0.0,195.9,8,6,5,0.833,0,mobile,Organic Search,0,0.9262,-0.6059,0.9262,-0.6059,2.4757,Cart Abandoners / Window Shoppers,#F59E0B
6149455.23874175,10,3,0.0,394.7,19,22,2,0.091,0,mobile,Organic Search,3,0.7977,1.3101,0.7977,1.3101,0.5295,Potential Loyalists,#3B82F6
6238790.78141845,6,3,36.98,755.5,21,20,3,0.15,1,mobile,Organic Search,2,2.7934,2.029,2.7934,2.029,-1.0004,Loyal Champions (VIPs),#10B981
1380889.43261001,31,2,25.11,193.6,7,20,5,0.25,1,mobile,Organic Search,2,2.2435,-0.7293,2.2435,-0.7293,-0.4083,Loyal Champions (VIPs),#10B981
3510060.63896559,30,2,0.0,402.3,13,19,3,0.158,0,desktop,Paid Search,0,0.4245,0.5407,0.4245,0.5407,0.8693,Cart Abandoners / Window Shoppers,#F59E0B
9154185.44194143,38,1,0.0,137.1,4,13,5,0.385,0,desktop,Direct,0,0.7325,-2.1136,0.7325,-2.1136,1.6021,Cart Abandoners / Window Shoppers,#F59E0B
1585532.67469126,33,3,50.8,905.5,20,21,2,0.095,1,desktop,Organic Search,2,1.6861,2.1344,1.6861,2.1344,-1.3435,Loyal Champions (VIPs),#10B981
3787849.71374332,22,1,55.68,122.8,3,6,3,0.5,1,mobile,Direct,2,2.1992,-2.4231,2.1992,-2.4231,-0.4048,Loyal Champions (VIPs),#10B981
2261899.35518083,43,3,0.0,154.0,8,7,2,0.286,0,desktop,Affiliates,0,-0.1788,-0.4214,-0.1788,-0.4214,0.9122,Cart Abandoners / Window Shoppers,#F59E0B
4494866.84795191,14,1,22.65,132.1,4,16,5,0.312,1,desktop,Direct,2,2.6561,-2.1259,2.6561,-2.1259,-0.2852,Loyal Champions (VIPs),#10B981
5951302.65631766,11,2,57.08,467.9,14,11,2,0.182,1,desktop,Organic Search,2,2.1801,0.787,2.1801,0.787,-1.2649,Loyal Champions (VIPs),#10B981
7348619.64474172,36,4,31.09,619.2,15,12,4,0.333,1,mobile,Organic Search,2,2.0008,1.7884,2.0008,1.7884,-0.3858,Loyal Champions (VIPs),#10B981
8945071.29620533,7,1,0.0,216.0,8,21,3,0.143,0,desktop,Direct,0,1.2266,-1.0441,1.2266,-1.0441,0.7922,Cart Abandoners / Window Shoppers,#F59E0B
6740697.32856628,25,3,30.21,214.3,11,19,5,0.263,1,desktop,Organic Search,2,2.4049,0.1912,2.4049,0.1912,-0.425,Loyal Champions (VIPs),#10B981
6014243.45583934,44,1,50.27,135.2,4,10,5,0.5,1,desktop,Organic Search,2,2.2541,-2.1147,2.2541,-2.1147,-0.0738,Loyal Champions (VIPs),#10B981
9259588.13048542,37,1,42.5,50.8,3,16,3,0.188,1,desktop,Organic Search,2,1.7938,-3.245,1.7938,-3.245,-0.9849,Loyal Champions (VIPs),#10B981
5943638.14925802,25,3,0.0,453.9,11,24,4,0.167,0,desktop,Organic Search,0,0.7898,0.878,0.7898,0.878,1.046,Cart Abandoners / Window Shoppers,#F59E0B
4280569.69641385,43,1,48.05,127.4,2,23,5,0.217,1,desktop,Display,2,2.1996,-2.7156,2.1996,-2.7156,-0.6551,Loyal Champions (VIPs),#10B981
3146774.38483070,12,1,41.01,149.8,4,8,5,0.625,1,mobile,Direct,2,3.0016,-2.0054,3.0016,-2.0054,0.1939,Loyal Champions (VIPs),#10B981
7080764.74822002,31,2,29.38,630.8,15,18,4,0.222,1,mobile,Organic Search,2,2.0715,1.109,2.0715,1.109,-0.6111,Loyal Champions (VIPs),#10B981
6817652.16734379,44,2,37.62,271.0,8,6,4,0.667,1,desktop,Display,2,2.0855,-0.2885,2.0855,-0.2885,0.2177,Loyal Champions (VIPs),#10B981
4045469.76611811,13,1,41.48,182.8,5,24,2,0.083,1,mobile,Paid Search,2,2.188,-1.6203,2.188,-1.6203,-1.3686,Loyal Champions (VIPs),#10B981
8769288.29276094,19,1,29.56,171.8,6,9,5,0.556,1,desktop,Affiliates,2,2.6429,-1.5264,2.6429,-1.5264,0.161,Loyal Champions (VIPs),#10B981
4554440.88259639,14,2,0.0,344.1,9,15,3,0.2,0,desktop,Referral,0,0.8124,0.0477,0.8124,0.0477,0.9271,Cart Abandoners / Window Shoppers,#F59E0B
2120496.91587900,14,4,50.86,283.9,14,17,4,0.235,1,mobile,Organic Search,2,2.6298,1.0048,2.6298,1.0048,-0.7516,Loyal Champions (VIPs),#10B981
4387125.72038196,26,2,0.0,335.6,9,22,3,0.136,0,mobile,Direct,0,0.5317,0.0152,0.5317,0.0152,0.8195,Cart Abandoners / Window Shoppers,#F59E0B
4959906.43819714,32,1,23.56,96.6,3,9,5,0.556,1,desktop,Organic Search,2,2.3023,-2.6599,2.3023,-2.6599,0.2162,Loyal Champions (VIPs),#10B981
1230831.91941660,30,5,58.34,1060.6,32,16,3,0.188,1,desktop,Referral,3,1.9959,3.3133,1.9959,3.3133,-0.9961,Potential Loyalists,#3B82F6
7850017.93090455,9,6,0.0,992.3,37,12,2,0.167,0,desktop,Organic Search,3,0.7247,3.6183,0.7247,3.6183,0.6762,Potential Loyalists,#3B82F6
6065357.96480854,30,2,45.23,333.8,8,6,2,0.333,1,desktop,Referral,2,1.5658,-0.0787,1.5658,-0.0787,-0.8739,Loyal Champions (VIPs),#10B981
1740621.42220205,13,1,0.0,230.6,8,8,2,0.25,0,tablet,Paid Search,0,0.4791,-0.9793,0.4791,-0.9793,0.8074,Cart Abandoners / Window Shoppers,#F59E0B
6136634.53204833,23,1,0.0,121.8,7,14,4,0.286,0,desktop,Paid Search,0,0.7837,-1.7143,0.7837,-1.7143,1.2576,Cart Abandoners / Window Shoppers,#F59E0B
1055401.19196115,41,1,0.0,396.5,9,24,2,0.083,0,mobile,Organic Search,0,0.0353,-0.384,0.0353,-0.384,0.5394,Cart Abandoners / Window Shoppers,#F59E0B
5062389.84426174,14,3,43.69,271.5,15,15,2,0.133,1,desktop,Organic Search,2,2.0462,0.7371,2.0462,0.7371,-1.2876,Loyal Champions (VIPs),#10B981
6519309.35778400,24,1,23.45,89.2,2,5,5,1.0,1,desktop,Referral,2,2.7349,-3.0365,2.7349,-3.0365,0.9953,Loyal Champions (VIPs),#10B981
8223926.90009523,22,1,21.85,138.7,5,14,5,0.357,1,mobile,Referral,2,2.4098,-1.8916,2.4098,-1.8916,-0.1683,Loyal Champions (VIPs),#10B981
3615452.92689685,23,2,0.0,222.8,12,21,2,0.095,0,mobile,Direct,0,0.3263,-0.0799,0.3263,-0.0799,0.5373,Cart Abandoners / Window Shoppers,#F59E0B
3088409.61891341,20,1,43.01,143.6,6,5,5,1.0,1,mobile,Referral,2,2.9673,-1.693,2.9673,-1.693,0.8528,Loyal Champions (VIPs),#10B981
3979842.74747708,34,1,0.0,127.5,5,16,4,0.25,0,tablet,Referral,0,0.5651,-1.9829,0.5651,-1.9829,1.1884,Cart Abandoners / Window Shoppers,#F59E0B
1532751.14825032,18,2,49.48,278.1,6,11,3,0.273,1,desktop,Organic Search,2,2.2104,-0.5176,2.2104,-0.5176,-0.8323,Loyal Champions (VIPs),#10B981
9383494.25911495,21,1,0.0,82.8,4,10,2,0.2,0,mobile,Paid Search,0,0.2268,-2.5579,0.2268,-2.5579,0.6927,Cart Abandoners / Window Shoppers,#F59E0B
8925714.70067592,14,5,0.0,1180.5,31,20,2,0.1,0,desktop,Organic Search,3,0.5955,3.3789,0.5955,3.3789,0.5719,Potential Loyalists,#3B82F6
6419224.75359226,35,2,63.84,298.3,13,9,3,0.333,1,desktop,Organic Search,2,1.9025,0.2781,1.9025,0.2781,-0.7467,Loyal Champions (VIPs),#10B981
1671286.14554072,17,8,47.69,1306.8,47,13,3,0.231,1,desktop,Referral,3,2.2531,4.3089,2.2531,4.3089,-0.8615,Potential Loyalists,#3B82F6
1752648.11839744,11,1,0.0,197.3,8,21,2,0.095,0,desktop,Paid Search,0,0.725,-1.1282,0.725,-1.1282,0.5113,Cart Abandoners / Window Shoppers,#F59E0B
9388740.50267953,32,5,0.0,1033.4,33,21,3,0.143,0,desktop,Referral,3,0.4156,3.3052,0.4156,3.3052,0.8727,Potential Loyalists,#3B82F6
2124995.23110186,10,1,61.21,227.2,5,10,3,0.3,1,desktop,Affiliates,2,2.5716,-1.4147,2.5716,-1.4147,-0.8514,Loyal Champions (VIPs),#10B981
9138781.80692317,7,1,0.0,321.9,9,14,4,0.286,0,desktop,Referral,0,1.4236,-0.5634,1.4236,-0.5634,1.247,Cart Abandoners / Window Shoppers,#F59E0B
1065805.37137825,8,5,39.65,666.1,17,10,2,0.2,1,mobile,Organic Search,2,2.2653,2.2576,2.2653,2.2576,-1.1294,Loyal Champions (VIPs),#10B981
6908513.47039876,14,2,0.0,387.7,11,23,3,0.13,0,mobile,Direct,0,0.8836,0.3497,0.8836,0.3497,0.7991,Cart Abandoners / Window Shoppers,#F59E0B
3012057.46902108,12,3,37.63,312.9,11,9,5,0.556,1,desktop,Organic Search,2,2.9527,0.5532,2.9527,0.5532,0.1089,Loyal Champions (VIPs),#10B981
4835956.73005944,12,4,32.66,511.9,15,17,5,0.294,1,mobile,Referral,2,2.8271,1.6188,2.8271,1.6188,-0.3796,Loyal Champions (VIPs),#10B981
5987399.52509902,35,1,0.0,238.9,6,10,5,0.5,0,mobile,Organic Search,0,0.8287,-1.2397,0.8287,-1.2397,1.8467,Cart Abandoners / Window Shoppers,#F59E0B
6529698.83098450,38,1,52.68,178.5,6,18,4,0.222,1,desktop,Organic Search,2,2.0755,-1.4965,2.0755,-1.4965,-0.7866,Loyal Champions (VIPs),#10B981
1830662.54634522,18,2,63.51,258.7,12,19,5,0.263,1,mobile,Direct,2,2.7444,0.0637,2.7444,0.0637,-0.6225,Loyal Champions (VIPs),#10B981
7808924.36141365,18,1,37.43,142.5,4,14,2,0.143,1,mobile,Organic Search,2,1.8537,-2.0446,1.8537,-2.0446,-1.2518,Loyal Champions (VIPs),#10B981
8805733.27511919,29,1,28.74,309.2,8,16,4,0.25,1,desktop,Direct,2,2.0925,-0.7169,2.0925,-0.7169,-0.5689,Loyal Champions (VIPs),#10B981
1311843.77951191,17,1,0.0,405.8,10,17,5,0.294,0,desktop,Paid Search,0,1.1647,-0.2606,1.1647,-0.2606,1.4168,Cart Abandoners / Window Shoppers,#F59E0B
7875192.99453107,11,1,24.34,100.1,3,20,2,0.1,1,mobile,Organic Search,2,2.1115,-2.606,2.1115,-2.606,-1.2292,Loyal Champions (VIPs),#10B981
6480169.13259447,43,1,58.7,316.5,7,21,2,0.095,1,mobile,Direct,2,1.5586,-0.8169,1.5586,-0.8169,-1.406,Loyal Champions (VIPs),#10B981
6412637.41412544,42,1,0.0,229.3,5,22,2,0.091,0,desktop,Organic Search,0,-0.0045,-1.4352,-0.0045,-1.4352,0.5357,Cart Abandoners / Window Shoppers,#F59E0B
9669227.34718370,39,1,0.0,133.1,3,15,4,0.267,0,mobile,Direct,0,0.4853,-2.3755,0.4853,-2.3755,1.2233,Cart Abandoners / Window Shoppers,#F59E0B
1806586.88866393,30,1,0.0,271.0,7,10,2,0.2,0,desktop,Paid Search,0,0.0286,-0.9651,0.0286,-0.9651,0.723,Cart Abandoners / Window Shoppers,#F59E0B
2867683.39512883,31,1,0.0,317.6,7,21,3,0.143,0,desktop,Organic Search,0,0.4199,-0.8277,0.4199,-0.8277,0.83,Cart Abandoners / Window Shoppers,#F59E0B
6953976.39543848,41,2,57.69,301.9,10,8,4,0.5,1,mobile,Organic Search,2,2.1209,0.0265,2.1209,0.0265,-0.2148,Loyal Champions (VIPs),#10B981
3978095.54579965,37,1,0.0,210.1,9,17,2,0.118,0,desktop,Organic Search,0,0.0012,-0.9699,0.0012,-0.9699,0.5748,Cart Abandoners / Window Shoppers,#F59E0B
2157245.58799338,16,2,43.21,313.2,12,16,5,0.312,1,mobile,Direct,2,2.7266,0.2426,2.7266,0.2426,-0.4205,Loyal Champions (VIPs),#10B981
9058316.99393861,31,6,51.62,1037.6,33,10,4,0.4,1,desktop,Organic Search,3,2.2196,3.532,2.2196,3.532,-0.3604,Potential Loyalists,#3B82F6
7583286.63443095,24,1,58.4,212.3,5,16,2,0.125,1,desktop,Direct,2,1.8175,-1.4848,1.8175,-1.4848,-1.3833,Loyal Champions (VIPs),#10B981
3002969.88537192,40,3,53.26,473.6,12,20,2,0.1,1,desktop,Direct,2,1.5732,1.0198,1.5732,1.0198,-1.359,Loyal Champions (VIPs),#10B981
1856892.73934844,36,1,0.0,268.1,6,13,4,0.308,0,desktop,Organic Search,0,0.5337,-1.13,0.5337,-1.13,1.3239,Cart Abandoners / Window Shoppers,#F59E0B
8581709.51789642,40,3,23.1,298.1,9,7,4,0.571,1,tablet,Organic Search,2,1.9808,0.3045,1.9808,0.3045,0.1605,Loyal Champions (VIPs),#10B981
6129656.83025588,36,3,41.76,434.3,14,16,5,0.312,1,mobile,Direct,2,2.2699,1.0815,2.2699,1.0815,-0.3843,Loyal Champions (VIPs),#10B981
9366206.12961917,6,2,0.0,191.7,9,7,3,0.429,0,mobile,Organic Search,0,1.283,-0.4833,1.283,-0.4833,1.3813,Cart Abandoners / Window Shoppers,#F59E0B
5654633.46888139,22,2,0.0,433.5,11,7,5,0.714,0,mobile,Referral,0,1.2166,0.4449,1.2166,0.4449,2.2633,Cart Abandoners / Window Shoppers,#F59E0B
3077905.87825242,5,4,0.0,558.8,14,13,2,0.154,0,mobile,Direct,3,1.0292,1.6426,1.0292,1.6426,0.6174,Potential Loyalists,#3B82F6
2202058.40241818,33,1,0.0,170.5,4,9,4,0.444,0,desktop,Direct,0,0.6245,-1.9054,0.6245,-1.9054,1.5953,Cart Abandoners / Window Shoppers,#F59E0B
4761215.30419634,11,1,0.0,401.7,10,23,5,0.217,0,mobile,Organic Search,0,1.4122,-0.2668,1.4122,-0.2668,1.2468,Cart Abandoners / Window Shoppers,#F59E0B
7156156.67590656,30,2,0.0,296.8,9,23,2,0.087,0,desktop,Display,0,0.2036,-0.0964,0.2036,-0.0964,0.536,Cart Abandoners / Window Shoppers,#F59E0B
1038701.24013555,14,1,0.0,295.5,7,5,2,0.4,0,mobile,Affiliates,0,0.4779,-0.8737,0.4779,-0.8737,1.1321,Cart Abandoners / Window Shoppers,#F59E0B
4558165.89214949,16,1,32.29,307.0,7,8,5,0.625,1,desktop,Direct,2,2.7956,-0.8438,2.7956,-0.8438,0.2772,Loyal Champions (VIPs),#10B981
4634455.48293917,27,1,37.79,376.5,10,23,5,0.217,1,desktop,Organic Search,2,2.4142,-0.3246,2.4142,-0.3246,-0.5741,Loyal Champions (VIPs),#10B981
7039101.80941110,15,6,34.73,1655.0,38,23,4,0.174,1,desktop,Referral,3,2.5497,3.8561,2.5497,3.8561,-0.7394,Potential Loyalists,#3B82F6
2754657.70308407,44,1,21.6,194.1,8,14,2,0.143,1,desktop,Organic Search,2,1.2369,-1.1445,1.2369,-1.1445,-1.0799,Loyal Champions (VIPs),#10B981
8884642.90060519,17,1,0.0,219.9,6,23,5,0.217,0,mobile,Direct,0,1.1752,-1.3116,1.1752,-1.3116,1.243,Cart Abandoners / Window Shoppers,#F59E0B
3925792.79192665,18,3,31.39,304.6,13,16,5,0.312,1,desktop,Organic Search,2,2.5964,0.6859,2.5964,0.6859,-0.3332,Loyal Champions (VIPs),#10B981
8441270.23752410,35,1,0.0,319.1,8,13,2,0.154,0,mobile,Direct,0,-0.0229,-0.6915,-0.0229,-0.6915,0.6401,Cart Abandoners / Window Shoppers,#F59E0B
8448602.93407267,42,1,62.37,167.5,5,17,2,0.118,1,desktop,Paid Search,2,1.5307,-1.7112,1.5307,-1.7112,-1.4011,Loyal Champions (VIPs),#10B981
8963919.88427832,28,2,0.0,523.8,12,9,4,0.444,0,desktop,Organic Search,0,0.7231,0.7072,0.7231,0.7072,1.6214,Cart Abandoners / Window Shoppers,#F59E0B
3329461.54850960,14,1,45.81,237.3,7,7,3,0.429,1,desktop,Direct,2,2.3716,-1.0716,2.3716,-1.0716,-0.493,Loyal Champions (VIPs),#10B981
8558791.17972870,13,1,0.0,228.4,4,16,4,0.25,0,desktop,Organic Search,0,1.098,-1.626,1.098,-1.626,1.1721,Cart Abandoners / Window Shoppers,#F59E0B
3074566.28679862,19,1,0.0,178.4,8,13,3,0.231,0,desktop,Paid Search,0,0.6294,-1.2293,0.6294,-1.2293,0.9843,Cart Abandoners / Window Shoppers,#F59E0B
4594986.20332404,18,1,30.52,201.1,8,7,4,0.571,1,desktop,Display,2,2.4805,-1.1083,2.4805,-1.1083,0.059,Loyal Champions (VIPs),#10B981
2599147.98692463,18,3,0.0,312.4,12,12,2,0.167,0,desktop,Organic Search,0,0.3436,0.6327,0.3436,0.6327,0.6588,Cart Abandoners / Window Shoppers,#F59E0B
5357177.83393493,19,6,47.62,1004.8,25,7,4,0.571,1,desktop,Referral,3,2.56,3.2229,2.56,3.2229,-0.0093,Potential Loyalists,#3B82F6
1676749.14518872,35,1,0.0,155.4,4,15,2,0.133,0,desktop,Organic Search,0,0.0019,-1.9847,0.0019,-1.9847,0.5848,Cart Abandoners / Window Shoppers,#F59E0B
9611578.96524836,29,3,41.05,363.9,18,5,4,0.8,1,desktop,Direct,2,2.4288,1.1765,2.4288,1.1765,0.4422,Loyal Champions (VIPs),#10B981
1116969.31973138,30,2,25.41,283.0,8,6,3,0.5,1,desktop,Direct,2,1.8636,-0.2393,1.8636,-0.2393,-0.1722,Loyal Champions (VIPs),#10B981
5469364.67797364,22,1,38.7,283.9,7,13,3,0.231,1,desktop,Referral,2,2.0479,-0.9127,2.0479,-0.9127,-0.8539,Loyal Champions (VIPs),#10B981
8542856.10879489,17,3,39.4,430.7,20,9,2,0.222,1,mobile,Display,2,1.8489,1.4556,1.8489,1.4556,-1.073,Loyal Champions (VIPs),#10B981
2192634.11992186,44,2,42.89,350.3,11,15,5,0.333,1,desktop,Direct,2,2.1622,0.2504,2.1622,0.2504,-0.3501,Loyal Champions (VIPs),#10B981
6373915.58636710,34,3,44.33,485.6,11,11,3,0.273,1,mobile,Direct,2,1.8353,0.9582,1.8353,0.9582,-0.7728,Loyal Champions (VIPs),#10B981
5779742.28119367,42,5,0.0,575.4,16,5,3,0.6,0,desktop,Direct,3,0.3298,2.0258,0.3298,2.0258,1.7961,Potential Loyalists,#3B82F6
7817828.92242238,28,1,22.18,138.5,5,19,4,0.211,1,mobile,Organic Search,2,2.0691,-1.8936,2.0691,-1.8936,-0.5999,Loyal Champions (VIPs),#10B981
7287351.98605469,31,1,55.09,263.1,9,20,4,0.2,1,mobile,Display,2,2.2117,-0.7558,2.2117,-0.7558,-0.8378,Loyal Champions (VIPs),#10B981
8425120.17555244,13,1,0.0,206.8,4,7,2,0.286,0,mobile,Referral,0,0.4798,-1.7047,0.4798,-1.7047,0.8762,Cart Abandoners / Window Shoppers,#F59E0B
8139552.65651448,11,5,51.57,805.0,17,9,3,0.333,1,desktop,Direct,2,2.5028,2.4259,2.5028,2.4259,-0.696,Loyal Champions (VIPs),#10B981
6245738.28055168,35,1,0.0,246.1,8,12,2,0.167,0,desktop,Direct,0,-0.0354,-0.9322,-0.0354,-0.9322,0.6613,Cart Abandoners / Window Shoppers,#F59E0B
4149677.42068218,39,1,0.0,248.7,6,12,2,0.167,0,desktop,Organic Search,0,-0.0973,-1.1909,-0.0973,-1.1909,0.6611,Cart Abandoners / Window Shoppers,#F59E0B
1966855.40035927,36,1,48.64,363.1,7,9,5,0.556,1,desktop,Direct,2,2.392,-0.6964,2.392,-0.6964,0.0603,Loyal Champions (VIPs),#10B981
2474359.50968733,40,5,0.0,1027.5,27,18,4,0.222,0,desktop,Paid Search,3,0.4937,3.0881,0.4937,3.0881,1.1899,Potential Loyalists,#3B82F6
8840867.76880046,41,3,25.44,949.7,21,19,4,0.211,1,mobile,Referral,3,1.8922,2.2168,1.8922,2.2168,-0.578,Potential Loyalists,#3B82F6
3398505.62456952,39,1,0.0,135.1,7,8,4,0.5,0,desktop,Direct,0,0.5588,-1.6229,0.5588,-1.6229,1.7155,Cart Abandoners / Window Shoppers,#F59E0B
9046275.95453079,14,2,0.0,235.3,9,13,5,0.385,0,mobile,Display,0,1.2937,-0.3122,1.2937,-0.3122,1.5976,Cart Abandoners / Window Shoppers,#F59E0B
3754776.37685953,11,2,0.0,526.8,13,19,4,0.211,0,desktop,Direct,0,1.2065,0.7987,1.2065,0.7987,1.1153,Cart Abandoners / Window Shoppers,#F59E0B
1515313.78986878,24,2,61.04,330.7,11,22,5,0.227,1,tablet,Referral,2,2.5835,0.2025,2.5835,0.2025,-0.6776,Loyal Champions (VIPs),#10B981
3609977.42084184,40,1,28.33,205.3,6,5,4,0.8,1,mobile,Paid Search,2,2.1593,-1.3657,2.1593,-1.3657,0.5196,Loyal Champions (VIPs),#10B981
4461854.18884080,27,1,0.0,362.5,9,9,5,0.556,0,desktop,Organic Search,0,1.0056,-0.4703,1.0056,-0.4703,1.9616,Cart Abandoners / Window Shoppers,#F59E0B
1933120.62387669,23,1,50.53,142.1,4,14,3,0.214,1,mobile,Referral,2,2.0837,-2.0544,2.0837,-2.0544,-0.9722,Loyal Champions (VIPs),#10B981
4867851.39607252,17,3,40.17,200.8,11,5,4,0.8,1,mobile,Direct,2,2.7202,0.142,2.7202,0.142,0.4216,Loyal Champions (VIPs),#10B981
8181485.29432971,33,5,0.0,714.1,17,8,4,0.5,0,desktop,Paid Search,3,0.6656,2.2848,0.6656,2.2848,1.7528,Potential Loyalists,#3B82F6
4724378.38409277,43,3,49.87,846.8,24,24,4,0.167,1,desktop,Paid Search,2,2.0399,2.2451,2.0399,2.2451,-0.8359,Loyal Champions (VIPs),#10B981
5443606.21877890,29,3,49.51,695.9,24,21,5,0.238,1,mobile,Paid Search,2,2.4338,2.0646,2.4338,2.0646,-0.5751,Loyal Champions (VIPs),#10B981
9988955.36393056,26,2,0.0,348.3,11,18,4,0.222,0,desktop,Organic Search,0,0.7283,0.241,0.7283,0.241,1.1493,Cart Abandoners / Window Shoppers,#F59E0B
2937875.72936007,13,1,55.82,158.2,4,16,4,0.25,1,mobile,Organic Search,2,2.6765,-1.9534,2.6765,-1.9534,-0.7741,Loyal Champions (VIPs),#10B981
5895231.77023370,42,1,38.32,169.6,5,7,2,0.286,1,desktop,Referral,2,1.3252,-1.6954,1.3252,-1.6954,-0.9413,Loyal Champions (VIPs),#10B981
9889805.72718109,11,1,37.93,202.6,5,5,2,0.4,1,mobile,Organic Search,2,2.1027,-1.5147,2.1027,-1.5147,-0.7234,Loyal Champions (VIPs),#10B981
5461519.39025596,35,1,54.14,145.0,8,18,5,0.278,1,desktop,Referral,2,2.3332,-1.4242,2.3332,-1.4242,-0.5495,Loyal Champions (VIPs),#10B981
6322773.92001740,8,1,21.13,170.1,9,19,2,0.105,1,desktop,Organic Search,2,2.2372,-1.1381,2.2372,-1.1381,-1.1762,Loyal Champions (VIPs),#10B981
5920357.59724273,39,1,46.25,275.6,6,24,2,0.083,1,mobile,Direct,2,1.601,-1.0877,1.601,-1.0877,-1.3636,Loyal Champions (VIPs),#10B981
2037422.49529467,19,1,0.0,276.5,9,6,3,0.5,0,desktop,Referral,0,0.7046,-0.7083,0.7046,-0.7083,1.5542,Cart Abandoners / Window Shoppers,#F59E0B
7445219.83908670,20,4,24.12,329.6,20,12,3,0.25,1,mobile,Paid Search,2,2.0069,1.5018,2.0069,1.5018,-0.6756,Loyal Champions (VIPs),#10B981
9208661.68468507,18,2,20.67,413.2,13,14,3,0.214,1,desktop,Organic Search,2,2.0356,0.5845,2.0356,0.5845,-0.7197,Loyal Champions (VIPs),#10B981
9339186.15622057,12,1,26.03,165.0,5,7,4,0.571,1,desktop,Affiliates,2,2.6666,-1.7185,2.6666,-1.7185,0.0827,Loyal Champions (VIPs),#10B981
6280018.33227421,16,1,27.76,90.6,3,21,2,0.095,1,mobile,Direct,2,1.9496,-2.7022,1.9496,-2.7022,-1.2623,Loyal Champions (VIPs),#10B981
4172601.95126673,23,6,45.76,383.5,19,16,4,0.25,1,mobile,Display,2,2.3349,2.0433,2.3349,2.0433,-0.6714,Loyal Champions (VIPs),#10B981
7079592.49924052,5,1,0.0,209.8,6,21,4,0.19,0,desktop,Organic Search,0,1.614,-1.3387,1.614,-1.3387,1.0314,Cart Abandoners / Window Shoppers,#F59E0B
9501552.45744553,19,6,0.0,957.6,34,6,4,0.667,0,desktop,Organic Search,3,1.0744,3.4813,1.0744,3.4813,2.0774,Potential Loyalists,#3B82F6
9803221.36360121,42,1,51.89,192.6,6,18,3,0.167,1,desktop,Organic Search,2,1.783,-1.4234,1.783,-1.4234,-1.0493,Loyal Champions (VIPs),#10B981
3546595.67890560,42,1,0.0,228.2,5,5,3,0.6,0,desktop,Direct,0,0.3173,-1.4384,0.3173,-1.4384,1.7624,Cart Abandoners / Window Shoppers,#F59E0B
9421178.17085720,15,12,60.21,1529.3,39,6,2,0.333,1,mobile,Organic Search,3,2.0268,4.3862,2.0268,4.3862,-0.9186,Potential Loyalists,#3B82F6
7572601.47257433,14,5,30.16,1309.4,30,18,5,0.278,1,mobile,Organic Search,3,2.7305,3.4005,2.7305,3.4005,-0.3674,Potential Loyalists,#3B82F6
8846533.80164826,11,1,20.58,315.9,7,5,4,0.8,1,desktop,Paid Search,2,2.8072,-0.8098,2.8072,-0.8098,0.5781,Loyal Champions (VIPs),#10B981
2507328.70400557,29,1,0.0,343.6,9,7,5,0.714,0,tablet,Organic Search,0,1.0579,-0.5208,1.0579,-0.5208,2.2612,Cart Abandoners / Window Shoppers,#F59E0B
9786219.23349677,37,1,61.43,174.8,4,14,5,0.357,1,desktop,Organic Search,2,2.338,-1.8754,2.338,-1.8754,-0.4197,Loyal Champions (VIPs),#10B981
7781658.19792984,8,1,20.96,160.0,3,20,5,0.25,1,mobile,Organic Search,2,2.9382,-2.181,2.9382,-2.181,-0.4075,Loyal Champions (VIPs),#10B981
2498656.33427666,26,1,0.0,109.8,2,11,4,0.364,0,desktop,Organic Search,0,0.7274,-2.8534,0.7274,-2.8534,1.4119,Cart Abandoners / Window Shoppers,#F59E0B
5861086.80601101,40,1,0.0,93.0,5,15,5,0.333,0,desktop,Organic Search,0,0.6888,-2.2793,0.6888,-2.2793,1.491,Cart Abandoners / Window Shoppers,#F59E0B
2003800.13555686,23,1,0.0,428.2,9,21,2,0.095,0,desktop,Affiliates,0,0.3222,-0.3049,0.3222,-0.3049,0.5402,Cart Abandoners / Window Shoppers,#F59E0B
7521289.39123771,44,1,0.0,242.0,6,20,2,0.1,0,desktop,Organic Search,0,-0.0574,-1.2211,-0.0574,-1.2211,0.5502,Cart Abandoners / Window Shoppers,#F59E0B
6356625.48184769,41,1,22.39,201.8,5,16,3,0.188,1,desktop,Organic Search,2,1.6006,-1.5444,1.6006,-1.5444,-0.7952,Loyal Champions (VIPs),#10B981
6204583.39758166,14,1,59.22,68.8,3,10,2,0.2,1,tablet,Organic Search,2,2.0405,-2.9478,2.0405,-2.9478,-1.2782,Loyal Champions (VIPs),#10B981
8625062.20417226,37,1,0.0,248.9,5,16,4,0.25,0,desktop,Direct,0,0.5175,-1.3641,0.5175,-1.3641,1.1997,Cart Abandoners / Window Shoppers,#F59E0B
7927561.48516568,28,1,0.0,287.0,8,9,4,0.444,0,mobile,Organic Search,0,0.7185,-0.7956,0.7185,-0.7956,1.6056,Cart Abandoners / Window Shoppers,#F59E0B
1825438.91113083,18,1,27.47,175.6,9,24,5,0.208,1,mobile,Organic Search,2,2.5757,-1.13,2.5757,-1.13,-0.5319,Loyal Champions (VIPs),#10B981
7859251.23863236,43,2,0.0,428.8,11,24,3,0.125,0,desktop,Direct,0,0.268,0.4304,0.268,0.4304,0.8192,Cart Abandoners / Window Shoppers,#F59E0B
5873190.24053565,38,1,22.81,157.3,4,11,4,0.364,1,desktop,Direct,2,1.9024,-1.9706,1.9024,-1.9706,-0.2803,Loyal Champions (VIPs),#10B981
2699025.36693288,27,5,0.0,731.1,28,13,5,0.385,0,mobile,Paid Search,3,0.9395,2.811,0.9395,2.811,1.6465,Potential Loyalists,#3B82F6
4124613.98606526,41,1,26.44,118.5,4,9,3,0.333,1,desktop,Organic Search,2,1.6179,-2.228,1.6179,-2.228,-0.5446,Loyal Champions (VIPs),#10B981
5582746.47703300,16,2,57.43,736.6,16,12,5,0.417,1,desktop,Direct,2,2.8187,1.3244,2.8187,1.3244,-0.2594,Loyal Champions (VIPs),#10B981
8729611.13382716,44,5,28.46,614.7,16,12,4,0.333,1,desktop,Organic Search,2,1.87,2.0922,1.87,2.0922,-0.3565,Loyal Champions (VIPs),#10B981
8937124.13302167,29,4,20.8,672.3,21,17,3,0.176,1,desktop,Direct,3,1.799,2.2077,1.799,2.2077,-0.7703,Potential Loyalists,#3B82F6
1918919.12960142,37,2,0.0,190.3,9,11,4,0.364,0,desktop,Paid Search,0,0.535,-0.5158,0.535,-0.5158,1.445,Cart Abandoners / Window Shoppers,#F59E0B
4979389.98118804,22,3,0.0,824.6,21,6,4,0.667,0,desktop,Organic Search,3,0.9869,2.084,0.9869,2.084,2.0689,Potential Loyalists,#3B82F6
8591761.16426777,37,5,0.0,521.5,19,22,4,0.182,0,mobile,Affiliates,3,0.5601,2.099,0.5601,2.099,1.0949,Potential Loyalists,#3B82F6
6421272.94398073,17,1,0.0,190.5,4,8,2,0.25,0,mobile,Direct,0,0.3316,-1.7843,0.3316,-1.7843,0.804,Cart Abandoners / Window Shoppers,#F59E0B
8696456.35347443,29,2,0.0,527.3,11,16,5,0.312,0,desktop,Organic Search,0,0.8726,0.6224,0.8726,0.6224,1.4746,Cart Abandoners / Window Shoppers,#F59E0B
6375340.41703833,19,18,30.97,2294.6,52,20,4,0.2,1,mobile,Direct,3,2.38,4.4442,2.38,4.4442,-0.6499,Potential Loyalists,#3B82F6
3007322.89410177,18,3,23.23,683.7,20,9,5,0.556,1,mobile,Organic Search,2,2.6309,1.8697,2.6309,1.8697,0.2584,Loyal Champions (VIPs),#10B981
5525672.52767624,12,1,59.98,138.2,4,9,5,0.556,1,mobile,Direct,2,3.0444,-2.0794,3.0444,-2.0794,-0.0383,Loyal Champions (VIPs),#10B981
5636393.29024911,15,2,48.25,315.2,11,10,3,0.3,1,mobile,Organic Search,2,2.3077,0.1741,2.3077,0.1741,-0.7649,Loyal Champions (VIPs),#10B981
9046700.63753780,34,1,0.0,135.4,4,12,3,0.25,0,desktop,Display,0,0.2985,-2.1156,0.2985,-2.1156,1.0267,Cart Abandoners / Window Shoppers,#F59E0B
4201770.63869654,44,5,39.17,419.9,26,17,3,0.176,1,mobile,Referral,3,1.6993,2.2325,1.6993,2.2325,-0.9242,Potential Loyalists,#3B82F6
3114906.53834596,38,1,0.0,192.0,7,5,4,0.8,0,desktop,Paid Search,0,0.7552,-1.2971,0.7552,-1.2971,2.2859,Cart Abandoners / Window Shoppers,#F59E0B
7739720.84604220,8,1,41.07,189.0,5,9,2,0.222,1,desktop,Direct,2,2.2518,-1.5777,2.2518,-1.5777,-1.132,Loyal Champions (VIPs),#10B981
4776227.74430654,31,3,46.23,201.0,10,10,3,0.3,1,mobile,Paid Search,2,1.8976,0.048,1.8976,0.048,-0.7421,Loyal Champions (VIPs),#10B981
5359155.16984783,30,2,37.19,296.7,16,19,3,0.158,1,desktop,Organic Search,2,1.9163,0.4766,1.9163,0.4766,-0.9691,Loyal Champions (VIPs),#10B981
9789277.88232337,15,1,22.13,129.3,5,22,2,0.091,1,desktop,Organic Search,2,1.9519,-1.9428,1.9519,-1.9428,-1.2008,Loyal Champions (VIPs),#10B981
7071807.14634250,13,3,30.87,723.2,23,22,5,0.227,1,mobile,Organic Search,2,2.7789,2.0649,2.7789,2.0649,-0.495,Loyal Champions (VIPs),#10B981
7046639.31411992,23,1,0.0,219.6,6,9,5,0.556,0,mobile,Direct,0,1.0944,-1.313,1.0944,-1.313,1.9467,Cart Abandoners / Window Shoppers,#F59E0B
9404994.18054178,30,3,49.54,914.6,21,8,2,0.25,1,mobile,Organic Search,3,1.5783,2.2002,1.5783,2.2002,-1.0484,Potential Loyalists,#3B82F6
7446652.45203316,10,1,43.49,209.1,10,8,5,0.625,1,mobile,Organic Search,2,3.1131,-0.8561,3.1131,-0.8561,0.1885,Loyal Champions (VIPs),#10B981
9592950.80444008,6,2,58.35,120.5,6,20,2,0.1,1,desktop,Direct,2,2.6169,-1.2793,2.6169,-1.2793,-1.4542,Loyal Champions (VIPs),#10B981
6699726.56846099,43,3,0.0,560.5,20,5,4,0.8,0,desktop,Organic Search,3,0.6937,1.6675,0.6937,1.6675,2.3205,Potential Loyalists,#3B82F6
6286733.65094370,28,2,0.0,495.8,11,9,4,0.444,0,desktop,Organic Search,0,0.7229,0.571,0.7229,0.571,1.6197,Cart Abandoners / Window Shoppers,#F59E0B
3558037.58189669,6,1,52.08,41.8,2,17,5,0.294,1,desktop,Direct,2,3.2745,-3.7162,3.2745,-3.7162,-0.576,Loyal Champions (VIPs),#10B981
3077164.34748527,12,4,0.0,579.8,25,16,3,0.188,0,desktop,Direct,3,0.9109,2.2463,0.9109,2.2463,0.9226,Potential Loyalists,#3B82F6
5783520.67051011,32,2,0.0,753.4,16,7,4,0.571,0,desktop,Organic Search,0,0.7154,1.3294,0.7154,1.3294,1.8874,Cart Abandoners / Window Shoppers,#F59E0B
1531506.98374818,43,2,0.0,382.5,16,18,4,0.222,0,mobile,Direct,0,0.445,0.6926,0.445,0.6926,1.1665,Cart Abandoners / Window Shoppers,#F59E0B
2514591.59676222,44,2,36.42,221.2,7,10,3,0.3,1,desktop,Direct,2,1.6448,-0.5983,1.6448,-0.5983,-0.6771,Loyal Champions (VIPs),#10B981
7375322.34230925,22,3,47.8,399.0,15,24,5,0.208,1,desktop,Referral,2,2.5905,1.0751,2.5905,1.0751,-0.6468,Loyal Champions (VIPs),#10B981
7111100.55634996,37,1,0.0,221.1,7,17,3,0.176,0,tablet,Direct,0,0.2822,-1.1646,0.2822,-1.1646,0.8898,Cart Abandoners / Window Shoppers,#F59E0B
1255088.88248554,28,3,0.0,454.0,16,5,4,0.8,0,mobile,Referral,0,0.9357,1.2518,0.9357,1.2518,2.3049,Cart Abandoners / Window Shoppers,#F59E0B
2468486.20852448,39,2,0.0,468.5,15,6,4,0.667,0,desktop,Organic Search,0,0.6615,0.8208,0.6615,0.8208,2.0685,Cart Abandoners / Window Shoppers,#F59E0B
6560418.27127216,21,1,0.0,273.0,8,19,4,0.211,0,mobile,Direct,0,0.849,-0.8418,0.849,-0.8418,1.1126,Cart Abandoners / Window Shoppers,#F59E0B
4668886.13140394,41,1,0.0,192.7,4,15,3,0.2,0,mobile,Organic Search,0,0.208,-1.7921,0.208,-1.7921,0.9328,Cart Abandoners / Window Shoppers,#F59E0B
6300692.88807307,8,1,64.03,147.0,7,17,5,0.294,1,desktop,Referral,2,3.1753,-1.52,3.1753,-1.52,-0.5946,Loyal Champions (VIPs),#10B981
2158315.61593410,14,1,51.89,204.1,6,5,4,0.8,1,desktop,Organic Search,2,2.8737,-1.3583,2.8737,-1.3583,0.3398,Loyal Champions (VIPs),#10B981
8762370.29254606,19,3,0.0,594.9,16,11,5,0.455,0,mobile,Direct,3,1.1581,1.503,1.1581,1.503,1.7702,Potential Loyalists,#3B82F6
3330416.51341994,7,1,41.76,289.6,9,14,4,0.286,1,mobile,Affiliates,2,2.9398,-0.649,2.9398,-0.649,-0.6207,Loyal Champions (VIPs),#10B981
4369637.17595828,10,2,49.49,259.6,6,10,5,0.5,1,mobile,Organic Search,2,3.0749,-0.5831,3.0749,-0.5831,-0.0878,Loyal Champions (VIPs),#10B981
5044329.92411259,9,1,0.0,339.1,8,14,3,0.214,0,desktop,Organic Search,0,1.0372,-0.6255,1.0372,-0.6255,0.9409,Cart Abandoners / Window Shoppers,#F59E0B
6335462.38635147,26,2,0.0,220.3,9,17,5,0.294,0,desktop,Referral,0,0.9322,-0.3812,0.9322,-0.3812,1.4202,Cart Abandoners / Window Shoppers,#F59E0B
9824666.17924052,32,5,0.0,802.2,19,17,4,0.235,0,tablet,Organic Search,3,0.6151,2.5028,0.6151,2.5028,1.2039,Potential Loyalists,#3B82F6
2884862.98832681,44,2,61.28,559.3,12,12,4,0.333,1,desktop,Organic Search,2,2.0273,0.7754,2.0273,0.7754,-0.5635,Loyal Champions (VIPs),#10B981
2461466.83238323,20,2,35.88,383.1,9,17,3,0.176,1,mobile,Organic Search,2,2.1154,0.1551,2.1154,0.1551,-0.9385,Loyal Champions (VIPs),#10B981
2308029.30113624,44,1,0.0,328.4,9,10,4,0.4,0,mobile,Organic Search,0,0.445,-0.5639,0.445,-0.5639,1.5286,Cart Abandoners / Window Shoppers,#F59E0B
7972596.68775903,17,1,45.16,207.5,4,15,3,0.2,1,desktop,Referral,2,2.234,-1.7009,2.234,-1.7009,-0.9731,Loyal Champions (VIPs),#10B981
4442100.34140311,29,5,29.99,613.2,34,17,4,0.235,1,desktop,Referral,3,2.1173,2.8609,2.1173,2.8609,-0.5771,Potential Loyalists,#3B82F6
9342699.51675218,18,1,0.0,200.1,7,14,2,0.143,0,desktop,Direct,0,0.3619,-1.2429,0.3619,-1.2429,0.5965,Cart Abandoners / Window Shoppers,#F59E0B
1599033.80999022,9,1,41.13,62.5,3,15,3,0.2,1,desktop,Organic Search,2,2.5551,-3.0392,2.5551,-3.0392,-0.9826,Loyal Champions (VIPs),#10B981
5784007.25150323,15,1,0.0,83.5,4,12,2,0.167,0,desktop,Paid Search,0,0.4348,-2.5475,0.4348,-2.5475,0.6197,Cart Abandoners / Window Shoppers,#F59E0B
7815126.56382950,29,1,21.16,127.0,5,9,5,0.556,1,mobile,Organic Search,2,2.3361,-1.9752,2.3361,-1.9752,0.2495,Loyal Champions (VIPs),#10B981
5563768.86316212,39,1,0.0,235.1,8,23,2,0.087,0,desktop,Organic Search,0,0.0513,-0.9805,0.0513,-0.9805,0.5345,Cart Abandoners / Window Shoppers,#F59E0B
4659389.13818545,29,3,41.99,274.4,14,10,3,0.3,1,desktop,Referral,2,1.9152,0.6672,1.9152,0.6672,-0.7109,Loyal Champions (VIPs),#10B981
8303642.28574701,12,2,53.79,172.2,8,7,3,0.429,1,desktop,Organic Search,2,2.4933,-0.689,2.4933,-0.689,-0.5379,Loyal Champions (VIPs),#10B981
5581934.48774353,18,2,0.0,172.4,9,23,4,0.174,0,mobile,Direct,0,0.9617,-0.6028,0.9617,-0.6028,1.0335,Cart Abandoners / Window Shoppers,#F59E0B
9158828.11911381,9,2,60.31,313.3,12,21,5,0.238,1,desktop,Display,2,3.1112,0.2484,3.1112,0.2484,-0.6739,Loyal Champions (VIPs),#10B981
3147424.44129999,12,1,44.03,347.2,7,6,3,0.5,1,mobile,Organic Search,2,2.4824,-0.7163,2.4824,-0.7163,-0.3356,Loyal Champions (VIPs),#10B981
6386100.29547922,29,1,0.0,357.4,10,24,4,0.167,0,mobile,Organic Search,0,0.6999,-0.3833,0.6999,-0.3833,1.0397,Cart Abandoners / Window Shoppers,#F59E0B
6710312.25895060,26,1,55.89,95.6,3,17,5,0.294,1,desktop,Referral,2,2.5052,-2.6675,2.5052,-2.6675,-0.5467,Loyal Champions (VIPs),#10B981
9164176.94220460,34,1,23.16,180.7,5,10,5,0.5,1,mobile,Organic Search,2,2.2356,-1.6506,2.2356,-1.6506,0.1244,Loyal Champions (VIPs),#10B981
1839300.64860554,13,1,20.61,207.7,6,23,3,0.13,1,desktop,Organic Search,2,2.2851,-1.3434,2.2851,-1.3434,-0.9072,Loyal Champions (VIPs),#10B981
8251482.41710359,34,1,57.93,141.0,4,18,5,0.278,1,desktop,Organic Search,2,2.3629,-2.0745,2.3629,-2.0745,-0.5749,Loyal Champions (VIPs),#10B981
7151406.82034859,13,1,46.92,181.9,4,20,4,0.2,1,tablet,Organic Search,2,2.6565,-1.8256,2.6565,-1.8256,-0.8297,Loyal Champions (VIPs),#10B981
8745483.62460050,43,3,33.74,506.4,11,16,3,0.188,1,desktop,Direct,2,1.6685,0.9921,1.6685,0.9921,-0.8719,Loyal Champions (VIPs),#10B981
6479726.22814171,39,1,0.0,187.2,7,18,3,0.167,0,desktop,Paid Search,0,0.2624,-1.3199,0.2624,-1.3199,0.8723,Cart Abandoners / Window Shoppers,#F59E0B
5083953.75197256,23,1,48.66,218.2,8,7,3,0.429,1,desktop,Organic Search,2,2.1114,-1.0296,2.1114,-1.0296,-0.4969,Loyal Champions (VIPs),#10B981
8166936.41262343,31,1,0.0,213.6,6,11,4,0.364,0,desktop,Direct,0,0.6305,-1.3386,0.6305,-1.3386,1.4351,Cart Abandoners / Window Shoppers,#F59E0B
3557659.14987638,22,2,0.0,343.6,10,24,5,0.208,0,mobile,Email,0,1.0417,0.1329,1.0417,0.1329,1.2455,Cart Abandoners / Window Shoppers,#F59E0B
2920561.77496856,40,4,0.0,324.0,16,23,5,0.217,0,mobile,Affiliates,0,0.7067,1.231,0.7067,1.231,1.2859,Cart Abandoners / Window Shoppers,#F59E0B
7074550.83113647,7,1,0.0,204.6,6,5,2,0.4,0,mobile,Organic Search,0,0.8432,-1.3494,0.8432,-1.3494,1.1102,Cart Abandoners / Window Shoppers,#F59E0B
7973137.84581126,27,2,0.0,240.8,12,11,2,0.182,0,desktop,Referral,0,0.1032,-0.0052,0.1032,-0.0052,0.6916,Cart Abandoners / Window Shoppers,#F59E0B
3899897.50292006,15,1,40.64,187.7,8,18,3,0.167,1,mobile,Paid Search,2,2.3062,-1.1689,2.3062,-1.1689,-1.0078,Loyal Champions (VIPs),#10B981
6466562.75940650,12,2,0.0,251.0,15,10,5,0.5,0,mobile,Direct,0,1.4268,0.2497,1.4268,0.2497,1.8354,Cart Abandoners / Window Shoppers,#F59E0B
4391773.74227836,35,1,0.0,243.7,9,5,4,0.8,0,desktop,Paid Search,0,0.8023,-0.8378,0.8023,-0.8378,2.2899,Cart Abandoners / Window Shoppers,#F59E0B
2617350.35969430,25,1,0.0,104.8,5,5,3,0.6,0,mobile,Affiliates,0,0.6098,-2.1529,0.6098,-2.1529,1.7394,Cart Abandoners / Window Shoppers,#F59E0B
7029185.78898512,38,1,56.77,185.3,7,18,4,0.222,1,desktop,Paid Search,2,2.0919,-1.3198,2.0919,-1.3198,-0.8039,Loyal Champions (VIPs),#10B981
1684298.96777181,11,1,0.0,133.1,4,9,5,0.556,0,desktop,Paid Search,0,1.4968,-2.1264,1.4968,-2.1264,1.9189,Cart Abandoners / Window Shoppers,#F59E0B
8109116.41689383,37,4,0.0,363.7,15,5,5,1.0,0,desktop,Referral,0,1.1101,1.2775,1.1101,1.2775,2.7708,Cart Abandoners / Window Shoppers,#F59E0B
6868582.34610095,12,2,47.98,303.1,11,17,3,0.176,1,desktop,Organic Search,2,2.457,0.1374,2.457,0.1374,-1.026,Loyal Champions (VIPs),#10B981
2019393.62547254,17,2,28.06,163.8,7,15,4,0.267,1,desktop,Organic Search,2,2.3866,-0.8725,2.3866,-0.8725,-0.5465,Loyal Champions (VIPs),#10B981
9059762.89002915,31,1,22.6,188.3,5,10,2,0.2,1,tablet,Direct,2,1.3952,-1.5975,1.3952,-1.5975,-0.9943,Loyal Champions (VIPs),#10B981
1713942.64746243,13,6,0.0,1140.7,43,10,4,0.4,0,desktop,Direct,3,1.1393,3.8666,1.1393,3.8666,1.5444,Potential Loyalists,#3B82F6
1662225.97304328,29,1,31.02,292.5,6,6,2,0.333,1,desktop,Organic Search,2,1.5,-1.0216,1.5,-1.0216,-0.7859,Loyal Champions (VIPs),#10B981
4707292.93035249,32,1,50.45,452.5,10,13,5,0.385,1,mobile,Referral,2,2.3886,-0.1526,2.3886,-0.1526,-0.291,Loyal Champions (VIPs),#10B981
5594246.73964780,14,2,26.93,246.5,11,8,3,0.375,1,desktop,Paid Search,2,2.24,-0.0536,2.24,-0.0536,-0.4617,Loyal Champions (VIPs),#10B981
1146715.73620446,42,1,0.0,237.8,7,22,5,0.227,0,desktop,Direct,0,0.6654,-1.107,0.6654,-1.107,1.2873,Cart Abandoners / Window Shoppers,#F59E0B
6381277.26024834,40,6,0.0,670.2,20,9,4,0.444,0,desktop,Paid Search,3,0.5305,2.5974,0.5305,2.5974,1.6455,Potential Loyalists,#3B82F6
5038416.40694449,34,1,29.34,286.0,6,17,2,0.118,1,mobile,Direct,2,1.4893,-1.0499,1.4893,-1.0499,-1.2029,Loyal Champions (VIPs),#10B981
1276488.82913114,23,3,0.0,305.9,9,14,2,0.143,0,mobile,Email,0,0.233,0.3305,0.233,0.3305,0.6161,Cart Abandoners / Window Shoppers,#F59E0B
7084493.46041070,30,2,0.0,303.0,7,18,3,0.167,0,desktop,Direct,0,0.4146,-0.3173,0.4146,-0.3173,0.876,Cart Abandoners / Window Shoppers,#F59E0B
3754248.30525102,10,2,30.89,449.1,10,7,4,0.571,1,desktop,Referral,2,2.8053,0.4103,2.8053,0.4103,0.0593,Loyal Champions (VIPs),#10B981
7847937.15681095,38,2,0.0,364.6,14,9,5,0.556,0,desktop,Organic Search,0,0.8174,0.5151,0.8174,0.5151,1.9776,Cart Abandoners / Window Shoppers,#F59E0B
5628308.30074183,19,3,0.0,502.5,17,9,4,0.444,0,mobile,Organic Search,3,0.9426,1.4111,0.9426,1.4111,1.6178,Potential Loyalists,#3B82F6
1695270.61940171,23,1,0.0,212.6,6,5,5,1.0,0,mobile,Organic Search,0,1.3671,-1.3436,1.3671,-1.3436,2.7353,Cart Abandoners / Window Shoppers,#F59E0B
3510275.93172317,21,1,0.0,197.0,6,12,4,0.333,0,mobile,Direct,0,0.8395,-1.4095,0.8395,-1.4095,1.3593,Cart Abandoners / Window Shoppers,#F59E0B
7389036.45236915,26,1,27.03,114.9,3,6,4,0.667,1,desktop,Direct,2,2.3067,-2.4929,2.3067,-2.4929,0.265,Loyal Champions (VIPs),#10B981
9866422.81058173,17,2,64.09,439.5,10,22,5,0.227,1,mobile,Direct,2,2.785,0.3783,2.785,0.3783,-0.6953,Loyal Champions (VIPs),#10B981
5483113.21591585,43,2,0.0,416.6,14,18,5,0.278,0,desktop,Direct,0,0.6495,0.6355,0.6495,0.6355,1.4124,Cart Abandoners / Window Shoppers,#F59E0B
1695573.84046268,20,5,0.0,538.0,17,6,2,0.333,0,mobile,Email,3,0.267,2.0387,0.267,2.0387,1.0235,Potential Loyalists,#3B82F6
5230202.93477970,16,1,63.73,410.9,8,14,5,0.357,1,desktop,Organic Search,2,2.8154,-0.4477,2.8154,-0.4477,-0.43,Loyal Champions (VIPs),#10B981
5335627.55230454,10,2,0.0,423.7,9,18,3,0.167,0,desktop,Organic Search,0,1.0179,0.2436,1.0179,0.2436,0.858,Cart Abandoners / Window Shoppers,#F59E0B
8429554.50929753,10,1,0.0,228.8,5,12,5,0.417,0,desktop,Organic Search,0,1.4808,-1.4302,1.4808,-1.4302,1.6468,Cart Abandoners / Window Shoppers,#F59E0B
5677860.91729857,30,2,0.0,335.9,10,19,4,0.211,0,desktop,Organic Search,0,0.6537,0.1128,0.6537,0.1128,1.1293,Cart Abandoners / Window Shoppers,#F59E0B
3150077.30503734,15,1,33.1,170.3,7,20,2,0.1,1,desktop,Referral,2,2.011,-1.3806,2.011,-1.3806,-1.285,Loyal Champions (VIPs),#10B981
9366216.98443734,26,1,60.68,87.8,3,22,4,0.182,1,mobile,Referral,2,2.3416,-2.7439,2.3416,-2.7439,-0.9283,Loyal Champions (VIPs),#10B981
9257501.11706811,22,1,0.0,239.4,6,5,2,0.4,0,desktop,Direct,0,0.2289,-1.2161,0.2289,-1.2161,1.1381,Cart Abandoners / Window Shoppers,#F59E0B
9617910.24067618,36,12,34.12,2970.3,74,14,5,0.357,1,mobile,Organic Search,3,2.2471,4.4355,2.2471,4.4355,-0.2037,Potential Loyalists,#3B82F6
9020144.72109009,21,1,21.19,194.2,8,14,2,0.143,1,mobile,Organic Search,2,1.6492,-1.1356,1.6492,-1.1356,-1.0925,Loyal Champions (VIPs),#10B981
5731611.50867914,21,2,0.0,276.8,11,20,2,0.1,0,mobile,Organic Search,0,0.3639,0.0378,0.3639,0.0378,0.5441,Cart Abandoners / Window Shoppers,#F59E0B
7135906.68730254,13,1,34.75,170.9,7,7,4,0.571,1,mobile,Direct,2,2.6855,-1.3806,2.6855,-1.3806,0.0147,Loyal Champions (VIPs),#10B981
5796967.17337058,23,6,0.0,474.0,19,18,2,0.111,0,mobile,Organic Search,3,0.2947,2.2356,0.2947,2.2356,0.5815,Potential Loyalists,#3B82F6
3715722.25979067,44,6,53.97,1394.4,40,11,4,0.364,1,mobile,Organic Search,3,2.0194,3.9015,2.0194,3.9015,-0.4338,Potential Loyalists,#3B82F6
9915755.85747240,35,2,37.81,500.4,11,5,3,0.6,1,desktop,Organic Search,2,1.9211,0.5952,1.9211,0.5952,-0.0603,Loyal Champions (VIPs),#10B981
1224739.66163321,34,2,33.23,199.4,6,10,2,0.2,1,desktop,Direct,2,1.4288,-0.8282,1.4288,-0.8282,-1.0843,Loyal Champions (VIPs),#10B981
3263750.55560752,35,1,53.18,140.8,4,19,3,0.158,1,desktop,Direct,2,1.8995,-2.0695,1.8995,-2.0695,-1.0854,Loyal Champions (VIPs),#10B981
9357807.63001787,29,6,0.0,1267.8,31,20,3,0.15,0,desktop,Direct,3,0.4626,3.6308,0.4626,3.6308,0.8858,Potential Loyalists,#3B82F6
9570775.39156154,36,5,48.14,1203.7,32,23,3,0.13,1,tablet,Organic Search,3,1.914,3.4263,1.914,3.4263,-1.0487,Potential Loyalists,#3B82F6
3509337.85635114,33,2,32.72,469.0,12,14,5,0.357,1,desktop,Organic Search,2,2.2735,0.6098,2.2735,0.6098,-0.2321,Loyal Champions (VIPs),#10B981
9998048.68936853,36,1,50.9,409.6,10,20,3,0.15,1,mobile,Direct,2,1.8853,-0.2413,1.8853,-0.2413,-1.0641,Loyal Champions (VIPs),#10B981
8313794.46060121,31,1,63.92,203.6,4,11,4,0.364,1,desktop,Organic Search,2,2.2377,-1.7275,2.2377,-1.7275,-0.5456,Loyal Champions (VIPs),#10B981
7991726.25956728,36,2,63.81,251.4,13,19,5,0.263,1,tablet,Direct,2,2.3578,0.1081,2.3578,0.1081,-0.607,Loyal Champions (VIPs),#10B981
6146608.45484507,23,1,34.88,491.6,10,15,5,0.333,1,tablet,Organic Search,2,2.4799,-0.0729,2.4799,-0.0729,-0.3118,Loyal Champions (VIPs),#10B981
3481474.10831682,43,1,0.0,261.3,6,14,5,0.357,0,desktop,Organic Search,0,0.6542,-1.1598,0.6542,-1.1598,1.5593,Cart Abandoners / Window Shoppers,#F59E0B
5143441.42902248,16,2,50.25,622.3,15,20,2,0.1,1,tablet,Direct,2,2.0707,1.1125,2.0707,1.1125,-1.3614,Loyal Champions (VIPs),#10B981
6938641.43730528,6,1,45.56,128.3,5,21,4,0.19,1,desktop,Organic Search,2,3.0588,-1.9471,3.0588,-1.9471,-0.8621,Loyal Champions (VIPs),#10B981
7420211.17333906,6,3,36.0,502.9,11,17,4,0.235,1,desktop,Display,2,2.9967,1.0031,2.9967,1.0031,-0.6776,Loyal Champions (VIPs),#10B981
9913135.17605379,31,1,52.7,302.7,7,22,5,0.227,1,mobile,Organic Search,2,2.4036,-0.8666,2.4036,-0.8666,-0.6427,Loyal Champions (VIPs),#10B981
4201334.33703179,41,2,36.46,237.7,13,12,3,0.25,1,desktop,Organic Search,2,1.6857,0.0634,1.6857,0.0634,-0.7772,Loyal Champions (VIPs),#10B981
8177838.54491772,16,1,34.9,193.5,5,9,2,0.222,1,desktop,Direct,2,1.847,-1.5636,1.847,-1.5636,-1.0745,Loyal Champions (VIPs),#10B981
7750113.79670755,6,4,0.0,1142.9,29,7,2,0.286,0,mobile,Direct,3,0.8958,3.0467,0.8958,3.0467,0.9113,Potential Loyalists,#3B82F6
6829831.62999115,11,2,0.0,315.1,10,7,4,0.571,0,desktop,Organic Search,0,1.3028,0.0679,1.3028,0.0679,1.8455,Cart Abandoners / Window Shoppers,#F59E0B
5595615.58686626,24,1,0.0,119.6,3,12,4,0.333,0,desktop,Organic Search,0,0.7638,-2.4679,0.7638,-2.4679,1.349,Cart Abandoners / Window Shoppers,#F59E0B
7982931.81693742,32,1,0.0,469.3,10,23,3,0.13,0,desktop,Organic Search,0,0.421,-0.1273,0.421,-0.1273,0.8168,Cart Abandoners / Window Shoppers,#F59E0B
5103543.86320111,28,2,24.03,330.9,7,13,2,0.154,1,desktop,Organic Search,2,1.5051,-0.216,1.5051,-0.216,-1.0881,Loyal Champions (VIPs),#10B981
1177720.49585952,25,3,40.93,366.6,22,9,4,0.444,1,mobile,Organic Search,2,2.3024,1.388,2.3024,1.388,-0.2384,Loyal Champions (VIPs),#10B981
7184015.64645002,27,2,58.11,268.3,7,18,4,0.222,1,desktop,Direct,2,2.2935,-0.4198,2.2935,-0.4198,-0.8097,Loyal Champions (VIPs),#10B981
4660069.92914608,24,1,59.22,303.4,8,13,4,0.308,1,desktop,Email,2,2.3538,-0.7303,2.3538,-0.7303,-0.6373,Loyal Champions (VIPs),#10B981
1593461.17182934,9,3,46.8,901.0,21,10,5,0.5,1,mobile,Organic Search,2,3.1238,2.1845,3.1238,2.1845,-0.0427,Loyal Champions (VIPs),#10B981
5200041.64801590,10,1,62.96,213.2,7,9,4,0.444,1,mobile,Organic Search,2,2.8868,-1.1721,2.8868,-1.1721,-0.3958,Loyal Champions (VIPs),#10B981
4690445.79886131,28,2,0.0,258.4,14,6,4,0.667,0,mobile,Organic Search,0,0.8483,0.2031,0.8483,0.2031,2.0516,Cart Abandoners / Window Shoppers,#F59E0B
6798467.48460009,28,2,0.0,382.3,16,19,4,0.211,0,desktop,Organic Search,0,0.6935,0.6966,0.6935,0.6966,1.1346,Cart Abandoners / Window Shoppers,#F59E0B
3586261.77494736,6,3,0.0,421.6,9,10,2,0.2,0,desktop,Email,0,0.9013,0.6451,0.9013,0.6451,0.701,Cart Abandoners / Window Shoppers,#F59E0B
5416639.85603312,9,2,23.31,491.1,11,18,5,0.278,1,desktop,Organic Search,2,2.9032,0.5803,2.9032,0.5803,-0.3415,Loyal Champions (VIPs),#10B981
2840448.78790956,14,1,0.0,181.5,4,20,3,0.15,0,mobile,Paid Search,0,0.8498,-1.8374,0.8498,-1.8374,0.8106,Cart Abandoners / Window Shoppers,#F59E0B
7342562.58312622,11,2,28.27,214.4,9,15,4,0.267,1,mobile,Direct,2,2.6247,-0.381,2.6247,-0.381,-0.5519,Loyal Champions (VIPs),#10B981
9560957.75193309,22,4,0.0,505.6,21,5,5,1.0,0,desktop,Organic Search,3,1.403,1.9282,1.403,1.9282,2.7669,Potential Loyalists,#3B82F6
9341765.73840228,19,2,32.58,502.6,15,13,2,0.154,1,mobile,Organic Search,2,1.7874,0.9142,1.7874,0.9142,-1.1606,Loyal Champions (VIPs),#10B981
3615477.44502944,14,3,0.0,436.8,12,10,5,0.5,0,desktop,Organic Search,0,1.3458,0.9341,1.3458,0.9341,1.8464,Cart Abandoners / Window Shoppers,#F59E0B
8967245.11914019,5,2,0.0,481.1,13,8,3,0.375,0,desktop,Direct,0,1.3508,0.7304,1.3508,0.7304,1.2812,Cart Abandoners / Window Shoppers,#F59E0B
9228470.95474491,25,1,30.61,318.1,10,16,2,0.125,1,mobile,Organic Search,2,1.6576,-0.4666,1.6576,-0.4666,-1.2035,Loyal Champions (VIPs),#10B981
8559244.52092563,20,4,0.0,937.3,20,13,3,0.231,0,desktop,Paid Search,3,0.6117,2.4617,0.6117,2.4617,1.0257,Potential Loyalists,#3B82F6
7183265.36865627,18,2,0.0,428.7,10,20,2,0.1,0,mobile,Direct,0,0.4491,0.3534,0.4491,0.3534,0.5456,Cart Abandoners / Window Shoppers,#F59E0B
2624465.32547856,37,1,61.1,157.1,6,8,5,0.625,1,mobile,Organic Search,2,2.4641,-1.6155,2.4641,-1.6155,0.1217,Loyal Champions (VIPs),#10B981
9053085.45954409,5,1,0.0,192.7,6,15,4,0.267,0,mobile,Organic Search,0,1.5903,-1.4157,1.5903,-1.4157,1.1888,Cart Abandoners / Window Shoppers,#F59E0B
7445345.62009225,17,1,0.0,160.3,5,24,3,0.125,0,mobile,Organic Search,0,0.7825,-1.762,0.7825,-1.762,0.7724,Cart Abandoners / Window Shoppers,#F59E0B
9895861.56598086,24,1,31.11,425.5,9,24,3,0.125,1,tablet,Organic Search,2,2.0462,-0.3047,2.0462,-0.3047,-0.9908,Loyal Champions (VIPs),#10B981
4986378.44397515,15,3,64.6,245.9,14,15,2,0.133,1,desktop,Organic Search,2,2.0928,0.5764,2.0928,0.5764,-1.3892,Loyal Champions (VIPs),#10B981
7063431.16999239,21,2,40.43,402.7,8,19,3,0.158,1,desktop,Referral,2,2.1324,0.0884,2.1324,0.0884,-1.0021,Loyal Champions (VIPs),#10B981
9680228.98268175,28,2,49.57,404.5,9,9,3,0.333,1,desktop,Referral,2,1.9731,0.2055,1.9731,0.2055,-0.6862,Loyal Champions (VIPs),#10B981
1908244.11414072,21,2,33.69,214.5,12,12,2,0.167,1,mobile,Organic Search,2,1.7259,-0.098,1.7259,-0.098,-1.1563,Loyal Champions (VIPs),#10B981
8917352.92778969,27,1,0.0,226.2,6,9,5,0.556,0,mobile,Referral,0,1.0047,-1.2873,1.0047,-1.2873,1.9508,Cart Abandoners / Window Shoppers,#F59E0B
5146909.12860778,12,1,0.0,263.7,7,8,4,0.5,0,desktop,Organic Search,0,1.2129,-0.9898,1.2129,-0.9898,1.6975,Cart Abandoners / Window Shoppers,#F59E0B
1923684.55488422,43,4,52.03,403.3,19,14,2,0.143,1,mobile,Organic Search,2,1.4475,1.6343,1.4475,1.6343,-1.2783,Loyal Champions (VIPs),#10B981
9513005.80692099,10,2,40.06,357.4,10,16,2,0.125,1,desktop,Organic Search,2,2.2192,0.2049,2.2192,0.2049,-1.2885,Loyal Champions (VIPs),#10B981
1268305.69721801,11,2,0.0,312.3,9,24,4,0.167,0,mobile,Organic Search,0,1.2364,-0.0465,1.2364,-0.0465,1.0176,Cart Abandoners / Window Shoppers,#F59E0B
8288663.73516813,37,2,21.63,333.8,13,14,5,0.357,1,desktop,Referral,2,2.1213,0.3705,2.1213,0.3705,-0.1283,Loyal Champions (VIPs),#10B981
4924361.18774299,7,1,61.34,387.9,8,19,3,0.158,1,desktop,Referral,2,2.8069,-0.4866,2.8069,-0.4866,-1.138,Loyal Champions (VIPs),#10B981
7592028.87764686,14,1,24.9,253.2,7,19,5,0.263,1,desktop,Affiliates,2,2.6768,-1.024,2.6768,-1.024,-0.3971,Loyal Champions (VIPs),#10B981
5918615.68484346,28,4,34.81,517.9,13,16,2,0.125,1,desktop,Direct,2,1.6305,1.4909,1.6305,1.4909,-1.2169,Loyal Champions (VIPs),#10B981
1906028.94757893,19,1,62.46,157.3,4,20,5,0.25,1,desktop,Organic Search,2,2.7071,-1.9671,2.7071,-1.9671,-0.6651,Loyal Champions (VIPs),#10B981
4216581.99572387,37,1,49.19,360.4,9,14,3,0.214,1,mobile,Paid Search,2,1.8123,-0.4597,1.8123,-0.4597,-0.933,Loyal Champions (VIPs),#10B981
2386423.77917736,31,2,0.0,278.3,11,17,5,0.294,0,desktop,Referral,0,0.8338,0.0275,0.8338,0.0275,1.4297,Cart Abandoners / Window Shoppers,#F59E0B
7764600.82463853,22,2,0.0,433.2,13,5,4,0.8,0,desktop,Direct,0,1.0675,0.6123,1.0675,0.6123,2.2941,Cart Abandoners / Window Shoppers,#F59E0B
3428597.96492744,6,12,0.0,1473.5,76,7,5,0.714,0,desktop,Organic Search,3,1.9227,4.4438,1.9227,4.4438,2.2734,Potential Loyalists,#3B82F6
4690175.74739034,44,1,0.0,252.7,6,24,4,0.167,0,mobile,Organic Search,0,0.463,-1.1905,0.463,-1.1905,1.0395,Cart Abandoners / Window Shoppers,#F59E0B
1738562.65052975,33,3,0.0,701.0,22,20,4,0.2,0,tablet,Direct,3,0.609,1.9719,0.609,1.9719,1.1301,Potential Loyalists,#3B82F6
3297298.57426001,27,2,34.19,351.3,14,15,5,0.333,1,mobile,Referral,2,2.3902,0.4954,2.3902,0.4954,-0.3008,Loyal Champions (VIPs),#10B981
7633354.57054915,44,1,0.0,178.8,7,24,2,0.083,0,mobile,Direct,0,-0.0055,-1.3612,-0.0055,-1.3612,0.5273,Cart Abandoners / Window Shoppers,#F59E0B
1633657.67595761,38,3,0.0,496.0,16,16,3,0.188,0,desktop,Organic Search,3,0.2688,1.3323,0.2688,1.3323,0.9404,Potential Loyalists,#3B82F6
4239237.66221079,35,1,0.0,239.1,6,23,2,0.087,0,mobile,Organic Search,0,0.1121,-1.2308,0.1121,-1.2308,0.5293,Cart Abandoners / Window Shoppers,#F59E0B
7177186.10127296,18,2,43.4,527.3,15,20,3,0.15,1,desktop,Organic Search,2,2.2433,0.9522,2.2433,0.9522,-1.0282,Loyal Champions (VIPs),#10B981
3508030.23433060,22,1,56.05,167.5,5,6,3,0.5,1,tablet,Paid Search,2,2.2016,-1.7048,2.2016,-1.7048,-0.3975,Loyal Champions (VIPs),#10B981
7224020.47508587,7,1,62.22,275.3,7,6,3,0.5,1,mobile,Display,2,2.8393,-0.9256,2.8393,-0.9256,-0.44,Loyal Champions (VIPs),#10B981
1896726.35883301,23,1,0.0,350.0,8,17,3,0.176,0,tablet,Direct,0,0.5499,-0.6075,0.5499,-0.6075,0.8864,Cart Abandoners / Window Shoppers,#F59E0B
9600395.70706569,40,3,0.0,557.1,22,6,2,0.333,0,desktop,Direct,3,-0.1254,1.7712,-0.1254,1.7712,1.04,Potential Loyalists,#3B82F6
4554010.99159881,23,6,26.52,763.0,42,7,2,0.286,1,desktop,Organic Search,3,1.6023,3.5095,1.6023,3.5095,-0.8078,Potential Loyalists,#3B82F6
7060241.33925539,9,1,49.8,196.3,5,11,4,0.364,1,mobile,Direct,2,2.8609,-1.5543,2.8609,-1.5543,-0.5077,Loyal Champions (VIPs),#10B981
2435693.82962551,5,4,0.0,825.4,24,18,2,0.111,0,desktop,Direct,3,1.0987,2.5463,1.0987,2.5463,0.5555,Potential Loyalists,#3B82F6
3787494.43422735,11,2,0.0,262.5,11,12,2,0.167,0,mobile,Organic Search,0,0.6081,-0.0008,0.6081,-0.0008,0.642,Cart Abandoners / Window Shoppers,#F59E0B
3270670.75141485,28,3,0.0,510.9,12,9,5,0.556,0,desktop,Paid Search,0,0.9922,1.0722,0.9922,1.0722,1.9757,Cart Abandoners / Window Shoppers,#F59E0B
2310416.17986673,14,3,20.9,590.7,16,7,4,0.571,1,desktop,Organic Search,2,2.5461,1.5159,2.5461,1.5159,0.177,Loyal Champions (VIPs),#10B981
6266013.66153973,26,1,0.0,236.1,7,9,3,0.333,0,desktop,Organic Search,0,0.4572,-1.0966,0.4572,-1.0966,1.2091,Cart Abandoners / Window Shoppers,#F59E0B
6737147.56851546,42,1,59.8,236.9,9,12,2,0.167,1,desktop,Organic Search,2,1.455,-0.8445,1.455,-0.8445,-1.2926,Loyal Champions (VIPs),#10B981
3231998.84617167,10,2,0.0,182.0,7,5,4,0.8,0,desktop,Organic Search,0,1.4952,-0.7791,1.4952,-0.7791,2.2575,Cart Abandoners / Window Shoppers,#F59E0B
9820064.20670775,21,3,41.71,430.6,15,17,5,0.294,1,desktop,Direct,2,2.5712,1.148,2.5712,1.148,-0.4336,Loyal Champions (VIPs),#10B981
3770262.56956448,23,2,0.0,283.2,10,12,5,0.417,0,desktop,Organic Search,0,1.0321,-0.0442,1.0321,-0.0442,1.679,Cart Abandoners / Window Shoppers,#F59E0B
4755499.87702851,7,1,64.75,332.5,7,24,2,0.083,1,desktop,Display,2,2.6102,-0.752,2.6102,-0.752,-1.4856,Loyal Champions (VIPs),#10B981
9685741.72527519,14,2,57.14,492.9,15,15,3,0.2,1,mobile,Referral,2,2.3972,0.8945,2.3972,0.8945,-1.0095,Loyal Champions (VIPs),#10B981
4582297.24467674,30,3,0.0,543.5,21,16,2,0.125,0,mobile,Organic Search,3,0.1133,1.6991,0.1133,1.6991,0.6084,Potential Loyalists,#3B82F6
7722498.86802566,13,2,0.0,189.3,6,6,3,0.5,0,desktop,Referral,0,0.9149,-0.882,0.9149,-0.882,1.5392,Cart Abandoners / Window Shoppers,#F59E0B
9666099.30789063,12,1,0.0,403.7,10,16,5,0.312,0,mobile,Paid Search,0,1.3551,-0.2614,1.3551,-0.2614,1.4464,Cart Abandoners / Window Shoppers,#F59E0B
6602092.95717815,26,1,48.11,219.4,7,19,3,0.158,1,mobile,Organic Search,2,2.0465,-1.1556,2.0465,-1.1556,-1.0549,Loyal Champions (VIPs),#10B981
1763939.81101658,41,5,62.09,762.1,36,5,3,0.6,1,tablet,Referral,3,1.947,3.1276,1.947,3.1276,-0.1601,Potential Loyalists,#3B82F6
8058264.51364452,20,1,30.67,154.2,6,19,3,0.158,1,mobile,Direct,2,2.096,-1.6222,2.096,-1.6222,-0.952,Loyal Champions (VIPs),#10B981
8563259.15518229,31,1,0.0,424.6,9,10,2,0.2,0,desktop,Referral,0,0.0107,-0.3111,0.0107,-0.3111,0.7327,Cart Abandoners / Window Shoppers,#F59E0B
8925737.42342480,33,1,21.17,233.7,10,19,5,0.263,1,mobile,Organic Search,2,2.1673,-0.7696,2.1673,-0.7696,-0.3336,Loyal Champions (VIPs),#10B981
7789513.21188413,6,1,45.61,228.5,5,9,5,0.556,1,mobile,Referral,2,3.3461,-1.4129,3.3461,-1.4129,0.0265,Loyal Champions (VIPs),#10B981
9046255.23839448,27,2,0.0,321.3,12,17,5,0.294,0,desktop,Organic Search,0,0.9117,0.2476,0.9117,0.2476,1.4294,Cart Abandoners / Window Shoppers,#F59E0B
9348415.36644870,14,4,49.8,280.5,14,22,4,0.182,1,mobile,Referral,2,2.6526,0.9921,2.6526,0.9921,-0.8528,Loyal Champions (VIPs),#10B981
5834466.71931079,29,1,0.0,79.5,3,9,5,0.556,0,mobile,Direct,0,0.9631,-2.8499,0.9631,-2.8499,1.9314,Cart Abandoners / Window Shoppers,#F59E0B
6690330.60155465,26,1,0.0,279.1,6,16,3,0.188,0,tablet,Organic Search,0,0.4743,-1.086,0.4743,-1.086,0.9077,Cart Abandoners / Window Shoppers,#F59E0B
9580938.64239147,35,2,50.3,287.2,9,13,4,0.308,1,desktop,Organic Search,2,2.1104,-0.121,2.1104,-0.121,-0.5826,Loyal Champions (VIPs),#10B981
5627783.16643745,33,3,0.0,433.2,19,18,4,0.222,0,desktop,Direct,3,0.598,1.3763,0.598,1.3763,1.1661,Potential Loyalists,#3B82F6
3166711.51259054,38,1,20.92,142.0,2,22,4,0.182,1,desktop,Email,2,1.9001,-2.6118,1.9001,-2.6118,-0.6436,Loyal Champions (VIPs),#10B981
9447562.57009138,32,1,47.65,297.6,6,23,3,0.13,1,desktop,Organic Search,2,1.9645,-1.0183,1.9645,-1.0183,-1.095,Loyal Champions (VIPs),#10B981
1456088.28713281,17,2,25.27,163.4,7,21,5,0.238,1,desktop,Organic Search,2,2.582,-0.8799,2.582,-0.8799,-0.4511,Loyal Champions (VIPs),#10B981
6250117.22776896,18,1,29.16,163.6,6,19,4,0.211,1,mobile,Organic Search,2,2.3733,-1.5702,2.3733,-1.5702,-0.6753,Loyal Champions (VIPs),#10B981
9365105.28393926,40,3,0.0,424.9,13,15,5,0.333,0,mobile,Direct,0,0.6974,0.9743,0.6974,0.9743,1.5275,Cart Abandoners / Window Shoppers,#F59E0B
7699261.77822128,37,2,48.63,362.6,8,13,4,0.308,1,mobile,Organic Search,2,2.0715,-0.0171,2.0715,-0.0171,-0.5705,Loyal Champions (VIPs),#10B981
6449334.62157433,17,2,0.0,185.7,7,21,4,0.19,0,desktop,Organic Search,0,0.9788,-0.7699,0.9788,-0.7699,1.0612,Cart Abandoners / Window Shoppers,#F59E0B
5377933.27907394,6,1,60.87,309.7,6,17,2,0.118,1,mobile,Affiliates,2,2.582,-0.9559,2.582,-0.9559,-1.4286,Loyal Champions (VIPs),#10B981
3453134.50639770,18,2,31.95,465.8,16,5,2,0.4,1,mobile,Organic Search,2,1.8049,0.9127,1.8049,0.9127,-0.6414,Loyal Champions (VIPs),#10B981
6070019.87652675,7,2,22.96,315.0,15,14,3,0.214,1,desktop,Direct,2,2.5611,0.4847,2.5611,0.4847,-0.7694,Loyal Champions (VIPs),#10B981
7647260.98533284,19,2,0.0,168.6,6,7,5,0.714,0,desktop,Direct,0,1.2965,-1.003,1.2965,-1.003,2.2404,Cart Abandoners / Window Shoppers,#F59E0B
6050922.50352635,30,1,30.47,316.4,8,13,5,0.385,1,mobile,Display,2,2.3165,-0.6985,2.3165,-0.6985,-0.1704,Loyal Champions (VIPs),#10B981
7897527.53617969,27,2,0.0,349.3,10,11,4,0.364,0,desktop,Referral,0,0.713,0.1528,0.713,0.1528,1.4472,Cart Abandoners / Window Shoppers,#F59E0B
9704038.58856031,22,2,32.01,263.4,7,16,5,0.312,1,desktop,Organic Search,2,2.4856,-0.4384,2.4856,-0.4384,-0.3443,Loyal Champions (VIPs),#10B981
6754762.94212572,16,1,25.7,158.7,8,21,2,0.095,1,mobile,Display,2,1.9352,-1.3223,1.9352,-1.3223,-1.2255,Loyal Champions (VIPs),#10B981
7370902.43370108,20,2,28.97,373.2,9,19,3,0.158,1,desktop,Organic Search,2,2.0886,0.1297,2.0886,0.1297,-0.9178,Loyal Champions (VIPs),#10B981
8643560.93499559,15,1,45.43,296.9,8,8,4,0.5,1,tablet,Organic Search,2,2.6267,-0.7442,2.6267,-0.7442,-0.1824,Loyal Champions (VIPs),#10B981
5978513.85864823,12,1,33.51,309.6,7,24,3,0.125,1,mobile,Direct,2,2.4419,-0.8296,2.4419,-0.8296,-1.0327,Loyal Champions (VIPs),#10B981
3595147.53696830,25,1,38.68,249.0,6,23,2,0.087,1,tablet,Paid Search,2,1.8013,-1.1769,1.8013,-1.1769,-1.3246,Loyal Champions (VIPs),#10B981
8141447.27105775,13,3,0.0,206.8,7,19,3,0.158,0,desktop,Email,0,0.8882,-0.2706,0.8882,-0.2706,0.8364,Cart Abandoners / Window Shoppers,#F59E0B
8423481.92649773,11,12,43.06,1188.2,41,6,4,0.667,1,mobile,Organic Search,3,2.8982,4.3809,2.8982,4.3809,0.1988,Potential Loyalists,#3B82F6
9818855.23517450,27,1,0.0,110.3,5,17,2,0.118,0,mobile,Paid Search,0,0.1775,-2.1058,0.1775,-2.1058,0.5525,Cart Abandoners / Window Shoppers,#F59E0B
1190732.42644207,29,3,46.27,421.8,23,11,4,0.364,1,desktop,Organic Search,2,2.2156,1.5616,2.2156,1.5616,-0.4298,Loyal Champions (VIPs),#10B981
5563278.56717049,42,1,38.92,355.1,8,22,5,0.227,1,mobile,Referral,2,2.1669,-0.597,2.1669,-0.597,-0.5538,Loyal Champions (VIPs),#10B981
1551164.69683712,19,1,35.68,165.9,3,9,5,0.556,1,desktop,Direct,2,2.6818,-2.1534,2.6818,-2.1534,0.106,Loyal Champions (VIPs),#10B981
5466569.41058276,29,1,48.69,251.9,7,17,5,0.294,1,mobile,Direct,2,2.416,-1.0353,2.416,-1.0353,-0.4869,Loyal Champions (VIPs),#10B981
5297070.60663019,20,2,0.0,604.7,15,19,3,0.158,0,desktop,Organic Search,0,0.6515,1.0662,0.6515,1.0662,0.8671,Cart Abandoners / Window Shoppers,#F59E0B
2977926.77897915,29,3,0.0,366.1,11,12,5,0.417,0,mobile,Organic Search,0,0.9051,0.6764,0.9051,0.6764,1.6913,Cart Abandoners / Window Shoppers,#F59E0B
9992626.42065055,38,2,62.83,266.1,11,13,4,0.308,1,desktop,Organic Search,2,2.1121,0.0014,2.1121,0.0014,-0.6371,Loyal Champions (VIPs),#10B981
7685518.15547951,8,5,0.0,429.7,23,11,2,0.182,0,mobile,Affiliates,3,0.7713,2.1428,0.7713,2.1428,0.6846,Potential Loyalists,#3B82F6
4474737.60094136,22,3,59.45,966.2,22,7,5,0.714,1,desktop,Organic Search,2,2.8132,2.2876,2.8132,2.2876,0.3269,Loyal Champions (VIPs),#10B981
8153798.37944973,37,5,59.7,649.1,36,7,2,0.286,1,desktop,Organic Search,3,1.5068,2.985,1.5068,2.985,-1.0101,Potential Loyalists,#3B82F6
3221334.87947871,25,1,43.93,276.4,9,20,5,0.25,1,mobile,Organic Search,2,2.4803,-0.7111,2.4803,-0.7111,-0.5518,Loyal Champions (VIPs),#10B981
3560943.79874948,13,2,0.0,332.6,9,14,5,0.357,0,desktop,Direct,0,1.3249,0.0097,1.3249,0.0097,1.5421,Cart Abandoners / Window Shoppers,#F59E0B
1799602.72566456,38,3,49.12,168.9,8,13,4,0.308,1,desktop,Paid Search,2,2.061,-0.3342,2.061,-0.3342,-0.5809,Loyal Champions (VIPs),#10B981
5207871.80633376,25,1,57.82,399.7,9,14,3,0.214,1,desktop,Referral,2,2.0679,-0.3588,2.0679,-0.3588,-0.9825,Loyal Champions (VIPs),#10B981
8683684.45040317,20,1,0.0,158.2,5,5,3,0.6,0,mobile,Organic Search,0,0.7341,-1.7696,0.7341,-1.7696,1.7399,Cart Abandoners / Window Shoppers,#F59E0B
3232394.26632081,33,1,0.0,118.9,4,23,3,0.13,0,mobile,Organic Search,0,0.4016,-2.2394,0.4016,-2.2394,0.7892,Cart Abandoners / Window Shoppers,#F59E0B
7486018.49106879,22,1,0.0,252.5,7,9,4,0.444,0,desktop,Referral,0,0.853,-1.037,0.853,-1.037,1.5968,Cart Abandoners / Window Shoppers,#F59E0B
8229500.76661425,38,1,0.0,144.7,4,7,2,0.286,0,mobile,Paid Search,0,-0.1163,-2.0475,-0.1163,-2.0475,0.8961,Cart Abandoners / Window Shoppers,#F59E0B
9975701.86169627,8,3,36.46,549.6,12,15,4,0.267,1,desktop,Direct,2,2.8496,1.1684,2.8496,1.1684,-0.6054,Loyal Champions (VIPs),#10B981
9246824.91201180,28,1,31.93,204.2,5,24,4,0.167,1,desktop,Organic Search,2,2.1771,-1.5348,2.1771,-1.5348,-0.7734,Loyal Champions (VIPs),#10B981
9191995.99340411,34,2,30.83,292.2,15,15,3,0.2,1,mobile,Referral,2,1.7719,0.3977,1.7719,0.3977,-0.8375,Loyal Champions (VIPs),#10B981
4403438.38191581,39,1,60.0,131.3,4,23,3,0.13,1,mobile,Organic Search,2,1.9014,-2.1364,1.9014,-2.1364,-1.1653,Loyal Champions (VIPs),#10B981
6366716.85424499,20,2,32.82,324.7,16,22,3,0.136,1,desktop,Organic Search,2,2.1438,0.5637,2.1438,0.5637,-0.9853,Loyal Champions (VIPs),#10B981
2626956.99865180,20,1,0.0,251.8,6,20,5,0.25,0,mobile,Direct,0,1.0766,-1.187,1.0766,-1.187,1.3168,Cart Abandoners / Window Shoppers,#F59E0B
3712787.35165072,19,2,61.67,198.1,6,6,5,0.833,1,desktop,Direct,2,2.9712,-0.8406,2.9712,-0.8406,0.4874,Loyal Champions (VIPs),#10B981
4571873.10455465,36,1,0.0,118.5,5,18,5,0.278,0,desktop,Organic Search,0,0.7442,-2.0552,0.7442,-2.0552,1.3768,Cart Abandoners / Window Shoppers,#F59E0B
4565255.22823346,13,2,0.0,286.3,8,6,3,0.5,0,mobile,Organic Search,0,0.9156,-0.231,0.9156,-0.231,1.5479,Cart Abandoners / Window Shoppers,#F59E0B
8212774.79991410,34,2,28.91,743.5,17,13,5,0.385,1,desktop,Direct,2,2.2402,1.384,2.2402,1.384,-0.1309,Loyal Champions (VIPs),#10B981
6692604.82348603,24,2,0.0,261.5,13,14,5,0.357,0,mobile,Paid Search,0,0.9883,0.1372,0.9883,0.1372,1.5568,Cart Abandoners / Window Shoppers,#F59E0B
2484538.33377660,8,5,39.98,622.2,34,7,3,0.429,1,tablet,Direct,2,2.6531,2.8968,2.6531,2.8968,-0.4311,Loyal Champions (VIPs),#10B981
8937002.94619428,15,18,53.07,3357.2,99,9,4,0.444,1,desktop,Organic Search,3,2.6507,4.451,2.6507,4.451,-0.2855,Potential Loyalists,#3B82F6
3431844.31281434,15,1,0.0,255.6,6,17,3,0.176,0,desktop,Direct,0,0.7852,-1.1618,0.7852,-1.1618,0.8692,Cart Abandoners / Window Shoppers,#F59E0B
2041882.75570443,19,2,0.0,287.3,16,21,4,0.19,0,mobile,Paid Search,0,0.9193,0.435,0.9193,0.435,1.0786,Cart Abandoners / Window Shoppers,#F59E0B
6946942.26603831,8,2,41.6,310.4,12,14,3,0.214,1,mobile,Affiliates,2,2.6185,0.2498,2.6185,0.2498,-0.9207,Loyal Champions (VIPs),#10B981
6538621.78151629,34,2,0.0,188.7,9,22,5,0.227,0,desktop,Referral,0,0.7892,-0.5291,0.7892,-0.5291,1.2848,Cart Abandoners / Window Shoppers,#F59E0B
3675549.14573714,29,1,0.0,177.6,8,16,5,0.312,0,desktop,Referral,0,0.868,-1.2467,0.868,-1.2467,1.4529,Cart Abandoners / Window Shoppers,#F59E0B
2984612.63114967,23,1,0.0,334.5,7,13,5,0.385,0,mobile,Organic Search,0,1.0162,-0.7811,1.0162,-0.7811,1.6082,Cart Abandoners / Window Shoppers,#F59E0B
5655174.41407469,43,2,0.0,382.6,10,20,4,0.2,0,mobile,Organic Search,0,0.4546,0.2294,0.4546,0.2294,1.1171,Cart Abandoners / Window Shoppers,#F59E0B
5997114.69319123,28,5,0.0,906.8,33,13,3,0.231,0,mobile,Referral,3,0.4266,3.188,0.4266,3.188,1.0401,Potential Loyalists,#3B82F6
9553979.89811402,10,1,63.06,256.2,5,12,3,0.25,1,tablet,Organic Search,2,2.5774,-1.304,2.5774,-1.304,-0.9631,Loyal Champions (VIPs),#10B981
7143659.38991570,7,1,34.84,226.2,6,19,5,0.263,1,desktop,Organic Search,2,3.1135,-1.2627,3.1135,-1.2627,-0.501,Loyal Champions (VIPs),#10B981
4589853.95596315,36,1,0.0,78.1,2,19,2,0.105,0,mobile,Direct,0,0.0403,-3.165,0.0403,-3.165,0.5261,Cart Abandoners / Window Shoppers,#F59E0B
3972718.50668320,25,1,0.0,310.7,7,13,5,0.385,0,mobile,Organic Search,0,0.9696,-0.8506,0.9696,-0.8506,1.6091,Cart Abandoners / Window Shoppers,#F59E0B
9909999.45990055,40,4,47.35,373.4,12,13,3,0.231,1,desktop,Paid Search,2,1.7644,1.1007,1.7644,1.1007,-0.8751,Loyal Champions (VIPs),#10B981
8091147.28407336,41,2,0.0,460.5,11,19,3,0.158,0,mobile,Display,0,0.2475,0.4989,0.2475,0.4989,0.8768,Cart Abandoners / Window Shoppers,#F59E0B
4591043.15008566,37,1,34.67,221.1,6,8,3,0.375,1,desktop,Direct,2,1.748,-1.2908,1.748,-1.2908,-0.5145,Loyal Champions (VIPs),#10B981
8586340.15497761,36,1,23.85,133.0,3,8,4,0.5,1,desktop,Affiliates,2,1.9998,-2.3617,1.9998,-2.3617,-0.018,Loyal Champions (VIPs),#10B981
8419692.86513051,26,1,21.79,164.4,6,14,2,0.143,1,desktop,Direct,2,1.5353,-1.5595,1.5353,-1.5595,-1.0998,Loyal Champions (VIPs),#10B981
2460258.10657910,7,4,39.54,665.3,16,13,5,0.385,1,desktop,Direct,2,3.1701,1.9341,3.1701,1.9341,-0.2451,Loyal Champions (VIPs),#10B981
9656288.68347038,12,2,0.0,210.6,8,20,5,0.25,0,desktop,Paid Search,0,1.3598,-0.5272,1.3598,-0.5272,1.3087,Cart Abandoners / Window Shoppers,#F59E0B
6248189.64866846,30,1,55.88,307.5,9,15,3,0.2,1,mobile,Display,2,1.9652,-0.605,1.9652,-0.605,-1.0013,Loyal Champions (VIPs),#10B981
7797839.62851174,10,2,0.0,634.2,14,24,2,0.083,0,mobile,Referral,0,0.8195,1.0524,0.8195,1.0524,0.5212,Cart Abandoners / Window Shoppers,#F59E0B
7835747.51388373,27,1,64.91,352.7,10,6,2,0.333,1,mobile,Direct,2,1.6996,-0.3652,1.6996,-0.3652,-0.9698,Loyal Champions (VIPs),#10B981
1208838.15753991,33,12,46.68,1629.6,40,19,4,0.211,1,desktop,Display,3,2.1544,4.3883,2.1544,4.3883,-0.7202,Potential Loyalists,#3B82F6
7792518.27317835,10,2,61.21,446.6,10,9,5,0.556,1,mobile,Display,2,3.1517,0.4019,3.1517,0.4019,-0.0189,Loyal Champions (VIPs),#10B981
1914308.72512278,29,3,26.15,726.7,18,10,3,0.3,1,mobile,Direct,2,1.8151,1.8231,1.8151,1.8231,-0.5735,Loyal Champions (VIPs),#10B981
2435180.90188940,6,2,38.26,393.5,8,24,5,0.208,1,mobile,Organic Search,2,3.2309,0.0719,3.2309,0.0719,-0.6277,Loyal Champions (VIPs),#10B981
3807094.53398077,22,1,36.76,390.9,8,10,5,0.5,1,desktop,Direct,2,2.579,-0.4976,2.579,-0.4976,0.0121,Loyal Champions (VIPs),#10B981
4900737.45137031,31,1,47.49,179.5,8,16,3,0.188,1,desktop,Organic Search,2,1.9197,-1.2175,1.9197,-1.2175,-0.9907,Loyal Champions (VIPs),#10B981
6547634.85007580,10,12,22.48,1929.5,46,20,5,0.25,1,desktop,Organic Search,3,2.8566,4.4475,2.8566,4.4475,-0.3512,Potential Loyalists,#3B82F6
3194136.13616016,13,1,25.08,317.0,9,16,3,0.188,1,desktop,Direct,2,2.2649,-0.5691,2.2649,-0.5691,-0.8384,Loyal Champions (VIPs),#10B981
7551304.63871824,25,1,53.53,199.2,9,13,2,0.154,1,mobile,Organic Search,2,1.7362,-1.0,1.7362,-1.0,-1.3034,Loyal Champions (VIPs),#10B981
5041203.97410708,29,1,0.0,189.3,4,22,3,0.136,0,mobile,Paid Search,0,0.465,-1.8071,0.465,-1.8071,0.8028,Cart Abandoners / Window Shoppers,#F59E0B
4031563.48703542,10,1,38.83,189.1,3,7,2,0.286,1,mobile,Affiliates,2,2.1203,-2.0096,2.1203,-2.0096,-0.9811,Loyal Champions (VIPs),#10B981
8741931.37166592,34,1,29.8,184.3,4,19,5,0.263,1,tablet,Organic Search,2,2.2208,-1.8279,2.2208,-1.8279,-0.432,Loyal Champions (VIPs),#10B981
9924417.43518706,13,2,55.96,409.5,17,12,4,0.333,1,desktop,Organic Search,2,2.6876,0.8451,2.6876,0.8451,-0.569,Loyal Champions (VIPs),#10B981
7602666.61711647,33,1,31.08,270.2,7,24,5,0.208,1,desktop,Organic Search,2,2.263,-0.9741,2.263,-0.9741,-0.5458,Loyal Champions (VIPs),#10B981
7997807.89357629,37,2,26.99,174.1,7,19,5,0.263,1,desktop,Organic Search,2,2.1567,-0.8293,2.1567,-0.8293,-0.3969,Loyal Champions (VIPs),#10B981
2398658.75632738,29,3,0.0,616.6,23,12,4,0.333,0,tablet,Direct,3,0.6684,1.9017,0.6684,1.9017,1.4026,Potential Loyalists,#3B82F6
4766696.40821797,9,5,0.0,962.5,21,6,5,0.833,0,mobile,Affiliates,3,1.7834,2.7859,1.7834,2.7859,2.4782,Potential Loyalists,#3B82F6
7886944.44433139,37,1,0.0,337.4,10,21,5,0.238,0,desktop,Organic Search,0,0.7351,-0.442,0.7351,-0.442,1.3156,Cart Abandoners / Window Shoppers,#F59E0B
2486346.67152455,25,3,0.0,511.3,21,20,3,0.15,0,desktop,Organic Search,3,0.5397,1.638,0.5397,1.638,0.8611,Potential Loyalists,#3B82F6
9526405.66525474,35,4,42.13,498.6,13,14,4,0.286,1,desktop,Organic Search,2,2.076,1.4452,2.076,1.4452,-0.5677,Loyal Champions (VIPs),#10B981
3834065.20250024,23,12,54.1,1001.4,35,24,4,0.167,1,mobile,Referral,3,2.4192,4.0452,2.4192,4.0452,-0.8579,Potential Loyalists,#3B82F6
3364995.61921831,18,2,50.42,207.9,9,15,3,0.2,1,mobile,Organic Search,2,2.2315,-0.4099,2.2315,-0.4099,-0.9889,Loyal Champions (VIPs),#10B981
3419833.77231266,7,3,0.0,571.2,13,22,4,0.182,0,desktop,Referral,0,1.4621,1.27,1.4621,1.27,1.0509,Cart Abandoners / Window Shoppers,#F59E0B
4359120.21448962,41,1,36.1,175.8,5,11,3,0.273,1,desktop,Referral,2,1.6771,-1.6695,1.6771,-1.6695,-0.7433,Loyal Champions (VIPs),#10B981
6829213.79828878,24,2,48.38,285.9,9,18,5,0.278,1,desktop,Organic Search,2,2.5252,-0.1259,2.5252,-0.1259,-0.5155,Loyal Champions (VIPs),#10B981
9006057.23372263,27,1,0.0,193.7,10,17,5,0.294,0,tablet,Organic Search,0,0.9075,-0.9524,0.9075,-0.9524,1.4172,Cart Abandoners / Window Shoppers,#F59E0B
8271729.17782938,43,5,57.89,304.8,16,6,4,0.667,1,desktop,Organic Search,2,2.199,1.4427,2.199,1.4427,0.1205,Loyal Champions (VIPs),#10B981
9384179.60148706,43,3,0.0,451.6,15,5,5,1.0,0,desktop,Referral,0,1.0228,1.1728,1.0228,1.1728,2.7756,Cart Abandoners / Window Shoppers,#F59E0B
2457845.82884179,6,1,63.97,178.9,8,16,3,0.188,1,mobile,Direct,2,2.8681,-1.2023,2.8681,-1.2023,-1.1048,Loyal Champions (VIPs),#10B981
6547364.50401981,16,2,0.0,344.1,15,13,5,0.385,0,mobile,Display,0,1.222,0.5389,1.222,0.5389,1.6115,Cart Abandoners / Window Shoppers,#F59E0B
6460508.78619141,22,1,34.93,131.8,6,19,5,0.263,1,desktop,Direct,2,2.4995,-1.7754,2.4995,-1.7754,-0.4835,Loyal Champions (VIPs),#10B981
1830534.11021026,11,3,46.38,430.9,11,22,3,0.136,1,desktop,Organic Search,2,2.5453,0.8557,2.5453,0.8557,-1.0856,Loyal Champions (VIPs),#10B981
6211565.85240729,31,4,0.0,600.6,25,16,5,0.312,0,mobile,Organic Search,3,0.8414,2.2611,0.8414,2.2611,1.491,Potential Loyalists,#3B82F6
5633939.11744399,10,2,0.0,237.8,13,6,5,0.833,0,mobile,Organic Search,0,1.7203,0.0595,1.7203,0.0595,2.4503,Cart Abandoners / Window Shoppers,#F59E0B
1128760.64516038,27,2,27.29,251.3,8,16,2,0.125,1,mobile,Direct,2,1.5934,-0.3471,1.5934,-0.3471,-1.1749,Loyal Champions (VIPs),#10B981
7893582.58163871,34,2,0.0,297.9,8,12,3,0.25,0,mobile,Paid Search,0,0.3037,-0.207,0.3037,-0.207,1.0477,Cart Abandoners / Window Shoppers,#F59E0B
2976646.33546440,5,5,29.54,981.8,35,15,4,0.267,1,desktop,Direct,2,3.0467,3.3483,3.0467,3.3483,-0.5383,Loyal Champions (VIPs),#10B981
5172102.22424196,43,1,0.0,119.1,5,19,5,0.263,0,desktop,Paid Search,0,0.6437,-2.0528,0.6437,-2.0528,1.3495,Cart Abandoners / Window Shoppers,#F59E0B
5113161.24176123,41,2,0.0,380.1,12,6,4,0.667,0,mobile,Organic Search,0,0.6326,0.4051,0.6326,0.4051,2.0644,Cart Abandoners / Window Shoppers,#F59E0B
7122603.75723994,34,4,49.43,235.1,11,19,3,0.158,1,desktop,Organic Search,2,1.9106,0.5857,1.9106,0.5857,-1.0427,Loyal Champions (VIPs),#10B981
8759249.28291487,23,1,61.54,272.3,8,20,3,0.15,1,desktop,Direct,2,2.1775,-0.8285,2.1775,-0.8285,-1.1318,Loyal Champions (VIPs),#10B981
8020225.84131491,8,2,0.0,273.5,14,7,3,0.429,0,mobile,Organic Search,0,1.1378,0.2745,1.1378,0.2745,1.3971,Cart Abandoners / Window Shoppers,#F59E0B
2908707.89864716,14,4,57.73,935.1,24,13,2,0.154,1,mobile,Direct,2,2.0833,2.6671,2.0833,2.6671,-1.2969,Loyal Champions (VIPs),#10B981
3058770.35698490,26,1,0.0,263.1,5,8,4,0.5,0,mobile,Paid Search,0,0.787,-1.3064,0.787,-1.3064,1.7119,Cart Abandoners / Window Shoppers,#F59E0B
4856554.83376530,6,3,0.0,610.5,17,5,2,0.4,0,desktop,Referral,3,0.9296,1.6169,0.9296,1.6169,1.1386,Potential Loyalists,#3B82F6
4288757.82556214,10,1,22.82,374.3,9,7,4,0.571,1,mobile,Direct,2,2.7373,-0.4136,2.7373,-0.4136,0.1293,Loyal Champions (VIPs),#10B981
7469607.62478660,41,1,51.34,342.1,7,20,3,0.15,1,desktop,Referral,2,1.8127,-0.7486,1.8127,-0.7486,-1.0695,Loyal Champions (VIPs),#10B981
5930500.54510237,11,1,0.0,353.9,9,5,3,0.6,0,mobile,Direct,0,1.061,-0.473,1.061,-0.473,1.7435,Cart Abandoners / Window Shoppers,#F59E0B
5053887.64396325,34,5,39.88,584.2,23,21,3,0.143,1,mobile,Organic Search,3,1.8868,2.416,1.8868,2.416,-0.9923,Potential Loyalists,#3B82F6
1497054.44287978,31,2,0.0,269.3,9,22,3,0.136,0,desktop,Referral,0,0.4328,-0.1912,0.4328,-0.1912,0.8206,Cart Abandoners / Window Shoppers,#F59E0B
5022078.87230176,7,1,0.0,289.5,9,13,4,0.308,0,desktop,Direct,0,1.4254,-0.6616,1.4254,-0.6616,1.2919,Cart Abandoners / Window Shoppers,#F59E0B
9019605.77284838,28,2,43.08,227.5,9,6,5,0.833,1,mobile,Direct,2,2.6786,-0.338,2.6786,-0.338,0.5952,Loyal Champions (VIPs),#10B981
2609320.81641256,33,12,0.0,1366.8,31,5,4,0.8,0,mobile,Direct,3,0.8532,4.1152,0.8532,4.1152,2.3375,Potential Loyalists,#3B82F6
8098938.99221882,27,1,53.33,220.6,9,12,2,0.167,1,desktop,Direct,2,1.6798,-0.9058,1.6798,-0.9058,-1.2744,Loyal Champions (VIPs),#10B981
6455929.71839700,33,4,0.0,483.6,12,8,2,0.25,0,desktop,Direct,3,-0.0277,1.3383,-0.0277,1.3383,0.8508,Potential Loyalists,#3B82F6
3845507.68685878,11,2,0.0,306.4,11,10,5,0.5,0,desktop,Direct,0,1.4727,0.1299,1.4727,0.1299,1.8328,Cart Abandoners / Window Shoppers,#F59E0B
5502442.78963591,40,2,25.18,194.3,6,13,3,0.231,1,mobile,Direct,2,1.6235,-0.8612,1.6235,-0.8612,-0.7339,Loyal Champions (VIPs),#10B981
1536350.66945285,40,1,54.63,305.4,7,9,2,0.222,1,desktop,Direct,2,1.4317,-0.8439,1.4317,-0.8439,-1.1586,Loyal Champions (VIPs),#10B981
6303740.95954030,18,1,0.0,407.8,8,19,4,0.211,0,desktop,Organic Search,0,0.9344,-0.4673,0.9344,-0.4673,1.1146,Cart Abandoners / Window Shoppers,#F59E0B
9920871.46595591,13,3,57.98,671.5,19,9,2,0.222,1,desktop,Referral,2,2.0782,1.8204,2.0782,1.8204,-1.1731,Loyal Champions (VIPs),#10B981
5725576.43234874,22,1,60.8,416.8,9,17,2,0.118,1,desktop,Referral,2,1.8906,-0.3147,1.8906,-0.3147,-1.391,Loyal Champions (VIPs),#10B981
1435616.17716641,7,1,23.24,230.3,6,16,3,0.188,1,desktop,Organic Search,2,2.5735,-1.2385,2.5735,-1.2385,-0.8413,Loyal Champions (VIPs),#10B981
1839901.94858633,7,1,23.36,133.1,7,22,4,0.182,1,desktop,Direct,2,2.847,-1.6102,2.847,-1.6102,-0.6994,Loyal Champions (VIPs),#10B981
4722723.17371951,10,3,34.4,250.6,11,12,3,0.25,1,desktop,Organic Search,2,2.455,0.3564,2.455,0.3564,-0.7938,Loyal Champions (VIPs),#10B981
3465788.91917650,43,2,32.29,174.1,6,24,5,0.208,1,mobile,Organic Search,2,2.1245,-0.9739,2.1245,-0.9739,-0.5538,Loyal Champions (VIPs),#10B981
7721152.41915262,33,2,0.0,250.0,10,5,3,0.6,0,mobile,Organic Search,0,0.459,-0.1538,0.459,-0.1538,1.7682,Cart Abandoners / Window Shoppers,#F59E0B
4136240.99224895,43,2,0.0,349.9,9,8,2,0.25,0,mobile,Organic Search,0,-0.183,0.0592,-0.183,0.0592,0.8455,Cart Abandoners / Window Shoppers,#F59E0B
4764345.21821657,42,2,21.12,201.5,9,20,4,0.2,1,desktop,Organic Search,2,1.8392,-0.4555,1.8392,-0.4555,-0.5862,Loyal Champions (VIPs),#10B981
7044222.31766481,10,2,0.0,136.5,6,17,5,0.294,0,mobile,Organic Search,0,1.4537,-1.1933,1.4537,-1.1933,1.3875,Cart Abandoners / Window Shoppers,#F59E0B
6721795.81149769,39,5,0.0,470.4,19,5,5,1.0,0,desktop,Organic Search,3,1.0825,2.0018,1.0825,2.0018,2.7796,Potential Loyalists,#3B82F6
6110550.45025358,8,2,0.0,372.7,11,6,2,0.333,0,desktop,Organic Search,0,0.7526,0.3313,0.7526,0.3313,0.9877,Cart Abandoners / Window Shoppers,#F59E0B
6496161.49686080,15,1,59.53,145.6,3,13,2,0.154,1,mobile,Organic Search,2,2.0395,-2.2586,2.0395,-2.2586,-1.3578,Loyal Champions (VIPs),#10B981
6449129.28089982,5,2,51.43,460.5,11,12,5,0.417,1,tablet,Direct,2,3.3999,0.5292,3.3999,0.5292,-0.2668,Loyal Champions (VIPs),#10B981
7848966.24065762,34,1,0.0,222.1,5,8,5,0.625,0,mobile,Paid Search,0,0.9135,-1.4707,0.9135,-1.4707,2.0871,Cart Abandoners / Window Shoppers,#F59E0B
3572015.87279028,41,3,35.43,651.9,17,18,5,0.278,1,desktop,Paid Search,2,2.1608,1.6508,2.1608,1.6508,-0.4021,Loyal Champions (VIPs),#10B981
5770926.63261673,27,5,24.42,963.0,26,7,5,0.714,1,desktop,Affiliates,3,2.5126,3.004,2.5126,3.004,0.5648,Potential Loyalists,#3B82F6
7203687.80759711,17,2,0.0,561.6,14,9,5,0.556,0,mobile,Referral,0,1.2674,0.9257,1.2674,0.9257,1.9648,Cart Abandoners / Window Shoppers,#F59E0B
1729950.42992488,8,1,63.75,117.2,4,16,5,0.312,1,desktop,Organic Search,2,3.1744,-2.2289,3.1744,-2.2289,-0.5645,Loyal Champions (VIPs),#10B981
7615699.53801909,25,6,28.97,789.9,41,22,2,0.091,1,mobile,Display,3,1.7425,3.5089,1.7425,3.5089,-1.1994,Potential Loyalists,#3B82F6
5122684.92423663,6,1,0.0,307.2,8,14,4,0.286,0,mobile,Organic Search,0,1.501,-0.7173,1.501,-0.7173,1.2419,Cart Abandoners / Window Shoppers,#F59E0B
9694881.91471926,19,1,45.25,107.4,3,5,5,1.0,1,mobile,Paid Search,2,3.0053,-2.5558,3.0053,-2.5558,0.828,Loyal Champions (VIPs),#10B981
1470413.63601971,42,4,59.2,461.0,21,11,4,0.364,1,mobile,Paid Search,2,2.0611,1.8522,2.0611,1.8522,-0.4827,Loyal Champions (VIPs),#10B981
2203793.71327272,33,4,36.56,435.6,17,5,3,0.6,1,mobile,Organic Search,2,1.9527,1.5943,1.9527,1.5943,-0.0463,Loyal Champions (VIPs),#10B981
3240684.16733756,9,3,36.62,314.4,9,18,4,0.222,1,tablet,Direct,2,2.7965,0.3682,2.7965,0.3682,-0.7087,Loyal Champions (VIPs),#10B981
6852339.40963755,41,2,57.37,280.7,13,16,3,0.188,1,desktop,Paid Search,2,1.807,0.2169,1.807,0.2169,-1.0184,Loyal Champions (VIPs),#10B981
9364496.61058060,29,2,0.0,421.0,13,16,3,0.188,0,mobile,Direct,0,0.4183,0.5844,0.4183,0.5844,0.9272,Cart Abandoners / Window Shoppers,#F59E0B
1910086.49776850,33,2,40.3,265.6,12,13,4,0.308,1,desktop,Direct,2,2.0966,0.0856,2.0966,0.0856,-0.5249,Loyal Champions (VIPs),#10B981
8519399.37670197,15,1,36.71,102.3,4,10,4,0.4,1,mobile,Organic Search,2,2.5335,-2.3568,2.5335,-2.3568,-0.354,Loyal Champions (VIPs),#10B981
7019415.73253525,27,3,53.33,737.2,19,18,5,0.278,1,mobile,Referral,2,2.4846,1.8827,2.4846,1.8827,-0.5143,Loyal Champions (VIPs),#10B981
3639506.31210975,28,1,0.0,199.5,4,20,2,0.1,0,mobile,Organic Search,0,0.1975,-1.7528,0.1975,-1.7528,0.5329,Cart Abandoners / Window Shoppers,#F59E0B
7682395.91908899,12,3,59.18,310.6,17,20,2,0.1,1,desktop,Paid Search,2,2.2648,0.9873,2.2648,0.9873,-1.4163,Loyal Champions (VIPs),#10B981
4616716.28637966,34,2,49.1,398.7,10,23,5,0.217,1,desktop,Organic Search,2,2.3443,0.2793,2.3443,0.2793,-0.632,Loyal Champions (VIPs),#10B981
5682478.74611583,39,1,0.0,169.4,5,7,2,0.286,0,desktop,Organic Search,0,-0.1306,-1.7081,-0.1306,-1.7081,0.9011,Cart Abandoners / Window Shoppers,#F59E0B
6355318.54489517,17,1,29.74,298.6,9,13,4,0.308,1,mobile,Display,2,2.3975,-0.6304,2.3975,-0.6304,-0.4672,Loyal Champions (VIPs),#10B981
2775801.75970692,42,3,0.0,699.4,22,9,4,0.444,0,mobile,Direct,3,0.4979,1.9703,0.4979,1.9703,1.644,Potential Loyalists,#3B82F6
6055443.46500740,30,2,35.63,169.6,10,11,2,0.182,1,desktop,Organic Search,2,1.5258,-0.4967,1.5258,-0.4967,-1.1383,Loyal Champions (VIPs),#10B981
6963617.41836095,17,2,63.91,433.3,17,13,5,0.385,1,desktop,Organic Search,2,2.797,0.8909,2.797,0.8909,-0.3587,Loyal Champions (VIPs),#10B981
2519367.67993848,32,2,22.03,183.0,9,14,2,0.143,1,desktop,Organic Search,2,1.4254,-0.5306,1.4254,-0.5306,-1.0888,Loyal Champions (VIPs),#10B981
3433704.96687771,23,2,33.06,512.2,12,22,3,0.136,1,mobile,Organic Search,2,2.0672,0.7007,2.0672,0.7007,-0.9807,Loyal Champions (VIPs),#10B981
3919100.71966026,29,3,0.0,665.9,22,12,2,0.167,0,mobile,Organic Search,3,0.0793,1.9375,0.0793,1.9375,0.6871,Potential Loyalists,#3B82F6
2763426.11449351,27,5,51.76,285.3,14,24,5,0.208,1,desktop,Organic Search,2,2.4967,1.2455,2.4967,1.2455,-0.6649,Loyal Champions (VIPs),#10B981
9862678.12782242,25,3,57.24,264.0,16,8,4,0.5,1,desktop,Referral,2,2.4017,0.7625,2.4017,0.7625,-0.219,Loyal Champions (VIPs),#10B981
1051658.29197672,43,1,0.0,196.9,7,11,3,0.273,0,desktop,Organic Search,0,0.1656,-1.2715,0.1656,-1.2715,1.0916,Cart Abandoners / Window Shoppers,#F59E0B
1706917.41793224,20,1,62.55,167.6,3,16,5,0.312,1,mobile,Affiliates,2,2.6769,-2.1451,2.6769,-2.1451,-0.5366,Loyal Champions (VIPs),#10B981
7817047.24352667,43,3,24.59,677.5,20,13,3,0.231,1,desktop,Organic Search,3,1.5828,1.8585,1.5828,1.8585,-0.6936,Potential Loyalists,#3B82F6
9979119.95814623,14,1,57.11,244.8,7,7,3,0.429,1,desktop,Organic Search,2,2.4191,-1.0423,2.4191,-1.0423,-0.5495,Loyal Champions (VIPs),#10B981
4551254.33920098,8,1,0.0,200.1,7,15,4,0.267,0,desktop,Display,0,1.3547,-1.2436,1.3547,-1.2436,1.2008,Cart Abandoners / Window Shoppers,#F59E0B
1908383.51278903,44,1,0.0,202.4,5,9,3,0.333,0,mobile,Referral,0,0.1594,-1.5512,0.1594,-1.5512,1.2161,Cart Abandoners / Window Shoppers,#F59E0B
6065788.22662155,43,1,60.23,484.8,10,13,5,0.385,1,tablet,Direct,2,2.2594,-0.0916,2.2594,-0.0916,-0.3289,Loyal Champions (VIPs),#10B981
9713270.37458129,25,4,64.24,927.9,31,6,3,0.5,1,desktop,Organic Search,3,2.1722,2.9134,2.1722,2.9134,-0.3792,Potential Loyalists,#3B82F6
6427501.59123195,15,1,53.61,290.8,8,23,3,0.13,1,mobile,Display,2,2.4116,-0.7639,2.4116,-0.7639,-1.1405,Loyal Champions (VIPs),#10B981
7201199.47670240,37,2,22.25,367.6,8,23,4,0.174,1,desktop,Direct,2,1.9409,-0.0087,1.9409,-0.0087,-0.6461,Loyal Champions (VIPs),#10B981
8725104.17997725,31,1,0.0,166.4,5,16,3,0.188,0,mobile,Direct,0,0.375,-1.7315,0.375,-1.7315,0.9028,Cart Abandoners / Window Shoppers,#F59E0B
6824577.77304294,43,4,25.21,666.8,27,19,2,0.105,1,mobile,Organic Search,3,1.3621,2.4563,1.3621,2.4563,-1.1439,Potential Loyalists,#3B82F6
8011441.97263352,17,6,0.0,669.6,31,16,5,0.312,0,desktop,Paid Search,3,1.1797,3.0485,1.1797,3.0485,1.4836,Potential Loyalists,#3B82F6
9263093.31198587,11,2,46.68,194.2,6,13,3,0.231,1,desktop,Organic Search,2,2.4699,-0.8463,2.4699,-0.8463,-0.9216,Loyal Champions (VIPs),#10B981
4362797.29941889,40,2,28.32,215.8,8,23,5,0.217,1,desktop,Referral,2,2.134,-0.5069,2.134,-0.5069,-0.498,Loyal Champions (VIPs),#10B981
1934996.77969438,32,1,45.0,170.9,8,5,2,0.4,1,mobile,Organic Search,2,1.5516,-1.2529,1.5516,-1.2529,-0.7404,Loyal Champions (VIPs),#10B981
9298570.50878454,42,1,0.0,192.5,4,12,2,0.167,0,desktop,Organic Search,0,-0.1401,-1.787,-0.1401,-1.787,0.6553,Cart Abandoners / Window Shoppers,#F59E0B
9101988.13633363,14,1,47.35,200.9,5,13,4,0.308,1,mobile,Organic Search,2,2.6018,-1.5383,2.6018,-1.5383,-0.6024,Loyal Champions (VIPs),#10B981
7833192.14332584,11,1,54.72,151.5,4,13,4,0.308,1,mobile,Paid Search,2,2.7622,-1.9907,2.7622,-1.9907,-0.6513,Loyal Champions (VIPs),#10B981
6717541.98323951,11,4,0.0,721.3,27,12,4,0.333,0,mobile,Direct,3,1.2039,2.5265,1.2039,2.5265,1.386,Potential Loyalists,#3B82F6
4548827.75100982,20,6,54.29,607.1,26,12,5,0.417,1,desktop,Direct,2,2.6923,2.7889,2.6923,2.7889,-0.2304,Loyal Champions (VIPs),#10B981
8021458.56378344,6,2,0.0,544.5,13,5,5,1.0,0,mobile,Organic Search,0,2.0894,0.8341,2.0894,0.8341,2.7297,Cart Abandoners / Window Shoppers,#F59E0B
4777214.24234919,36,2,43.61,441.4,17,14,4,0.286,1,mobile,Paid Search,2,2.0633,0.9024,2.0633,0.9024,-0.5786,Loyal Champions (VIPs),#10B981
7332709.91930895,32,2,30.67,400.2,9,21,4,0.19,1,mobile,Referral,2,2.0772,0.185,2.0772,0.185,-0.6979,Loyal Champions (VIPs),#10B981
4386861.43765390,29,1,32.33,239.4,6,13,2,0.154,1,desktop,Direct,2,1.5442,-1.2112,1.5442,-1.2112,-1.1719,Loyal Champions (VIPs),#10B981
2608575.39531741,23,3,55.26,459.4,13,13,3,0.231,1,mobile,Referral,2,2.1074,1.0745,2.1074,1.0745,-0.926,Loyal Champions (VIPs),#10B981
6633764.81105276,13,1,49.78,212.6,6,18,2,0.111,1,desktop,Organic Search,2,2.1483,-1.3139,2.1483,-1.3139,-1.3764,Loyal Champions (VIPs),#10B981
9416063.83635428,5,4,0.0,455.5,20,17,5,0.294,0,desktop,Referral,3,1.8137,1.7963,1.8137,1.7963,1.4064,Potential Loyalists,#3B82F6
5568102.11733028,7,8,0.0,1092.2,26,6,5,0.833,0,desktop,Referral,3,1.9175,3.6767,1.9175,3.6767,2.4801,Potential Loyalists,#3B82F6
2727752.59518506,18,2,0.0,223.1,14,24,4,0.167,0,mobile,Organic Search,0,0.9699,0.067,0.9699,0.067,1.0288,Cart Abandoners / Window Shoppers,#F59E0B
6642920.41592323,25,6,47.67,1557.5,42,23,5,0.217,1,mobile,Direct,3,2.5218,3.9516,2.5218,3.9516,-0.5931,Potential Loyalists,#3B82F6
6254050.97325371,30,6,0.0,500.2,26,15,5,0.333,0,tablet,Display,3,0.8667,2.5905,0.8667,2.5905,1.535,Potential Loyalists,#3B82F6
7680000.38309303,22,3,0.0,447.6,17,24,4,0.167,0,desktop,Organic Search,3,0.862,1.2975,0.862,1.2975,1.0475,Potential Loyalists,#3B82F6
9834469.37059428,21,3,35.24,818.2,19,14,2,0.143,1,desktop,Paid Search,2,1.7653,1.9956,1.7653,1.9956,-1.1868,Loyal Champions (VIPs),#10B981
2281127.69254785,12,6,0.0,482.9,25,24,4,0.167,0,mobile,Referral,3,1.1998,2.5286,1.1998,2.5286,1.0434,Potential Loyalists,#3B82F6
7595097.91336624,14,1,0.0,280.2,9,9,4,0.444,0,mobile,Referral,0,1.1022,-0.6981,1.1022,-0.6981,1.5904,Cart Abandoners / Window Shoppers,#F59E0B
1812350.67784365,11,3,52.59,689.7,15,6,4,0.667,1,desktop,Affiliates,2,2.9305,1.5997,2.9305,1.5997,0.1212,Loyal Champions (VIPs),#10B981
9675257.60384212,15,6,0.0,539.4,21,7,2,0.286,0,desktop,Referral,3,0.4171,2.4673,0.4171,2.4673,0.9199,Potential Loyalists,#3B82F6
8774551.20870681,41,3,0.0,807.1,18,13,2,0.154,0,desktop,Referral,3,-0.1043,1.9089,-0.1043,1.9089,0.6709,Potential Loyalists,#3B82F6
1109664.33137457,43,2,51.08,173.7,5,8,4,0.5,1,mobile,Direct,2,2.0661,-1.1315,2.0661,-1.1315,-0.197,Loyal Champions (VIPs),#10B981
9202230.81894810,23,3,0.0,244.4,12,10,2,0.2,0,desktop,Paid Search,0,0.1849,0.4031,0.1849,0.4031,0.7264,Cart Abandoners / Window Shoppers,#F59E0B
7604450.22249429,40,2,0.0,214.1,8,7,3,0.429,0,mobile,Organic Search,0,0.2545,-0.5135,0.2545,-0.5135,1.4246,Cart Abandoners / Window Shoppers,#F59E0B
9449533.94620917,26,1,28.01,52.6,3,15,3,0.2,1,desktop,Organic Search,2,1.8953,-3.2094,1.8953,-3.2094,-0.8626,Loyal Champions (VIPs),#10B981
4382486.95260990,33,2,61.52,699.9,16,21,4,0.19,1,mobile,Organic Search,2,2.2105,1.2698,2.2105,1.2698,-0.8623,Loyal Champions (VIPs),#10B981
3238576.67514794,10,1,0.0,318.8,9,7,2,0.286,0,mobile,Referral,0,0.6217,-0.5633,0.6217,-0.5633,0.8844,Cart Abandoners / Window Shoppers,#F59E0B
5568097.37199717,18,1,30.03,312.6,7,9,3,0.333,1,desktop,Organic Search,2,2.1076,-0.8198,2.1076,-0.8198,-0.5773,Loyal Champions (VIPs),#10B981
2829012.93169400,23,3,51.2,539.0,19,24,4,0.167,1,mobile,Affiliates,2,2.3975,1.5947,2.3975,1.5947,-0.8663,Loyal Champions (VIPs),#10B981
8613583.81783764,6,2,52.92,425.5,11,9,2,0.222,1,mobile,Organic Search,2,2.4579,0.4688,2.4579,0.4688,-1.1809,Loyal Champions (VIPs),#10B981
4178822.76329059,21,1,47.6,208.9,5,7,2,0.286,1,desktop,Direct,2,1.7617,-1.494,1.7617,-1.494,-1.0105,Loyal Champions (VIPs),#10B981
9578106.22748563,34,1,0.0,360.6,8,8,3,0.375,0,mobile,Organic Search,0,0.32,-0.5807,0.32,-0.5807,1.3117,Cart Abandoners / Window Shoppers,#F59E0B
7994144.64941814,20,4,0.0,798.7,19,12,5,0.417,0,tablet,Organic Search,3,1.116,2.2534,1.116,2.2534,1.7012,Potential Loyalists,#3B82F6
5310930.64132239,37,1,59.31,156.3,5,14,3,0.214,1,desktop,Organic Search,2,1.8513,-1.7776,1.8513,-1.7776,-0.9989,Loyal Champions (VIPs),#10B981
3086312.70956527,21,1,42.42,220.4,5,19,2,0.105,1,mobile,Direct,2,1.8641,-1.4504,1.8641,-1.4504,-1.3343,Loyal Champions (VIPs),#10B981
3326629.42930256,23,1,33.86,126.6,4,9,2,0.222,1,desktop,Organic Search,2,1.6394,-2.1543,1.6394,-2.1543,-1.0664,Loyal Champions (VIPs),#10B981
5027681.55659271,12,4,0.0,1111.3,26,15,3,0.2,0,desktop,Referral,3,0.9028,2.8923,0.9028,2.8923,0.9556,Potential Loyalists,#3B82F6
8231559.32576607,6,3,55.61,351.8,19,21,3,0.143,1,mobile,Organic Search,2,2.8904,1.2172,2.8904,1.2172,-1.1296,Loyal Champions (VIPs),#10B981
1868377.71111193,44,1,28.96,172.7,8,16,4,0.25,1,desktop,Organic Search,2,1.8581,-1.262,1.8581,-1.262,-0.5691,Loyal Champions (VIPs),#10B981
7320233.22602401,17,1,48.49,263.1,10,9,2,0.222,1,mobile,Organic Search,2,1.8856,-0.6343,1.8856,-0.6343,-1.1463,Loyal Champions (VIPs),#10B981
6189575.53510855,29,2,44.46,207.7,5,21,2,0.095,1,desktop,Organic Search,2,1.7245,-0.957,1.7245,-0.957,-1.3496,Loyal Champions (VIPs),#10B981
7383802.17131204,33,1,60.29,109.6,4,8,2,0.25,1,mobile,Direct,2,1.5568,-2.2901,1.5568,-2.2901,-1.1492,Loyal Champions (VIPs),#10B981
2387733.19140677,25,1,30.69,129.7,3,15,5,0.333,1,mobile,Paid Search,2,2.4035,-2.3858,2.4035,-2.3858,-0.3075,Loyal Champions (VIPs),#10B981
9686952.71607651,5,3,27.8,393.1,9,17,2,0.118,1,desktop,Direct,2,2.511,0.5903,2.511,0.5903,-1.2181,Loyal Champions (VIPs),#10B981
2399190.10463812,27,1,35.15,133.0,4,14,2,0.143,1,mobile,Direct,2,1.6146,-2.1131,1.6146,-2.1131,-1.2272,Loyal Champions (VIPs),#10B981
8419205.53361277,12,1,64.27,206.8,4,14,5,0.357,1,tablet,Direct,2,2.9718,-1.7069,2.9718,-1.7069,-0.4551,Loyal Champions (VIPs),#10B981
1082558.69350454,28,1,39.77,48.2,2,19,3,0.158,1,desktop,Organic Search,2,1.9615,-3.5968,1.9615,-3.5968,-1.0366,Loyal Champions (VIPs),#10B981
7475503.46736419,15,1,0.0,201.8,4,19,5,0.263,0,desktop,Organic Search,0,1.2319,-1.7466,1.2319,-1.7466,1.3301,Cart Abandoners / Window Shoppers,#F59E0B
3741910.23851548,16,1,41.97,377.3,8,13,3,0.231,1,desktop,Direct,2,2.2415,-0.5196,2.2415,-0.5196,-0.8767,Loyal Champions (VIPs),#10B981
4405857.79003544,32,1,0.0,159.4,8,24,5,0.208,0,desktop,Organic Search,0,0.8273,-1.35,0.8273,-1.35,1.238,Cart Abandoners / Window Shoppers,#F59E0B
8917079.29053041,15,1,27.21,263.9,6,24,4,0.167,1,mobile,Paid Search,2,2.4895,-1.1263,2.4895,-1.1263,-0.7418,Loyal Champions (VIPs),#10B981
4541434.51116120,16,1,62.35,217.9,6,7,3,0.429,1,mobile,Paid Search,2,2.3649,-1.2936,2.3649,-1.2936,-0.5724,Loyal Champions (VIPs),#10B981
5805445.45609143,20,3,0.0,895.2,20,7,4,0.571,0,desktop,Organic Search,3,0.9815,2.112,0.9815,2.112,1.8835,Potential Loyalists,#3B82F6
6546713.68642194,7,1,0.0,129.1,5,5,5,1.0,0,mobile,Organic Search,0,2.0058,-1.9566,2.0058,-1.9566,2.6998,Cart Abandoners / Window Shoppers,#F59E0B
1104336.11337327,34,3,33.05,518.2,16,20,5,0.25,1,desktop,Referral,2,2.2542,1.3781,2.2542,1.3781,-0.4512,Loyal Champions (VIPs),#10B981
7222990.82501798,18,3,58.74,795.0,18,10,3,0.3,1,mobile,Referral,2,2.2539,1.9134,2.2539,1.9134,-0.7911,Loyal Champions (VIPs),#10B981
9539151.57741556,7,5,0.0,629.3,14,10,3,0.3,0,mobile,Display,3,1.1706,1.9944,1.1706,1.9944,1.1393,Potential Loyalists,#3B82F6
4615298.26888764,28,2,0.0,427.1,12,8,3,0.375,0,desktop,Referral,0,0.434,0.5225,0.434,0.5225,1.317,Cart Abandoners / Window Shoppers,#F59E0B
8581408.20648152,44,1,0.0,169.8,5,14,3,0.214,0,mobile,Direct,0,0.1612,-1.716,0.1612,-1.716,0.9631,Cart Abandoners / Window Shoppers,#F59E0B
3063240.52815658,40,1,0.0,281.2,7,18,2,0.111,0,desktop,Organic Search,0,-0.0304,-0.9379,-0.0304,-0.9379,0.5667,Cart Abandoners / Window Shoppers,#F59E0B
5914248.61096611,40,1,38.31,188.2,6,11,4,0.364,1,mobile,Organic Search,2,1.9841,-1.4465,1.9841,-1.4465,-0.4047,Loyal Champions (VIPs),#10B981
3206433.32014593,19,2,0.0,203.8,7,21,5,0.238,0,mobile,Organic Search,0,1.1114,-0.6882,1.1114,-0.6882,1.2924,Cart Abandoners / Window Shoppers,#F59E0B
2870243.37693080,42,4,0.0,447.6,22,10,4,0.4,0,desktop,Referral,3,0.4818,1.8591,0.4818,1.8591,1.5487,Potential Loyalists,#3B82F6
6731101.29381218,35,1,43.55,137.5,8,12,2,0.167,1,mobile,Display,2,1.4897,-1.459,1.4897,-1.459,-1.2238,Loyal Champions (VIPs),#10B981
1257045.68401597,16,1,0.0,227.9,5,16,5,0.312,0,desktop,Direct,0,1.1976,-1.4399,1.1976,-1.4399,1.4378,Cart Abandoners / Window Shoppers,#F59E0B
9908138.77070398,14,2,61.87,580.1,16,5,4,0.8,1,mobile,Organic Search,2,2.9176,1.1085,2.9176,1.1085,0.3224,Loyal Champions (VIPs),#10B981
7310139.45929899,43,1,64.52,314.2,10,10,2,0.2,1,mobile,Organic Search,2,1.4356,-0.4801,1.4356,-0.4801,-1.2412,Loyal Champions (VIPs),#10B981
3421630.68951284,43,3,28.78,329.4,17,11,4,0.364,1,desktop,Referral,2,1.8906,1.0208,1.8906,1.0208,-0.3056,Loyal Champions (VIPs),#10B981
6440280.77917556,7,12,23.23,3416.0,81,15,2,0.133,1,mobile,Organic Search,3,2.2885,4.465,2.2885,4.465,-1.1016,Potential Loyalists,#3B82F6
1494945.31378367,22,1,55.65,199.8,5,5,2,0.4,1,mobile,Organic Search,2,1.8065,-1.5346,1.8065,-1.5346,-0.8065,Loyal Champions (VIPs),#10B981
6983298.92044094,44,3,63.02,811.0,22,5,5,1.0,1,mobile,Organic Search,2,2.6156,2.1162,2.6156,2.1162,0.8161,Loyal Champions (VIPs),#10B981
8590241.77150819,26,1,0.0,338.5,7,17,3,0.176,0,mobile,Direct,0,0.4811,-0.7651,0.4811,-0.7651,0.8874,Cart Abandoners / Window Shoppers,#F59E0B
8270398.94241263,44,1,0.0,259.2,7,23,2,0.087,0,mobile,Organic Search,0,-0.0174,-1.0165,-0.0174,-1.0165,0.5374,Cart Abandoners / Window Shoppers,#F59E0B
2161035.80539429,32,3,53.7,327.8,8,14,3,0.214,1,desktop,Organic Search,2,1.9193,0.287,1.9193,0.287,-0.9562,Loyal Champions (VIPs),#10B981
2331366.50203249,30,1,37.61,212.1,9,10,4,0.4,1,desktop,Display,2,2.1556,-0.9529,2.1556,-0.9529,-0.3259,Loyal Champions (VIPs),#10B981
6923905.40892097,43,1,0.0,203.8,6,16,4,0.25,0,mobile,Referral,0,0.4325,-1.3874,0.4325,-1.3874,1.2023,Cart Abandoners / Window Shoppers,#F59E0B
3565662.31190816,34,3,0.0,466.3,18,6,2,0.333,0,mobile,Organic Search,3,-0.0338,1.4044,-0.0338,1.4044,1.0314,Potential Loyalists,#3B82F6
9367755.12641641,34,1,60.21,207.0,8,12,3,0.25,1,desktop,Paid Search,2,1.8949,-1.0844,1.8949,-1.0844,-0.9212,Loyal Champions (VIPs),#10B981
6138584.20691210,41,1,34.23,284.1,6,22,4,0.182,1,desktop,Organic Search,2,1.9632,-1.0682,1.9632,-1.0682,-0.7472,Loyal Champions (VIPs),#10B981
6070778.76387233,37,1,45.79,263.1,6,9,4,0.444,1,desktop,Paid Search,2,2.0967,-1.134,2.0967,-1.134,-0.2819,Loyal Champions (VIPs),#10B981
7835294.27395667,29,2,45.18,329.7,12,16,5,0.312,1,mobile,Referral,2,2.4058,0.2837,2.4058,0.2837,-0.4175,Loyal Champions (VIPs),#10B981
8944781.39646116,18,8,47.27,1261.3,28,18,5,0.278,1,desktop,Organic Search,3,2.6926,3.8804,2.6926,3.8804,-0.4745,Potential Loyalists,#3B82F6
5157135.91701250,40,1,35.74,233.8,6,14,5,0.357,1,mobile,Organic Search,2,2.1782,-1.2498,2.1782,-1.2498,-0.2702,Loyal Champions (VIPs),#10B981
6057000.86022392,7,2,0.0,263.8,7,23,3,0.13,0,mobile,Organic Search,0,1.2483,-0.4317,1.2483,-0.4317,0.7737,Cart Abandoners / Window Shoppers,#F59E0B
1698549.85879177,38,3,53.81,690.5,22,12,3,0.25,1,desktop,Organic Search,2,1.8164,1.976,1.8164,1.976,-0.8563,Loyal Champions (VIPs),#10B981
9320075.22346978,27,1,35.79,120.1,5,14,3,0.214,1,desktop,Paid Search,2,1.9204,-2.0185,1.9204,-2.0185,-0.8799,Loyal Champions (VIPs),#10B981
9049765.60009040,15,4,44.4,594.9,20,19,5,0.263,1,desktop,Direct,2,2.7732,2.0452,2.7732,2.0452,-0.5129,Loyal Champions (VIPs),#10B981
1493105.75353726,13,1,0.0,390.3,9,11,3,0.273,0,mobile,Organic Search,0,0.8325,-0.3856,0.8325,-0.3856,1.0759,Cart Abandoners / Window Shoppers,#F59E0B
4163419.31425950,40,1,56.03,212.7,8,14,2,0.143,1,mobile,Referral,2,1.4942,-1.057,1.4942,-1.057,-1.3246,Loyal Champions (VIPs),#10B981
9036130.35863736,35,1,49.64,275.6,7,7,4,0.571,1,desktop,Organic Search,2,2.2126,-0.9478,2.2126,-0.9478,-0.0473,Loyal Champions (VIPs),#10B981
6279757.37522968,22,3,0.0,553.9,23,24,2,0.083,0,desktop,Direct,3,0.394,1.8096,0.394,1.8096,0.545,Potential Loyalists,#3B82F6
3876799.60216606,25,1,0.0,219.7,8,10,4,0.4,0,mobile,Referral,0,0.7638,-1.0426,0.7638,-1.0426,1.5084,Cart Abandoners / Window Shoppers,#F59E0B
4178796.56307145,23,3,0.0,970.8,23,8,5,0.625,0,desktop,Organic Search,3,1.1427,2.3236,1.1427,2.3236,2.1202,Potential Loyalists,#3B82F6
6982359.57027416,19,2,21.06,204.1,11,17,5,0.294,1,desktop,Organic Search,2,2.4782,-0.2433,2.4782,-0.2433,-0.278,Loyal Champions (VIPs),#10B981
7203396.83637449,31,2,0.0,388.4,11,15,2,0.133,0,desktop,Direct,0,0.0763,0.3502,0.0763,0.3502,0.6081,Cart Abandoners / Window Shoppers,#F59E0B
2331384.20389507,17,1,58.42,242.4,7,15,2,0.133,1,mobile,Direct,2,1.9948,-1.0517,1.9948,-1.0517,-1.3732,Loyal Champions (VIPs),#10B981
5023015.74039095,41,1,0.0,127.1,3,18,4,0.222,0,mobile,Organic Search,0,0.4649,-2.4197,0.4649,-2.4197,1.13,Cart Abandoners / Window Shoppers,#F59E0B
8512835.50640566,29,3,47.62,573.7,14,19,3,0.158,1,desktop,Referral,2,1.9909,1.3494,1.9909,1.3494,-1.0235,Loyal Champions (VIPs),#10B981
8502879.26975916,5,3,64.24,494.7,18,24,4,0.167,1,desktop,Organic Search,2,3.2529,1.477,3.2529,1.477,-0.9606,Loyal Champions (VIPs),#10B981
7289806.71365262,42,1,34.51,356.3,8,6,5,0.833,1,mobile,Organic Search,2,2.3981,-0.5912,2.3981,-0.5912,0.6636,Loyal Champions (VIPs),#10B981
8275690.10736045,28,6,0.0,725.5,38,22,5,0.227,0,mobile,Organic Search,3,0.9097,3.3263,0.9097,3.3263,1.3216,Potential Loyalists,#3B82F6
7180051.57620461,20,3,0.0,331.3,12,22,5,0.227,0,mobile,Referral,0,1.0898,0.6704,1.0898,0.6704,1.2856,Cart Abandoners / Window Shoppers,#F59E0B
8527157.85193632,37,1,33.58,269.8,6,16,2,0.125,1,mobile,Organic Search,2,1.4555,-1.1043,1.4555,-1.1043,-1.2255,Loyal Champions (VIPs),#10B981
4200290.60775561,17,5,0.0,1635.0,36,19,4,0.211,0,mobile,Organic Search,3,0.9793,3.5775,0.9793,3.5775,1.1541,Potential Loyalists,#3B82F6
1639494.19377980,42,2,22.64,293.2,11,12,4,0.333,1,desktop,Direct,2,1.8408,0.089,1.8408,0.089,-0.3195,Loyal Champions (VIPs),#10B981
1855801.67409616,28,3,22.03,534.5,24,21,5,0.238,1,desktop,Organic Search,2,2.281,1.8182,2.281,1.8182,-0.3728,Loyal Champions (VIPs),#10B981
6342230.92671350,33,1,49.21,250.4,7,6,4,0.667,1,desktop,Direct,2,2.3022,-1.0362,2.3022,-1.0362,0.1361,Loyal Champions (VIPs),#10B981
1112830.85671205,30,1,20.81,126.0,4,10,3,0.3,1,mobile,Organic Search,2,1.7382,-2.1685,1.7382,-2.1685,-0.5605,Loyal Champions (VIPs),#10B981
8569234.23892478,9,1,45.29,259.5,6,20,4,0.2,1,desktop,Referral,2,2.8454,-1.1344,2.8454,-1.1344,-0.8199,Loyal Champions (VIPs),#10B981
2708236.83933055,15,1,53.32,88.8,4,20,5,0.25,1,mobile,Referral,2,2.8026,-2.493,2.8026,-2.493,-0.6375,Loyal Champions (VIPs),#10B981
8351662.83813320,27,6,49.37,589.4,29,14,4,0.286,1,desktop,Paid Search,3,2.261,2.8729,2.261,2.8729,-0.6008,Potential Loyalists,#3B82F6
4201703.82706077,42,3,62.83,578.2,14,6,4,0.667,1,desktop,Direct,2,2.2262,1.3524,2.2262,1.3524,0.103,Loyal Champions (VIPs),#10B981
1959393.99946189,15,2,0.0,298.6,10,15,4,0.267,0,desktop,Organic Search,0,1.0245,0.0125,1.0245,0.0125,1.2272,Cart Abandoners / Window Shoppers,#F59E0B
4328142.25519451,44,2,51.95,284.2,8,19,5,0.263,1,desktop,Organic Search,2,2.1986,-0.2504,2.1986,-0.2504,-0.5525,Loyal Champions (VIPs),#10B981
1081836.77391586,44,1,0.0,134.9,5,15,2,0.133,0,tablet,Display,0,-0.1275,-1.9244,-0.1275,-1.9244,0.5904,Cart Abandoners / Window Shoppers,#F59E0B
2807741.10652526,31,1,48.23,170.5,5,10,4,0.4,1,desktop,Direct,2,2.1893,-1.6983,2.1893,-1.6983,-0.3981,Loyal Champions (VIPs),#10B981
2316731.49438123,5,3,25.11,382.6,13,9,2,0.222,1,mobile,Referral,2,2.3913,0.9266,2.3913,0.9266,-0.9912,Loyal Champions (VIPs),#10B981
9780940.62948225,13,1,49.33,239.7,6,10,3,0.3,1,mobile,Direct,2,2.3851,-1.2043,2.3851,-1.2043,-0.7872,Loyal Champions (VIPs),#10B981
4898520.58836633,23,3,50.11,836.6,20,21,4,0.19,1,mobile,Direct,2,2.372,2.0564,2.372,2.0564,-0.8105,Loyal Champions (VIPs),#10B981
5939582.24819212,34,2,28.04,570.7,16,10,5,0.5,1,desktop,Direct,2,2.2823,1.0778,2.2823,1.0778,0.1073,Loyal Champions (VIPs),#10B981
1504244.24106270,21,2,0.0,212.2,9,11,3,0.273,0,mobile,Organic Search,0,0.5731,-0.404,0.5731,-0.404,1.0815,Cart Abandoners / Window Shoppers,#F59E0B
1531962.75809147,25,2,62.28,384.4,8,7,3,0.429,1,mobile,Organic Search,2,2.1219,0.0484,2.1219,0.0484,-0.5477,Loyal Champions (VIPs),#10B981
6413043.76436469,36,3,54.85,836.0,19,21,2,0.095,1,desktop,Referral,2,1.6533,2.0073,1.6533,2.0073,-1.3629,Loyal Champions (VIPs),#10B981
4040674.55776290,33,2,63.0,671.0,15,21,3,0.143,1,desktop,Organic Search,2,1.9949,1.1699,1.9949,1.1699,-1.1193,Loyal Champions (VIPs),#10B981
3671005.66202709,6,2,31.95,377.6,12,22,3,0.136,1,mobile,Paid Search,2,2.7767,0.4316,2.7767,0.4316,-1.0062,Loyal Champions (VIPs),#10B981
2469331.16163463,39,3,0.0,289.2,9,14,2,0.143,0,mobile,Organic Search,0,-0.0642,0.2724,-0.0642,0.2724,0.6278,Cart Abandoners / Window Shoppers,#F59E0B
7824163.28893869,13,2,0.0,191.1,8,18,2,0.111,0,desktop,Direct,0,0.5985,-0.6057,0.5985,-0.6057,0.5397,Cart Abandoners / Window Shoppers,#F59E0B
9478761.35597305,7,1,29.82,208.1,5,13,3,0.231,1,mobile,Direct,2,2.606,-1.4948,2.606,-1.4948,-0.8206,Loyal Champions (VIPs),#10B981
4319806.79052089,16,1,50.51,163.0,4,7,2,0.286,1,desktop,Organic Search,2,1.924,-1.9147,1.924,-1.9147,-1.0376,Loyal Champions (VIPs),#10B981
4386009.28490216,25,1,0.0,227.8,10,16,2,0.125,0,desktop,Organic Search,0,0.2076,-0.7886,0.2076,-0.7886,0.5785,Cart Abandoners / Window Shoppers,#F59E0B
3629890.79892004,23,3,20.02,564.2,18,13,5,0.385,1,mobile,Direct,2,2.3849,1.5808,2.3849,1.5808,-0.0482,Loyal Champions (VIPs),#10B981
2574695.51351263,28,3,40.5,486.6,16,23,4,0.174,1,desktop,Organic Search,2,2.2294,1.3245,2.2294,1.3245,-0.7916,Loyal Champions (VIPs),#10B981
3830371.45925816,34,1,0.0,263.8,7,23,3,0.13,0,desktop,Direct,0,0.386,-1.0017,0.386,-1.0017,0.8065,Cart Abandoners / Window Shoppers,#F59E0B
8395046.67204655,43,1,57.35,326.7,7,23,5,0.217,1,mobile,Organic Search,2,2.2401,-0.7996,2.2401,-0.7996,-0.6763,Loyal Champions (VIPs),#10B981
1750353.72632627,22,3,34.78,655.5,17,6,2,0.333,1,desktop,Organic Search,2,1.6875,1.6809,1.6875,1.6809,-0.7939,Loyal Champions (VIPs),#10B981
8377279.68512197,21,3,60.86,380.8,16,10,2,0.2,1,mobile,Organic Search,2,1.8335,1.1143,1.8335,1.1143,-1.2298,Loyal Champions (VIPs),#10B981
1495378.55973950,23,3,0.0,382.1,15,10,5,0.5,0,mobile,Display,0,1.0728,1.025,1.0728,1.025,1.8584,Cart Abandoners / Window Shoppers,#F59E0B
5839569.12706501,20,3,33.97,1072.2,23,19,3,0.158,1,desktop,Organic Search,2,2.1273,2.4347,2.1273,2.4347,-0.9312,Loyal Champions (VIPs),#10B981
7898680.23221030,33,2,38.1,202.3,6,18,5,0.278,1,desktop,Organic Search,2,2.2942,-0.83,2.2942,-0.83,-0.4555,Loyal Champions (VIPs),#10B981
4053841.38731970,19,5,41.6,850.9,35,17,2,0.118,1,mobile,Organic Search,3,1.9032,3.2097,1.9032,3.2097,-1.263,Potential Loyalists,#3B82F6
8886321.94936228,20,2,0.0,235.5,10,8,3,0.375,0,desktop,Organic Search,0,0.6213,-0.2043,0.6213,-0.2043,1.2989,Cart Abandoners / Window Shoppers,#F59E0B
7861488.41956797,37,2,57.99,276.6,11,5,5,1.0,1,desktop,Display,2,2.6916,0.0341,2.6916,0.0341,0.8087,Loyal Champions (VIPs),#10B981
6769885.68514543,35,1,53.88,150.9,7,7,3,0.429,1,tablet,Referral,2,1.8971,-1.5012,1.8971,-1.5012,-0.5199,Loyal Champions (VIPs),#10B981
4236667.33066545,34,2,58.73,357.2,10,13,5,0.385,1,desktop,Organic Search,2,2.3907,0.1799,2.3907,0.1799,-0.329,Loyal Champions (VIPs),#10B981
2226132.51058054,15,2,38.75,390.2,13,10,2,0.2,1,desktop,Organic Search,2,1.9187,0.5414,1.9187,0.5414,-1.1253,Loyal Champions (VIPs),#10B981
6356761.74962807,44,2,0.0,332.8,10,8,4,0.5,0,desktop,Organic Search,0,0.495,0.1031,0.495,0.1031,1.7378,Cart Abandoners / Window Shoppers,#F59E0B
2837253.67682992,16,1,60.92,278.8,9,11,4,0.364,1,desktop,Organic Search,2,2.5969,-0.6916,2.5969,-0.6916,-0.5361,Loyal Champions (VIPs),#10B981
8913079.79341288,30,1,59.05,202.4,8,7,2,0.286,1,desktop,Display,2,1.6095,-1.096,1.6095,-1.096,-1.0535,Loyal Champions (VIPs),#10B981
8912639.81696699,13,3,25.06,429.9,13,13,5,0.385,1,desktop,Organic Search,2,2.7449,1.01,2.7449,1.01,-0.1253,Loyal Champions (VIPs),#10B981
5455094.99405527,7,1,21.52,133.4,4,22,5,0.227,1,desktop,Organic Search,2,3.0181,-2.1111,3.0181,-2.1111,-0.4645,Loyal Champions (VIPs),#10B981
7209176.51451220,14,1,0.0,207.5,9,22,5,0.227,0,tablet,Organic Search,0,1.2785,-0.9839,1.2785,-0.9839,1.2624,Cart Abandoners / Window Shoppers,#F59E0B
7542792.94673604,12,1,42.72,190.1,7,6,5,0.833,1,mobile,Organic Search,2,3.1393,-1.2852,3.1393,-1.2852,0.5695,Loyal Champions (VIPs),#10B981
4088126.11134279,27,2,0.0,343.0,10,20,5,0.25,0,desktop,Referral,0,0.914,0.1299,0.914,0.1299,1.3365,Cart Abandoners / Window Shoppers,#F59E0B
2382084.75702088,18,1,0.0,152.3,3,19,2,0.105,0,desktop,Organic Search,0,0.4288,-2.2348,0.4288,-2.2348,0.5225,Cart Abandoners / Window Shoppers,#F59E0B
4858714.12888207,43,1,32.41,197.3,9,21,4,0.19,1,desktop,Organic Search,2,1.9177,-1.0276,1.9177,-1.0276,-0.718,Loyal Champions (VIPs),#10B981
5530549.91416771,25,1,52.76,256.1,6,18,2,0.111,1,desktop,Direct,2,1.8008,-1.1484,1.8008,-1.1484,-1.3737,Loyal Champions (VIPs),#10B981
7238951.94430760,17,1,0.0,125.9,6,15,4,0.267,0,desktop,Direct,0,0.9511,-1.8226,0.9511,-1.8226,1.2096,Cart Abandoners / Window Shoppers,#F59E0B
7157938.15806978,37,1,0.0,380.1,9,17,4,0.235,0,desktop,Organic Search,0,0.5212,-0.4282,0.5212,-0.4282,1.1802,Cart Abandoners / Window Shoppers,#F59E0B
1498877.81388521,32,1,0.0,110.2,3,20,4,0.2,0,desktop,Organic Search,0,0.6157,-2.5493,0.6157,-2.5493,1.0778,Cart Abandoners / Window Shoppers,#F59E0B
9297887.58258697,33,1,0.0,244.0,6,5,4,0.8,0,mobile,Direct,0,0.8348,-1.2152,0.8348,-1.2152,2.2844,Cart Abandoners / Window Shoppers,#F59E0B
2846093.86176052,31,2,0.0,182.3,9,16,3,0.188,0,desktop,Direct,0,0.3798,-0.5511,0.3798,-0.5511,0.9132,Cart Abandoners / Window Shoppers,#F59E0B
3103052.80523827,6,2,0.0,489.9,11,8,3,0.375,0,desktop,Organic Search,0,1.2608,0.5816,1.2608,0.5816,1.2834,Cart Abandoners / Window Shoppers,#F59E0B
1801895.49852568,29,1,0.0,236.6,6,23,2,0.087,0,desktop,Direct,0,0.2181,-1.2384,0.2181,-1.2384,0.5247,Cart Abandoners / Window Shoppers,#F59E0B
5464592.61055202,6,3,52.25,338.7,12,9,4,0.444,1,mobile,Organic Search,2,3.117,0.7237,3.117,0.7237,-0.341,Loyal Champions (VIPs),#10B981
9319255.66586672,16,1,0.0,262.4,7,21,3,0.143,0,desktop,Organic Search,0,0.7879,-0.9976,0.7879,-0.9976,0.8119,Cart Abandoners / Window Shoppers,#F59E0B
6963883.84246738,17,2,0.0,258.9,7,19,4,0.211,0,desktop,Referral,0,0.9692,-0.4611,0.9692,-0.4611,1.1088,Cart Abandoners / Window Shoppers,#F59E0B
5422146.74798854,5,3,28.42,530.0,21,6,2,0.333,1,mobile,Direct,2,2.4267,1.712,2.4267,1.712,-0.7757,Loyal Champions (VIPs),#10B981
8733530.12209557,18,1,55.19,175.1,7,17,2,0.118,1,desktop,Organic Search,2,1.9801,-1.3549,1.9801,-1.3549,-1.3853,Loyal Champions (VIPs),#10B981
9546077.87858539,5,2,41.45,127.6,5,16,5,0.312,1,mobile,Organic Search,2,3.3217,-1.3996,3.3217,-1.3996,-0.4567,Loyal Champions (VIPs),#10B981
6050048.67862766,27,2,27.08,243.5,9,12,3,0.25,1,tablet,Organic Search,2,1.8576,-0.2677,1.8576,-0.2677,-0.7148,Loyal Champions (VIPs),#10B981
8136940.65679639,23,4,0.0,842.6,24,5,5,1.0,0,desktop,Direct,3,1.3786,2.5388,1.3786,2.5388,2.7765,Potential Loyalists,#3B82F6
9845055.68517969,44,1,0.0,107.5,2,23,5,0.217,0,desktop,Organic Search,0,0.6401,-2.8856,0.6401,-2.8856,1.2454,Cart Abandoners / Window Shoppers,#F59E0B
1264701.35800172,42,1,0.0,167.5,5,6,3,0.5,0,mobile,Display,0,0.2581,-1.7252,0.2581,-1.7252,1.5599,Cart Abandoners / Window Shoppers,#F59E0B
6265767.67232537,6,2,0.0,231.4,8,14,2,0.143,0,mobile,Direct,0,0.9468,-0.4184,0.9468,-0.4184,0.5788,Cart Abandoners / Window Shoppers,#F59E0B
7196291.76269972,44,1,57.82,166.7,6,14,3,0.214,1,desktop,Referral,2,1.7478,-1.5561,1.7478,-1.5561,-0.9855,Loyal Champions (VIPs),#10B981
5900156.19130311,10,1,0.0,130.0,3,18,5,0.278,0,desktop,Organic Search,0,1.4491,-2.3864,1.4491,-2.3864,1.3438,Cart Abandoners / Window Shoppers,#F59E0B
3732552.59167667,24,2,31.57,201.8,8,24,2,0.083,1,tablet,Organic Search,2,1.797,-0.5521,1.797,-0.5521,-1.2753,Loyal Champions (VIPs),#10B981
3404661.53134095,20,1,26.74,170.7,5,10,3,0.3,1,tablet,Organic Search,2,2.0181,-1.6887,2.0181,-1.6887,-0.627,Loyal Champions (VIPs),#10B981
8966138.33779196,6,1,0.0,101.4,4,17,5,0.294,0,mobile,Direct,0,1.7121,-2.3732,1.7121,-2.3732,1.3653,Cart Abandoners / Window Shoppers,#F59E0B
8926649.97848654,20,3,41.81,207.2,12,6,5,0.833,1,desktop,Email,2,2.8631,0.2501,2.8631,0.2501,0.599,Loyal Champions (VIPs),#10B981
2238777.91675298,35,3,53.41,572.0,15,9,5,0.556,1,desktop,Organic Search,2,2.4361,1.4085,2.4361,1.4085,0.0553,Loyal Champions (VIPs),#10B981
7698838.45165052,20,1,0.0,124.8,6,6,4,0.667,0,mobile,Organic Search,0,1.0305,-1.8305,1.0305,-1.8305,2.0216,Cart Abandoners / Window Shoppers,#F59E0B
7291869.20767930,11,2,40.45,180.0,7,24,2,0.083,1,desktop,Organic Search,2,2.2766,-0.7743,2.2766,-0.7743,-1.3596,Loyal Champions (VIPs),#10B981
5157293.43484682,31,1,0.0,412.9,10,8,4,0.5,0,mobile,Direct,0,0.6896,-0.2453,0.6896,-0.2453,1.7294,Cart Abandoners / Window Shoppers,#F59E0B
4577578.83674027,22,1,47.75,269.3,9,13,2,0.154,1,mobile,Organic Search,2,1.783,-0.719,1.783,-0.719,-1.2727,Loyal Champions (VIPs),#10B981
3916595.62044195,24,2,0.0,229.4,8,13,4,0.308,0,desktop,Organic Search,0,0.766,-0.4502,0.766,-0.4502,1.3183,Cart Abandoners / Window Shoppers,#F59E0B
7456474.81077950,9,1,60.14,261.5,9,14,2,0.143,1,desktop,Organic Search,2,2.3307,-0.7367,2.3307,-0.7367,-1.3732,Loyal Champions (VIPs),#10B981
5072259.80366765,19,8,61.04,713.0,44,9,5,0.556,1,desktop,Organic Search,3,2.8165,3.7771,2.8165,3.7771,0.0274,Potential Loyalists,#3B82F6
7099771.25812273,5,1,0.0,121.2,6,19,2,0.105,0,mobile,Organic Search,0,1.1006,-1.8376,1.1006,-1.8376,0.4978,Cart Abandoners / Window Shoppers,#F59E0B
7290523.42556148,23,2,53.41,392.6,9,21,5,0.238,1,tablet,Organic Search,2,2.5752,0.1687,2.5752,0.1687,-0.621,Loyal Champions (VIPs),#10B981
9830757.82549615,12,3,34.31,772.6,18,22,5,0.227,1,desktop,Direct,2,2.8441,1.8791,2.8441,1.8791,-0.5256,Loyal Champions (VIPs),#10B981
7151873.72610373,10,1,30.93,305.2,8,17,3,0.176,1,mobile,Paid Search,2,2.4559,-0.7135,2.4559,-0.7135,-0.9238,Loyal Champions (VIPs),#10B981
1709889.83744295,44,2,0.0,383.4,12,20,4,0.2,0,desktop,Referral,0,0.4419,0.4087,0.4419,0.4087,1.1196,Cart Abandoners / Window Shoppers,#F59E0B
2995042.77908135,12,1,22.48,232.2,9,22,3,0.136,1,mobile,Direct,2,2.3377,-0.8595,2.3377,-0.8595,-0.915,Loyal Champions (VIPs),#10B981
6298443.98727325,33,1,0.0,259.1,8,22,2,0.091,0,desktop,Organic Search,0,0.133,-0.888,0.133,-0.888,0.5364,Cart Abandoners / Window Shoppers,#F59E0B
1223960.69374571,13,1,25.27,84.4,4,14,2,0.143,1,desktop,Referral,2,1.9477,-2.5252,1.9477,-2.5252,-1.1663,Loyal Champions (VIPs),#10B981
5081333.60848418,24,2,0.0,697.1,16,16,2,0.125,0,mobile,Direct,3,0.2353,1.2668,0.2353,1.2668,0.6014,Potential Loyalists,#3B82F6
3754373.71271420,24,5,27.78,535.8,23,9,4,0.444,1,mobile,Organic Search,2,2.2465,2.3387,2.2465,2.3387,-0.1313,Loyal Champions (VIPs),#10B981
2610421.22774038,14,2,0.0,556.2,14,14,3,0.214,0,desktop,Referral,0,0.8063,0.9256,0.8063,0.9256,0.9668,Cart Abandoners / Window Shoppers,#F59E0B
1410531.18480808,31,1,52.58,158.9,6,14,5,0.357,1,desktop,Direct,2,2.4051,-1.6043,2.4051,-1.6043,-0.381,Loyal Champions (VIPs),#10B981
1151282.41248038,29,1,0.0,347.0,7,19,2,0.105,0,desktop,Direct,0,0.1648,-0.7394,0.1648,-0.7394,0.5532,Cart Abandoners / Window Shoppers,#F59E0B
2529050.71323571,39,2,0.0,302.2,10,16,5,0.312,0,mobile,Organic Search,0,0.7049,0.0092,0.7049,0.0092,1.4728,Cart Abandoners / Window Shoppers,#F59E0B
9446022.98500389,13,1,0.0,443.1,9,11,5,0.455,0,desktop,Organic Search,0,1.358,-0.2758,1.358,-0.2758,1.7458,Cart Abandoners / Window Shoppers,#F59E0B
3946323.89434968,41,1,0.0,155.0,9,13,3,0.231,0,desktop,Paid Search,0,0.1979,-1.2562,0.1979,-1.2562,1.0016,Cart Abandoners / Window Shoppers,#F59E0B
9436228.63213188,22,1,0.0,170.9,5,11,2,0.182,0,desktop,Organic Search,0,0.2121,-1.6956,0.2121,-1.6956,0.6698,Cart Abandoners / Window Shoppers,#F59E0B
1883826.15260538,17,3,0.0,309.0,10,16,5,0.312,0,desktop,Organic Search,0,1.1721,0.4314,1.1721,0.4314,1.456,Cart Abandoners / Window Shoppers,#F59E0B
6436139.64976711,25,2,30.92,360.1,12,23,2,0.087,1,desktop,Direct,2,1.7587,0.3763,1.7587,0.3763,-1.2518,Loyal Champions (VIPs),#10B981
5760923.62560351,11,1,55.06,127.7,4,6,3,0.5,1,mobile,Referral,2,2.5758,-2.1421,2.5758,-2.1421,-0.4146,Loyal Champions (VIPs),#10B981
6713088.42967886,22,1,56.14,103.3,5,5,4,0.8,1,desktop,Organic Search,2,2.6415,-2.1572,2.6415,-2.1572,0.3186,Loyal Champions (VIPs),#10B981
8627325.75408550,15,5,0.0,1147.3,30,15,2,0.133,0,desktop,Organic Search,3,0.4882,3.3199,0.4882,3.3199,0.6229,Potential Loyalists,#3B82F6
4509007.75176362,30,2,64.63,544.4,16,12,4,0.333,1,desktop,Paid Search,2,2.2562,1.04,2.2562,1.04,-0.5836,Loyal Champions (VIPs),#10B981
6987953.36610379,14,3,36.01,806.3,19,16,2,0.125,1,mobile,Direct,2,2.0201,1.9855,2.0201,1.9855,-1.233,Loyal Champions (VIPs),#10B981
2901731.36520887,7,1,55.41,338.7,7,20,4,0.2,1,mobile,Organic Search,2,3.019,-0.7422,3.019,-0.7422,-0.8721,Loyal Champions (VIPs),#10B981
8072068.23781536,39,1,47.36,166.9,6,7,3,0.429,1,desktop,Organic Search,2,1.8078,-1.5513,1.8078,-1.5513,-0.4842,Loyal Champions (VIPs),#10B981
5810154.96338600,24,1,42.01,166.7,7,24,5,0.208,1,mobile,Direct,2,2.5062,-1.4179,2.5062,-1.4179,-0.6372,Loyal Champions (VIPs),#10B981
1723372.59259775,25,1,0.0,208.1,5,21,2,0.095,0,desktop,Organic Search,0,0.2743,-1.5189,0.2743,-1.5189,0.5261,Cart Abandoners / Window Shoppers,#F59E0B
3636898.85147256,16,1,0.0,172.9,7,9,5,0.556,0,desktop,Organic Search,0,1.2952,-1.3887,1.2952,-1.3887,1.9365,Cart Abandoners / Window Shoppers,#F59E0B
2213392.63780495,34,3,0.0,544.4,14,5,5,1.0,0,desktop,Organic Search,0,1.1559,1.2806,1.1559,1.2806,2.7719,Cart Abandoners / Window Shoppers,#F59E0B
7706837.21713303,44,1,39.01,233.4,6,9,2,0.222,1,mobile,Organic Search,2,1.3049,-1.2371,1.3049,-1.2371,-1.0749,Loyal Champions (VIPs),#10B981
4634267.22959812,22,1,22.07,131.1,5,9,2,0.222,1,desktop,Organic Search,2,1.574,-1.9284,1.574,-1.9284,-0.9561,Loyal Champions (VIPs),#10B981
5710139.10219411,10,2,0.0,420.4,9,14,3,0.214,0,mobile,Organic Search,0,0.9858,0.2379,0.9858,0.2379,0.9506,Cart Abandoners / Window Shoppers,#F59E0B
6485410.36824214,29,18,42.61,3736.2,113,21,2,0.095,1,mobile,Direct,3,1.7312,4.448,1.7312,4.448,-1.2812,Potential Loyalists,#3B82F6
4355028.81010572,26,1,39.42,140.9,3,15,4,0.267,1,desktop,Organic Search,2,2.2179,-2.3058,2.2179,-2.3058,-0.6369,Loyal Champions (VIPs),#10B981
9873620.54027445,5,5,0.0,818.8,24,5,5,1.0,0,mobile,Organic Search,3,2.1868,2.7769,2.1868,2.7769,2.7438,Potential Loyalists,#3B82F6
7776747.44967374,32,2,56.41,566.7,12,19,3,0.158,1,mobile,Organic Search,2,1.969,0.7928,1.969,0.7928,-1.069,Loyal Champions (VIPs),#10B981
6836472.45161306,33,2,22.66,164.1,9,12,4,0.333,1,desktop,Referral,2,1.977,-0.6404,1.977,-0.6404,-0.3357,Loyal Champions (VIPs),#10B981
2368432.88072892,24,1,56.34,351.3,7,13,3,0.231,1,mobile,Organic Search,2,2.0802,-0.7152,2.0802,-0.7152,-0.9457,Loyal Champions (VIPs),#10B981
4338885.42259403,9,1,22.51,177.3,6,23,2,0.087,1,desktop,Referral,2,2.2422,-1.4815,2.2422,-1.4815,-1.2148,Loyal Champions (VIPs),#10B981
4412394.82875291,30,4,31.99,873.1,24,18,4,0.222,1,desktop,Organic Search,3,2.1138,2.5829,2.1138,2.5829,-0.6199,Potential Loyalists,#3B82F6
7333683.25797623,22,3,57.72,280.2,14,18,2,0.111,1,desktop,Direct,2,1.8995,0.6919,1.8995,0.6919,-1.3844,Loyal Champions (VIPs),#10B981
1732330.65925850,36,1,49.83,287.1,9,13,2,0.154,1,desktop,Direct,2,1.5156,-0.6651,1.5156,-0.6651,-1.2713,Loyal Champions (VIPs),#10B981
2259642.24561175,38,1,58.54,338.3,7,21,3,0.143,1,desktop,Organic Search,2,1.8938,-0.7583,1.8938,-0.7583,-1.1177,Loyal Champions (VIPs),#10B981
8147015.75321770,43,1,31.02,217.0,4,9,2,0.222,1,mobile,Direct,2,1.2683,-1.6625,1.2683,-1.6625,-1.0217,Loyal Champions (VIPs),#10B981
4441234.75599426,38,2,26.32,532.6,14,9,2,0.222,1,desktop,Direct,2,1.3099,0.8935,1.3099,0.8935,-0.9543,Loyal Champions (VIPs),#10B981
3694704.52013091,16,1,60.9,162.3,4,7,4,0.571,1,desktop,Referral,2,2.692,-1.9294,2.692,-1.9294,-0.1313,Loyal Champions (VIPs),#10B981
1945455.83916162,13,5,60.86,547.1,32,10,4,0.4,1,mobile,Direct,2,2.7344,2.7045,2.7344,2.7045,-0.4336,Loyal Champions (VIPs),#10B981
1761427.94712138,31,3,0.0,249.0,12,12,3,0.25,0,mobile,Direct,0,0.3592,0.4107,0.3592,0.4107,1.0495,Cart Abandoners / Window Shoppers,#F59E0B
4770767.36756231,35,1,0.0,188.3,7,12,3,0.25,0,mobile,Display,0,0.2832,-1.3109,0.2832,-1.3109,1.0374,Cart Abandoners / Window Shoppers,#F59E0B
5139772.66212168,24,1,0.0,170.0,5,5,4,0.8,0,desktop,Paid Search,0,1.0132,-1.7105,1.0132,-1.7105,2.2701,Cart Abandoners / Window Shoppers,#F59E0B
9729204.95617748,19,4,43.78,802.1,19,22,2,0.091,1,desktop,Display,2,1.9785,2.2795,1.9785,2.2795,-1.3226,Loyal Champions (VIPs),#10B981
6979774.97874852,42,18,0.0,1748.4,58,13,5,0.385,0,mobile,Direct,3,0.6956,4.4217,0.6956,4.4217,1.673,Potential Loyalists,#3B82F6
2998366.11812024,27,4,49.98,1234.1,31,15,5,0.333,1,mobile,Referral,3,2.4783,3.1668,2.4783,3.1668,-0.368,Potential Loyalists,#3B82F6
7149251.11151088,26,1,0.0,171.0,6,17,3,0.176,0,desktop,Direct,0,0.4807,-1.5407,0.4807,-1.5407,0.8763,Cart Abandoners / Window Shoppers,#F59E0B
8968074.77239761,14,2,0.0,703.3,15,10,4,0.4,0,mobile,Organic Search,0,1.0891,1.2096,1.0891,1.2096,1.5212,Cart Abandoners / Window Shoppers,#F59E0B
3814314.84124655,8,1,25.66,188.6,9,24,3,0.125,1,desktop,Organic Search,2,2.5995,-1.0484,2.5995,-1.0484,-0.978,Loyal Champions (VIPs),#10B981
7115041.83828766,20,1,44.64,161.7,3,9,5,0.556,1,desktop,Direct,2,2.7014,-2.1774,2.7014,-2.1774,0.0492,Loyal Champions (VIPs),#10B981
9598350.56850628,40,2,20.06,225.8,11,18,3,0.167,1,tablet,Organic Search,2,1.6135,-0.1511,1.6135,-0.1511,-0.7963,Loyal Champions (VIPs),#10B981
9901769.40075502,36,1,39.58,226.5,7,23,5,0.217,1,mobile,Organic Search,2,2.2611,-1.1382,2.2611,-1.1382,-0.59,Loyal Champions (VIPs),#10B981
5995224.92620354,32,1,59.29,298.4,7,8,2,0.25,1,desktop,Organic Search,2,1.5718,-0.8622,1.5718,-0.8622,-1.1262,Loyal Champions (VIPs),#10B981
1628395.33275759,14,1,35.11,124.2,4,23,2,0.087,1,desktop,Organic Search,2,2.0997,-2.1727,2.0997,-2.1727,-1.3268,Loyal Champions (VIPs),#10B981
1555931.73513231,14,1,0.0,452.5,9,11,5,0.455,0,mobile,Referral,0,1.3179,-0.2571,1.3179,-0.2571,1.7477,Cart Abandoners / Window Shoppers,#F59E0B
3441299.24498214,30,2,20.81,383.6,10,13,4,0.308,1,mobile,Direct,2,2.0099,0.2495,2.0099,0.2495,-0.3559,Loyal Champions (VIPs),#10B981
1848205.76481340,26,2,34.19,576.8,14,18,5,0.278,1,desktop,Organic Search,2,2.4071,0.9561,2.4071,0.9561,-0.4099,Loyal Champions (VIPs),#10B981
3590745.94602437,6,4,48.18,987.3,29,23,4,0.174,1,desktop,Organic Search,2,3.0971,2.9078,3.0971,2.9078,-0.8527,Loyal Champions (VIPs),#10B981
8970409.40579754,18,12,0.0,755.1,35,12,5,0.417,0,desktop,Display,3,1.1818,3.7721,1.1818,3.7721,1.7102,Potential Loyalists,#3B82F6
3766940.89487429,15,1,48.92,148.9,7,10,4,0.4,1,mobile,Organic Search,2,2.5962,-1.5098,2.5962,-1.5098,-0.4172,Loyal Champions (VIPs),#10B981
3964527.62308105,27,1,0.0,328.1,8,20,5,0.25,0,desktop,Affiliates,0,0.9099,-0.6774,0.9099,-0.6774,1.3304,Cart Abandoners / Window Shoppers,#F59E0B
8479219.87162052,10,3,31.01,545.0,15,9,5,0.556,1,desktop,Direct,2,3.0093,1.3765,3.0093,1.3765,0.1654,Loyal Champions (VIPs),#10B981
7848444.64894314,11,4,0.0,780.4,19,11,4,0.364,0,desktop,Direct,3,1.2121,2.2423,1.2121,2.2423,1.4488,Potential Loyalists,#3B82F6
3903773.31749458,42,3,0.0,776.8,19,24,2,0.083,0,desktop,Direct,3,0.0297,1.9231,0.0297,1.9231,0.5628,Potential Loyalists,#3B82F6
5521338.99120707,28,4,36.33,412.1,13,12,3,0.25,1,desktop,Direct,2,1.9053,1.2752,1.9053,1.2752,-0.7737,Loyal Champions (VIPs),#10B981
6040989.45899538,31,2,27.77,197.3,10,5,2,0.4,1,desktop,Direct,2,1.4707,-0.3541,1.4707,-0.3541,-0.61,Loyal Champions (VIPs),#10B981
7505967.23607280,10,8,0.0,1058.3,46,8,3,0.375,0,mobile,Display,3,1.0108,4.1475,1.0108,4.1475,1.3286,Potential Loyalists,#3B82F6
2205514.43124634,18,1,20.89,129.3,4,16,2,0.125,1,desktop,Direct,2,1.7575,-2.1364,1.7575,-2.1364,-1.1361,Loyal Champions (VIPs),#10B981
7781293.86089445,16,2,22.79,513.6,13,22,3,0.136,1,desktop,Direct,2,2.1892,0.7854,2.1892,0.7854,-0.8937,Loyal Champions (VIPs),#10B981
1873700.22660797,28,1,0.0,229.8,5,13,3,0.231,0,desktop,Organic Search,0,0.4124,-1.4299,0.4124,-1.4299,0.9921,Cart Abandoners / Window Shoppers,#F59E0B
6283994.76551264,35,1,22.19,230.6,7,10,5,0.5,1,desktop,Organic Search,2,2.2109,-1.119,2.2109,-1.119,0.1426,Loyal Champions (VIPs),#10B981
9506847.47201432,23,3,0.0,375.9,11,5,3,0.6,0,desktop,Organic Search,0,0.6645,0.7137,0.6645,0.7137,1.7687,Cart Abandoners / Window Shoppers,#F59E0B
2543011.32781190,20,3,34.34,781.6,21,5,5,1.0,1,desktop,Organic Search,2,2.9284,2.0425,2.9284,2.0425,0.953,Loyal Champions (VIPs),#10B981
7971078.69146583,7,3,0.0,257.8,14,20,5,0.25,0,desktop,Referral,0,1.6461,0.6014,1.6461,0.6014,1.3079,Cart Abandoners / Window Shoppers,#F59E0B
4522519.30971068,37,2,23.63,190.2,9,18,3,0.167,1,mobile,Organic Search,2,1.6917,-0.5029,1.6917,-0.5029,-0.8439,Loyal Champions (VIPs),#10B981
6077957.56231986,10,4,25.49,284.9,16,16,3,0.188,1,tablet,Referral,2,2.4181,1.1479,2.4181,1.1479,-0.8365,Loyal Champions (VIPs),#10B981
2465395.27149771,31,1,0.0,122.1,5,9,3,0.333,0,desktop,Organic Search,0,0.3576,-2.0152,0.3576,-2.0152,1.2007,Cart Abandoners / Window Shoppers,#F59E0B
8245720.50068667,9,1,36.98,321.4,8,18,3,0.167,1,mobile,Organic Search,2,2.5596,-0.6645,2.5596,-0.6645,-0.9875,Loyal Champions (VIPs),#10B981
2210820.62734868,8,1,32.36,348.5,10,8,5,0.625,1,desktop,Organic Search,2,3.1668,-0.38,3.1668,-0.38,0.2666,Loyal Champions (VIPs),#10B981
5489792.79370967,5,3,0.0,526.6,16,5,3,0.6,0,desktop,Referral,0,1.4718,1.4137,1.4718,1.4137,1.7437,Cart Abandoners / Window Shoppers,#F59E0B
2356192.91814055,18,3,0.0,340.7,13,8,3,0.375,0,desktop,Referral,0,0.6827,0.7884,0.6827,0.7884,1.3066,Cart Abandoners / Window Shoppers,#F59E0B
8995454.23847958,34,4,40.01,408.5,24,24,5,0.208,1,desktop,Direct,2,2.3111,1.8704,2.3111,1.8704,-0.5836,Loyal Champions (VIPs),#10B981
5375131.41488742,27,2,0.0,212.8,10,21,3,0.143,0,desktop,Paid Search,0,0.5019,-0.3065,0.5019,-0.3065,0.828,Cart Abandoners / Window Shoppers,#F59E0B
9230322.90630640,29,1,0.0,403.4,10,5,3,0.6,0,desktop,Direct,0,0.5282,-0.2607,0.5282,-0.2607,1.7687,Cart Abandoners / Window Shoppers,#F59E0B
9065316.87832390,36,2,0.0,663.1,16,20,5,0.25,0,tablet,Paid Search,0,0.753,1.2024,0.753,1.2024,1.3576,Cart Abandoners / Window Shoppers,#F59E0B
5398351.11801768,17,4,47.87,407.0,15,17,2,0.118,1,mobile,Paid Search,2,1.991,1.4145,1.991,1.4145,-1.3229,Loyal Champions (VIPs),#10B981
1985717.30001634,35,1,0.0,181.1,6,17,4,0.235,0,mobile,Paid Search,0,0.5517,-1.4948,0.5517,-1.4948,1.1644,Cart Abandoners / Window Shoppers,#F59E0B
4281959.56772028,35,1,20.29,147.9,5,23,2,0.087,1,mobile,Direct,2,1.4748,-1.8284,1.4748,-1.8284,-1.1618,Loyal Champions (VIPs),#10B981
7712274.30938045,43,1,0.0,133.9,4,9,3,0.333,0,desktop,Organic Search,0,0.172,-2.1274,0.172,-2.1274,1.2077,Cart Abandoners / Window Shoppers,#F59E0B
6043740.53304616,39,2,30.77,439.2,13,11,5,0.455,1,desktop,Direct,2,2.2027,0.6262,2.2027,0.6262,-0.0097,Loyal Champions (VIPs),#10B981
2685311.32097366,15,1,26.32,141.8,4,19,2,0.105,1,desktop,Paid Search,2,1.9472,-2.0499,1.9472,-2.0499,-1.2283,Loyal Champions (VIPs),#10B981
8750401.53300152,30,1,0.0,165.5,4,5,5,1.0,0,mobile,Organic Search,0,1.2174,-1.9365,1.2174,-1.9365,2.7341,Cart Abandoners / Window Shoppers,#F59E0B
6813230.41546397,41,1,0.0,341.5,7,11,4,0.364,0,desktop,Direct,0,0.4727,-0.7642,0.4727,-0.7642,1.4499,Cart Abandoners / Window Shoppers,#F59E0B
2156243.34823877,10,1,0.0,267.1,7,15,4,0.267,0,desktop,Direct,0,1.2381,-0.978,1.2381,-0.978,1.2097,Cart Abandoners / Window Shoppers,#F59E0B
8380975.89067363,12,3,60.49,640.8,16,23,2,0.087,1,desktop,Organic Search,2,2.3092,1.5988,2.3092,1.5988,-1.4279,Loyal Champions (VIPs),#10B981
5631710.68222541,24,4,38.98,378.0,10,9,5,0.556,1,desktop,Organic Search,2,2.5817,0.9329,2.5817,0.9329,0.1191,Loyal Champions (VIPs),#10B981
4217883.90808232,31,2,0.0,517.5,15,12,5,0.417,0,mobile,Referral,0,0.8657,0.911,0.8657,0.911,1.6988,Cart Abandoners / Window Shoppers,#F59E0B
5712987.68084341,19,8,38.64,1141.7,46,22,5,0.227,1,mobile,Direct,3,2.6281,4.2116,2.6281,4.2116,-0.5243,Potential Loyalists,#3B82F6
5861942.59318647,23,2,54.39,539.1,12,7,2,0.286,1,tablet,Organic Search,2,1.7454,0.7606,1.7454,0.7606,-1.0174,Loyal Champions (VIPs),#10B981
9802492.57116087,24,2,24.82,188.5,8,18,2,0.111,1,mobile,Referral,2,1.6668,-0.6135,1.6668,-0.6135,-1.1797,Loyal Champions (VIPs),#10B981
7161208.47939741,39,3,61.37,229.9,11,21,2,0.095,1,mobile,Paid Search,2,1.6308,0.2635,1.6308,0.2635,-1.4141,Loyal Champions (VIPs),#10B981
3463007.23269293,43,2,40.02,393.4,11,21,3,0.143,1,desktop,Organic Search,2,1.7465,0.3637,1.7465,0.3637,-1.0067,Loyal Champions (VIPs),#10B981
4753427.62046361,30,3,62.98,560.0,12,17,5,0.294,1,desktop,Referral,2,2.46,1.1683,2.46,1.1683,-0.5304,Loyal Champions (VIPs),#10B981
2006960.95607541,16,3,0.0,750.9,20,6,2,0.333,0,mobile,Paid Search,3,0.3866,1.9625,0.3866,1.9625,1.0217,Potential Loyalists,#3B82F6
4194473.95238503,33,1,51.5,73.1,2,19,4,0.211,1,desktop,Organic Search,2,2.1544,-3.2205,2.1544,-3.2205,-0.8282,Loyal Champions (VIPs),#10B981
8266345.20023064,25,3,0.0,239.9,10,6,5,0.833,0,desktop,Organic Search,0,1.222,0.1934,1.222,0.1934,2.4708,Cart Abandoners / Window Shoppers,#F59E0B
4638417.22049024,40,2,55.89,419.0,10,20,4,0.2,1,desktop,Direct,2,2.0747,0.3278,2.0747,0.3278,-0.8248,Loyal Champions (VIPs),#10B981
8286563.40341545,36,2,0.0,305.1,9,8,5,0.625,0,tablet,Organic Search,0,0.8861,-0.0808,0.8861,-0.0808,2.1021,Cart Abandoners / Window Shoppers,#F59E0B
3834165.80435142,14,1,34.36,488.7,10,15,3,0.2,1,mobile,Display,2,2.2835,-0.0654,2.2835,-0.0654,-0.8862,Loyal Champions (VIPs),#10B981
6607066.11026457,34,1,60.94,314.6,6,15,4,0.267,1,desktop,Organic Search,2,2.1621,-0.9683,2.1621,-0.9683,-0.7252,Loyal Champions (VIPs),#10B981
1661709.12447472,40,3,64.74,525.9,11,24,3,0.125,1,mobile,Organic Search,2,1.9225,1.0265,1.9225,1.0265,-1.1569,Loyal Champions (VIPs),#10B981
2202483.48755024,41,1,0.0,91.8,3,22,4,0.182,0,desktop,Organic Search,0,0.4879,-2.7212,0.4879,-2.7212,1.0457,Cart Abandoners / Window Shoppers,#F59E0B
4679236.41880671,36,2,29.12,209.2,9,17,4,0.235,1,desktop,Organic Search,2,1.9797,-0.4175,1.9797,-0.4175,-0.5995,Loyal Champions (VIPs),#10B981
9250904.60752850,5,5,21.3,364.5,15,18,3,0.167,1,mobile,Display,2,2.7512,1.567,2.7512,1.567,-0.8427,Loyal Champions (VIPs),#10B981
7407894.25741109,33,2,0.0,696.7,17,10,5,0.5,0,desktop,Referral,0,0.868,1.3125,0.868,1.3125,1.8744,Cart Abandoners / Window Shoppers,#F59E0B
2983218.32639005,10,1,0.0,186.5,5,12,2,0.167,0,desktop,Referral,0,0.6534,-1.6066,0.6534,-1.6066,0.6238,Cart Abandoners / Window Shoppers,#F59E0B
3677745.75309865,12,1,0.0,186.4,6,20,3,0.15,0,desktop,Direct,0,0.9338,-1.4533,0.9338,-1.4533,0.8114,Cart Abandoners / Window Shoppers,#F59E0B
1403679.16640283,14,3,0.0,684.0,16,22,4,0.182,0,mobile,Referral,3,1.0969,1.6367,1.0969,1.6367,1.071,Potential Loyalists,#3B82F6
6772609.22253017,20,1,41.17,293.9,7,9,3,0.333,1,desktop,Direct,2,2.1167,-0.8778,2.1167,-0.8778,-0.6565,Loyal Champions (VIPs),#10B981
9525091.12460838,15,3,0.0,250.5,10,16,5,0.312,0,desktop,Direct,0,1.2405,0.2379,1.2405,0.2379,1.4502,Cart Abandoners / Window Shoppers,#F59E0B
6780307.45900697,12,1,56.24,298.6,7,6,4,0.667,1,desktop,Display,2,2.8903,-0.8612,2.8903,-0.8612,0.0806,Loyal Champions (VIPs),#10B981
7799090.91590323,28,1,54.7,187.0,7,21,2,0.095,1,tablet,Organic Search,2,1.7857,-1.3005,1.7857,-1.3005,-1.4052,Loyal Champions (VIPs),#10B981
4417932.65345443,35,3,0.0,514.0,18,5,3,0.6,0,desktop,Referral,3,0.4297,1.4884,0.4297,1.4884,1.7883,Potential Loyalists,#3B82F6
8020555.52127355,8,1,22.57,215.0,8,5,5,1.0,1,mobile,Direct,2,3.3238,-1.043,3.3238,-1.043,1.0051,Loyal Champions (VIPs),#10B981
5406967.44048462,17,1,0.0,126.0,5,15,4,0.267,0,desktop,Organic Search,0,0.9508,-1.9858,0.9508,-1.9858,1.2078,Cart Abandoners / Window Shoppers,#F59E0B
7392335.97023466,34,2,0.0,505.0,13,11,4,0.364,0,desktop,Organic Search,0,0.5838,0.7493,0.5838,0.7493,1.4606,Cart Abandoners / Window Shoppers,#F59E0B
3328113.34950925,7,1,0.0,151.8,6,21,2,0.095,0,mobile,Organic Search,0,0.9603,-1.6335,0.9603,-1.6335,0.4948,Cart Abandoners / Window Shoppers,#F59E0B
7342489.43613542,40,2,55.92,292.0,10,5,4,0.8,1,desktop,Organic Search,2,2.3097,-0.0043,2.3097,-0.0043,0.3583,Loyal Champions (VIPs),#10B981
3103550.15875335,40,2,32.29,277.4,9,14,2,0.143,1,desktop,Direct,2,1.3801,-0.1466,1.3801,-0.1466,-1.1747,Loyal Champions (VIPs),#10B981
4022142.55368792,43,3,0.0,387.4,17,10,4,0.4,0,desktop,Organic Search,0,0.4658,1.1598,0.4658,1.1598,1.5426,Cart Abandoners / Window Shoppers,#F59E0B
3560013.74324709,27,1,0.0,447.0,9,18,3,0.167,0,desktop,Organic Search,0,0.4706,-0.2703,0.4706,-0.2703,0.8784,Cart Abandoners / Window Shoppers,#F59E0B
4941307.39572443,38,1,53.44,240.5,6,5,5,1.0,1,mobile,Organic Search,2,2.654,-1.222,2.654,-1.222,0.819,Loyal Champions (VIPs),#10B981
2939211.46325768,11,8,0.0,500.6,29,16,5,0.312,0,mobile,Referral,3,1.4177,3.0567,1.4177,3.0567,1.4709,Potential Loyalists,#3B82F6
6437193.63766182,11,1,0.0,254.1,8,10,2,0.2,0,desktop,Direct,0,0.581,-0.8886,0.581,-0.8886,0.7004,Cart Abandoners / Window Shoppers,#F59E0B
6810606.44105399,42,2,60.02,246.8,13,22,3,0.136,1,mobile,Organic Search,2,1.8559,0.0952,1.8559,0.0952,-1.1294,Loyal Champions (VIPs),#10B981
3049651.99270067,35,1,0.0,214.6,4,22,5,0.227,0,desktop,Direct,0,0.7677,-1.6998,0.7677,-1.6998,1.2761,Cart Abandoners / Window Shoppers,#F59E0B
7945469.90993678,17,4,40.89,999.4,29,9,5,0.556,1,desktop,Direct,2,2.7855,2.9079,2.7855,2.9079,0.1242,Loyal Champions (VIPs),#10B981
6976939.82882234,6,1,0.0,281.5,9,22,5,0.227,0,desktop,Paid Search,0,1.7219,-0.6919,1.7219,-0.6919,1.2481,Cart Abandoners / Window Shoppers,#F59E0B
9624125.38073627,43,2,43.79,164.7,5,13,5,0.385,1,desktop,Paid Search,2,2.1929,-1.186,2.1929,-1.186,-0.2655,Loyal Champions (VIPs),#10B981
8790471.62108670,25,2,35.02,280.5,10,17,3,0.176,1,desktop,Referral,2,1.9861,-0.0357,1.9861,-0.0357,-0.9303,Loyal Champions (VIPs),#10B981
9519920.94952438,28,6,0.0,1569.6,38,23,5,0.217,0,desktop,Organic Search,3,0.9134,3.8337,0.9134,3.8337,1.3087,Potential Loyalists,#3B82F6
9297146.93135832,26,2,51.9,423.7,14,21,3,0.143,1,desktop,Referral,2,2.0869,0.6761,2.0869,0.6761,-1.0819,Loyal Champions (VIPs),#10B981
9155046.70202915,13,6,51.93,772.0,40,16,3,0.188,1,mobile,Direct,3,2.435,3.4677,2.435,3.4677,-0.9861,Potential Loyalists,#3B82F6
9853545.92461997,12,2,63.82,492.5,15,16,3,0.188,1,desktop,Paid Search,2,2.5127,0.8952,2.5127,0.8952,-1.0651,Loyal Champions (VIPs),#10B981
9598571.56454346,40,2,0.0,223.7,8,20,3,0.15,0,desktop,Referral,0,0.2699,-0.4777,0.2699,-0.4777,0.848,Cart Abandoners / Window Shoppers,#F59E0B
4208948.25320437,32,2,0.0,415.5,12,9,4,0.444,0,mobile,Referral,0,0.6479,0.4903,0.6479,0.4903,1.6213,Cart Abandoners / Window Shoppers,#F59E0B
2192276.93720391,10,1,37.55,83.6,2,13,2,0.154,1,mobile,Direct,2,2.1577,-3.0731,2.1577,-3.0731,-1.2592,Loyal Champions (VIPs),#10B981
6914204.38146508,13,1,23.24,358.0,8,18,3,0.167,1,tablet,Organic Search,2,2.2653,-0.5689,2.2653,-0.5689,-0.8596,Loyal Champions (VIPs),#10B981
2684779.87893011,33,2,24.27,416.6,17,6,5,0.833,1,mobile,Organic Search,2,2.4653,0.8459,2.4653,0.8459,0.7609,Loyal Champions (VIPs),#10B981
1370088.99600032,31,1,47.95,217.7,10,19,3,0.158,1,desktop,Display,2,1.9476,-0.8263,1.9476,-0.8263,-1.0463,Loyal Champions (VIPs),#10B981
2590952.65907478,22,2,34.91,307.6,14,16,2,0.125,1,desktop,Paid Search,2,1.7613,0.3864,1.7613,0.3864,-1.2338,Loyal Champions (VIPs),#10B981
8565374.35784196,42,1,31.11,154.0,5,21,3,0.143,1,desktop,Organic Search,2,1.7006,-1.7963,1.7006,-1.7963,-0.9671,Loyal Champions (VIPs),#10B981
1603466.69762240,36,2,43.58,406.0,13,23,2,0.087,1,desktop,Referral,2,1.6269,0.563,1.6269,0.563,-1.3286,Loyal Champions (VIPs),#10B981
9088288.86045029,33,3,56.36,216.5,11,23,5,0.217,1,desktop,Direct,2,2.3935,0.1975,2.3935,0.1975,-0.6736,Loyal Champions (VIPs),#10B981
4811588.25322775,42,3,22.43,193.6,9,9,4,0.444,1,mobile,Direct,2,1.88,-0.097,1.88,-0.097,-0.0915,Loyal Champions (VIPs),#10B981
2728792.88935766,37,1,0.0,193.8,7,14,2,0.143,0,desktop,Organic Search,0,-0.0413,-1.2806,-0.0413,-1.2806,0.6129,Cart Abandoners / Window Shoppers,#F59E0B
5776915.74687197,26,1,0.0,285.1,8,12,5,0.417,0,mobile,Organic Search,0,0.9594,-0.8055,0.9594,-0.8055,1.6765,Cart Abandoners / Window Shoppers,#F59E0B
8254374.93087548,10,2,62.53,301.0,8,20,5,0.25,1,desktop,Display,2,3.0603,-0.1806,3.0603,-0.1806,-0.6609,Loyal Champions (VIPs),#10B981
3556667.41125587,22,4,49.69,623.0,21,8,2,0.25,1,desktop,Referral,2,1.7545,2.1507,1.7545,2.1507,-1.0601,Loyal Champions (VIPs),#10B981
6401345.91932847,38,2,57.33,332.5,10,19,4,0.211,1,desktop,Organic Search,2,2.1046,0.1138,2.1046,0.1138,-0.8132,Loyal Champions (VIPs),#10B981
8529915.26575448,40,3,31.99,308.8,15,22,2,0.091,1,mobile,Organic Search,2,1.4911,0.8415,1.4911,0.8415,-1.2424,Loyal Champions (VIPs),#10B981
8957191.75354563,41,1,0.0,144.7,7,7,4,0.571,0,desktop,Organic Search,0,0.5693,-1.5598,0.5693,-1.5598,1.8582,Cart Abandoners / Window Shoppers,#F59E0B
8438974.93783607,21,1,35.83,255.9,6,19,5,0.263,1,desktop,Direct,2,2.531,-1.16,2.531,-1.16,-0.4819,Loyal Champions (VIPs),#10B981
1485793.59702466,29,1,57.88,355.8,7,22,3,0.136,1,desktop,Direct,2,2.0527,-0.7087,2.0527,-0.7087,-1.1333,Loyal Champions (VIPs),#10B981
1282900.23554015,18,4,21.44,456.8,11,5,5,1.0,1,desktop,Referral,2,2.8875,1.2031,2.8875,1.2031,1.0573,Loyal Champions (VIPs),#10B981
3994058.96532094,23,2,0.0,490.1,13,11,5,0.455,0,desktop,Referral,0,1.0489,0.7221,1.0489,0.7221,1.7674,Cart Abandoners / Window Shoppers,#F59E0B
6862991.62851446,6,2,0.0,387.6,10,20,5,0.25,0,tablet,Paid Search,0,1.7206,0.2598,1.7206,0.2598,1.3045,Cart Abandoners / Window Shoppers,#F59E0B
1766453.34781828,38,5,20.96,363.4,19,10,2,0.2,1,mobile,Organic Search,3,1.2772,1.788,1.2772,1.788,-0.9388,Potential Loyalists,#3B82F6
1125370.46503542,30,1,24.51,396.3,8,23,5,0.217,1,mobile,Email,2,2.2625,-0.4922,2.2625,-0.4922,-0.4628,Loyal Champions (VIPs),#10B981
8438633.14467023,13,1,50.44,162.5,4,9,3,0.333,1,mobile,Display,2,2.3951,-1.922,2.3951,-1.922,-0.7324,Loyal Champions (VIPs),#10B981
9445152.58569107,8,2,0.0,300.7,11,18,2,0.111,0,desktop,Organic Search,0,0.8563,0.1259,0.8563,0.1259,0.5387,Cart Abandoners / Window Shoppers,#F59E0B
6823888.75244009,10,1,44.58,137.0,3,14,2,0.143,1,mobile,Direct,2,2.2086,-2.3115,2.2086,-2.3115,-1.3132,Loyal Champions (VIPs),#10B981
2969190.53009387,17,2,64.55,491.6,11,18,3,0.167,1,desktop,Organic Search,2,2.3419,0.5832,2.3419,0.5832,-1.1045,Loyal Champions (VIPs),#10B981
6384608.55727512,29,1,54.47,291.5,6,8,5,0.625,1,desktop,Direct,2,2.577,-1.0397,2.577,-1.0397,0.1543,Loyal Champions (VIPs),#10B981
6270761.55689822,33,8,35.67,569.2,22,22,2,0.091,1,desktop,Organic Search,3,1.6316,2.9037,1.6316,2.9037,-1.2557,Potential Loyalists,#3B82F6
3868524.11291610,26,1,0.0,315.0,7,13,3,0.231,0,desktop,Direct,0,0.4547,-0.8305,0.4547,-0.8305,0.9981,Cart Abandoners / Window Shoppers,#F59E0B
8224725.33155635,19,1,0.0,320.6,7,5,5,1.0,0,tablet,Organic Search,0,1.4736,-0.8182,1.4736,-0.8182,2.7382,Cart Abandoners / Window Shoppers,#F59E0B
4521452.34240620,30,1,35.42,146.9,4,8,3,0.375,1,mobile,Organic Search,2,1.8702,-2.0249,1.8702,-2.0249,-0.5345,Loyal Champions (VIPs),#10B981
7260189.17924084,30,3,0.0,593.7,20,21,4,0.19,0,desktop,Direct,3,0.6676,1.7214,0.6676,1.7214,1.1041,Potential Loyalists,#3B82F6
5135367.44084239,39,12,0.0,1319.6,53,14,4,0.286,0,desktop,Direct,3,0.5055,4.4258,0.5055,4.4258,1.3348,Potential Loyalists,#3B82F6
6402851.50389458,11,1,0.0,152.1,7,8,4,0.5,0,mobile,Organic Search,0,1.2593,-1.4991,1.2593,-1.4991,1.6878,Cart Abandoners / Window Shoppers,#F59E0B
2928313.71739549,9,1,60.07,387.6,8,19,4,0.211,1,desktop,Paid Search,2,2.9023,-0.4938,2.9023,-0.4938,-0.8618,Loyal Champions (VIPs),#10B981
8107637.56768341,16,2,0.0,442.9,14,14,4,0.286,0,mobile,Organic Search,0,0.9897,0.7082,0.9897,0.7082,1.2777,Cart Abandoners / Window Shoppers,#F59E0B
7404744.50839531,29,1,0.0,138.0,3,18,4,0.222,0,tablet,Paid Search,0,0.6607,-2.3396,0.6607,-2.3396,1.123,Cart Abandoners / Window Shoppers,#F59E0B
5932709.23158593,38,3,0.0,874.3,22,6,4,0.667,0,desktop,Organic Search,3,0.6798,2.1795,0.6798,2.1795,2.0831,Potential Loyalists,#3B82F6
6320434.31243949,7,1,35.23,131.0,5,11,2,0.182,1,desktop,Display,2,2.3063,-1.9171,2.3063,-1.9171,-1.1822,Loyal Champions (VIPs),#10B981
8818958.38826071,12,1,62.01,83.7,2,9,3,0.333,1,mobile,Display,2,2.4814,-3.0767,2.4814,-3.0767,-0.8028,Loyal Champions (VIPs),#10B981
2608417.23364555,33,1,59.6,358.3,10,21,4,0.19,1,mobile,Direct,2,2.1988,-0.3684,2.1988,-0.3684,-0.8717,Loyal Champions (VIPs),#10B981
1128252.33147492,38,2,20.8,662.5,16,14,3,0.214,1,mobile,Paid Search,2,1.6191,1.2216,1.6191,1.2216,-0.6949,Loyal Champions (VIPs),#10B981
3173721.46377694,33,2,20.68,172.4,9,8,2,0.25,1,mobile,Organic Search,2,1.334,-0.5832,1.334,-0.5832,-0.858,Loyal Champions (VIPs),#10B981
1188362.30756118,8,2,0.0,155.0,6,11,5,0.455,0,mobile,Referral,0,1.6177,-1.0719,1.6177,-1.0719,1.7194,Cart Abandoners / Window Shoppers,#F59E0B
8875082.32965261,5,1,60.99,239.1,7,21,3,0.143,1,desktop,Direct,2,2.9915,-1.0585,2.9915,-1.0585,-1.1787,Loyal Champions (VIPs),#10B981
9129700.80531142,38,1,0.0,98.3,4,20,4,0.2,0,mobile,Organic Search,0,0.519,-2.4195,0.519,-2.4195,1.0829,Cart Abandoners / Window Shoppers,#F59E0B
1723865.42643957,6,1,0.0,205.4,5,15,5,0.333,0,desktop,Direct,0,1.7174,-1.5257,1.7174,-1.5257,1.459,Cart Abandoners / Window Shoppers,#F59E0B
1285039.44416449,41,5,64.38,933.6,30,17,3,0.176,1,mobile,Organic Search,3,1.8468,3.1243,1.8468,3.1243,-1.0413,Potential Loyalists,#3B82F6
4629413.80390131,14,1,0.0,192.9,6,6,2,0.333,0,mobile,Direct,0,0.4503,-1.4118,0.4503,-1.4118,0.9814,Cart Abandoners / Window Shoppers,#F59E0B
4168120.79141464,23,3,22.32,408.0,11,20,3,0.15,1,desktop,Direct,2,1.968,0.7963,1.968,0.7963,-0.8576,Loyal Champions (VIPs),#10B981
5640836.74474738,12,2,0.0,238.3,8,12,4,0.333,0,desktop,Organic Search,0,1.1499,-0.4069,1.1499,-0.4069,1.3553,Cart Abandoners / Window Shoppers,#F59E0B
3961886.62315041,7,5,56.26,837.6,19,24,3,0.125,1,desktop,Direct,2,2.8478,2.5743,2.8478,2.5743,-1.1447,Loyal Champions (VIPs),#10B981
1267652.76433926,70,1,0.0,403.3,8,4,2,0.5,0,tablet,Referral,0,-0.3714,-0.4774,-0.3714,-0.4774,1.3841,Cart Abandoners / Window Shoppers,#F59E0B
8740186.17110115,17,1,0.0,246.3,9,11,4,0.364,0,mobile,Direct,0,0.9661,-0.8205,0.9661,-0.8205,1.4273,Cart Abandoners / Window Shoppers,#F59E0B
6642424.20309015,44,1,0.0,195.2,5,9,3,0.333,0,mobile,Organic Search,0,0.1594,-1.5848,0.1594,-1.5848,1.2156,Cart Abandoners / Window Shoppers,#F59E0B
9463023.15950125,44,2,0.0,316.8,8,19,3,0.158,0,desktop,Direct,0,0.2067,-0.1554,0.2067,-0.1554,0.8699,Cart Abandoners / Window Shoppers,#F59E0B
2629838.84099685,12,1,0.0,130.3,3,14,3,0.214,0,desktop,Referral,0,0.8826,-2.3776,0.8826,-2.3776,0.9245,Cart Abandoners / Window Shoppers,#F59E0B
2052627.24891118,26,2,0.0,509.4,14,19,4,0.211,0,mobile,Organic Search,0,0.7349,0.8313,0.7349,0.8313,1.1354,Cart Abandoners / Window Shoppers,#F59E0B
9119147.17197039,51,1,0.0,308.1,7,12,4,0.333,0,desktop,Direct,0,0.3395,-0.8626,0.3395,-0.8626,1.3881,Cart Abandoners / Window Shoppers,#F59E0B
3837906.88664408,19,3,0.0,597.3,18,11,4,0.364,0,mobile,Display,3,0.9127,1.6288,0.9127,1.6288,1.4551,Potential Loyalists,#3B82F6
9638002.21463246,45,1,0.0,134.3,6,4,3,0.75,0,desktop,Direct,0,0.3756,-1.7667,0.3756,-1.7667,2.0402,Cart Abandoners / Window Shoppers,#F59E0B
7806457.94590849,50,1,0.0,132.3,3,6,3,0.5,0,mobile,Referral,0,0.1578,-2.3766,0.1578,-2.3766,1.556,Cart Abandoners / Window Shoppers,#F59E0B
3024651.56700341,66,1,0.0,184.6,8,4,4,1.0,0,mobile,Referral,0,0.5705,-1.2153,0.5705,-1.2153,2.6376,Cart Abandoners / Window Shoppers,#F59E0B
6639279.41527358,59,2,0.0,553.2,13,18,2,0.111,0,mobile,Organic Search,0,-0.2469,0.8342,-0.2469,0.8342,0.5952,Cart Abandoners / Window Shoppers,#F59E0B
4072111.43112232,18,3,0.0,608.5,21,14,1,0.071,0,mobile,Referral,3,-0.0132,1.8174,-0.0132,1.8174,0.2048,Potential Loyalists,#3B82F6
8383464.12320519,27,2,0.0,229.7,12,9,3,0.333,0,mobile,Organic Search,0,0.4408,-0.0536,0.4408,-0.0536,1.2185,Cart Abandoners / Window Shoppers,#F59E0B
6789474.57389901,57,2,0.0,338.0,16,14,1,0.071,0,mobile,Organic Search,0,-0.6657,0.5914,-0.6657,0.5914,0.2185,Cart Abandoners / Window Shoppers,#F59E0B
7564378.75564521,26,1,0.0,277.8,10,8,4,0.5,0,desktop,Direct,0,0.7884,-0.6115,0.7884,-0.6115,1.7197,Cart Abandoners / Window Shoppers,#F59E0B
3576526.50601661,19,1,0.0,314.5,7,7,2,0.286,0,desktop,Organic Search,0,0.2735,-0.8201,0.2735,-0.8201,0.8962,Cart Abandoners / Window Shoppers,#F59E0B
1197910.52836384,44,1,0.0,182.3,5,11,3,0.273,0,desktop,Display,0,0.1519,-1.649,0.1519,-1.649,1.0877,Cart Abandoners / Window Shoppers,#F59E0B
4718327.83108074,50,2,0.0,465.5,12,12,2,0.167,0,desktop,Display,0,-0.2334,0.5996,-0.2334,0.5996,0.6861,Cart Abandoners / Window Shoppers,#F59E0B
7452308.43617403,30,1,0.0,380.3,10,13,4,0.308,0,desktop,Organic Search,0,0.6377,-0.3227,0.6377,-0.3227,1.3298,Cart Abandoners / Window Shoppers,#F59E0B
9211628.55187334,65,1,0.0,274.2,7,17,4,0.235,0,desktop,Direct,0,0.1995,-0.9752,0.1995,-0.9752,1.1865,Cart Abandoners / Window Shoppers,#F59E0B
3772029.67494380,21,1,0.0,176.6,4,13,3,0.231,0,desktop,Direct,0,0.5727,-1.8647,0.5727,-1.8647,0.9796,Cart Abandoners / Window Shoppers,#F59E0B
5130415.96526658,72,2,0.0,319.4,9,17,2,0.118,0,desktop,Referral,0,-0.3748,-0.036,-0.3748,-0.036,0.5997,Cart Abandoners / Window Shoppers,#F59E0B
8934448.10863789,57,5,0.0,464.5,22,13,1,0.077,0,mobile,Organic Search,3,-0.6803,2.1538,-0.6803,2.1538,0.2378,Potential Loyalists,#3B82F6
3259606.46417247,13,2,0.0,278.1,13,15,2,0.133,0,desktop,Display,0,0.5575,0.2134,0.5575,0.2134,0.5851,Cart Abandoners / Window Shoppers,#F59E0B
7130262.65045928,28,1,0.0,162.6,6,5,4,0.8,0,desktop,Organic Search,0,0.9272,-1.5896,0.9272,-1.5896,2.2748,Cart Abandoners / Window Shoppers,#F59E0B
8950251.24146147,11,2,0.0,243.0,12,11,3,0.273,0,mobile,Referral,0,0.9263,0.0078,0.9263,0.0078,1.0717,Cart Abandoners / Window Shoppers,#F59E0B
6673341.92053753,46,1,0.0,295.3,6,4,2,0.5,0,desktop,Organic Search,0,-0.132,-1.0294,-0.132,-1.0294,1.3668,Cart Abandoners / Window Shoppers,#F59E0B
2040901.70588662,12,1,0.0,237.2,8,4,1,0.25,0,mobile,Paid Search,0,-0.0099,-0.9412,-0.0099,-0.9412,0.4942,Cart Abandoners / Window Shoppers,#F59E0B
6870560.13640424,12,1,0.0,201.6,7,5,4,0.8,0,mobile,Organic Search,0,1.3943,-1.239,1.3943,-1.239,2.2599,Cart Abandoners / Window Shoppers,#F59E0B
1374360.14924784,11,3,0.0,520.8,14,11,3,0.273,0,mobile,Direct,0,0.9295,1.2604,0.9295,1.2604,1.0863,Cart Abandoners / Window Shoppers,#F59E0B
3535784.71835510,72,1,0.0,180.9,5,13,3,0.231,0,desktop,Organic Search,0,-0.1247,-1.6626,-0.1247,-1.6626,1.0113,Cart Abandoners / Window Shoppers,#F59E0B
8959167.71591908,51,5,0.0,362.0,17,17,3,0.176,0,desktop,Direct,3,0.1117,1.6494,0.1117,1.6494,0.9223,Potential Loyalists,#3B82F6
7428506.45828796,44,1,0.0,114.5,4,4,3,0.75,0,desktop,Organic Search,0,0.3876,-2.2716,0.3876,-2.2716,2.0335,Cart Abandoners / Window Shoppers,#F59E0B
2935980.60063244,47,5,0.0,1202.5,37,11,4,0.364,0,mobile,Paid Search,3,0.4088,3.5595,0.4088,3.5595,1.4975,Potential Loyalists,#3B82F6
7225140.87734003,70,1,0.0,299.3,8,16,1,0.062,0,desktop,Display,0,-0.7458,-0.7539,-0.7458,-0.7539,0.2064,Cart Abandoners / Window Shoppers,#F59E0B
6162379.97549592,26,1,0.0,360.8,10,13,1,0.077,0,tablet,Paid Search,0,-0.2472,-0.354,-0.2472,-0.354,0.1985,Cart Abandoners / Window Shoppers,#F59E0B
8281198.95072065,23,1,0.0,269.7,7,8,2,0.25,0,desktop,Organic Search,0,0.1653,-0.9655,0.1653,-0.9655,0.8213,Cart Abandoners / Window Shoppers,#F59E0B
7048993.31347680,24,1,0.0,359.9,9,4,3,0.75,0,mobile,Referral,0,0.7314,-0.4662,0.7314,-0.4662,2.0433,Cart Abandoners / Window Shoppers,#F59E0B
8429320.66900992,47,1,0.0,70.7,2,10,4,0.4,0,desktop,Direct,0,0.4045,-3.2654,0.4045,-3.2654,1.4948,Cart Abandoners / Window Shoppers,#F59E0B
7566707.35536784,59,2,0.0,200.4,9,9,2,0.222,0,mobile,Organic Search,0,-0.3597,-0.4624,-0.3597,-0.4624,0.786,Cart Abandoners / Window Shoppers,#F59E0B
1744029.97277080,21,8,0.0,491.1,29,9,2,0.222,0,desktop,Organic Search,3,0.2366,3.0476,0.2366,3.0476,0.7955,Potential Loyalists,#3B82F6
5265303.63622032,22,3,0.0,525.9,23,13,3,0.231,0,desktop,Organic Search,3,0.5568,1.7607,0.5568,1.7607,1.0196,Potential Loyalists,#3B82F6
1550832.88109023,28,2,0.0,481.5,13,6,4,0.667,0,desktop,Organic Search,0,0.8483,0.708,0.8483,0.708,2.0595,Cart Abandoners / Window Shoppers,#F59E0B
3572346.11069169,57,1,0.0,262.7,6,13,4,0.308,0,desktop,Organic Search,0,0.2721,-1.1542,0.2721,-1.1542,1.3346,Cart Abandoners / Window Shoppers,#F59E0B
3528251.23890931,49,2,0.0,328.7,15,6,3,0.5,0,mobile,Referral,0,0.1763,0.494,0.1763,0.494,1.5875,Cart Abandoners / Window Shoppers,#F59E0B
5213466.69443154,53,2,0.0,344.6,16,15,2,0.133,0,desktop,Organic Search,0,-0.2274,0.6031,-0.2274,0.6031,0.6233,Cart Abandoners / Window Shoppers,#F59E0B
3963328.25860802,10,4,0.0,489.1,19,6,2,0.333,0,desktop,Paid Search,3,0.6417,1.8211,0.6417,1.8211,1.0063,Potential Loyalists,#3B82F6
3090528.24054275,70,3,0.0,312.7,16,10,1,0.1,0,desktop,Paid Search,3,-0.8747,0.9115,-0.8747,0.9115,0.257,Potential Loyalists,#3B82F6
8739906.56287786,19,1,0.0,131.9,3,11,1,0.091,0,mobile,Paid Search,0,-0.1225,-2.3579,-0.1225,-2.3579,0.1802,Cart Abandoners / Window Shoppers,#F59E0B
1488424.47655887,54,4,0.0,725.2,29,15,1,0.067,0,mobile,Organic Search,3,-0.6054,2.6015,-0.6054,2.6015,0.2382,Potential Loyalists,#3B82F6
5166257.74134562,52,3,0.0,394.7,13,12,3,0.25,0,mobile,Email,0,0.0659,0.9115,0.0659,0.9115,1.0691,Cart Abandoners / Window Shoppers,#F59E0B
6796734.74972315,15,2,0.0,388.5,10,4,2,0.5,0,mobile,Direct,0,0.4996,0.2714,0.4996,0.2714,1.3528,Cart Abandoners / Window Shoppers,#F59E0B
2714112.51172447,11,2,0.0,393.7,11,4,1,0.25,0,mobile,Paid Search,0,0.0412,0.3889,0.0412,0.3889,0.5059,Cart Abandoners / Window Shoppers,#F59E0B
3926241.40777492,52,2,0.0,560.9,12,17,1,0.059,0,desktop,Direct,3,-0.5494,0.7765,-0.5494,0.7765,0.217,Potential Loyalists,#3B82F6
9131108.87613785,35,8,0.0,1189.4,38,8,1,0.125,0,desktop,Organic Search,3,-0.5201,4.1519,-0.5201,4.1519,0.3145,Potential Loyalists,#3B82F6
8023494.14548067,32,4,0.0,1081.6,25,14,1,0.071,0,mobile,Organic Search,3,-0.3318,2.828,-0.3318,2.828,0.23,Potential Loyalists,#3B82F6
2853013.15469007,36,2,0.0,612.1,13,17,1,0.059,0,mobile,Direct,3,-0.3401,0.9408,-0.3401,0.9408,0.2103,Potential Loyalists,#3B82F6
3456969.52341573,74,3,0.0,164.8,8,4,3,0.75,0,desktop,Organic Search,0,0.0982,-0.3709,0.0982,-0.3709,2.0633,Cart Abandoners / Window Shoppers,#F59E0B
3659439.73709878,30,1,0.0,217.2,6,5,4,0.8,0,desktop,Paid Search,0,0.8885,-1.3221,0.8885,-1.3221,2.2805,Cart Abandoners / Window Shoppers,#F59E0B
1801629.88595158,31,1,0.0,76.8,3,13,3,0.231,0,desktop,Direct,0,0.354,-2.8754,0.354,-2.8754,0.9745,Cart Abandoners / Window Shoppers,#F59E0B
2117439.55644889,56,2,0.0,169.0,7,4,4,1.0,0,mobile,Paid Search,0,0.668,-0.8676,0.668,-0.8676,2.6342,Cart Abandoners / Window Shoppers,#F59E0B
6382478.96829726,17,2,0.0,438.4,14,4,3,0.75,0,desktop,Referral,0,0.9271,0.7049,0.9271,0.7049,2.0459,Cart Abandoners / Window Shoppers,#F59E0B
1163287.70375493,14,1,0.0,157.2,4,16,4,0.25,0,desktop,Paid Search,0,1.0577,-1.9731,1.0577,-1.9731,1.1686,Cart Abandoners / Window Shoppers,#F59E0B
8740224.95744719,11,1,0.0,174.6,9,8,3,0.375,0,mobile,Direct,0,0.9428,-1.1293,0.9428,-1.1293,1.2768,Cart Abandoners / Window Shoppers,#F59E0B
8053528.86962877,18,3,0.0,651.0,16,10,2,0.2,0,mobile,Paid Search,3,0.3216,1.6015,0.3216,1.6015,0.7376,Potential Loyalists,#3B82F6
1115030.90587035,56,1,0.0,119.3,5,14,2,0.143,0,tablet,Organic Search,0,-0.2779,-2.0403,-0.2779,-2.0403,0.6127,Cart Abandoners / Window Shoppers,#F59E0B
3933102.12763477,33,6,0.0,407.6,18,15,2,0.133,0,desktop,Direct,3,0.0498,2.0379,0.0498,2.0379,0.6222,Potential Loyalists,#3B82F6
1018692.89232173,50,12,0.0,1451.4,65,11,3,0.273,0,desktop,Organic Search,3,0.0986,4.4283,0.0986,4.4283,1.1532,Potential Loyalists,#3B82F6
4488753.69183809,52,1,0.0,130.7,5,11,4,0.364,0,desktop,Organic Search,0,0.3365,-1.9634,0.3365,-1.9634,1.4388,Cart Abandoners / Window Shoppers,#F59E0B
5844148.22844483,73,1,0.0,306.9,7,14,4,0.286,0,desktop,Organic Search,0,0.1289,-0.871,0.1289,-0.871,1.2979,Cart Abandoners / Window Shoppers,#F59E0B
9273331.17526911,43,6,0.0,706.0,37,10,2,0.2,0,desktop,Organic Search,3,-0.16,3.2852,-0.16,3.2852,0.7729,Potential Loyalists,#3B82F6
1407712.20603077,40,1,0.0,179.0,6,14,3,0.214,0,desktop,Direct,0,0.2157,-1.5021,0.2157,-1.5021,0.9634,Cart Abandoners / Window Shoppers,#F59E0B
4951989.54039860,51,1,0.0,219.1,8,17,4,0.235,0,mobile,Organic Search,0,0.3384,-1.0554,0.3384,-1.0554,1.1789,Cart Abandoners / Window Shoppers,#F59E0B
7969063.16097394,57,3,0.0,465.4,13,6,4,0.667,0,desktop,Organic Search,0,0.4477,1.0605,0.4477,1.0605,2.0782,Cart Abandoners / Window Shoppers,#F59E0B
9875410.47517008,29,1,0.0,168.3,5,11,3,0.273,0,desktop,Paid Search,0,0.3878,-1.7183,0.3878,-1.7183,1.0767,Cart Abandoners / Window Shoppers,#F59E0B
9035040.24610660,47,3,0.0,534.3,20,12,2,0.167,0,desktop,Direct,3,-0.1944,1.6305,-0.1944,1.6305,0.6944,Potential Loyalists,#3B82F6
4302836.13975969,43,1,0.0,125.6,4,6,4,0.667,0,tablet,Organic Search,0,0.5995,-2.1909,0.5995,-2.1909,2.0358,Cart Abandoners / Window Shoppers,#F59E0B
5137939.19807112,49,1,0.0,165.3,6,18,2,0.111,0,desktop,Organic Search,0,-0.1463,-1.575,-0.1463,-1.575,0.5626,Cart Abandoners / Window Shoppers,#F59E0B
4938046.17915040,62,1,0.0,472.7,10,16,4,0.25,0,desktop,Direct,0,0.2249,-0.1298,0.2249,-0.1298,1.2281,Cart Abandoners / Window Shoppers,#F59E0B
5005667.91051770,57,1,0.0,321.3,6,6,2,0.333,0,desktop,Referral,0,-0.3363,-0.9541,-0.3363,-0.9541,1.0215,Cart Abandoners / Window Shoppers,#F59E0B
1193854.69298050,40,1,0.0,249.9,8,6,1,0.167,0,mobile,Organic Search,0,-0.6582,-0.9081,-0.6582,-0.9081,0.3466,Cart Abandoners / Window Shoppers,#F59E0B
5935617.67474606,69,3,0.0,700.1,15,11,1,0.091,0,mobile,Direct,3,-0.8415,1.5959,-0.8415,1.5959,0.2555,Potential Loyalists,#3B82F6
2173712.98204686,50,5,0.0,1066.9,23,8,3,0.375,0,desktop,Direct,3,0.1135,2.9644,0.1135,2.9644,1.3561,Potential Loyalists,#3B82F6
7481379.60273430,18,2,0.0,223.3,6,8,3,0.375,0,mobile,Referral,0,0.6785,-0.733,0.6785,-0.733,1.2904,Cart Abandoners / Window Shoppers,#F59E0B
2447848.93993193,30,3,0.0,602.2,18,13,2,0.154,0,desktop,Organic Search,3,0.0723,1.64,0.0723,1.64,0.6594,Potential Loyalists,#3B82F6
3016125.68786764,33,2,0.0,324.4,9,16,2,0.125,0,tablet,Organic Search,0,0.0551,-0.0121,0.0551,-0.0121,0.592,Cart Abandoners / Window Shoppers,#F59E0B
2697291.50265206,15,1,0.0,259.5,6,17,3,0.176,0,tablet,Organic Search,0,0.7852,-1.1478,0.7852,-1.1478,0.8694,Cart Abandoners / Window Shoppers,#F59E0B
1224986.72926442,72,1,0.0,134.6,8,13,2,0.154,0,mobile,Direct,0,-0.4344,-1.5001,-0.4344,-1.5001,0.6452,Cart Abandoners / Window Shoppers,#F59E0B
8520462.48855969,48,12,0.0,2290.5,73,8,1,0.125,0,mobile,Organic Search,3,-0.6982,4.4433,-0.6982,4.4433,0.3247,Potential Loyalists,#3B82F6
8352730.27320446,26,1,0.0,238.9,5,19,3,0.158,0,desktop,Direct,0,0.4992,-1.3953,0.4992,-1.3953,0.8456,Cart Abandoners / Window Shoppers,#F59E0B
1440259.14978131,54,8,0.0,1556.3,45,4,1,0.25,0,mobile,Paid Search,3,-0.8314,4.3018,-0.8314,4.3018,0.5826,Potential Loyalists,#3B82F6
1315929.59073716,52,1,0.0,188.5,7,4,3,0.75,0,mobile,Organic Search,0,0.2936,-1.3125,0.2936,-1.3125,2.0499,Cart Abandoners / Window Shoppers,#F59E0B
4302827.32188757,71,3,0.0,362.1,12,11,2,0.182,0,desktop,Display,0,-0.4435,0.7547,-0.4435,0.7547,0.7225,Cart Abandoners / Window Shoppers,#F59E0B
8539364.51074808,46,3,0.0,687.6,18,11,3,0.273,0,mobile,Direct,3,0.1358,1.7542,0.1358,1.7542,1.1262,Potential Loyalists,#3B82F6
4906125.34205580,63,1,0.0,327.8,8,11,3,0.273,0,desktop,Referral,0,-0.052,-0.6776,-0.052,-0.6776,1.1092,Cart Abandoners / Window Shoppers,#F59E0B
1603860.62282417,62,4,0.0,842.6,19,5,1,0.2,0,desktop,Organic Search,3,-0.9142,2.3158,-0.9142,2.3158,0.4585,Potential Loyalists,#3B82F6
6007439.17962560,37,1,0.0,126.2,5,4,4,1.0,0,desktop,Referral,0,0.8995,-1.9917,0.8995,-1.9917,2.6138,Cart Abandoners / Window Shoppers,#F59E0B
8912300.75340226,56,2,0.0,454.6,10,14,1,0.071,0,desktop,Organic Search,0,-0.6565,0.4042,-0.6565,0.4042,0.2172,Cart Abandoners / Window Shoppers,#F59E0B
7533038.45261514,69,1,0.0,355.6,7,9,3,0.333,0,desktop,Paid Search,0,-0.0969,-0.7274,-0.0969,-0.7274,1.2381,Cart Abandoners / Window Shoppers,#F59E0B
5196754.81956085,17,1,0.0,209.2,5,7,3,0.429,0,desktop,Referral,0,0.7288,-1.5092,0.7288,-1.5092,1.3964,Cart Abandoners / Window Shoppers,#F59E0B
4362694.19321055,19,5,0.0,782.8,23,5,2,0.4,0,mobile,Organic Search,3,0.3232,2.6945,0.3232,2.6945,1.1741,Potential Loyalists,#3B82F6
3996036.12379753,28,3,0.0,363.7,14,7,4,0.571,0,mobile,Referral,0,0.7928,0.9128,0.7928,0.9128,1.8748,Cart Abandoners / Window Shoppers,#F59E0B
2461509.21070775,45,3,0.0,624.5,14,18,4,0.222,0,mobile,Email,3,0.4216,1.407,0.4216,1.407,1.1753,Potential Loyalists,#3B82F6
7837240.94779086,71,3,0.0,262.4,14,11,1,0.091,0,mobile,Referral,3,-0.8583,0.6147,-0.8583,0.6147,0.2418,Potential Loyalists,#3B82F6
4131809.34703241,53,1,0.0,324.6,7,17,4,0.235,0,desktop,Organic Search,0,0.3163,-0.8162,0.3163,-0.8162,1.184,Cart Abandoners / Window Shoppers,#F59E0B
7992259.62996106,26,8,0.0,540.4,27,14,1,0.071,0,desktop,Direct,3,-0.2097,3.0648,-0.2097,3.0648,0.2208,Potential Loyalists,#3B82F6
4241924.45121276,72,1,0.0,213.8,8,6,2,0.333,0,desktop,Email,0,-0.4697,-1.0678,-0.4697,-1.0678,1.0243,Cart Abandoners / Window Shoppers,#F59E0B
9706654.29457053,65,5,0.0,685.0,36,4,4,1.0,0,mobile,Referral,3,0.5927,3.0037,0.5927,3.0037,2.6806,Potential Loyalists,#3B82F6
5459086.24315511,33,1,0.0,234.1,5,8,2,0.25,0,desktop,Referral,0,-0.0379,-1.4068,-0.0379,-1.4068,0.8245,Cart Abandoners / Window Shoppers,#F59E0B
6927701.63452151,19,1,0.0,296.1,7,17,2,0.118,0,mobile,Organic Search,0,0.3742,-0.8811,0.3742,-0.8811,0.5614,Cart Abandoners / Window Shoppers,#F59E0B
3127057.51760557,70,1,0.0,111.3,2,19,4,0.211,0,mobile,Direct,0,0.1648,-2.8546,0.1648,-2.8546,1.1158,Cart Abandoners / Window Shoppers,#F59E0B
1778392.96343359,56,3,0.0,645.1,14,9,4,0.444,0,mobile,Organic Search,3,0.333,1.4374,0.333,1.4374,1.6447,Potential Loyalists,#3B82F6
8580378.84653126,29,4,0.0,693.8,24,6,1,0.167,0,mobile,Referral,3,-0.4656,2.38,-0.4656,2.38,0.3723,Potential Loyalists,#3B82F6
3868147.83786309,36,1,0.0,193.7,6,12,4,0.333,0,mobile,Direct,0,0.5371,-1.4313,0.5371,-1.4313,1.3717,Cart Abandoners / Window Shoppers,#F59E0B
3493547.15952609,31,2,0.0,362.5,14,16,2,0.125,0,desktop,Paid Search,0,0.0913,0.5228,0.0913,0.5228,0.5968,Cart Abandoners / Window Shoppers,#F59E0B
2508962.50640662,63,2,0.0,592.9,14,15,2,0.133,0,desktop,Organic Search,3,-0.3263,0.9726,-0.3263,0.9726,0.6335,Potential Loyalists,#3B82F6
5656627.10296669,14,1,0.0,281.3,10,16,4,0.25,0,mobile,Organic Search,0,1.0596,-0.5953,1.0596,-0.5953,1.1859,Cart Abandoners / Window Shoppers,#F59E0B
9207344.86393056,25,1,0.0,264.3,7,14,1,0.071,0,mobile,Referral,0,-0.2044,-0.9818,-0.2044,-0.9818,0.1836,Cart Abandoners / Window Shoppers,#F59E0B
4717344.33047106,23,1,0.0,223.2,6,11,2,0.182,0,mobile,Organic Search,0,0.1878,-1.2847,0.1878,-1.2847,0.6764,Cart Abandoners / Window Shoppers,#F59E0B
6502246.48574979,43,2,0.0,306.1,9,15,3,0.2,0,mobile,Organic Search,0,0.1863,-0.0736,0.1863,-0.0736,0.9517,Cart Abandoners / Window Shoppers,#F59E0B
6764395.31250905,73,1,0.0,213.6,5,14,4,0.286,0,desktop,Direct,0,0.1282,-1.5132,0.1282,-1.5132,1.2895,Cart Abandoners / Window Shoppers,#F59E0B
3392999.17924709,27,1,0.0,326.5,8,6,1,0.167,0,desktop,Organic Search,0,-0.4363,-0.6554,-0.4363,-0.6554,0.3411,Cart Abandoners / Window Shoppers,#F59E0B
6494081.96274615,69,2,0.0,399.4,9,15,1,0.067,0,desktop,Referral,0,-0.753,0.1796,-0.753,0.1796,0.219,Cart Abandoners / Window Shoppers,#F59E0B
9082632.22162001,25,3,0.0,265.1,11,4,4,1.0,0,mobile,Direct,0,1.1283,0.3823,1.1283,0.3823,2.6284,Cart Abandoners / Window Shoppers,#F59E0B
5135558.48962126,17,2,0.0,482.3,11,10,4,0.4,0,mobile,Display,0,0.9823,0.5507,0.9823,0.5507,1.517,Cart Abandoners / Window Shoppers,#F59E0B
7985662.34987434,45,2,0.0,380.8,8,18,1,0.056,0,mobile,Organic Search,0,-0.4477,0.0267,-0.4477,0.0267,0.2047,Cart Abandoners / Window Shoppers,#F59E0B
5402845.54515763,16,2,0.0,196.7,7,13,3,0.231,0,desktop,Direct,0,0.7274,-0.7093,0.7274,-0.7093,0.9835,Cart Abandoners / Window Shoppers,#F59E0B
8621693.95180216,60,4,0.0,405.4,13,10,1,0.1,0,mobile,Paid Search,3,-0.7847,1.2523,-0.7847,1.2523,0.2564,Potential Loyalists,#3B82F6
8292578.37631141,27,1,0.0,235.3,7,6,3,0.5,0,desktop,Direct,0,0.5083,-1.0992,0.5083,-1.0992,1.5575,Cart Abandoners / Window Shoppers,#F59E0B
1206803.64830629,23,2,0.0,249.7,8,15,3,0.2,0,desktop,Direct,0,0.5386,-0.3676,0.5386,-0.3676,0.9329,Cart Abandoners / Window Shoppers,#F59E0B
5403925.94233361,40,1,0.0,88.6,3,16,3,0.188,0,desktop,Organic Search,0,0.2297,-2.7479,0.2297,-2.7479,0.8954,Cart Abandoners / Window Shoppers,#F59E0B
1326248.67388752,14,5,0.0,551.4,19,6,2,0.333,0,desktop,Direct,3,0.4629,2.1776,0.4629,2.1776,1.0169,Potential Loyalists,#3B82F6
4482672.56377721,51,1,0.0,242.2,5,4,4,1.0,0,desktop,Organic Search,0,0.7171,-1.3915,0.7171,-1.3915,2.6305,Cart Abandoners / Window Shoppers,#F59E0B
4329322.17031068,48,1,0.0,166.1,9,6,4,0.667,0,mobile,Referral,0,0.5385,-1.1967,0.5385,-1.1967,2.0504,Cart Abandoners / Window Shoppers,#F59E0B
8189583.11071690,14,1,0.0,159.7,4,9,2,0.222,0,mobile,Referral,0,0.4415,-1.9461,0.4415,-1.9461,0.7378,Cart Abandoners / Window Shoppers,#F59E0B
3063041.73376077,64,1,0.0,309.3,7,7,2,0.286,0,desktop,Paid Search,0,-0.4122,-0.8494,-0.4122,-0.8494,0.9246,Cart Abandoners / Window Shoppers,#F59E0B
6290310.61002884,10,2,0.0,248.9,9,10,3,0.3,0,desktop,Paid Search,0,0.9779,-0.2474,0.9779,-0.2474,1.1239,Cart Abandoners / Window Shoppers,#F59E0B
5197353.45420717,29,2,0.0,223.1,9,19,4,0.211,0,desktop,Organic Search,0,0.6725,-0.368,0.6725,-0.368,1.1217,Cart Abandoners / Window Shoppers,#F59E0B
8436743.63599825,38,1,0.0,272.3,6,5,3,0.6,0,desktop,Direct,0,0.3745,-1.1094,0.3745,-1.1094,1.7643,Cart Abandoners / Window Shoppers,#F59E0B
8310492.51947887,11,1,0.0,176.9,5,14,2,0.143,0,mobile,Organic Search,0,0.6286,-1.6575,0.6286,-1.6575,0.5802,Cart Abandoners / Window Shoppers,#F59E0B
1596330.62484299,47,1,0.0,304.5,7,14,1,0.071,0,desktop,Organic Search,0,-0.561,-0.8575,-0.561,-0.8575,0.2005,Cart Abandoners / Window Shoppers,#F59E0B
8179894.70456836,23,4,0.0,626.9,27,11,4,0.364,0,desktop,Referral,3,0.8096,2.3881,0.8096,2.3881,1.4665,Potential Loyalists,#3B82F6
2344454.71542218,19,2,0.0,367.6,16,14,3,0.214,0,mobile,Organic Search,0,0.6391,0.6702,0.6391,0.6702,0.9694,Cart Abandoners / Window Shoppers,#F59E0B
6934191.15299625,19,2,0.0,449.0,9,13,2,0.154,0,mobile,Direct,0,0.3231,0.2975,0.3231,0.2975,0.6349,Cart Abandoners / Window Shoppers,#F59E0B
1598852.68390788,32,1,0.0,317.9,8,4,2,0.5,0,mobile,Direct,0,0.0743,-0.6895,0.0743,-0.6895,1.3621,Cart Abandoners / Window Shoppers,#F59E0B
1724930.95347215,10,1,0.0,428.7,9,5,3,0.6,0,tablet,Organic Search,0,1.1117,-0.2937,1.1117,-0.2937,1.744,Cart Abandoners / Window Shoppers,#F59E0B
9435288.35852906,61,1,0.0,277.6,7,13,2,0.154,0,mobile,Organic Search,0,-0.3394,-0.9525,-0.3394,-0.9525,0.65,Cart Abandoners / Window Shoppers,#F59E0B
8741721.28600722,25,1,0.0,174.9,6,4,2,0.5,0,mobile,Organic Search,0,0.2123,-1.5083,0.2123,-1.5083,1.3451,Cart Abandoners / Window Shoppers,#F59E0B
5106427.19720834,17,1,0.0,183.9,8,7,4,0.571,0,mobile,Organic Search,0,1.0626,-1.2026,1.0626,-1.2026,1.8423,Cart Abandoners / Window Shoppers,#F59E0B
2876254.74632155,49,4,0.0,400.6,19,9,3,0.333,0,mobile,Direct,3,0.1093,1.6106,0.1093,1.6106,1.2494,Potential Loyalists,#3B82F6
3019348.29923664,68,3,0.0,249.1,12,15,4,0.267,0,desktop,Organic Search,0,0.1772,0.3969,0.1772,0.3969,1.2645,Cart Abandoners / Window Shoppers,#F59E0B
3613992.30307579,11,2,0.0,458.7,12,18,3,0.167,0,mobile,Display,0,0.9679,0.5953,0.9679,0.5953,0.8643,Cart Abandoners / Window Shoppers,#F59E0B
4160377.49223333,64,2,0.0,325.1,9,5,4,0.8,0,mobile,Organic Search,0,0.4623,-0.0244,0.4623,-0.0244,2.3115,Cart Abandoners / Window Shoppers,#F59E0B
1616850.92483411,27,4,0.0,715.1,18,15,4,0.267,0,mobile,Direct,3,0.7051,2.0953,0.7051,2.0953,1.2634,Potential Loyalists,#3B82F6
3928618.48990538,22,2,0.0,237.4,10,17,2,0.118,0,desktop,Paid Search,0,0.2972,-0.1966,0.2972,-0.1966,0.5686,Cart Abandoners / Window Shoppers,#F59E0B
1441266.52281175,21,2,0.0,725.4,16,7,4,0.571,0,mobile,Direct,0,0.9513,1.2989,0.9513,1.2989,1.877,Cart Abandoners / Window Shoppers,#F59E0B
1494681.88086403,61,1,0.0,167.5,3,9,1,0.111,0,mobile,Organic Search,0,-0.8307,-2.1485,-0.8307,-2.1485,0.2388,Cart Abandoners / Window Shoppers,#F59E0B
2106498.71173047,42,5,0.0,526.1,15,10,1,0.1,0,desktop,Organic Search,3,-0.5792,1.8892,-0.5792,1.8892,0.2545,Potential Loyalists,#3B82F6
7793025.78564049,58,1,0.0,362.7,7,9,2,0.222,0,desktop,Direct,0,-0.354,-0.7014,-0.354,-0.7014,0.7881,Cart Abandoners / Window Shoppers,#F59E0B
1844510.71322378,31,1,0.0,226.8,9,19,3,0.158,0,desktop,Organic Search,0,0.4015,-0.9024,0.4015,-0.9024,0.855,Cart Abandoners / Window Shoppers,#F59E0B
9759545.38351097,39,2,0.0,184.6,9,13,1,0.077,0,mobile,Paid Search,0,-0.4725,-0.5291,-0.4725,-0.5291,0.2008,Cart Abandoners / Window Shoppers,#F59E0B
8323802.69907904,13,5,0.0,1130.6,24,17,3,0.176,0,mobile,Organic Search,3,0.8761,3.0735,0.8761,3.0735,0.9101,Potential Loyalists,#3B82F6
8896762.89272332,68,4,0.0,508.0,22,5,2,0.4,0,desktop,Organic Search,3,-0.3991,1.9839,-0.3991,1.9839,1.1963,Potential Loyalists,#3B82F6
2976893.93401481,71,2,0.0,511.2,14,13,4,0.308,0,mobile,Referral,0,0.1519,0.8249,0.1519,0.8249,1.3612,Cart Abandoners / Window Shoppers,#F59E0B
5319563.46976622,33,1,0.0,168.4,5,4,3,0.75,0,mobile,Direct,0,0.5512,-1.7176,0.5512,-1.7176,2.0342,Cart Abandoners / Window Shoppers,#F59E0B
1110347.89375436,10,8,0.0,846.5,27,5,1,0.2,0,desktop,Referral,3,0.1073,3.4996,0.1073,3.4996,0.4246,Potential Loyalists,#3B82F6
1373194.77023541,50,3,0.0,372.0,9,14,2,0.143,0,mobile,Organic Search,0,-0.2055,0.5034,-0.2055,0.5034,0.6372,Cart Abandoners / Window Shoppers,#F59E0B
9551119.29283413,35,3,0.0,441.8,12,18,1,0.056,0,desktop,Organic Search,3,-0.3017,0.9508,-0.3017,0.9508,0.2073,Potential Loyalists,#3B82F6
1193092.60699447,68,4,0.0,713.3,27,13,2,0.154,0,desktop,Direct,3,-0.3903,2.5046,-0.3903,2.5046,0.6875,Potential Loyalists,#3B82F6
9006703.35354572,27,2,0.0,139.4,5,9,3,0.333,0,mobile,Organic Search,0,0.439,-1.3383,0.439,-1.3383,1.2025,Cart Abandoners / Window Shoppers,#F59E0B
7169973.28767051,67,3,0.0,473.7,16,12,3,0.25,0,desktop,Affiliates,3,-0.0786,1.2846,-0.0786,1.2846,1.08,Potential Loyalists,#3B82F6
4061333.54771478,27,1,0.0,179.9,8,11,2,0.182,0,desktop,Organic Search,0,0.0986,-1.2193,0.0986,-1.2193,0.6801,Cart Abandoners / Window Shoppers,#F59E0B
5383051.66473139,10,3,0.0,228.7,8,18,4,0.222,0,mobile,Paid Search,0,1.2526,-0.0527,1.2526,-0.0527,1.1204,Cart Abandoners / Window Shoppers,#F59E0B
1943819.12309920,25,1,0.0,172.3,9,17,1,0.059,0,desktop,Organic Search,0,-0.1396,-1.1429,-0.1396,-1.1429,0.177,Cart Abandoners / Window Shoppers,#F59E0B
3516511.37915698,64,2,0.0,272.5,10,6,4,0.667,0,mobile,Organic Search,0,0.3781,-0.0868,0.3781,-0.0868,2.0684,Cart Abandoners / Window Shoppers,#F59E0B
7668411.44800293,50,1,0.0,245.0,6,19,3,0.158,0,mobile,Organic Search,0,0.1296,-1.2154,0.1296,-1.2154,0.8632,Cart Abandoners / Window Shoppers,#F59E0B
8010531.30518183,26,3,0.0,323.7,14,17,2,0.118,0,mobile,Organic Search,0,0.2073,0.8114,0.2073,0.8114,0.5827,Cart Abandoners / Window Shoppers,#F59E0B
1089793.74536663,23,2,0.0,291.1,7,16,2,0.125,0,mobile,Display,0,0.2572,-0.3459,0.2572,-0.3459,0.5794,Cart Abandoners / Window Shoppers,#F59E0B
5466129.30277075,29,2,0.0,297.1,15,8,4,0.5,0,mobile,Direct,0,0.7316,0.4008,0.7316,0.4008,1.7307,Cart Abandoners / Window Shoppers,#F59E0B
6814933.63129143,56,1,0.0,285.7,10,13,1,0.077,0,mobile,Organic Search,0,-0.682,-0.5795,-0.682,-0.5795,0.2134,Cart Abandoners / Window Shoppers,#F59E0B
4637526.84516464,35,2,0.0,97.6,5,14,4,0.286,0,desktop,Paid Search,0,0.5509,-1.6767,0.5509,-1.6767,1.2642,Cart Abandoners / Window Shoppers,#F59E0B
9045926.93488310,64,1,0.0,290.4,9,13,2,0.154,0,desktop,Referral,0,-0.3664,-0.674,-0.3664,-0.674,0.6544,Cart Abandoners / Window Shoppers,#F59E0B
3980104.25814644,14,1,0.0,170.6,6,19,4,0.211,0,mobile,Direct,0,1.0712,-1.5406,1.0712,-1.5406,1.0938,Cart Abandoners / Window Shoppers,#F59E0B
4614097.30449743,16,1,0.0,398.7,9,18,3,0.167,0,mobile,Organic Search,0,0.7609,-0.3708,0.7609,-0.3708,0.8646,Cart Abandoners / Window Shoppers,#F59E0B
5290434.34498916,19,4,0.0,1009.0,24,18,2,0.111,0,mobile,Organic Search,3,0.3984,2.7192,0.3984,2.7192,0.5876,Potential Loyalists,#3B82F6
9413584.40716137,61,3,0.0,999.9,24,4,2,0.5,0,mobile,Paid Search,3,-0.2837,2.4,-0.2837,2.4,1.4108,Potential Loyalists,#3B82F6
5536310.35325083,24,1,0.0,107.9,3,15,1,0.067,0,mobile,Organic Search,0,-0.16,-2.5485,-0.16,-2.5485,0.1618,Cart Abandoners / Window Shoppers,#F59E0B
3073299.73323145,41,1,0.0,287.6,6,17,1,0.059,0,desktop,Organic Search,0,-0.4193,-1.0525,-0.4193,-1.0525,0.1916,Cart Abandoners / Window Shoppers,#F59E0B
4274320.52448758,12,1,0.0,155.6,5,6,1,0.167,0,desktop,Organic Search,0,0.009,-1.7649,0.009,-1.7649,0.3073,Cart Abandoners / Window Shoppers,#F59E0B
8813608.14566429,63,1,0.0,176.4,6,4,2,0.5,0,desktop,Display,0,-0.3118,-1.511,-0.3118,-1.511,1.3671,Cart Abandoners / Window Shoppers,#F59E0B
2485583.28172618,36,3,0.0,299.4,9,9,1,0.111,0,desktop,Organic Search,0,-0.5219,0.3154,-0.5219,0.3154,0.2505,Cart Abandoners / Window Shoppers,#F59E0B
2579664.12900323,46,1,0.0,155.1,4,11,1,0.091,0,desktop,Organic Search,0,-0.619,-1.9807,-0.619,-1.9807,0.2058,Cart Abandoners / Window Shoppers,#F59E0B
7949342.68400623,68,4,0.0,926.3,24,18,1,0.056,0,desktop,Direct,3,-0.6765,2.6313,-0.6765,2.6313,0.2429,Potential Loyalists,#3B82F6
2179823.81491010,74,1,0.0,253.8,8,6,1,0.167,0,desktop,Organic Search,0,-1.0095,-0.9008,-1.0095,-0.9008,0.3615,Cart Abandoners / Window Shoppers,#F59E0B
1851203.27478162,52,12,0.0,1321.1,57,10,1,0.1,0,desktop,Organic Search,3,-0.6938,4.4408,-0.6938,4.4408,0.2872,Potential Loyalists,#3B82F6
6714313.82123028,51,1,0.0,174.0,6,15,2,0.133,0,mobile,Affiliates,0,-0.2112,-1.5266,-0.2112,-1.5266,0.5993,Cart Abandoners / Window Shoppers,#F59E0B
1765643.10157203,73,3,0.0,537.3,14,7,4,0.571,0,desktop,Referral,3,0.2479,1.2646,0.2479,1.2646,1.9031,Potential Loyalists,#3B82F6
7325188.85260683,40,1,0.0,227.0,8,18,2,0.111,0,desktop,Organic Search,0,-0.0302,-1.0114,-0.0302,-1.0114,0.5651,Cart Abandoners / Window Shoppers,#F59E0B
2609258.69549419,55,2,0.0,171.7,8,7,1,0.143,0,mobile,Referral,0,-0.8147,-0.7079,-0.8147,-0.7079,0.3052,Cart Abandoners / Window Shoppers,#F59E0B
6691173.13882303,34,1,0.0,281.5,8,6,2,0.333,0,mobile,Organic Search,0,-0.0419,-0.8039,-0.0419,-0.8039,1.0103,Cart Abandoners / Window Shoppers,#F59E0B
4132976.10354973,10,1,0.0,255.8,9,8,4,0.5,0,mobile,Organic Search,0,1.3105,-0.7789,1.3105,-0.7789,1.6956,Cart Abandoners / Window Shoppers,#F59E0B
1695577.72877382,31,1,0.0,109.0,5,8,3,0.375,0,desktop,Direct,0,0.371,-2.1197,0.371,-2.1197,1.2882,Cart Abandoners / Window Shoppers,#F59E0B
6368819.10285221,59,1,0.0,181.6,5,9,2,0.222,0,mobile,Organic Search,0,-0.3646,-1.6495,-0.3646,-1.6495,0.7755,Cart Abandoners / Window Shoppers,#F59E0B
9863671.77792250,12,2,0.0,450.3,10,12,1,0.083,0,mobile,Affiliates,0,0.1576,0.4139,0.1576,0.4139,0.1918,Cart Abandoners / Window Shoppers,#F59E0B
1101412.91314841,63,5,0.0,995.4,36,10,3,0.3,0,desktop,Direct,3,-0.037,3.3566,-0.037,3.3566,1.2068,Potential Loyalists,#3B82F6
9849035.28890240,41,1,0.0,271.9,5,13,1,0.077,0,mobile,Organic Search,0,-0.5056,-1.2663,-0.5056,-1.2663,0.1982,Cart Abandoners / Window Shoppers,#F59E0B
4871464.53483375,58,1,0.0,212.1,4,6,4,0.667,0,desktop,Organic Search,0,0.429,-1.7091,0.429,-1.7091,2.0502,Cart Abandoners / Window Shoppers,#F59E0B
6753435.74744491,49,2,0.0,353.7,10,8,3,0.375,0,desktop,Direct,0,0.1167,0.1632,0.1167,0.1632,1.3257,Cart Abandoners / Window Shoppers,#F59E0B
7393477.37085176,54,1,0.0,131.9,7,9,4,0.444,0,desktop,Direct,0,0.3457,-1.649,0.3457,-1.649,1.6089,Cart Abandoners / Window Shoppers,#F59E0B
3797340.63810700,42,1,0.0,193.7,8,16,4,0.25,0,desktop,Paid Search,0,0.4464,-1.1671,0.4464,-1.1671,1.204,Cart Abandoners / Window Shoppers,#F59E0B
3102761.12684485,72,2,0.0,216.3,11,5,3,0.6,0,desktop,Paid Search,0,0.0146,-0.2046,0.0146,-0.2046,1.7858,Cart Abandoners / Window Shoppers,#F59E0B
4930349.38928938,56,1,0.0,319.8,6,4,1,0.25,0,desktop,Direct,0,-0.8702,-0.9483,-0.8702,-0.9483,0.5315,Cart Abandoners / Window Shoppers,#F59E0B
7844322.36431561,65,1,0.0,133.9,7,17,3,0.176,0,desktop,Direct,0,-0.0391,-1.6356,-0.0391,-1.6356,0.8962,Cart Abandoners / Window Shoppers,#F59E0B
9955639.70309755,30,6,0.0,790.6,23,13,2,0.154,0,desktop,Organic Search,3,0.078,2.9045,0.078,2.9045,0.6703,Potential Loyalists,#3B82F6
7806417.66235059,13,3,0.0,344.0,10,5,3,0.6,0,mobile,Organic Search,0,0.9779,0.5451,0.9779,0.5451,1.7533,Cart Abandoners / Window Shoppers,#F59E0B
9363196.71486620,69,5,0.0,869.4,28,11,1,0.091,0,mobile,Paid Search,3,-0.8364,2.9824,-0.8364,2.9824,0.2687,Potential Loyalists,#3B82F6
9288760.89016551,29,3,0.0,612.0,22,8,3,0.375,0,mobile,Organic Search,3,0.4182,1.8553,0.4182,1.8553,1.3317,Potential Loyalists,#3B82F6
7573668.94226480,41,1,0.0,274.5,9,7,1,0.143,0,desktop,Direct,0,-0.6507,-0.7101,-0.6507,-0.7101,0.3028,Cart Abandoners / Window Shoppers,#F59E0B
1259088.19362596,26,1,0.0,331.5,7,10,1,0.1,0,mobile,Organic Search,0,-0.3202,-0.7693,-0.3202,-0.7693,0.2201,Cart Abandoners / Window Shoppers,#F59E0B
7426023.67393423,49,1,0.0,203.8,6,4,3,0.75,0,desktop,Direct,0,0.3272,-1.3814,0.3272,-1.3814,2.048,Cart Abandoners / Window Shoppers,#F59E0B
1877537.40597630,61,2,0.0,206.6,7,14,3,0.214,0,mobile,Organic Search,0,-0.0209,-0.6793,-0.0209,-0.6793,0.9801,Cart Abandoners / Window Shoppers,#F59E0B
6796263.38600524,33,3,0.0,317.4,15,13,2,0.154,0,desktop,Display,0,0.018,0.8608,0.018,0.8608,0.6507,Cart Abandoners / Window Shoppers,#F59E0B
9077095.84390224,18,6,0.0,665.2,38,12,2,0.167,0,desktop,Paid Search,3,0.3513,3.2662,0.3513,3.2662,0.6865,Potential Loyalists,#3B82F6
3176075.57597276,59,1,0.0,98.0,3,13,4,0.308,0,desktop,Organic Search,0,0.251,-2.6624,0.251,-2.6624,1.3152,Cart Abandoners / Window Shoppers,#F59E0B
5213602.49892519,26,1,0.0,247.3,7,18,3,0.167,0,mobile,Organic Search,0,0.4912,-1.057,0.4912,-1.057,0.8666,Cart Abandoners / Window Shoppers,#F59E0B
6965451.27291782,23,1,0.0,317.7,9,5,3,0.6,0,tablet,Organic Search,0,0.6577,-0.5813,0.6577,-0.5813,1.7588,Cart Abandoners / Window Shoppers,#F59E0B
4692784.76617361,55,2,0.0,338.0,17,9,1,0.111,0,mobile,Referral,3,-0.7644,0.6558,-0.7644,0.6558,0.2668,Potential Loyalists,#3B82F6
3387512.88082895,68,1,0.0,209.5,10,7,2,0.286,0,mobile,Organic Search,0,-0.4464,-0.8732,-0.4464,-0.8732,0.9244,Cart Abandoners / Window Shoppers,#F59E0B
1420494.70017555,53,2,0.0,245.8,14,13,1,0.077,0,tablet,Organic Search,0,-0.6461,0.1639,-0.6461,0.1639,0.2168,Cart Abandoners / Window Shoppers,#F59E0B
7036587.74899525,74,2,0.0,242.0,10,9,3,0.333,0,mobile,Direct,0,-0.1327,-0.1943,-0.1327,-0.1943,1.2412,Cart Abandoners / Window Shoppers,#F59E0B
6685122.19854625,13,1,0.0,275.2,6,14,3,0.214,0,desktop,Referral,0,0.8409,-1.0906,0.8409,-1.0906,0.9432,Cart Abandoners / Window Shoppers,#F59E0B
3838400.38467458,67,2,0.0,270.5,13,11,1,0.091,0,desktop,Referral,0,-0.8278,0.1781,-0.8278,0.1781,0.2377,Cart Abandoners / Window Shoppers,#F59E0B
3341977.52201552,63,2,0.0,219.1,10,4,1,0.25,0,mobile,Referral,0,-0.933,-0.2674,-0.933,-0.2674,0.5374,Cart Abandoners / Window Shoppers,#F59E0B
4377372.80314930,56,1,0.0,197.0,5,7,4,0.571,0,desktop,Direct,0,0.3911,-1.5834,0.3911,-1.5834,1.8666,Cart Abandoners / Window Shoppers,#F59E0B
2621092.18830471,25,2,0.0,411.3,14,15,4,0.267,0,mobile,Organic Search,0,0.7428,0.6341,0.7428,0.6341,1.2471,Cart Abandoners / Window Shoppers,#F59E0B
4658108.28648389,48,2,0.0,272.5,15,6,2,0.333,0,desktop,Direct,0,-0.2327,0.3265,-0.2327,0.3265,1.0279,Cart Abandoners / Window Shoppers,#F59E0B
9980523.95652970,25,3,0.0,426.2,15,8,4,0.5,0,desktop,Direct,0,0.8176,1.1299,0.8176,1.1299,1.7345,Cart Abandoners / Window Shoppers,#F59E0B
6108738.22861234,55,2,0.0,345.7,7,18,4,0.222,0,desktop,Organic Search,0,0.303,-0.2056,0.303,-0.2056,1.1622,Cart Abandoners / Window Shoppers,#F59E0B
8379039.75923957,54,3,0.0,592.3,19,10,2,0.2,0,desktop,Referral,3,-0.2964,1.6739,-0.2964,1.6739,0.764,Potential Loyalists,#3B82F6
6589408.46924677,40,1,0.0,271.0,6,13,4,0.308,0,desktop,Direct,0,0.474,-1.1213,0.474,-1.1213,1.3266,Cart Abandoners / Window Shoppers,#F59E0B
7276257.88899481,25,2,0.0,93.8,5,9,2,0.222,0,desktop,Organic Search,0,0.1255,-1.6978,0.1255,-1.6978,0.7491,Cart Abandoners / Window Shoppers,#F59E0B
2769581.16163047,37,4,0.0,621.6,23,4,4,1.0,0,tablet,Referral,3,0.9113,2.2111,0.9113,2.2111,2.6593,Potential Loyalists,#3B82F6
4536785.76273166,18,1,0.0,177.7,7,5,3,0.6,0,mobile,Direct,0,0.793,-1.3549,0.793,-1.3549,1.7424,Cart Abandoners / Window Shoppers,#F59E0B
5255429.95498999,26,1,0.0,346.1,7,18,1,0.056,0,mobile,Direct,0,-0.1418,-0.7339,-0.1418,-0.7339,0.1858,Cart Abandoners / Window Shoppers,#F59E0B
4741279.73083010,32,1,0.0,182.0,6,17,2,0.118,0,mobile,Organic Search,0,0.0824,-1.4805,0.0824,-1.4805,0.5652,Cart Abandoners / Window Shoppers,#F59E0B
7138549.42745495,23,3,0.0,553.8,12,8,4,0.5,0,mobile,Organic Search,0,0.8638,1.1536,0.8638,1.1536,1.7338,Cart Abandoners / Window Shoppers,#F59E0B
7532560.97038155,13,1,0.0,220.8,6,11,3,0.273,0,mobile,Organic Search,0,0.8316,-1.2938,0.8316,-1.2938,1.0638,Cart Abandoners / Window Shoppers,#F59E0B
8462277.82227961,48,5,0.0,1255.7,35,13,2,0.154,0,desktop,Organic Search,3,-0.1888,3.5478,-0.1888,3.5478,0.6914,Potential Loyalists,#3B82F6
6395896.71057739,41,1,0.0,323.7,7,4,2,0.5,0,mobile,Organic Search,0,-0.0663,-0.8008,-0.0663,-0.8008,1.3669,Cart Abandoners / Window Shoppers,#F59E0B
7243474.34086356,73,2,0.0,402.7,12,17,1,0.059,0,mobile,Paid Search,0,-0.7436,0.4645,-0.7436,0.4645,0.2205,Cart Abandoners / Window Shoppers,#F59E0B
9048126.77795178,21,1,0.0,166.0,4,13,2,0.154,0,mobile,Organic Search,0,0.2622,-1.9169,0.2622,-1.9169,0.6121,Cart Abandoners / Window Shoppers,#F59E0B
5258656.91585666,13,2,0.0,277.4,7,15,2,0.133,0,desktop,Organic Search,0,0.5563,-0.3839,0.5563,-0.3839,0.5786,Cart Abandoners / Window Shoppers,#F59E0B
6129260.67484588,20,1,0.0,224.0,6,17,2,0.118,0,desktop,Direct,0,0.3454,-1.2827,0.3454,-1.2827,0.5571,Cart Abandoners / Window Shoppers,#F59E0B
3709377.44517785,57,1,0.0,135.9,3,15,4,0.267,0,mobile,Referral,0,0.2692,-2.3606,0.2692,-2.3606,1.2326,Cart Abandoners / Window Shoppers,#F59E0B
9245829.98219581,66,3,0.0,410.5,12,7,3,0.429,0,mobile,Organic Search,0,-0.0276,0.8683,-0.0276,0.8683,1.4522,Cart Abandoners / Window Shoppers,#F59E0B
4670215.15277832,20,1,0.0,375.0,8,4,2,0.5,0,mobile,Display,0,0.3373,-0.5308,0.3373,-0.5308,1.3535,Cart Abandoners / Window Shoppers,#F59E0B
3248087.38960474,73,1,0.0,195.4,9,5,1,0.2,0,desktop,Organic Search,0,-1.0181,-1.0303,-1.0181,-1.0303,0.4268,Cart Abandoners / Window Shoppers,#F59E0B
6857312.96592225,52,1,0.0,312.1,7,19,2,0.105,0,desktop,Direct,0,-0.1663,-0.8445,-0.1663,-0.8445,0.5655,Cart Abandoners / Window Shoppers,#F59E0B
2311180.65730614,63,1,0.0,134.5,6,10,4,0.4,0,mobile,Paid Search,0,0.2391,-1.7749,0.2391,-1.7749,1.5206,Cart Abandoners / Window Shoppers,#F59E0B
5788000.18790466,20,1,0.0,171.5,6,12,4,0.333,0,desktop,Direct,0,0.8665,-1.5374,0.8665,-1.5374,1.3563,Cart Abandoners / Window Shoppers,#F59E0B
8868268.60515276,53,2,0.0,293.4,10,4,1,0.25,0,mobile,Referral,0,-0.8341,0.0056,-0.8341,0.0056,0.5374,Cart Abandoners / Window Shoppers,#F59E0B
3246631.99842719,35,1,0.0,100.7,3,17,4,0.235,0,mobile,Organic Search,0,0.5504,-2.6326,0.5504,-2.6326,1.1497,Cart Abandoners / Window Shoppers,#F59E0B
1100249.93637796,40,1,0.0,224.5,6,17,4,0.235,0,mobile,Paid Search,0,0.4761,-1.2972,0.4761,-1.2972,1.1706,Cart Abandoners / Window Shoppers,#F59E0B
2457040.37812386,53,2,0.0,224.2,10,15,3,0.2,0,mobile,Organic Search,0,0.0673,-0.2637,0.0673,-0.2637,0.9534,Cart Abandoners / Window Shoppers,#F59E0B
5105070.32432259,26,18,0.0,2524.8,65,16,1,0.062,0,desktop,Referral,3,-0.1648,4.4451,-0.1648,4.4451,0.2337,Potential Loyalists,#3B82F6
3784921.34165980,52,5,0.0,414.2,23,19,4,0.211,0,desktop,Organic Search,3,0.3498,2.0756,0.3498,2.0756,1.1598,Potential Loyalists,#3B82F6
2342759.29649794,20,2,0.0,541.6,12,17,4,0.235,0,mobile,Organic Search,0,0.8706,0.7397,0.8706,0.7397,1.177,Cart Abandoners / Window Shoppers,#F59E0B
2089521.27434340,41,1,0.0,173.2,5,17,1,0.059,0,mobile,Organic Search,0,-0.4197,-1.6868,-0.4197,-1.6868,0.1828,Cart Abandoners / Window Shoppers,#F59E0B
3671280.37312981,29,1,0.0,349.4,8,10,1,0.1,0,mobile,Organic Search,0,-0.3812,-0.5964,-0.3812,-0.5964,0.2247,Cart Abandoners / Window Shoppers,#F59E0B
9731782.80712238,58,1,0.0,113.0,4,8,1,0.125,0,desktop,Referral,0,-0.8263,-2.274,-0.8263,-2.274,0.258,Cart Abandoners / Window Shoppers,#F59E0B
7125467.57453519,12,1,0.0,237.4,7,13,1,0.077,0,desktop,Organic Search,0,0.1772,-1.0727,0.1772,-1.0727,0.1712,Cart Abandoners / Window Shoppers,#F59E0B
6444813.30150773,21,3,0.0,825.4,20,6,2,0.333,0,mobile,Direct,3,0.2366,2.0475,0.2366,2.0475,1.0293,Potential Loyalists,#3B82F6
7428986.85262504,18,6,0.0,681.9,20,9,1,0.111,0,mobile,Display,3,-0.1273,2.6401,-0.1273,2.6401,0.2588,Potential Loyalists,#3B82F6
6070831.49219793,37,1,0.0,156.5,4,6,3,0.5,0,desktop,Direct,0,0.3296,-1.9805,0.3296,-1.9805,1.5538,Cart Abandoners / Window Shoppers,#F59E0B
9399161.23830109,16,2,0.0,298.2,8,12,3,0.25,0,desktop,Organic Search,0,0.7238,-0.1976,0.7238,-0.1976,1.0301,Cart Abandoners / Window Shoppers,#F59E0B
6674727.66440710,36,3,0.0,762.4,18,13,4,0.308,0,mobile,Organic Search,3,0.5425,1.8481,0.5425,1.8481,1.3556,Potential Loyalists,#3B82F6
5274148.14813451,74,2,0.0,413.9,12,10,4,0.4,0,desktop,Organic Search,0,0.1522,0.4769,0.1522,0.4769,1.5505,Cart Abandoners / Window Shoppers,#F59E0B
1965544.12011461,62,1,0.0,267.0,9,18,1,0.056,0,desktop,Direct,0,-0.6343,-0.7475,-0.6343,-0.7475,0.2054,Cart Abandoners / Window Shoppers,#F59E0B
5464126.80241197,14,1,0.0,216.4,4,16,2,0.125,0,desktop,Direct,0,0.5258,-1.668,0.5258,-1.668,0.5552,Cart Abandoners / Window Shoppers,#F59E0B
6257585.37722251,44,1,0.0,134.7,6,13,4,0.308,0,desktop,Organic Search,0,0.4196,-1.7703,0.4196,-1.7703,1.3191,Cart Abandoners / Window Shoppers,#F59E0B
6923019.65788765,32,1,0.0,107.5,4,18,4,0.222,0,desktop,Organic Search,0,0.6056,-2.3343,0.6056,-2.3343,1.1244,Cart Abandoners / Window Shoppers,#F59E0B
5613121.50107201,64,2,0.0,306.9,11,5,4,0.8,0,desktop,Organic Search,0,0.4627,0.1159,0.4627,0.1159,2.3128,Cart Abandoners / Window Shoppers,#F59E0B
7040191.99453132,13,3,0.0,622.9,18,7,1,0.143,0,desktop,Referral,3,-0.0036,1.6918,-0.0036,1.6918,0.3004,Potential Loyalists,#3B82F6
3889349.17907590,40,12,0.0,2322.1,57,12,1,0.083,0,desktop,Organic Search,3,-0.4963,4.4425,-0.4963,4.4425,0.2593,Potential Loyalists,#3B82F6
9075709.98641554,69,1,0.0,233.6,8,13,3,0.231,0,desktop,Direct,0,-0.0994,-0.994,-0.0994,-0.994,1.0185,Cart Abandoners / Window Shoppers,#F59E0B
9206623.72509283,20,2,0.0,234.8,11,11,3,0.273,0,mobile,Organic Search,0,0.6006,-0.1157,0.6006,-0.1157,1.0839,Cart Abandoners / Window Shoppers,#F59E0B
5867486.99736596,26,2,0.0,389.8,8,13,4,0.308,0,desktop,Direct,0,0.7213,0.0413,0.7213,0.0413,1.3276,Cart Abandoners / Window Shoppers,#F59E0B
5683187.26695829,51,3,0.0,233.4,9,14,4,0.286,0,desktop,Organic Search,0,0.3409,0.0612,0.3409,0.0612,1.2935,Cart Abandoners / Window Shoppers,#F59E0B
5278122.36500750,13,1,0.0,277.4,8,13,2,0.154,0,tablet,Paid Search,0,0.5265,-0.8105,0.5265,-0.8105,0.6151,Cart Abandoners / Window Shoppers,#F59E0B
1913129.20621105,61,1,0.0,232.4,5,16,3,0.188,0,desktop,Organic Search,0,-0.0097,-1.4295,-0.0097,-1.4295,0.9236,Cart Abandoners / Window Shoppers,#F59E0B
1968951.99071460,74,1,0.0,298.4,7,16,4,0.25,0,mobile,Direct,0,0.1226,-0.8979,0.1226,-0.8979,1.2222,Cart Abandoners / Window Shoppers,#F59E0B
8694862.36290235,18,2,0.0,111.5,6,11,4,0.364,0,desktop,Paid Search,0,0.9373,-1.3815,0.9373,-1.3815,1.4166,Cart Abandoners / Window Shoppers,#F59E0B
3295836.32326848,15,1,0.0,386.6,8,17,1,0.059,0,mobile,Direct,0,0.1428,-0.4992,0.1428,-0.4992,0.1752,Cart Abandoners / Window Shoppers,#F59E0B
3412378.58922574,24,1,0.0,149.7,7,18,2,0.111,0,mobile,Affiliates,0,0.2572,-1.5167,0.2572,-1.5167,0.5459,Cart Abandoners / Window Shoppers,#F59E0B
6433077.89550725,38,2,0.0,274.9,9,7,1,0.143,0,desktop,Referral,0,-0.6039,-0.1551,-0.6039,-0.1551,0.3042,Cart Abandoners / Window Shoppers,#F59E0B
8702089.59076734,37,1,0.0,228.4,6,11,3,0.273,0,mobile,Direct,0,0.2507,-1.2741,0.2507,-1.2741,1.0885,Cart Abandoners / Window Shoppers,#F59E0B
3208649.11368903,32,1,0.0,202.7,6,11,4,0.364,0,desktop,Organic Search,0,0.6126,-1.3875,0.6126,-1.3875,1.4352,Cart Abandoners / Window Shoppers,#F59E0B
3064694.39254562,26,1,0.0,201.4,9,16,1,0.062,0,tablet,Organic Search,0,-0.1832,-0.9982,-0.1832,-0.9982,0.1786,Cart Abandoners / Window Shoppers,#F59E0B
3202045.66796577,33,1,0.0,224.7,5,11,3,0.273,0,desktop,Organic Search,0,0.315,-1.4518,0.315,-1.4518,1.0838,Cart Abandoners / Window Shoppers,#F59E0B
6478136.52956276,67,6,0.0,716.6,22,7,3,0.429,0,mobile,Paid Search,3,-0.0297,2.7558,-0.0297,2.7558,1.4714,Potential Loyalists,#3B82F6
6345245.29220335,22,1,0.0,263.0,5,19,3,0.158,0,desktop,Paid Search,0,0.5925,-1.3042,0.5925,-1.3042,0.8431,Cart Abandoners / Window Shoppers,#F59E0B
3622211.41487808,53,3,0.0,256.5,11,19,1,0.053,0,mobile,Organic Search,0,-0.5191,0.3554,-0.5191,0.3554,0.2089,Cart Abandoners / Window Shoppers,#F59E0B
4668443.48499700,40,2,0.0,502.7,11,9,3,0.333,0,mobile,Direct,0,0.219,0.5845,0.219,0.5845,1.2378,Cart Abandoners / Window Shoppers,#F59E0B
9810245.10993320,56,3,0.0,313.4,10,7,2,0.286,0,mobile,Organic Search,0,-0.3288,0.4479,-0.3288,0.4479,0.9308,Cart Abandoners / Window Shoppers,#F59E0B
5116580.11094942,36,2,0.0,346.1,11,14,4,0.286,0,mobile,Organic Search,0,0.5368,0.2326,0.5368,0.2326,1.2906,Cart Abandoners / Window Shoppers,#F59E0B
8658601.48013208,10,5,0.0,663.9,22,11,3,0.273,0,desktop,Referral,3,0.9848,2.4944,0.9848,2.4944,1.0957,Potential Loyalists,#3B82F6
2503816.91165503,16,2,0.0,506.0,11,4,2,0.5,0,mobile,Referral,0,0.4646,0.6089,0.4646,0.6089,1.359,Cart Abandoners / Window Shoppers,#F59E0B
8138702.40218600,59,1,0.0,128.5,4,16,4,0.25,0,desktop,Organic Search,0,0.2512,-2.1759,0.2512,-2.1759,1.1995,Cart Abandoners / Window Shoppers,#F59E0B
4577019.14962159,70,1,0.0,197.0,7,9,1,0.111,0,desktop,Organic Search,0,-0.9081,-1.2629,-0.9081,-1.2629,0.2525,Cart Abandoners / Window Shoppers,#F59E0B
3375937.12621880,39,3,0.0,710.3,19,10,1,0.1,0,desktop,Organic Search,3,-0.5403,1.8538,-0.5403,1.8538,0.2564,Potential Loyalists,#3B82F6
6172612.33458297,22,1,0.0,206.0,6,12,1,0.083,0,desktop,Organic Search,0,-0.1792,-1.3523,-0.1792,-1.3523,0.1863,Cart Abandoners / Window Shoppers,#F59E0B
2609887.41712966,45,1,0.0,204.6,7,16,3,0.188,0,tablet,Organic Search,0,0.1645,-1.2384,0.1645,-1.2384,0.9179,Cart Abandoners / Window Shoppers,#F59E0B
3750172.86985220,66,2,0.0,260.6,5,4,4,1.0,0,desktop,Organic Search,0,0.5734,-0.7737,0.5734,-0.7737,2.6408,Cart Abandoners / Window Shoppers,#F59E0B
8320295.80492750,50,1,0.0,136.3,4,18,3,0.167,0,desktop,Direct,0,0.12,-2.1162,0.12,-2.1162,0.8683,Cart Abandoners / Window Shoppers,#F59E0B
4932840.71583025,26,2,0.0,247.6,11,9,4,0.444,0,mobile,Referral,0,0.7643,-0.0732,0.7643,-0.0732,1.6083,Cart Abandoners / Window Shoppers,#F59E0B
9665407.43218620,15,1,0.0,286.4,7,7,1,0.143,0,desktop,Organic Search,0,-0.0897,-0.8966,-0.0897,-0.8966,0.2773,Cart Abandoners / Window Shoppers,#F59E0B
3458018.28320490,43,2,0.0,197.9,10,10,4,0.4,0,desktop,Organic Search,0,0.4619,-0.3796,0.4619,-0.3796,1.5253,Cart Abandoners / Window Shoppers,#F59E0B
3139113.19678015,38,1,0.0,200.1,5,12,2,0.167,0,desktop,Paid Search,0,-0.0829,-1.5561,-0.0829,-1.5561,0.6556,Cart Abandoners / Window Shoppers,#F59E0B
5822557.33635552,64,4,0.0,708.0,19,6,3,0.5,0,tablet,Paid Search,3,0.0291,2.138,0.0291,2.138,1.6112,Potential Loyalists,#3B82F6
8287082.72066139,69,2,0.0,191.0,11,8,3,0.375,0,desktop,Email,0,-0.079,-0.3201,-0.079,-0.3201,1.3263,Cart Abandoners / Window Shoppers,#F59E0B
8161119.38839727,48,2,0.0,271.7,12,16,3,0.188,0,desktop,Organic Search,0,0.1326,0.093,0.1326,0.093,0.9322,Cart Abandoners / Window Shoppers,#F59E0B
3132276.64989477,35,2,0.0,242.4,15,8,3,0.375,0,mobile,Direct,0,0.3085,0.2145,0.3085,0.2145,1.3168,Cart Abandoners / Window Shoppers,#F59E0B
2764875.21081915,50,1,0.0,133.0,4,13,4,0.308,0,tablet,Organic Search,0,0.3461,-2.1412,0.3461,-2.1412,1.3181,Cart Abandoners / Window Shoppers,#F59E0B
3992534.47424251,20,4,0.0,887.2,24,5,3,0.6,0,tablet,Paid Search,3,0.7461,2.5986,0.7461,2.5986,1.7878,Potential Loyalists,#3B82F6
4618765.99944255,32,3,0.0,623.8,20,13,4,0.308,0,desktop,Direct,3,0.6092,1.7691,0.6092,1.7691,1.3512,Potential Loyalists,#3B82F6
2696921.98672021,22,1,0.0,257.0,7,4,2,0.5,0,desktop,Display,0,0.284,-1.008,0.284,-1.008,1.349,Cart Abandoners / Window Shoppers,#F59E0B
2585459.87659006,32,5,0.0,949.1,26,13,4,0.308,0,mobile,Direct,3,0.6135,2.9796,0.6135,2.9796,1.3632,Potential Loyalists,#3B82F6
7675691.89056907,37,1,0.0,387.8,8,10,1,0.1,0,mobile,Direct,0,-0.5187,-0.5023,-0.5187,-0.5023,0.2319,Cart Abandoners / Window Shoppers,#F59E0B
3764202.66222386,49,1,0.0,396.2,9,17,4,0.235,0,desktop,Paid Search,0,0.3616,-0.3928,0.3616,-0.3928,1.1875,Cart Abandoners / Window Shoppers,#F59E0B
9350929.44570563,37,2,0.0,259.3,10,18,1,0.056,0,desktop,Organic Search,0,-0.3363,-0.1147,-0.3363,-0.1147,0.197,Cart Abandoners / Window Shoppers,#F59E0B
5803955.88580188,28,1,0.0,154.8,6,17,3,0.176,0,desktop,Organic Search,0,0.4391,-1.6337,0.4391,-1.6337,0.8767,Cart Abandoners / Window Shoppers,#F59E0B
1299702.65270161,17,5,0.0,444.6,13,16,4,0.25,0,mobile,Direct,3,0.9642,1.582,0.9642,1.582,1.2081,Potential Loyalists,#3B82F6
7474675.13376880,70,1,0.0,204.6,6,10,4,0.4,0,desktop,Direct,0,0.1789,-1.3876,0.1789,-1.3876,1.529,Cart Abandoners / Window Shoppers,#F59E0B
2627639.92063674,56,2,0.0,221.8,10,4,3,0.75,0,mobile,Direct,0,0.2557,-0.2712,0.2557,-0.2712,2.0608,Cart Abandoners / Window Shoppers,#F59E0B
4729725.53762047,55,3,0.0,370.5,16,15,4,0.267,0,desktop,Organic Search,0,0.2994,1.0532,0.2994,1.0532,1.2681,Cart Abandoners / Window Shoppers,#F59E0B
4927017.33916608,42,12,0.0,2113.9,64,14,3,0.214,0,desktop,Paid Search,3,0.2072,4.4291,0.2072,4.4291,1.0254,Potential Loyalists,#3B82F6
1388286.41143557,25,1,0.0,171.1,5,11,3,0.273,0,desktop,Direct,0,0.471,-1.7013,0.471,-1.7013,1.0735,Cart Abandoners / Window Shoppers,#F59E0B
9158571.79025295,20,1,0.0,172.6,6,19,4,0.211,0,desktop,Organic Search,0,0.8754,-1.5337,0.8754,-1.5337,1.1021,Cart Abandoners / Window Shoppers,#F59E0B
3529107.17872495,62,1,0.0,173.3,4,8,4,0.5,0,desktop,Referral,0,0.2936,-1.8973,0.2936,-1.8973,1.7245,Cart Abandoners / Window Shoppers,#F59E0B
6438811.71452937,20,1,0.0,280.1,6,10,1,0.1,0,desktop,Organic Search,0,-0.1743,-1.0648,-0.1743,-1.0648,0.21,Cart Abandoners / Window Shoppers,#F59E0B
3301849.60618115,27,2,0.0,261.2,9,11,2,0.182,0,mobile,Direct,0,0.1026,-0.2087,0.1026,-0.2087,0.6896,Cart Abandoners / Window Shoppers,#F59E0B
6285056.40944382,63,1,0.0,378.0,10,18,3,0.167,0,tablet,Direct,0,-0.0101,-0.3345,-0.0101,-0.3345,0.8973,Cart Abandoners / Window Shoppers,#F59E0B
8670345.84216109,42,2,0.0,277.6,8,10,4,0.4,0,desktop,Organic Search,0,0.4749,-0.2786,0.4749,-0.2786,1.5271,Cart Abandoners / Window Shoppers,#F59E0B
2620955.21050034,40,1,0.0,154.9,8,9,3,0.333,0,mobile,Paid Search,0,0.2144,-1.3669,0.2144,-1.3669,1.2148,Cart Abandoners / Window Shoppers,#F59E0B
4788827.58441791,71,1,0.0,95.8,4,13,3,0.231,0,mobile,Organic Search,0,-0.1172,-2.4441,-0.1172,-2.4441,0.9999,Cart Abandoners / Window Shoppers,#F59E0B
5729507.48740421,70,1,0.0,241.4,6,5,4,0.8,0,desktop,Direct,0,0.4064,-1.2338,0.4064,-1.2338,2.3022,Cart Abandoners / Window Shoppers,#F59E0B
1937093.51164878,50,2,0.0,306.4,8,19,1,0.053,0,desktop,Display,0,-0.4891,-0.177,-0.4891,-0.177,0.2044,Cart Abandoners / Window Shoppers,#F59E0B
6364115.87120331,38,1,0.0,367.1,10,17,2,0.118,0,mobile,Direct,0,-0.0136,-0.3507,-0.0136,-0.3507,0.5844,Cart Abandoners / Window Shoppers,#F59E0B
9994520.82639779,40,5,0.0,626.6,14,13,1,0.077,0,mobile,Direct,3,-0.4793,1.9818,-0.4793,1.9818,0.2286,Potential Loyalists,#3B82F6
1437709.56665357,48,1,0.0,136.3,6,14,4,0.286,0,mobile,Organic Search,0,0.3682,-1.7607,0.3682,-1.7607,1.275,Cart Abandoners / Window Shoppers,#F59E0B
4552399.28258088,58,1,0.0,189.4,7,17,2,0.118,0,desktop,Organic Search,0,-0.2553,-1.3084,-0.2553,-1.3084,0.5815,Cart Abandoners / Window Shoppers,#F59E0B
4163296.19631101,25,2,0.0,674.5,15,5,2,0.4,0,desktop,Display,3,0.1633,1.1768,0.1633,1.1768,1.1683,Potential Loyalists,#3B82F6
4790977.88898481,41,2,0.0,379.1,11,8,1,0.125,0,desktop,Direct,0,-0.6226,0.3356,-0.6226,0.3356,0.28,Cart Abandoners / Window Shoppers,#F59E0B
1098967.76447087,49,1,0.0,100.1,5,6,3,0.5,0,mobile,Organic Search,0,0.1702,-2.2029,0.1702,-2.2029,1.5564,Cart Abandoners / Window Shoppers,#F59E0B
5432956.79178652,65,1,0.0,308.3,9,5,2,0.4,0,desktop,Organic Search,0,-0.3836,-0.6144,-0.3836,-0.6144,1.1714,Cart Abandoners / Window Shoppers,#F59E0B
5567752.52126606,65,3,0.0,533.2,18,13,3,0.231,0,mobile,Direct,3,-0.0569,1.5128,-0.0569,1.5128,1.0427,Potential Loyalists,#3B82F6
3452792.14285118,22,4,0.0,758.8,16,11,2,0.182,0,desktop,Organic Search,3,0.2232,2.0455,0.2232,2.0455,0.7099,Potential Loyalists,#3B82F6
6426855.61487907,34,1,0.0,218.5,4,4,4,1.0,0,mobile,Paid Search,0,0.947,-1.6762,0.947,-1.6762,2.6173,Cart Abandoners / Window Shoppers,#F59E0B
5324288.55556899,44,6,0.0,1207.2,33,7,4,0.571,0,desktop,Referral,3,0.5444,3.6566,0.5444,3.6566,1.9162,Potential Loyalists,#3B82F6
1613655.13996146,39,2,0.0,716.8,16,16,1,0.062,0,desktop,Referral,3,-0.4067,1.2937,-0.4067,1.2937,0.2152,Potential Loyalists,#3B82F6
8520504.44746333,24,1,0.0,192.9,4,8,4,0.5,0,mobile,Paid Search,0,0.8313,-1.7872,0.8313,-1.7872,1.7035,Cart Abandoners / Window Shoppers,#F59E0B
4567955.68385305,26,1,0.0,306.5,8,8,3,0.375,0,mobile,Direct,0,0.471,-0.7287,0.471,-0.7287,1.3032,Cart Abandoners / Window Shoppers,#F59E0B
6637717.22032002,22,5,0.0,422.9,19,14,4,0.286,0,desktop,Direct,3,0.8209,1.9125,0.8209,1.9125,1.2932,Potential Loyalists,#3B82F6
5573317.34349701,11,2,0.0,418.1,15,19,3,0.158,0,desktop,Referral,0,0.977,0.7296,0.977,0.7296,0.8483,Cart Abandoners / Window Shoppers,#F59E0B
5430068.30209788,27,6,0.0,1609.7,42,19,1,0.053,0,desktop,Organic Search,3,-0.1287,3.957,-0.1287,3.957,0.2343,Potential Loyalists,#3B82F6
7047327.76572389,38,1,0.0,206.1,6,9,4,0.444,0,mobile,Display,0,0.5455,-1.3735,0.5455,-1.3735,1.6052,Cart Abandoners / Window Shoppers,#F59E0B
4340307.44736549,52,1,0.0,287.8,7,9,2,0.222,0,desktop,Organic Search,0,-0.2917,-0.915,-0.2917,-0.915,0.7823,Cart Abandoners / Window Shoppers,#F59E0B
4733638.67747330,70,1,0.0,146.1,4,7,4,0.571,0,desktop,Direct,0,0.2629,-2.0567,0.2629,-2.0567,1.8657,Cart Abandoners / Window Shoppers,#F59E0B
3104534.70109260,69,1,0.0,209.2,9,5,2,0.4,0,desktop,Organic Search,0,-0.4179,-0.975,-0.4179,-0.975,1.1674,Cart Abandoners / Window Shoppers,#F59E0B
4854964.59120503,23,2,0.0,245.0,10,16,2,0.125,0,desktop,Organic Search,0,0.2579,-0.1674,0.2579,-0.1674,0.5807,Cart Abandoners / Window Shoppers,#F59E0B
2111394.80028254,50,4,0.0,848.5,19,10,2,0.2,0,mobile,Organic Search,3,-0.2503,2.3135,-0.2503,2.3135,0.7689,Potential Loyalists,#3B82F6
4857391.17605031,17,1,0.0,283.4,7,14,2,0.143,0,desktop,Referral,0,0.3935,-0.9193,0.3935,-0.9193,0.6,Cart Abandoners / Window Shoppers,#F59E0B
9986038.77671191,13,2,0.0,331.8,16,5,2,0.4,0,desktop,Organic Search,0,0.5234,0.5889,0.5234,0.5889,1.144,Cart Abandoners / Window Shoppers,#F59E0B
6261134.72321785,36,1,0.0,309.5,6,15,3,0.2,0,desktop,Organic Search,0,0.2826,-0.9933,0.2826,-0.9933,0.9403,Cart Abandoners / Window Shoppers,#F59E0B
4378929.82652679,66,1,0.0,184.4,9,10,1,0.1,0,desktop,Organic Search,0,-0.8486,-1.087,-0.8486,-1.087,0.2366,Cart Abandoners / Window Shoppers,#F59E0B
9614894.15708409,42,2,0.0,449.1,10,10,1,0.1,0,mobile,Direct,0,-0.5864,0.3988,-0.5864,0.3988,0.2425,Cart Abandoners / Window Shoppers,#F59E0B
9488530.81986793,12,1,0.0,243.2,5,7,2,0.286,0,desktop,Direct,0,0.5234,-1.3596,0.5234,-1.3596,0.8788,Cart Abandoners / Window Shoppers,#F59E0B
2065282.81538570,35,1,0.0,146.0,4,6,1,0.167,0,mobile,Referral,0,-0.5839,-2.0296,-0.5839,-2.0296,0.3291,Cart Abandoners / Window Shoppers,#F59E0B
1938563.69386213,20,1,0.0,207.7,7,18,4,0.222,0,mobile,Email,0,0.8698,-1.2198,0.8698,-1.2198,1.1281,Cart Abandoners / Window Shoppers,#F59E0B
2801973.92294343,11,2,0.0,388.6,11,4,1,0.25,0,desktop,Organic Search,0,0.0412,0.3768,0.0412,0.3768,0.5057,Cart Abandoners / Window Shoppers,#F59E0B
4512306.15685863,71,1,0.0,148.5,4,19,1,0.053,0,desktop,Direct,0,-0.6948,-2.0304,-0.6948,-2.0304,0.1927,Cart Abandoners / Window Shoppers,#F59E0B
9435874.18079439,54,2,0.0,442.6,11,10,1,0.1,0,desktop,Organic Search,0,-0.7294,0.4748,-0.7294,0.4748,0.2493,Cart Abandoners / Window Shoppers,#F59E0B
9412984.92936309,68,1,0.0,126.0,4,6,3,0.5,0,desktop,Organic Search,0,-0.0175,-2.188,-0.0175,-2.188,1.5653,Cart Abandoners / Window Shoppers,#F59E0B
2031410.46948513,36,4,0.0,469.5,19,6,2,0.333,0,desktop,Organic Search,3,-0.064,1.7689,-0.064,1.7689,1.0352,Potential Loyalists,#3B82F6
2422008.95079061,23,2,0.0,383.0,9,8,2,0.25,0,desktop,Referral,0,0.1696,0.1503,0.1696,0.1503,0.832,Cart Abandoners / Window Shoppers,#F59E0B
2808817.52834738,13,8,0.0,936.7,49,18,2,0.111,0,desktop,Referral,3,0.6124,4.032,0.6124,4.032,0.5888,Potential Loyalists,#3B82F6
8887053.49059844,30,4,0.0,672.3,20,19,4,0.211,0,desktop,Organic Search,3,0.66,2.1419,0.66,2.1419,1.1506,Potential Loyalists,#3B82F6
8580274.82590878,69,4,0.0,859.3,27,17,2,0.118,0,mobile,Organic Search,3,-0.3432,2.6759,-0.3432,2.6759,0.6285,Potential Loyalists,#3B82F6
4766256.51828497,26,2,0.0,483.2,10,8,4,0.5,0,desktop,Paid Search,0,0.7922,0.4556,0.7922,0.4556,1.7306,Cart Abandoners / Window Shoppers,#F59E0B
4492499.26034604,59,5,0.0,246.1,12,17,3,0.176,0,mobile,Organic Search,3,0.0276,0.9434,0.0276,0.9434,0.9166,Potential Loyalists,#3B82F6
6787688.48641375,40,1,0.0,87.8,3,15,2,0.133,0,desktop,Organic Search,0,-0.0743,-2.7509,-0.0743,-2.7509,0.5775,Cart Abandoners / Window Shoppers,#F59E0B
7590459.28659015,10,1,0.0,229.9,6,18,3,0.167,0,desktop,Organic Search,0,1.0132,-1.2562,1.0132,-1.2562,0.8422,Cart Abandoners / Window Shoppers,#F59E0B
4713732.91395348,13,1,0.0,216.8,9,8,4,0.5,0,desktop,Organic Search,0,1.1702,-0.9352,1.1702,-0.9352,1.6991,Cart Abandoners / Window Shoppers,#F59E0B
9651456.86691047,52,1,0.0,186.5,10,16,4,0.25,0,desktop,Direct,0,0.3252,-0.9913,0.3252,-0.9913,1.2109,Cart Abandoners / Window Shoppers,#F59E0B
6705123.21292750,63,2,0.0,501.3,13,16,2,0.125,0,desktop,Organic Search,0,-0.312,0.7427,-0.312,0.7427,0.6174,Cart Abandoners / Window Shoppers,#F59E0B
5524008.41125062,48,4,0.0,689.6,28,18,2,0.111,0,desktop,Referral,3,-0.1227,2.5122,-0.1227,2.5122,0.6058,Potential Loyalists,#3B82F6
2824309.83095319,33,2,0.0,199.1,7,18,1,0.056,0,desktop,Organic Search,0,-0.2723,-0.697,-0.2723,-0.697,0.1869,Cart Abandoners / Window Shoppers,#F59E0B
5867910.12124302,70,1,0.0,84.4,2,19,2,0.105,0,desktop,Organic Search,0,-0.3388,-3.1012,-0.3388,-3.1012,0.543,Cart Abandoners / Window Shoppers,#F59E0B
1517726.10287032,53,2,0.0,370.5,9,8,3,0.375,0,mobile,Direct,0,0.0717,0.1041,0.0717,0.1041,1.3271,Cart Abandoners / Window Shoppers,#F59E0B
6365799.26690754,50,1,0.0,407.3,9,15,1,0.067,0,desktop,Organic Search,0,-0.5724,-0.3513,-0.5724,-0.3513,0.2084,Cart Abandoners / Window Shoppers,#F59E0B
3872447.93780369,59,5,0.0,310.5,17,14,4,0.286,0,desktop,Organic Search,3,0.2627,1.5021,0.2627,1.5021,1.311,Potential Loyalists,#3B82F6
2954024.53332305,57,3,0.0,436.8,10,6,2,0.333,0,desktop,Organic Search,0,-0.3289,0.7567,-0.3289,0.7567,1.0365,Cart Abandoners / Window Shoppers,#F59E0B
3995050.25734275,16,3,0.0,728.4,20,5,2,0.4,0,desktop,Organic Search,3,0.4137,1.9346,0.4137,1.9346,1.1645,Potential Loyalists,#3B82F6
7764689.29206133,55,1,0.0,144.8,3,10,2,0.2,0,desktop,Organic Search,0,-0.3171,-2.29,-0.3171,-2.29,0.7206,Cart Abandoners / Window Shoppers,#F59E0B
7740139.22241977,11,4,0.0,495.2,25,7,2,0.286,0,mobile,Direct,3,0.5817,2.11,0.5817,2.11,0.911,Potential Loyalists,#3B82F6
6758325.61606422,34,3,0.0,229.5,11,10,3,0.3,0,desktop,Organic Search,0,0.3075,0.2497,0.3075,0.2497,1.1553,Cart Abandoners / Window Shoppers,#F59E0B
8006471.28134350,40,12,0.0,1946.0,43,9,2,0.222,0,mobile,Organic Search,3,-0.1235,4.4373,-0.1235,4.4373,0.8287,Potential Loyalists,#3B82F6
7196559.65785999,31,1,0.0,124.8,5,10,3,0.3,0,desktop,Direct,0,0.3517,-1.9953,0.3517,-1.9953,1.1312,Cart Abandoners / Window Shoppers,#F59E0B
8072528.97969169,52,1,0.0,235.9,10,15,2,0.133,0,desktop,Referral,0,-0.2213,-0.7641,-0.2213,-0.7641,0.6093,Cart Abandoners / Window Shoppers,#F59E0B
9706793.65725457,40,1,0.0,234.3,7,14,3,0.214,0,desktop,Referral,0,0.216,-1.1105,0.216,-1.1105,0.9687,Cart Abandoners / Window Shoppers,#F59E0B
6987834.31196299,12,3,0.0,359.6,15,6,2,0.333,0,desktop,Email,0,0.5419,0.9918,0.5419,0.9918,1.0017,Cart Abandoners / Window Shoppers,#F59E0B
1206803.24763039,50,3,0.0,508.6,22,12,2,0.167,0,mobile,Display,3,-0.2295,1.6806,-0.2295,1.6806,0.6963,Potential Loyalists,#3B82F6
8419177.35365105,26,1,0.0,207.4,4,5,1,0.2,0,desktop,Organic Search,0,-0.433,-1.7001,-0.433,-1.7001,0.395,Cart Abandoners / Window Shoppers,#F59E0B
1082390.53240253,52,1,0.0,219.9,5,12,2,0.167,0,desktop,Paid Search,0,-0.2613,-1.4722,-0.2613,-1.4722,0.6644,Cart Abandoners / Window Shoppers,#F59E0B
1300175.29167711,37,3,0.0,319.7,13,5,2,0.4,0,mobile,Referral,0,-0.0553,0.7285,-0.0553,0.7285,1.1678,Cart Abandoners / Window Shoppers,#F59E0B
3259988.10647357,67,3,0.0,807.5,18,15,4,0.267,0,desktop,Organic Search,3,0.1868,1.8938,0.1868,1.8938,1.285,Potential Loyalists,#3B82F6
1531131.81185158,10,1,0.0,269.7,6,8,4,0.5,0,mobile,Direct,0,1.3098,-1.109,1.3098,-1.109,1.6921,Cart Abandoners / Window Shoppers,#F59E0B
6479343.60468966,16,2,0.0,505.9,17,19,2,0.105,0,desktop,Paid Search,0,0.5008,1.0326,0.5008,1.0326,0.5572,Cart Abandoners / Window Shoppers,#F59E0B
7033371.75403778,57,2,0.0,229.7,7,8,1,0.125,0,mobile,Organic Search,0,-0.8114,-0.5645,-0.8114,-0.5645,0.2761,Cart Abandoners / Window Shoppers,#F59E0B
9803832.45646637,73,1,0.0,349.6,8,10,1,0.1,0,mobile,Organic Search,0,-0.9065,-0.6065,-0.9065,-0.6065,0.2467,Cart Abandoners / Window Shoppers,#F59E0B
9000011.30427450,11,1,0.0,156.4,7,6,3,0.5,0,desktop,Paid Search,0,1.0011,-1.4679,1.0011,-1.4679,1.5312,Cart Abandoners / Window Shoppers,#F59E0B
5438127.64700745,40,3,0.0,452.1,13,6,2,0.333,0,mobile,Organic Search,3,-0.1266,1.0492,-0.1266,1.0492,1.0313,Potential Loyalists,#3B82F6
6477079.47524271,13,1,0.0,189.1,4,16,3,0.188,0,desktop,Direct,0,0.8555,-1.7971,0.8555,-1.7971,0.8824,Cart Abandoners / Window Shoppers,#F59E0B
5533543.35266492,72,3,0.0,699.9,21,16,3,0.188,0,mobile,Direct,3,-0.0953,1.9194,-0.0953,1.9194,0.9635,Potential Loyalists,#3B82F6
8078320.86636625,64,4,0.0,273.9,14,14,4,0.286,0,desktop,Paid Search,0,0.2141,0.9423,0.2141,0.9423,1.3076,Cart Abandoners / Window Shoppers,#F59E0B
6144203.97393289,36,1,0.0,205.3,8,10,4,0.4,0,desktop,Organic Search,0,0.5586,-1.1096,0.5586,-1.1096,1.5161,Cart Abandoners / Window Shoppers,#F59E0B
4355272.80542523,18,2,0.0,231.2,9,19,2,0.105,0,mobile,Display,0,0.4346,-0.321,0.4346,-0.321,0.5421,Cart Abandoners / Window Shoppers,#F59E0B
4986490.90757186,10,1,0.0,236.0,6,19,3,0.158,0,desktop,Organic Search,0,1.0219,-1.2322,1.0219,-1.2322,0.8254,Cart Abandoners / Window Shoppers,#F59E0B
9904040.63410926,65,1,0.0,228.3,5,17,2,0.118,0,desktop,Organic Search,0,-0.3211,-1.4423,-0.3211,-1.4423,0.5835,Cart Abandoners / Window Shoppers,#F59E0B
9015566.32531096,24,3,0.0,312.4,10,6,4,0.667,0,desktop,Display,0,0.9367,0.4435,0.9367,0.4435,2.0493,Cart Abandoners / Window Shoppers,#F59E0B
4370900.86115472,20,1,0.0,213.9,5,13,1,0.077,0,mobile,Referral,0,-0.1024,-1.4808,-0.1024,-1.4808,0.178,Cart Abandoners / Window Shoppers,#F59E0B
6997272.75528470,34,2,0.0,528.9,13,11,4,0.364,0,mobile,Direct,0,0.5839,0.7923,0.5839,0.7923,1.4612,Cart Abandoners / Window Shoppers,#F59E0B
7402355.22994517,22,4,0.0,762.7,27,12,4,0.333,0,desktop,Direct,3,0.8254,2.5708,0.8254,2.5708,1.4026,Potential Loyalists,#3B82F6
3055652.98474953,54,1,0.0,174.8,7,8,1,0.125,0,mobile,Organic Search,0,-0.7843,-1.3699,-0.7843,-1.3699,0.2678,Cart Abandoners / Window Shoppers,#F59E0B
5801343.94666196,19,2,0.0,227.4,11,9,2,0.222,0,desktop,Direct,0,0.2798,-0.1384,0.2798,-0.1384,0.7631,Cart Abandoners / Window Shoppers,#F59E0B
1314926.43597907,71,1,0.0,125.8,6,4,1,0.25,0,desktop,Organic Search,0,-1.0064,-1.8159,-1.0064,-1.8159,0.5241,Cart Abandoners / Window Shoppers,#F59E0B
6932481.50315356,62,1,0.0,210.3,4,5,4,0.8,0,mobile,Display,0,0.4752,-1.718,0.4752,-1.718,2.2934,Cart Abandoners / Window Shoppers,#F59E0B
8611377.46869125,38,4,0.0,608.1,27,10,1,0.1,0,mobile,Referral,3,-0.5228,2.3715,-0.5228,2.3715,0.2592,Potential Loyalists,#3B82F6
7971094.55368625,56,3,0.0,449.4,17,18,1,0.056,0,mobile,Direct,3,-0.5683,1.3072,-0.5683,1.3072,0.2225,Potential Loyalists,#3B82F6
8784446.34168737,69,2,0.0,408.5,10,9,3,0.333,0,desktop,Organic Search,0,-0.0924,0.2928,-0.0924,0.2928,1.2469,Cart Abandoners / Window Shoppers,#F59E0B
7641894.24422078,50,8,0.0,1109.0,57,13,1,0.077,0,desktop,Organic Search,3,-0.6002,4.183,-0.6002,4.183,0.2573,Potential Loyalists,#3B82F6
4305933.94545903,11,1,0.0,184.8,5,15,4,0.267,0,mobile,Organic Search,0,1.1867,-1.6265,1.1867,-1.6265,1.2033,Cart Abandoners / Window Shoppers,#F59E0B
1899406.70388478,21,1,0.0,194.7,4,10,2,0.2,0,desktop,Organic Search,0,0.227,-1.7676,0.227,-1.7676,0.7046,Cart Abandoners / Window Shoppers,#F59E0B
2898655.98727901,43,2,0.0,431.2,13,13,3,0.231,0,mobile,Organic Search,0,0.1756,0.6033,0.1756,0.6033,1.0241,Cart Abandoners / Window Shoppers,#F59E0B
4601090.72841783,43,2,0.0,443.5,10,6,1,0.167,0,desktop,Organic Search,0,-0.695,0.3901,-0.695,0.3901,0.3618,Cart Abandoners / Window Shoppers,#F59E0B
9230548.39227179,32,1,0.0,345.0,8,16,1,0.062,0,desktop,Organic Search,0,-0.3,-0.6129,-0.3,-0.6129,0.1897,Cart Abandoners / Window Shoppers,#F59E0B
6690197.82092135,10,3,0.0,338.7,12,6,3,0.5,0,desktop,Direct,0,1.0594,0.7111,1.0594,0.7111,1.5509,Cart Abandoners / Window Shoppers,#F59E0B
7100113.31898471,71,2,0.0,179.0,9,10,1,0.1,0,desktop,Organic Search,0,-0.8868,-0.5626,-0.8868,-0.5626,0.2411,Cart Abandoners / Window Shoppers,#F59E0B
5115492.99891553,57,2,0.0,355.3,12,5,2,0.4,0,mobile,Organic Search,0,-0.3041,0.3506,-0.3041,0.3506,1.1765,Cart Abandoners / Window Shoppers,#F59E0B
1621066.44580999,31,4,0.0,453.0,26,18,2,0.111,0,desktop,Direct,3,0.1249,2.0504,0.1249,2.0504,0.5887,Potential Loyalists,#3B82F6
3705649.47476239,37,1,0.0,157.7,4,7,3,0.429,0,desktop,Referral,0,0.2936,-1.9736,0.2936,-1.9736,1.4085,Cart Abandoners / Window Shoppers,#F59E0B
2027459.72229161,23,1,0.0,236.5,6,15,3,0.2,0,mobile,Organic Search,0,0.5344,-1.2379,0.5344,-1.2379,0.926,Cart Abandoners / Window Shoppers,#F59E0B
1929704.37430803,48,2,0.0,202.0,9,10,2,0.2,0,desktop,Referral,0,-0.2336,-0.4532,-0.2336,-0.4532,0.7358,Cart Abandoners / Window Shoppers,#F59E0B
5434290.50026978,54,12,0.0,1653.3,50,17,3,0.176,0,desktop,Referral,3,0.0859,4.4251,0.0859,4.4251,0.9552,Potential Loyalists,#3B82F6
2445887.70919494,58,2,0.0,248.5,11,14,4,0.286,0,mobile,Paid Search,0,0.2652,-0.0805,0.2652,-0.0805,1.2973,Cart Abandoners / Window Shoppers,#F59E0B
1214042.86536851,41,1,0.0,154.0,5,12,4,0.333,0,mobile,Referral,0,0.4629,-1.8091,0.4629,-1.8091,1.3698,Cart Abandoners / Window Shoppers,#F59E0B
6289742.78669616,71,1,0.0,182.5,5,6,3,0.5,0,mobile,Organic Search,0,-0.0418,-1.6518,-0.0418,-1.6518,1.5736,Cart Abandoners / Window Shoppers,#F59E0B
6181126.98886385,52,1,0.0,251.3,8,15,1,0.067,0,desktop,Display,0,-0.5952,-0.9123,-0.5952,-0.9123,0.2013,Cart Abandoners / Window Shoppers,#F59E0B
4143389.11952830,20,1,0.0,167.6,9,18,1,0.056,0,mobile,Organic Search,0,0.0047,-1.1665,0.0047,-1.1665,0.1722,Cart Abandoners / Window Shoppers,#F59E0B
4337900.79486730,43,2,0.0,552.5,12,4,4,1.0,0,desktop,Referral,0,0.8199,0.7515,0.8199,0.7515,2.6501,Cart Abandoners / Window Shoppers,#F59E0B
1342569.61849928,27,1,0.0,102.8,5,10,1,0.1,0,mobile,Display,0,-0.3423,-2.1603,-0.3423,-2.1603,0.2013,Cart Abandoners / Window Shoppers,#F59E0B
3779032.77336647,45,4,0.0,296.6,17,9,3,0.333,0,desktop,Direct,3,0.1575,1.2203,0.1575,1.2203,1.2419,Potential Loyalists,#3B82F6
7631144.20869146,42,2,0.0,459.7,13,6,1,0.167,0,desktop,Organic Search,3,-0.6811,0.6801,-0.6811,0.6801,0.3646,Potential Loyalists,#3B82F6
5418348.54820945,10,2,0.0,444.8,10,17,3,0.176,0,desktop,Referral,0,1.008,0.3905,1.008,0.3905,0.8762,Cart Abandoners / Window Shoppers,#F59E0B
2665500.13857638,10,4,0.0,549.0,23,11,3,0.273,0,mobile,Organic Search,3,0.9832,2.1144,0.9832,2.1144,1.0921,Potential Loyalists,#3B82F6
2192230.28227913,17,4,0.0,1163.2,28,19,3,0.158,0,mobile,Referral,3,0.7473,3.0055,0.7473,3.0055,0.8834,Potential Loyalists,#3B82F6
5340112.49855888,37,1,0.0,191.6,8,9,1,0.111,0,desktop,Organic Search,0,-0.5442,-1.1561,-0.5442,-1.1561,0.2382,Cart Abandoners / Window Shoppers,#F59E0B
5248966.89676126,57,3,0.0,748.7,20,16,2,0.125,0,desktop,Organic Search,3,-0.2511,1.9403,-0.2511,1.9403,0.6276,Potential Loyalists,#3B82F6
5141362.26384926,20,1,0.0,117.0,6,5,2,0.4,0,mobile,Direct,0,0.2816,-1.8781,0.2816,-1.8781,1.1259,Cart Abandoners / Window Shoppers,#F59E0B
6309864.97709691,31,1,0.0,83.7,3,8,3,0.375,0,desktop,Paid Search,0,0.37,-2.7943,0.37,-2.7943,1.2798,Cart Abandoners / Window Shoppers,#F59E0B
4141340.15577424,31,1,0.0,150.8,5,9,3,0.333,0,desktop,Organic Search,0,0.3577,-1.8199,0.3577,-1.8199,1.2037,Cart Abandoners / Window Shoppers,#F59E0B
4550666.67062971,18,3,0.0,266.1,11,4,2,0.5,0,desktop,Email,0,0.4024,0.4026,0.4024,0.4026,1.355,Cart Abandoners / Window Shoppers,#F59E0B
3959341.57482786,49,1,0.0,249.0,8,11,3,0.273,0,mobile,Organic Search,0,0.0916,-0.93,0.0916,-0.93,1.0994,Cart Abandoners / Window Shoppers,#F59E0B
6605359.14735722,58,1,0.0,94.8,3,14,3,0.214,0,desktop,Paid Search,0,0.0026,-2.689,0.0026,-2.689,0.9569,Cart Abandoners / Window Shoppers,#F59E0B
1307415.71754267,74,2,0.0,561.0,14,12,3,0.25,0,desktop,Organic Search,0,-0.1384,0.9155,-0.1384,0.9155,1.0811,Cart Abandoners / Window Shoppers,#F59E0B
7333688.37405372,73,1,0.0,142.6,4,10,2,0.2,0,mobile,Direct,0,-0.4787,-2.0702,-0.4787,-2.0702,0.7298,Cart Abandoners / Window Shoppers,#F59E0B
8221603.73255060,24,1,0.0,191.5,5,10,4,0.4,0,mobile,Direct,0,0.7857,-1.6006,0.7857,-1.6006,1.5008,Cart Abandoners / Window Shoppers,#F59E0B
4291748.22279803,66,2,0.0,215.8,5,15,3,0.2,0,mobile,Direct,0,-0.0595,-0.946,-0.0595,-0.946,0.9511,Cart Abandoners / Window Shoppers,#F59E0B
1267328.33009223,16,3,0.0,603.8,14,7,2,0.286,0,mobile,Direct,3,0.3759,1.4014,0.3759,1.4014,0.9141,Potential Loyalists,#3B82F6
7329686.67263061,28,2,0.0,183.2,5,6,3,0.5,0,mobile,Display,0,0.4909,-1.0848,0.4909,-1.0848,1.5547,Cart Abandoners / Window Shoppers,#F59E0B
6710853.38322492,67,2,0.0,174.3,9,19,2,0.105,0,desktop,Paid Search,0,-0.3072,-0.5979,-0.3072,-0.5979,0.5692,Cart Abandoners / Window Shoppers,#F59E0B
7781493.17691583,33,3,0.0,520.2,23,18,2,0.111,0,desktop,Paid Search,3,0.0874,1.7489,0.0874,1.7489,0.589,Potential Loyalists,#3B82F6
2259572.54118018,19,1,0.0,173.1,7,18,1,0.056,0,desktop,Organic Search,0,0.0326,-1.3733,0.0326,-1.3733,0.1689,Cart Abandoners / Window Shoppers,#F59E0B
6145772.70277696,30,4,0.0,910.3,30,14,2,0.143,0,desktop,Direct,3,0.0889,2.8487,0.0889,2.8487,0.6525,Potential Loyalists,#3B82F6
4469719.21893314,63,3,0.0,323.0,9,6,4,0.667,0,desktop,Paid Search,0,0.3896,0.3622,0.3896,0.3622,2.0716,Cart Abandoners / Window Shoppers,#F59E0B
1560334.89375393,17,2,0.0,523.1,12,9,1,0.111,0,tablet,Direct,0,-0.1047,0.7291,-0.1047,0.7291,0.2415,Cart Abandoners / Window Shoppers,#F59E0B
6714629.31684514,18,1,0.0,183.1,3,7,4,0.571,0,desktop,Direct,0,1.0294,-2.0694,1.0294,-2.0694,1.8341,Cart Abandoners / Window Shoppers,#F59E0B
5548647.95274547,24,6,0.0,692.6,21,7,1,0.143,0,desktop,Organic Search,3,-0.3354,2.7024,-0.3354,2.7024,0.3221,Potential Loyalists,#3B82F6
8242937.65776792,60,2,0.0,334.8,8,4,1,0.25,0,mobile,Organic Search,0,-0.9054,-0.0865,-0.9054,-0.0865,0.5398,Cart Abandoners / Window Shoppers,#F59E0B
4166469.23835700,51,3,0.0,681.6,20,9,1,0.111,0,desktop,Organic Search,3,-0.7181,1.865,-0.7181,1.865,0.2789,Potential Loyalists,#3B82F6
4677109.35091990,11,3,0.0,936.5,21,12,4,0.333,0,desktop,Organic Search,3,1.2014,2.2089,1.2014,2.2089,1.3851,Potential Loyalists,#3B82F6
3338251.68031689,44,2,0.0,604.6,15,13,2,0.154,0,mobile,Organic Search,3,-0.1476,1.0644,-0.1476,1.0644,0.6643,Potential Loyalists,#3B82F6
5390813.55477593,52,8,0.0,1360.7,33,4,4,1.0,0,desktop,Affiliates,3,0.724,4.0303,0.724,4.0303,2.6859,Potential Loyalists,#3B82F6
5276838.11899419,38,1,0.0,304.5,8,18,3,0.167,0,desktop,Referral,0,0.2775,-0.7429,0.2775,-0.7429,0.8798,Cart Abandoners / Window Shoppers,#F59E0B
1641325.40194987,15,5,0.0,1025.0,34,6,4,0.667,0,mobile,Direct,3,1.2028,3.3371,1.2028,3.3371,2.0717,Potential Loyalists,#3B82F6
9629922.86796170,54,6,0.0,1252.0,32,16,4,0.25,0,desktop,Referral,3,0.318,3.6538,0.318,3.6538,1.261,Potential Loyalists,#3B82F6
8407974.95884611,38,2,0.0,423.4,12,9,4,0.444,0,mobile,Organic Search,0,0.5507,0.5059,0.5507,0.5059,1.6257,Cart Abandoners / Window Shoppers,#F59E0B
8643875.85026112,42,2,0.0,289.2,11,9,3,0.333,0,mobile,Direct,0,0.1912,0.0701,0.1912,0.0701,1.2312,Cart Abandoners / Window Shoppers,#F59E0B
5403338.24671080,36,1,0.0,185.8,8,19,3,0.158,0,desktop,Referral,0,0.3167,-1.201,0.3167,-1.201,0.8545,Cart Abandoners / Window Shoppers,#F59E0B
4400987.34097575,27,1,0.0,282.4,7,4,3,0.75,0,mobile,Organic Search,0,0.6649,-0.93,0.6649,-0.93,2.04,Cart Abandoners / Window Shoppers,#F59E0B
7519916.56863443,22,1,0.0,230.5,6,8,1,0.125,0,mobile,Direct,0,-0.2773,-1.2452,-0.2773,-1.2452,0.2489,Cart Abandoners / Window Shoppers,#F59E0B
9890782.34368542,18,2,0.0,363.1,9,11,1,0.091,0,mobile,Direct,0,-0.0867,0.1087,-0.0867,0.1087,0.2069,Cart Abandoners / Window Shoppers,#F59E0B
7799393.26104521,24,2,0.0,363.5,10,5,4,0.8,0,desktop,Paid Search,0,1.0185,0.1919,1.0185,0.1919,2.2909,Cart Abandoners / Window Shoppers,#F59E0B
1821390.70875479,45,4,0.0,794.0,19,17,3,0.176,0,desktop,Direct,3,0.1818,2.2448,0.1818,2.2448,0.9301,Potential Loyalists,#3B82F6
8206216.83957534,42,4,0.0,651.3,31,18,1,0.056,0,desktop,Organic Search,3,-0.4009,2.5715,-0.4009,2.5715,0.2293,Potential Loyalists,#3B82F6
5092432.53359158,47,3,0.0,740.7,21,8,4,0.5,0,mobile,Organic Search,3,0.4618,1.9754,0.4618,1.9754,1.7609,Potential Loyalists,#3B82F6
1112165.18790933,41,1,0.0,224.9,6,7,3,0.429,0,desktop,Organic Search,0,0.2362,-1.2881,0.2362,-1.2881,1.4198,Cart Abandoners / Window Shoppers,#F59E0B
3289092.96867027,24,1,0.0,103.4,4,16,3,0.188,0,desktop,Referral,0,0.5181,-2.3624,0.5181,-2.3624,0.8881,Cart Abandoners / Window Shoppers,#F59E0B
9150308.93325001,38,1,0.0,96.8,3,16,1,0.062,0,desktop,Organic Search,0,-0.3993,-2.6544,-0.3993,-2.6544,0.1667,Cart Abandoners / Window Shoppers,#F59E0B
5386054.60624922,54,12,0.0,1234.9,65,5,2,0.4,0,desktop,Referral,3,-0.2592,4.4233,-0.2592,4.4233,1.2159,Potential Loyalists,#3B82F6
7718703.64106955,50,2,0.0,381.9,12,16,1,0.062,0,desktop,Organic Search,0,-0.5487,0.4201,-0.5487,0.4201,0.2092,Cart Abandoners / Window Shoppers,#F59E0B
4970136.45855261,73,1,0.0,227.4,5,11,3,0.273,0,mobile,Direct,0,-0.1374,-1.4498,-0.1374,-1.4498,1.1029,Cart Abandoners / Window Shoppers,#F59E0B
1070712.33569703,32,1,0.0,201.9,6,13,1,0.077,0,desktop,Direct,0,-0.3651,-1.3758,-0.3651,-1.3758,0.19,Cart Abandoners / Window Shoppers,#F59E0B
6448659.24985352,35,1,0.0,138.5,7,19,3,0.158,0,desktop,Organic Search,0,0.3323,-1.598,0.3323,-1.598,0.8484,Cart Abandoners / Window Shoppers,#F59E0B
3544526.81462754,63,1,0.0,112.4,4,13,1,0.077,0,desktop,Organic Search,0,-0.7513,-2.2834,-0.7513,-2.2834,0.1941,Cart Abandoners / Window Shoppers,#F59E0B
2250503.68500217,60,1,0.0,358.5,8,5,4,0.8,0,desktop,Organic Search,0,0.4954,-0.5976,0.4954,-0.5976,2.3069,Cart Abandoners / Window Shoppers,#F59E0B
7174945.71717301,73,2,0.0,373.1,13,8,4,0.5,0,desktop,Referral,0,0.2061,0.4598,0.2061,0.4598,1.7543,Cart Abandoners / Window Shoppers,#F59E0B
6504166.88089474,48,1,0.0,262.2,8,18,4,0.222,0,desktop,Direct,0,0.3772,-0.8884,0.3772,-0.8884,1.1533,Cart Abandoners / Window Shoppers,#F59E0B
3225619.60235666,50,2,0.0,235.7,5,19,2,0.105,0,desktop,Direct,0,-0.1409,-0.8578,-0.1409,-0.8578,0.5605,Cart Abandoners / Window Shoppers,#F59E0B
1424525.40450164,63,1,0.0,192.4,6,17,4,0.235,0,desktop,Direct,0,0.217,-1.4455,0.217,-1.4455,1.1793,Cart Abandoners / Window Shoppers,#F59E0B
8337314.88875491,50,5,0.0,899.4,24,11,1,0.091,0,mobile,Direct,3,-0.6525,2.8599,-0.6525,2.8599,0.2597,Potential Loyalists,#3B82F6
7278513.97099956,17,3,0.0,289.1,14,6,1,0.167,0,mobile,Organic Search,0,-0.1718,0.7249,-0.1718,0.7249,0.34,Cart Abandoners / Window Shoppers,#F59E0B
2150989.26501115,37,1,0.0,170.4,4,9,3,0.333,0,desktop,Display,0,0.2573,-1.9026,0.2573,-1.9026,1.2074,Cart Abandoners / Window Shoppers,#F59E0B
8042277.70840291,16,1,0.0,125.8,5,18,1,0.056,0,mobile,Organic Search,0,0.1265,-1.9726,0.1265,-1.9726,0.1571,Cart Abandoners / Window Shoppers,#F59E0B
4470232.49457058,55,1,0.0,239.0,6,4,2,0.5,0,mobile,Organic Search,0,-0.234,-1.2278,-0.234,-1.2278,1.3681,Cart Abandoners / Window Shoppers,#F59E0B
8064763.78911672,63,1,0.0,278.7,6,16,2,0.125,0,desktop,Direct,0,-0.3174,-1.0925,-0.3174,-1.0925,0.598,Cart Abandoners / Window Shoppers,#F59E0B
8717735.15935800,52,2,0.0,364.2,12,7,4,0.571,0,desktop,Organic Search,0,0.439,0.3627,0.439,0.3627,1.8856,Cart Abandoners / Window Shoppers,#F59E0B
2411783.40270277,41,1,0.0,251.3,6,10,2,0.2,0,mobile,Organic Search,0,-0.1484,-1.1807,-0.1484,-1.1807,0.7278,Cart Abandoners / Window Shoppers,#F59E0B
5331937.21475439,67,6,0.0,598.9,19,15,2,0.133,0,desktop,Organic Search,3,-0.3532,2.4422,-0.3532,2.4422,0.6451,Potential Loyalists,#3B82F6
7913860.50062194,10,1,0.0,268.8,5,17,4,0.235,0,desktop,Organic Search,0,1.2412,-1.2785,1.2412,-1.2785,1.1393,Cart Abandoners / Window Shoppers,#F59E0B
9612366.93529201,54,1,0.0,90.9,2,5,2,0.4,0,desktop,Direct,0,-0.2804,-3.0231,-0.2804,-3.0231,1.1359,Cart Abandoners / Window Shoppers,#F59E0B
6970786.85940800,13,1,0.0,207.4,10,5,2,0.4,0,mobile,Organic Search,0,0.5186,-0.8628,0.5186,-0.8628,1.1292,Cart Abandoners / Window Shoppers,#F59E0B
6891528.19161034,21,3,0.0,667.3,23,6,3,0.5,0,desktop,Organic Search,3,0.6576,1.9853,0.6576,1.9853,1.5844,Potential Loyalists,#3B82F6
9602188.70585308,12,2,0.0,339.3,11,16,2,0.125,0,desktop,Paid Search,0,0.6148,0.2347,0.6148,0.2347,0.5714,Cart Abandoners / Window Shoppers,#F59E0B
2140047.61976518,11,1,0.0,121.7,3,17,1,0.059,0,desktop,Paid Search,0,0.3081,-2.4297,0.3081,-2.4297,0.1426,Cart Abandoners / Window Shoppers,#F59E0B
6539649.45023402,53,1,0.0,323.2,8,12,2,0.167,0,desktop,Direct,0,-0.2712,-0.6839,-0.2712,-0.6839,0.675,Cart Abandoners / Window Shoppers,#F59E0B
7383366.83162483,63,1,0.0,148.0,5,11,4,0.364,0,desktop,Direct,0,0.2269,-1.8506,0.2269,-1.8506,1.4451,Cart Abandoners / Window Shoppers,#F59E0B
4465487.53876651,31,1,0.0,133.9,7,9,1,0.111,0,mobile,Direct,0,-0.4445,-1.6111,-0.4445,-1.6111,0.2277,Cart Abandoners / Window Shoppers,#F59E0B
6279810.66181056,73,1,0.0,182.4,6,11,3,0.273,0,desktop,Direct,0,-0.1371,-1.4904,-0.1371,-1.4904,1.1016,Cart Abandoners / Window Shoppers,#F59E0B
5044663.59349563,49,2,0.0,253.2,9,18,1,0.056,0,desktop,Organic Search,0,-0.4961,-0.2413,-0.4961,-0.2413,0.2022,Cart Abandoners / Window Shoppers,#F59E0B
1629686.48403746,47,1,0.0,363.2,8,18,1,0.056,0,desktop,Organic Search,0,-0.4762,-0.5706,-0.4762,-0.5706,0.2019,Cart Abandoners / Window Shoppers,#F59E0B
4458406.34217874,44,2,0.0,616.0,13,4,1,0.25,0,desktop,Direct,3,-0.7273,0.9536,-0.7273,0.9536,0.5461,Potential Loyalists,#3B82F6
1015801.79304030,72,5,0.0,339.2,21,16,3,0.188,0,mobile,Direct,3,-0.0918,1.7987,-0.0918,1.7987,0.9565,Potential Loyalists,#3B82F6
7449349.78727437,60,1,0.0,393.3,9,10,1,0.1,0,desktop,Organic Search,0,-0.7938,-0.3827,-0.7938,-0.3827,0.2449,Cart Abandoners / Window Shoppers,#F59E0B
9037964.26076115,32,2,0.0,518.9,15,9,3,0.333,0,desktop,Organic Search,0,0.3459,0.9224,0.3459,0.9224,1.2363,Cart Abandoners / Window Shoppers,#F59E0B
7493763.90056143,35,1,0.0,89.4,3,12,4,0.333,0,desktop,Organic Search,0,0.5516,-2.7408,0.5516,-2.7408,1.3538,Cart Abandoners / Window Shoppers,#F59E0B
6329188.32237711,59,1,0.0,205.8,6,15,3,0.2,0,mobile,Organic Search,0,0.0013,-1.3776,0.0013,-1.3776,0.9464,Cart Abandoners / Window Shoppers,#F59E0B
4417521.12381920,52,1,0.0,73.9,3,5,3,0.6,0,desktop,Organic Search,0,0.1945,-2.9141,0.1945,-2.9141,1.7471,Cart Abandoners / Window Shoppers,#F59E0B
8440620.38700324,40,1,0.0,129.0,3,16,3,0.188,0,mobile,Direct,0,0.2298,-2.4011,0.2298,-2.4011,0.9006,Cart Abandoners / Window Shoppers,#F59E0B
1603720.49752795,54,18,0.0,3660.3,85,11,4,0.364,0,mobile,Paid Search,3,0.3346,4.423,0.3346,4.423,1.5068,Potential Loyalists,#3B82F6
6720968.85557122,47,3,0.0,533.5,19,12,4,0.333,0,mobile,Affiliates,3,0.3945,1.5677,0.3945,1.5677,1.4099,Potential Loyalists,#3B82F6
2307521.61849087,14,2,0.0,362.3,8,16,2,0.125,0,desktop,Organic Search,0,0.531,-0.0119,0.531,-0.0119,0.5724,Cart Abandoners / Window Shoppers,#F59E0B
5035999.17552427,41,1,0.0,277.9,8,15,4,0.267,0,desktop,Direct,0,0.4589,-0.8316,0.4589,-0.8316,1.2442,Cart Abandoners / Window Shoppers,#F59E0B
7245412.28971656,31,2,0.0,450.5,14,9,1,0.111,0,mobile,Organic Search,3,-0.4391,0.7356,-0.4391,0.7356,0.2551,Potential Loyalists,#3B82F6
3477212.75250744,23,1,0.0,209.3,7,14,4,0.286,0,desktop,Organic Search,0,0.7839,-1.2131,0.7839,-1.2131,1.2651,Cart Abandoners / Window Shoppers,#F59E0B
7315926.54275370,22,2,0.0,478.3,10,7,1,0.143,0,desktop,Affiliates,0,-0.2963,0.467,-0.2963,0.467,0.3002,Cart Abandoners / Window Shoppers,#F59E0B
6453143.64640947,19,2,0.0,315.3,9,17,1,0.059,0,mobile,Direct,0,0.0169,-0.0264,0.0169,-0.0264,0.1822,Cart Abandoners / Window Shoppers,#F59E0B
9117068.22885433,73,2,0.0,349.2,8,17,3,0.176,0,desktop,Direct,0,-0.1014,-0.0701,-0.1014,-0.0701,0.9169,Cart Abandoners / Window Shoppers,#F59E0B
1187558.62201817,67,2,0.0,294.5,6,6,4,0.667,0,desktop,Direct,0,0.3509,-0.4957,0.3509,-0.4957,2.0653,Cart Abandoners / Window Shoppers,#F59E0B
3915452.72523503,10,1,0.0,242.9,8,17,2,0.118,0,desktop,Referral,0,0.7222,-0.9328,0.7222,-0.9328,0.5455,Cart Abandoners / Window Shoppers,#F59E0B
1427683.54335073,24,1,0.0,103.9,4,5,2,0.4,0,desktop,Organic Search,0,0.1794,-2.3475,0.1794,-2.3475,1.1245,Cart Abandoners / Window Shoppers,#F59E0B
4355526.85167196,44,1,0.0,289.2,7,18,1,0.056,0,mobile,Organic Search,0,-0.439,-0.9067,-0.439,-0.9067,0.1958,Cart Abandoners / Window Shoppers,#F59E0B
6327817.94694048,49,1,0.0,325.1,9,9,4,0.444,0,mobile,Organic Search,0,0.4018,-0.5742,0.4018,-0.5742,1.6218,Cart Abandoners / Window Shoppers,#F59E0B
6208404.11368294,31,1,0.0,248.4,6,4,2,0.5,0,mobile,Organic Search,0,0.0916,-1.1854,0.0916,-1.1854,1.355,Cart Abandoners / Window Shoppers,#F59E0B
3757687.54395918,63,3,0.0,657.5,20,11,1,0.091,0,desktop,Direct,3,-0.7888,1.8276,-0.7888,1.8276,0.2557,Potential Loyalists,#3B82F6
5098633.14892667,15,1,0.0,86.6,4,14,2,0.143,0,mobile,Referral,0,0.4607,-2.5149,0.4607,-2.5149,0.5752,Cart Abandoners / Window Shoppers,#F59E0B
3951369.28390208,33,3,0.0,742.6,18,17,3,0.176,0,desktop,Organic Search,3,0.3554,1.8273,0.3554,1.8273,0.9195,Potential Loyalists,#3B82F6
5240269.42676657,23,2,0.0,431.0,11,8,1,0.125,0,desktop,Direct,0,-0.2971,0.4614,-0.2971,0.4614,0.2681,Cart Abandoners / Window Shoppers,#F59E0B
8090600.66817181,36,2,0.0,377.4,13,8,1,0.125,0,desktop,Organic Search,0,-0.5486,0.4968,-0.5486,0.4968,0.2786,Cart Abandoners / Window Shoppers,#F59E0B
6724019.72402529,39,2,0.0,221.2,11,16,2,0.125,0,mobile,Organic Search,0,-0.0391,-0.1757,-0.0391,-0.1757,0.5927,Cart Abandoners / Window Shoppers,#F59E0B
5001759.40093393,43,18,0.0,1832.7,107,12,1,0.083,0,desktop,Organic Search,3,-0.5374,4.4417,-0.5374,4.4417,0.261,Potential Loyalists,#3B82F6
2611542.43424789,63,3,0.0,439.7,12,18,1,0.056,0,desktop,Organic Search,3,-0.6364,0.9396,-0.6364,0.9396,0.2213,Potential Loyalists,#3B82F6
3045591.47761642,28,1,0.0,359.6,10,12,1,0.083,0,mobile,Direct,0,-0.3129,-0.3573,-0.3129,-0.3573,0.205,Cart Abandoners / Window Shoppers,#F59E0B
7805195.92480821,32,1,0.0,376.5,8,6,1,0.167,0,desktop,Organic Search,0,-0.5318,-0.5249,-0.5318,-0.5249,0.3471,Cart Abandoners / Window Shoppers,#F59E0B
3591496.41434416,55,1,0.0,328.3,8,11,3,0.273,0,mobile,Direct,0,0.0257,-0.6746,0.0257,-0.6746,1.106,Cart Abandoners / Window Shoppers,#F59E0B
7284046.91029621,52,3,0.0,346.7,13,15,2,0.133,0,mobile,Organic Search,0,-0.2143,0.7948,-0.2143,0.7948,0.6229,Cart Abandoners / Window Shoppers,#F59E0B
2327506.52897300,58,3,0.0,503.6,14,4,1,0.25,0,desktop,Direct,3,-0.8822,1.2286,-0.8822,1.2286,0.5529,Potential Loyalists,#3B82F6
2272682.39208221,50,1,0.0,73.9,3,15,3,0.2,0,desktop,Organic Search,0,0.0943,-2.917,0.0943,-2.917,0.9217,Cart Abandoners / Window Shoppers,#F59E0B
8592455.47271681,21,2,0.0,164.0,9,7,1,0.143,0,mobile,Organic Search,0,-0.2709,-0.6274,-0.2709,-0.6274,0.2831,Cart Abandoners / Window Shoppers,#F59E0B
6892094.53247141,46,1,0.0,228.8,6,5,1,0.2,0,desktop,Referral,0,-0.7547,-1.2578,-0.7547,-1.2578,0.4138,Cart Abandoners / Window Shoppers,#F59E0B
2315799.57420515,52,2,0.0,470.5,13,13,4,0.308,0,desktop,Direct,0,0.33,0.678,0.33,0.678,1.3518,Cart Abandoners / Window Shoppers,#F59E0B
9166226.86023514,37,1,0.0,113.9,2,19,4,0.211,0,desktop,Paid Search,0,0.5284,-2.826,0.5284,-2.826,1.1009,Cart Abandoners / Window Shoppers,#F59E0B
8654523.26593049,54,5,0.0,956.1,23,8,3,0.375,0,desktop,Organic Search,3,0.0695,2.8614,0.0695,2.8614,1.3564,Potential Loyalists,#3B82F6
5974060.10272727,58,3,0.0,628.6,14,15,1,0.067,0,desktop,Direct,3,-0.6499,1.4266,-0.6499,1.4266,0.2281,Potential Loyalists,#3B82F6
4326976.61773555,71,1,0.0,243.8,8,12,3,0.25,0,desktop,Direct,0,-0.1197,-0.9542,-0.1197,-0.9542,1.0593,Cart Abandoners / Window Shoppers,#F59E0B
3001022.99106128,46,1,0.0,162.5,3,17,4,0.235,0,desktop,Organic Search,0,0.3954,-2.1933,0.3954,-2.1933,1.1629,Cart Abandoners / Window Shoppers,#F59E0B
4051364.66488721,27,2,0.0,419.4,10,4,1,0.25,0,desktop,Paid Search,0,-0.4519,0.3453,-0.4519,0.3453,0.5264,Cart Abandoners / Window Shoppers,#F59E0B
7265749.37270929,71,2,0.0,230.8,13,19,1,0.053,0,desktop,Referral,0,-0.6888,0.0257,-0.6888,0.0257,0.214,Cart Abandoners / Window Shoppers,#F59E0B
2832600.11386149,11,1,0.0,161.3,7,16,4,0.25,0,desktop,Referral,0,1.1886,-1.447,1.1886,-1.447,1.169,Cart Abandoners / Window Shoppers,#F59E0B
7780794.29664629,45,2,0.0,324.7,7,19,1,0.053,0,desktop,Organic Search,0,-0.4293,-0.2471,-0.4293,-0.2471,0.2013,Cart Abandoners / Window Shoppers,#F59E0B
9753600.53529137,39,1,0.0,178.1,4,10,1,0.1,0,desktop,Referral,0,-0.55,-1.8501,-0.55,-1.8501,0.2155,Cart Abandoners / Window Shoppers,#F59E0B
7560075.24894615,28,3,0.0,859.9,23,4,4,1.0,0,mobile,Organic Search,3,1.0665,2.212,1.0665,2.212,2.6556,Potential Loyalists,#3B82F6
1698947.97019490,43,12,0.0,2655.9,71,10,1,0.1,0,mobile,Direct,3,-0.5856,4.443,-0.5856,4.443,0.2827,Potential Loyalists,#3B82F6
3278875.13387238,67,1,0.0,394.1,9,16,1,0.062,0,mobile,Organic Search,0,-0.7204,-0.3858,-0.7204,-0.3858,0.2104,Cart Abandoners / Window Shoppers,#F59E0B
2066496.89591420,60,3,0.0,559.3,20,5,2,0.4,0,mobile,Referral,3,-0.3296,1.6739,-0.3296,1.6739,1.1919,Potential Loyalists,#3B82F6
6276589.66244497,64,1,0.0,231.8,7,14,1,0.071,0,desktop,Direct,0,-0.7375,-1.1143,-0.7375,-1.1143,0.2041,Cart Abandoners / Window Shoppers,#F59E0B
3255950.86326251,31,3,0.0,422.4,22,6,1,0.167,0,mobile,Organic Search,3,-0.5055,1.5248,-0.5055,1.5248,0.3643,Potential Loyalists,#3B82F6
3723571.12581172,32,4,0.0,922.0,25,10,2,0.2,0,tablet,Paid Search,3,0.0035,2.6749,0.0035,2.6749,0.7626,Potential Loyalists,#3B82F6
8052298.67629851,10,1,0.0,280.1,10,10,4,0.4,0,mobile,Referral,0,1.2648,-0.5938,1.2648,-0.5938,1.4932,Cart Abandoners / Window Shoppers,#F59E0B
2715548.71920114,40,4,0.0,768.6,23,7,1,0.143,0,desktop,Organic Search,3,-0.6261,2.4273,-0.6261,2.4273,0.334,Potential Loyalists,#3B82F6
7789773.60390112,21,1,0.0,322.5,7,15,3,0.2,0,desktop,Organic Search,0,0.5853,-0.807,0.5853,-0.807,0.9298,Cart Abandoners / Window Shoppers,#F59E0B
6721077.19612917,12,1,0.0,220.4,5,12,1,0.083,0,desktop,Organic Search,0,0.1524,-1.4468,0.1524,-1.4468,0.1716,Cart Abandoners / Window Shoppers,#F59E0B
8317238.73096671,74,1,0.0,306.4,9,8,4,0.5,0,desktop,Organic Search,0,0.1938,-0.6338,0.1938,-0.6338,1.7448,Cart Abandoners / Window Shoppers,#F59E0B
2140976.93570743,11,1,0.0,227.3,6,16,3,0.188,0,tablet,Direct,0,0.946,-1.267,0.946,-1.267,0.8851,Cart Abandoners / Window Shoppers,#F59E0B
9781051.91460049,49,4,0.0,688.6,20,18,1,0.056,0,desktop,Organic Search,3,-0.4896,2.1738,-0.4896,2.1738,0.2289,Potential Loyalists,#3B82F6
4484597.97058433,40,2,0.0,392.5,16,11,1,0.091,0,desktop,Direct,3,-0.533,0.7362,-0.533,0.7362,0.2329,Potential Loyalists,#3B82F6
6275458.88587905,42,5,0.0,715.3,17,15,2,0.133,0,tablet,Referral,3,-0.0882,2.2906,-0.0882,2.2906,0.634,Potential Loyalists,#3B82F6
8737218.73788201,31,1,0.0,293.8,7,7,3,0.429,0,mobile,Direct,0,0.3948,-0.8949,0.3948,-0.8949,1.4185,Cart Abandoners / Window Shoppers,#F59E0B
1478036.25849592,19,3,0.0,536.2,14,5,1,0.2,0,desktop,Organic Search,3,-0.2494,1.2987,-0.2494,1.2987,0.4192,Potential Loyalists,#3B82F6
7464248.99831719,48,1,0.0,164.7,6,7,2,0.286,0,desktop,Referral,0,-0.2483,-1.5726,-0.2483,-1.5726,0.9074,Cart Abandoners / Window Shoppers,#F59E0B
1987306.29742141,44,1,0.0,283.1,8,7,2,0.286,0,desktop,Direct,0,-0.1981,-0.8021,-0.1981,-0.8021,0.9158,Cart Abandoners / Window Shoppers,#F59E0B
2190697.44623639,67,1,0.0,145.0,3,19,2,0.105,0,desktop,Direct,0,-0.313,-2.2952,-0.313,-2.2952,0.5528,Cart Abandoners / Window Shoppers,#F59E0B
7274180.94592309,49,1,0.0,224.6,6,7,1,0.143,0,desktop,Organic Search,0,-0.7529,-1.2775,-0.7529,-1.2775,0.3001,Cart Abandoners / Window Shoppers,#F59E0B
3422909.99495250,36,2,0.0,274.4,15,9,2,0.222,0,mobile,Direct,0,-0.0774,0.3346,-0.0774,0.3346,0.7841,Cart Abandoners / Window Shoppers,#F59E0B
5026608.37904367,71,5,0.0,380.2,17,7,2,0.286,0,desktop,Referral,3,-0.4599,1.701,-0.4599,1.701,0.948,Potential Loyalists,#3B82F6
8070026.94482881,37,1,0.0,135.4,3,19,1,0.053,0,desktop,Direct,0,-0.3236,-2.3455,-0.3236,-2.3455,0.1732,Cart Abandoners / Window Shoppers,#F59E0B
3608452.24601057,18,1,0.0,211.3,8,19,4,0.211,0,mobile,Direct,0,0.9342,-1.0778,0.9342,-1.0778,1.1054,Cart Abandoners / Window Shoppers,#F59E0B
4470036.31137207,65,1,0.0,358.9,10,5,2,0.4,0,desktop,Organic Search,0,-0.3833,-0.3719,-0.3833,-0.3719,1.1746,Cart Abandoners / Window Shoppers,#F59E0B
2905555.15516931,66,1,0.0,392.5,9,19,1,0.053,0,mobile,Organic Search,0,-0.6512,-0.3908,-0.6512,-0.3908,0.2126,Cart Abandoners / Window Shoppers,#F59E0B
3492555.71990759,63,1,0.0,297.1,7,7,2,0.286,0,desktop,Direct,0,-0.4032,-0.8866,-0.4032,-0.8866,0.9237,Cart Abandoners / Window Shoppers,#F59E0B
8328116.16558405,69,4,0.0,868.7,24,12,1,0.083,0,mobile,Direct,3,-0.8152,2.5747,-0.8152,2.5747,0.2555,Potential Loyalists,#3B82F6
1824276.59868236,33,4,0.0,751.5,25,14,2,0.143,0,desktop,Referral,3,0.0347,2.4822,0.0347,2.4822,0.65,Potential Loyalists,#3B82F6
8078341.49433361,73,3,0.0,751.5,20,17,4,0.235,0,desktop,Organic Search,3,0.1417,1.9317,0.1417,1.9317,1.22,Potential Loyalists,#3B82F6
7335728.37700307,65,2,0.0,372.0,9,7,1,0.143,0,desktop,Organic Search,0,-0.9098,0.1197,-0.9098,0.1197,0.3212,Cart Abandoners / Window Shoppers,#F59E0B
2013686.75552993,46,1,0.0,262.3,8,5,3,0.6,0,mobile,Organic Search,0,0.2665,-0.8792,0.2665,-0.8792,1.7713,Cart Abandoners / Window Shoppers,#F59E0B
8659339.67646888,67,3,0.0,689.3,17,6,1,0.167,0,desktop,Display,3,-0.9444,1.7109,-0.9444,1.7109,0.3866,Potential Loyalists,#3B82F6
8559780.41934202,64,5,0.0,551.3,27,5,1,0.2,0,mobile,Organic Search,3,-0.9301,2.527,-0.9301,2.527,0.4587,Potential Loyalists,#3B82F6
6593293.29207781,25,2,0.0,430.3,13,18,2,0.111,0,mobile,Organic Search,0,0.2396,0.6104,0.2396,0.6104,0.5713,Cart Abandoners / Window Shoppers,#F59E0B
4798152.85066534,21,3,0.0,601.8,16,19,2,0.105,0,mobile,Organic Search,3,0.3534,1.5225,0.3534,1.5225,0.5675,Potential Loyalists,#3B82F6
4654568.68374057,60,1,0.0,202.0,6,6,4,0.667,0,mobile,Paid Search,0,0.4103,-1.3971,0.4103,-1.3971,2.0543,Cart Abandoners / Window Shoppers,#F59E0B
9388102.98406917,13,3,0.0,416.6,21,14,4,0.286,0,mobile,Paid Search,3,1.1061,1.4529,1.1061,1.4529,1.2788,Potential Loyalists,#3B82F6
5681897.27442676,29,3,0.0,235.8,11,14,4,0.286,0,desktop,Direct,0,0.6613,0.2709,0.6613,0.2709,1.2824,Cart Abandoners / Window Shoppers,#F59E0B
2801576.96848712,71,1,0.0,336.4,10,9,1,0.111,0,desktop,Organic Search,0,-0.9154,-0.4278,-0.9154,-0.4278,0.264,Cart Abandoners / Window Shoppers,#F59E0B
9198080.95480425,17,1,0.0,194.1,4,6,1,0.167,0,desktop,Direct,0,-0.1806,-1.7577,-0.1806,-1.7577,0.3162,Cart Abandoners / Window Shoppers,#F59E0B
2491445.92635405,46,2,0.0,477.4,13,5,2,0.4,0,mobile,Organic Search,0,-0.1815,0.7064,-0.1815,0.7064,1.1763,Cart Abandoners / Window Shoppers,#F59E0B
6399593.48121736,53,2,0.0,385.2,9,5,3,0.6,0,mobile,Referral,0,0.1897,0.1409,0.1897,0.1409,1.7844,Cart Abandoners / Window Shoppers,#F59E0B
6065204.80556912,49,3,0.0,865.4,19,14,1,0.071,0,desktop,Organic Search,3,-0.5762,2.0324,-0.5762,2.0324,0.2322,Potential Loyalists,#3B82F6
7128709.53728461,17,2,0.0,684.9,15,8,3,0.375,0,mobile,Display,0,0.712,1.188,0.712,1.188,1.3144,Cart Abandoners / Window Shoppers,#F59E0B
2395680.83788747,19,3,0.0,204.0,10,9,2,0.222,0,mobile,Organic Search,0,0.2822,0.0606,0.2822,0.0606,0.7629,Cart Abandoners / Window Shoppers,#F59E0B
3810877.33723942,19,3,0.0,276.8,9,18,1,0.056,0,mobile,Organic Search,0,0.0396,0.2443,0.0396,0.2443,0.1834,Cart Abandoners / Window Shoppers,#F59E0B
2251562.78546968,51,1,0.0,123.0,5,10,3,0.3,0,desktop,Direct,0,0.0692,-2.0145,0.0692,-2.0145,1.1428,Cart Abandoners / Window Shoppers,#F59E0B
6840278.24533336,55,3,0.0,365.0,15,18,1,0.056,0,desktop,Direct,3,-0.5583,0.9889,-0.5583,0.9889,0.2178,Potential Loyalists,#3B82F6
7831571.36378871,54,1,0.0,162.0,4,15,1,0.067,0,mobile,Organic Search,0,-0.6181,-1.9447,-0.6181,-1.9447,0.1892,Cart Abandoners / Window Shoppers,#F59E0B
7210936.48428323,72,2,0.0,296.0,8,7,4,0.571,0,mobile,Affiliates,0,0.2519,-0.2246,0.2519,-0.2246,1.8862,Cart Abandoners / Window Shoppers,#F59E0B
6234203.23482868,68,1,0.0,246.2,6,18,1,0.056,0,desktop,Organic Search,0,-0.688,-1.2031,-0.688,-1.2031,0.2024,Cart Abandoners / Window Shoppers,#F59E0B
2815940.34817601,57,2,0.0,401.9,16,10,3,0.3,0,desktop,Organic Search,0,0.012,0.7423,0.012,0.7423,1.1773,Cart Abandoners / Window Shoppers,#F59E0B
5156020.74365467,60,12,0.0,1438.1,80,12,1,0.083,0,mobile,Organic Search,3,-0.7275,4.4378,-0.7275,4.4378,0.269,Potential Loyalists,#3B82F6
5235430.74039458,23,3,0.0,293.6,13,9,3,0.333,0,desktop,Organic Search,0,0.5334,0.6471,0.5334,0.6471,1.2213,Cart Abandoners / Window Shoppers,#F59E0B
5465918.85290294,67,3,0.0,432.8,15,7,4,0.571,0,desktop,Organic Search,0,0.2972,1.1331,0.2972,1.1331,1.8987,Cart Abandoners / Window Shoppers,#F59E0B
1020906.91739472,54,1,0.0,200.8,4,13,3,0.231,0,desktop,Organic Search,0,0.0396,-1.7564,0.0396,-1.7564,1.0037,Cart Abandoners / Window Shoppers,#F59E0B
2410281.33090094,13,2,0.0,254.6,9,13,3,0.231,0,desktop,Referral,0,0.8409,-0.2304,0.8409,-0.2304,0.9849,Cart Abandoners / Window Shoppers,#F59E0B
7892774.76935050,31,1,0.0,363.7,8,7,1,0.143,0,mobile,Direct,0,-0.4926,-0.5576,-0.4926,-0.5576,0.2989,Cart Abandoners / Window Shoppers,#F59E0B
6744719.24060643,55,3,0.0,564.2,20,7,4,0.571,0,desktop,Organic Search,3,0.4108,1.671,0.4108,1.671,1.9009,Potential Loyalists,#3B82F6
2372188.70878017,47,3,0.0,741.2,18,14,4,0.286,0,mobile,Direct,3,0.3892,1.8185,0.3892,1.8185,1.3152,Potential Loyalists,#3B82F6
7045664.11658792,16,1,0.0,93.6,3,11,2,0.182,0,desktop,Organic Search,0,0.387,-2.6797,0.387,-2.6797,0.6494,Cart Abandoners / Window Shoppers,#F59E0B
4159493.13332775,27,1,0.0,333.4,8,13,2,0.154,0,mobile,Organic Search,0,0.1234,-0.6478,0.1234,-0.6478,0.6346,Cart Abandoners / Window Shoppers,#F59E0B
8512960.85259633,58,2,0.0,393.4,14,17,3,0.176,0,desktop,Paid Search,0,0.0315,0.5864,0.0315,0.5864,0.919,Cart Abandoners / Window Shoppers,#F59E0B
2086166.75059965,38,2,0.0,248.8,8,5,2,0.4,0,mobile,Direct,0,-0.0741,-0.3666,-0.0741,-0.3666,1.1575,Cart Abandoners / Window Shoppers,#F59E0B
1673951.36902093,70,1,0.0,136.1,3,15,3,0.2,0,desktop,Organic Search,0,-0.098,-2.3576,-0.098,-2.3576,0.9382,Cart Abandoners / Window Shoppers,#F59E0B
7765627.77398977,28,1,0.0,114.4,6,14,3,0.214,0,mobile,Organic Search,0,0.417,-1.9123,0.417,-1.9123,0.9487,Cart Abandoners / Window Shoppers,#F59E0B
9082422.38163751,31,2,0.0,436.0,13,6,3,0.5,0,mobile,Organic Search,0,0.4357,0.6198,0.4357,0.6198,1.5791,Cart Abandoners / Window Shoppers,#F59E0B
5862325.60273362,14,4,0.0,687.6,17,13,3,0.231,0,desktop,Direct,3,0.807,2.0135,0.807,2.0135,1.0114,Potential Loyalists,#3B82F6
4038535.79676772,10,1,0.0,212.5,7,9,4,0.444,0,mobile,Direct,0,1.2821,-1.1884,1.2821,-1.1884,1.5764,Cart Abandoners / Window Shoppers,#F59E0B
5440801.27231118,10,1,0.0,369.6,9,7,3,0.429,0,desktop,Referral,0,1.0165,-0.4319,1.0165,-0.4319,1.3983,Cart Abandoners / Window Shoppers,#F59E0B
4728481.42689356,50,1,0.0,329.0,8,14,1,0.071,0,desktop,Direct,0,-0.596,-0.6611,-0.596,-0.6611,0.2044,Cart Abandoners / Window Shoppers,#F59E0B
8988024.41766301,44,1,0.0,266.1,6,18,3,0.167,0,desktop,Organic Search,0,0.1937,-1.137,0.1937,-1.137,0.8785,Cart Abandoners / Window Shoppers,#F59E0B
9237933.70555458,18,1,0.0,218.7,7,18,1,0.056,0,desktop,Referral,0,0.0625,-1.1559,0.0625,-1.1559,0.1709,Cart Abandoners / Window Shoppers,#F59E0B
5096353.29473923,34,4,0.0,770.9,26,9,3,0.333,0,desktop,Direct,3,0.3176,2.5426,0.3176,2.5426,1.2533,Potential Loyalists,#3B82F6
9479601.65699876,18,5,0.0,617.6,28,11,2,0.182,0,desktop,Organic Search,3,0.3371,2.6725,0.3371,2.6725,0.7101,Potential Loyalists,#3B82F6
8847628.77890854,50,1,0.0,332.0,9,6,3,0.5,0,mobile,Organic Search,0,0.1601,-0.5494,0.1601,-0.5494,1.5795,Cart Abandoners / Window Shoppers,#F59E0B
5057958.30780309,63,3,0.0,240.5,10,14,3,0.214,0,desktop,Organic Search,0,-0.036,0.192,-0.036,0.192,0.989,Cart Abandoners / Window Shoppers,#F59E0B
5282789.42838829,39,1,0.0,368.7,9,16,4,0.25,0,desktop,Direct,0,0.4888,-0.4567,0.4888,-0.4567,1.2124,Cart Abandoners / Window Shoppers,#F59E0B
4308800.13974256,20,1,0.0,151.5,6,7,1,0.143,0,desktop,Direct,0,-0.2484,-1.6323,-0.2484,-1.6323,0.2735,Cart Abandoners / Window Shoppers,#F59E0B
5974643.58339536,68,2,0.0,163.5,6,19,2,0.105,0,desktop,Referral,0,-0.3165,-1.0365,-0.3165,-1.0365,0.5646,Cart Abandoners / Window Shoppers,#F59E0B
1428190.55403456,60,2,0.0,237.6,12,5,4,0.8,0,mobile,Display,0,0.4998,-0.0358,0.4998,-0.0358,2.3086,Cart Abandoners / Window Shoppers,#F59E0B
4694212.71724752,68,1,0.0,100.8,3,13,3,0.231,0,desktop,Organic Search,0,-0.093,-2.6339,-0.093,-2.6339,0.997,Cart Abandoners / Window Shoppers,#F59E0B
9312970.58738585,30,2,0.0,530.2,13,4,2,0.5,0,desktop,Referral,0,0.1155,0.8091,0.1155,0.8091,1.3761,Cart Abandoners / Window Shoppers,#F59E0B
9083099.87756854,56,2,0.0,492.8,12,16,4,0.25,0,desktop,Organic Search,0,0.2872,0.6405,0.2872,0.6405,1.2313,Cart Abandoners / Window Shoppers,#F59E0B
2470446.86065486,18,1,0.0,238.5,6,11,3,0.273,0,mobile,Direct,0,0.6539,-1.2258,0.6539,-1.2258,1.0723,Cart Abandoners / Window Shoppers,#F59E0B
2581360.20484849,31,1,0.0,115.5,3,4,1,0.25,0,mobile,Organic Search,0,-0.5358,-2.4803,-0.5358,-2.4803,0.4967,Cart Abandoners / Window Shoppers,#F59E0B
2661592.63129292,53,3,0.0,653.5,14,7,1,0.143,0,desktop,Direct,3,-0.7894,1.4693,-0.7894,1.4693,0.3312,Potential Loyalists,#3B82F6
1432270.71579605,18,3,0.0,401.7,11,10,1,0.1,0,mobile,Direct,3,-0.1085,0.7894,-0.1085,0.7894,0.2243,Potential Loyalists,#3B82F6
6701527.51680644,67,2,0.0,420.6,11,10,4,0.4,0,mobile,Organic Search,0,0.209,0.4079,0.209,0.4079,1.5474,Cart Abandoners / Window Shoppers,#F59E0B
1250513.34777180,46,1,0.0,160.4,7,17,4,0.235,0,desktop,Referral,0,0.3969,-1.4685,0.3969,-1.4685,1.1708,Cart Abandoners / Window Shoppers,#F59E0B
6096519.23536426,12,3,0.0,490.5,11,18,4,0.222,0,mobile,Organic Search,0,1.1562,0.96,1.1562,0.96,1.1385,Cart Abandoners / Window Shoppers,#F59E0B
6462099.77699453,71,1,0.0,305.6,7,8,4,0.5,0,mobile,Referral,0,0.2171,-0.873,0.2171,-0.873,1.7412,Cart Abandoners / Window Shoppers,#F59E0B
7964188.11508160,28,1,0.0,162.6,9,14,3,0.214,0,desktop,Direct,0,0.4179,-1.2079,0.4179,-1.2079,0.9577,Cart Abandoners / Window Shoppers,#F59E0B
5318288.57333533,44,1,0.0,175.0,9,12,1,0.083,0,desktop,Paid Search,0,-0.5689,-1.1322,-0.5689,-1.1322,0.2045,Cart Abandoners / Window Shoppers,#F59E0B
3840886.99445137,43,3,0.0,440.1,9,18,3,0.167,0,mobile,Direct,0,0.214,0.6549,0.214,0.6549,0.8946,Cart Abandoners / Window Shoppers,#F59E0B
4239202.74841291,21,1,0.0,131.1,7,18,1,0.056,0,desktop,Direct,0,-0.0229,-1.6316,-0.0229,-1.6316,0.1673,Cart Abandoners / Window Shoppers,#F59E0B
6955024.24968517,29,1,0.0,282.2,7,9,2,0.222,0,desktop,Organic Search,0,0.0394,-0.9266,0.0394,-0.9266,0.7681,Cart Abandoners / Window Shoppers,#F59E0B
1558548.86377182,59,2,0.0,142.7,6,17,4,0.235,0,desktop,Organic Search,0,0.2582,-1.1687,0.2582,-1.1687,1.1767,Cart Abandoners / Window Shoppers,#F59E0B
3271665.69106242,53,1,0.0,420.8,10,16,2,0.125,0,desktop,Direct,0,-0.2175,-0.2272,-0.2175,-0.2272,0.6049,Cart Abandoners / Window Shoppers,#F59E0B
4894213.80383522,64,1,0.0,184.9,4,17,2,0.118,0,mobile,Organic Search,0,-0.3127,-1.8315,-0.3127,-1.8315,0.578,Cart Abandoners / Window Shoppers,#F59E0B
5607257.34068434,56,1,0.0,221.3,6,10,1,0.1,0,desktop,Referral,0,-0.7553,-1.2951,-0.7553,-1.2951,0.231,Cart Abandoners / Window Shoppers,#F59E0B
2772278.94825407,62,5,0.0,871.6,32,11,4,0.364,0,desktop,Direct,3,0.2502,3.1067,0.2502,3.1067,1.4979,Potential Loyalists,#3B82F6
7095225.71056989,29,1,0.0,234.2,9,12,1,0.083,0,mobile,Organic Search,0,-0.333,-0.8572,-0.333,-0.8572,0.1987,Cart Abandoners / Window Shoppers,#F59E0B
6159007.31140789,60,2,0.0,233.5,9,5,2,0.4,0,desktop,Organic Search,0,-0.3341,-0.3187,-0.3341,-0.3187,1.1688,Cart Abandoners / Window Shoppers,#F59E0B
3219244.41144064,50,4,0.0,915.8,29,18,3,0.167,0,mobile,Direct,3,0.1328,2.8071,0.1328,2.8071,0.923,Potential Loyalists,#3B82F6
9400730.25939731,37,1,0.0,341.6,8,12,2,0.167,0,desktop,Referral,0,-0.0668,-0.6283,-0.0668,-0.6283,0.6672,Cart Abandoners / Window Shoppers,#F59E0B
5163899.10874460,38,2,0.0,186.8,8,19,3,0.158,0,desktop,Organic Search,0,0.2898,-0.6439,0.2898,-0.6439,0.859,Cart Abandoners / Window Shoppers,#F59E0B
2085564.16672114,38,1,0.0,133.3,4,11,2,0.182,0,desktop,Organic Search,0,-0.0955,-2.1256,-0.0955,-2.1256,0.6771,Cart Abandoners / Window Shoppers,#F59E0B
7761786.23737336,73,1,0.0,241.6,6,14,2,0.143,0,mobile,Organic Search,0,-0.4293,-1.2259,-0.4293,-1.2259,0.6307,Cart Abandoners / Window Shoppers,#F59E0B
2778751.88371515,51,2,0.0,161.8,7,15,2,0.133,0,mobile,Direct,0,-0.2072,-0.8992,-0.2072,-0.8992,0.603,Cart Abandoners / Window Shoppers,#F59E0B
7493534.64830800,68,1,0.0,254.1,9,12,4,0.333,0,mobile,Paid Search,0,0.1754,-0.8076,0.1754,-0.8076,1.3949,Cart Abandoners / Window Shoppers,#F59E0B
9113335.49998154,39,4,0.0,561.1,13,9,3,0.333,0,mobile,Paid Search,3,0.2384,1.5473,0.2384,1.5473,1.2445,Potential Loyalists,#3B82F6
6048193.56762350,19,1,0.0,291.3,7,19,2,0.105,0,mobile,Referral,0,0.4007,-0.8971,0.4007,-0.8971,0.5409,Cart Abandoners / Window Shoppers,#F59E0B
8823852.94829505,64,6,0.0,461.4,16,6,1,0.167,0,mobile,Direct,3,-0.9133,2.0402,-0.9133,2.0402,0.3836,Potential Loyalists,#3B82F6
3632362.45237188,17,12,0.0,1203.3,35,7,3,0.429,0,desktop,Organic Search,3,0.7479,4.2164,0.7479,4.2164,1.4543,Potential Loyalists,#3B82F6
6763654.46122028,44,2,0.0,626.4,14,17,4,0.235,0,desktop,Organic Search,0,0.4276,1.0182,0.4276,1.0182,1.1992,Cart Abandoners / Window Shoppers,#F59E0B
2540510.17919468,25,1,0.0,247.2,9,6,3,0.5,0,desktop,Paid Search,0,0.5519,-0.8153,0.5519,-0.8153,1.559,Cart Abandoners / Window Shoppers,#F59E0B
2331273.80969577,26,2,0.0,359.7,10,7,1,0.143,0,desktop,Direct,0,-0.3896,0.2003,-0.3896,0.2003,0.3001,Cart Abandoners / Window Shoppers,#F59E0B
1208384.73777505,45,1,0.0,266.2,10,9,3,0.333,0,desktop,Referral,0,0.148,-0.6529,0.148,-0.6529,1.2275,Cart Abandoners / Window Shoppers,#F59E0B
5985441.93982504,41,4,0.0,914.3,23,10,4,0.4,0,desktop,Referral,3,0.4957,2.5691,0.4957,2.5691,1.5586,Potential Loyalists,#3B82F6
6122017.92521769,65,5,0.0,1017.5,35,8,2,0.25,0,desktop,Organic Search,3,-0.4095,3.3541,-0.4095,3.3541,0.8906,Potential Loyalists,#3B82F6
5744790.88529042,23,2,0.0,217.8,8,16,3,0.188,0,desktop,Organic Search,0,0.547,-0.4948,0.547,-0.4948,0.9075,Cart Abandoners / Window Shoppers,#F59E0B
7648694.65895417,62,2,0.0,352.6,10,13,4,0.308,0,desktop,Referral,0,0.2288,0.1515,0.2288,0.1515,1.3492,Cart Abandoners / Window Shoppers,#F59E0B
2331243.60237903,49,1,0.0,137.6,6,17,1,0.059,0,desktop,Organic Search,0,-0.5209,-1.738,-0.5209,-1.738,0.1856,Cart Abandoners / Window Shoppers,#F59E0B
6197483.32426616,24,3,0.0,678.1,20,8,4,0.5,0,desktop,Organic Search,3,0.8411,1.8514,0.8411,1.8514,1.7432,Potential Loyalists,#3B82F6
9502091.26548425,31,3,0.0,385.8,17,10,1,0.1,0,desktop,Organic Search,3,-0.4109,1.1768,-0.4109,1.1768,0.2412,Potential Loyalists,#3B82F6
6456032.50433801,57,1,0.0,154.6,8,16,1,0.062,0,desktop,Referral,0,-0.6283,-1.3642,-0.6283,-1.3642,0.1923,Cart Abandoners / Window Shoppers,#F59E0B
7996605.64504503,59,2,0.0,225.0,9,15,1,0.067,0,mobile,Organic Search,0,-0.6634,-0.3515,-0.6634,-0.3515,0.2072,Cart Abandoners / Window Shoppers,#F59E0B
5563417.46581128,30,1,0.0,167.3,4,6,2,0.333,0,desktop,Organic Search,0,0.0272,-1.9099,0.0272,-1.9099,0.9932,Cart Abandoners / Window Shoppers,#F59E0B
1986339.97740941,32,3,0.0,504.2,11,11,1,0.091,0,desktop,Direct,3,-0.4047,0.9935,-0.4047,0.9935,0.2293,Potential Loyalists,#3B82F6
9865405.84772688,20,12,0.0,2720.4,62,18,3,0.167,0,desktop,Display,3,0.6562,4.436,0.6562,4.436,0.9153,Potential Loyalists,#3B82F6
4135897.66024548,55,2,0.0,207.9,9,11,3,0.273,0,desktop,Organic Search,0,0.0295,-0.4339,0.0295,-0.4339,1.104,Cart Abandoners / Window Shoppers,#F59E0B
2562971.46622188,10,4,0.0,565.1,27,14,4,0.286,0,mobile,Organic Search,3,1.2491,2.2998,1.2491,2.2998,1.2818,Potential Loyalists,#3B82F6
6149435.15134033,45,2,0.0,566.2,13,11,1,0.091,0,desktop,Direct,3,-0.6002,0.8691,-0.6002,0.8691,0.2386,Potential Loyalists,#3B82F6
2081788.90974119,26,4,0.0,559.4,22,5,2,0.4,0,mobile,Organic Search,3,0.1468,2.0845,0.1468,2.0845,1.1748,Potential Loyalists,#3B82F6
4349930.79256697,60,1,0.0,206.7,6,18,3,0.167,0,desktop,Organic Search,0,0.0167,-1.3749,0.0167,-1.3749,0.8824,Cart Abandoners / Window Shoppers,#F59E0B
5918735.40472240,61,1,0.0,266.7,7,17,3,0.176,0,desktop,Organic Search,0,-0.0026,-0.9963,-0.0026,-0.9963,0.9043,Cart Abandoners / Window Shoppers,#F59E0B
1069418.24713710,64,2,0.0,419.8,13,12,4,0.333,0,desktop,Direct,0,0.2147,0.5699,0.2147,0.5699,1.4075,Cart Abandoners / Window Shoppers,#F59E0B
8982203.79212625,66,2,0.0,359.7,12,14,2,0.143,0,desktop,Paid Search,0,-0.3663,0.3557,-0.3663,0.3557,0.6442,Cart Abandoners / Window Shoppers,#F59E0B
3173666.57112402,67,4,0.0,461.8,19,6,2,0.333,0,mobile,Organic Search,3,-0.4181,1.7464,-0.4181,1.7464,1.0498,Potential Loyalists,#3B82F6
6161421.71850046,31,1,0.0,198.0,5,5,2,0.4,0,desktop,Referral,0,0.0364,-1.5599,0.0364,-1.5599,1.1416,Cart Abandoners / Window Shoppers,#F59E0B
7059656.67415766,34,3,0.0,729.4,16,11,1,0.091,0,mobile,Organic Search,3,-0.4381,1.7066,-0.4381,1.7066,0.24,Potential Loyalists,#3B82F6
4660969.67995579,59,1,0.0,154.9,6,9,2,0.222,0,desktop,Referral,0,-0.3643,-1.6329,-0.3643,-1.6329,0.7751,Cart Abandoners / Window Shoppers,#F59E0B
9179615.21411980,29,4,0.0,1361.8,29,6,2,0.333,0,mobile,Direct,3,0.0591,3.1149,0.0591,3.1149,1.0486,Potential Loyalists,#3B82F6
8012348.47943338,53,1,0.0,310.1,9,10,4,0.4,0,desktop,Organic Search,0,0.339,-0.6192,0.339,-0.6192,1.5323,Cart Abandoners / Window Shoppers,#F59E0B
6962721.53139186,42,1,0.0,352.5,9,8,3,0.375,0,mobile,Organic Search,0,0.2005,-0.4923,0.2005,-0.4923,1.3177,Cart Abandoners / Window Shoppers,#F59E0B
6299313.68466396,17,3,0.0,709.3,16,7,3,0.429,0,mobile,Direct,3,0.7377,1.6776,0.7377,1.6776,1.431,Potential Loyalists,#3B82F6
8189473.51667776,74,3,0.0,505.8,14,11,4,0.364,0,desktop,Direct,3,0.1432,1.2074,0.1432,1.2074,1.4822,Potential Loyalists,#3B82F6
1827697.14485659,47,6,0.0,895.6,23,4,2,0.5,0,mobile,Organic Search,3,-0.1298,3.0199,-0.1298,3.0199,1.407,Potential Loyalists,#3B82F6
8913440.88993304,59,1,0.0,181.5,6,4,4,1.0,0,mobile,Organic Search,0,0.6342,-1.4968,0.6342,-1.4968,2.6317,Cart Abandoners / Window Shoppers,#F59E0B
3933801.93636241,70,1,0.0,203.2,9,12,2,0.167,0,mobile,Direct,0,-0.4303,-1.0058,-0.4303,-1.0058,0.6764,Cart Abandoners / Window Shoppers,#F59E0B
1445962.85731283,65,1,0.0,175.2,5,5,3,0.6,0,desktop,Organic Search,0,0.068,-1.6885,0.068,-1.6885,1.7692,Cart Abandoners / Window Shoppers,#F59E0B
4289367.40387791,30,1,0.0,154.0,3,15,2,0.133,0,mobile,Referral,0,0.0884,-2.2286,0.0884,-2.2286,0.5785,Cart Abandoners / Window Shoppers,#F59E0B
8124592.99996077,12,2,0.0,411.1,17,14,2,0.143,0,desktop,Direct,0,0.5884,0.845,0.5884,0.845,0.6099,Cart Abandoners / Window Shoppers,#F59E0B
2714125.35941458,60,2,0.0,484.7,10,14,4,0.286,0,desktop,Paid Search,0,0.2458,0.4473,0.2458,0.4473,1.3065,Cart Abandoners / Window Shoppers,#F59E0B
3077818.40952841,47,3,0.0,540.6,23,9,4,0.444,0,desktop,Referral,3,0.434,1.7747,0.434,1.7747,1.6435,Potential Loyalists,#3B82F6
3429356.84966225,27,2,0.0,383.6,14,11,3,0.273,0,desktop,Display,0,0.4338,0.574,0.4338,0.574,1.1004,Cart Abandoners / Window Shoppers,#F59E0B
8835630.82953947,26,3,0.0,513.7,21,9,4,0.444,0,mobile,Direct,3,0.7685,1.6415,0.7685,1.6415,1.6278,Potential Loyalists,#3B82F6
9218133.51500660,27,2,0.0,391.4,10,5,2,0.4,0,desktop,Referral,0,0.1193,0.2715,0.1193,0.2715,1.1581,Cart Abandoners / Window Shoppers,#F59E0B
8185435.88502392,66,1,0.0,155.4,4,16,1,0.062,0,desktop,Paid Search,0,-0.7135,-1.986,-0.7135,-1.986,0.189,Cart Abandoners / Window Shoppers,#F59E0B
5033463.11345791,71,1,0.0,126.4,4,4,3,0.75,0,desktop,Direct,0,0.1142,-2.1857,0.1142,-2.1857,2.0463,Cart Abandoners / Window Shoppers,#F59E0B
8485934.75206865,46,1,0.0,237.0,5,7,2,0.286,0,desktop,Organic Search,0,-0.2243,-1.3986,-0.2243,-1.3986,0.9097,Cart Abandoners / Window Shoppers,#F59E0B
8945947.17163547,22,1,0.0,238.4,8,16,3,0.188,0,desktop,Referral,0,0.5681,-0.9632,0.5681,-0.9632,0.9045,Cart Abandoners / Window Shoppers,#F59E0B
9795966.25404538,44,1,0.0,269.3,7,18,1,0.056,0,desktop,Paid Search,0,-0.439,-0.9729,-0.439,-0.9729,0.1948,Cart Abandoners / Window Shoppers,#F59E0B
7161433.96527084,72,3,0.0,390.6,18,14,4,0.286,0,desktop,Direct,3,0.1451,1.2178,0.1451,1.2178,1.3164,Potential Loyalists,#3B82F6
9270725.98859961,69,2,0.0,433.9,14,9,2,0.222,0,desktop,Referral,0,-0.4483,0.6842,-0.4483,0.6842,0.8053,Cart Abandoners / Window Shoppers,#F59E0B
9444711.67248627,10,1,0.0,234.1,8,10,4,0.4,0,mobile,Organic Search,0,1.2643,-0.9736,1.2643,-0.9736,1.4884,Cart Abandoners / Window Shoppers,#F59E0B
7068155.50342764,46,1,0.0,202.3,7,18,4,0.222,0,mobile,Organic Search,0,0.4011,-1.2537,0.4011,-1.2537,1.1473,Cart Abandoners / Window Shoppers,#F59E0B
4781120.88541485,24,4,0.0,372.0,18,7,3,0.429,0,desktop,Display,3,0.5487,1.496,0.5487,1.496,1.433,Potential Loyalists,#3B82F6
4662475.47287965,35,4,0.0,361.3,10,14,3,0.214,0,desktop,Organic Search,0,0.3009,0.8809,0.3009,0.8809,0.9824,Cart Abandoners / Window Shoppers,#F59E0B
3112609.59563563,38,2,0.0,410.0,11,19,2,0.105,0,mobile,Organic Search,0,0.0168,0.3964,0.0168,0.3964,0.5698,Cart Abandoners / Window Shoppers,#F59E0B
9425403.19890515,19,3,0.0,913.0,21,19,2,0.105,0,desktop,Organic Search,3,0.4095,2.1856,0.4095,2.1856,0.574,Potential Loyalists,#3B82F6
6753125.56575622,66,4,0.0,385.8,15,18,3,0.167,0,mobile,Organic Search,3,-0.0276,1.3314,-0.0276,1.3314,0.9102,Potential Loyalists,#3B82F6
7458962.22101985,15,2,0.0,396.3,9,18,4,0.222,0,mobile,Direct,0,1.0323,0.1732,1.0323,0.1732,1.1362,Cart Abandoners / Window Shoppers,#F59E0B
1739713.38785159,57,1,0.0,301.6,8,18,4,0.222,0,desktop,Direct,0,0.2791,-0.7603,0.2791,-0.7603,1.1594,Cart Abandoners / Window Shoppers,#F59E0B
5813338.32198710,51,1,0.0,254.7,8,11,1,0.091,0,mobile,Organic Search,0,-0.6764,-0.8972,-0.6764,-0.8972,0.2221,Cart Abandoners / Window Shoppers,#F59E0B
6199953.75898984,37,2,0.0,185.0,7,18,1,0.056,0,desktop,Paid Search,0,-0.337,-0.7664,-0.337,-0.7664,0.1886,Cart Abandoners / Window Shoppers,#F59E0B
1138970.68478175,25,3,0.0,408.0,10,17,4,0.235,0,desktop,Direct,0,0.7486,0.6884,0.7486,0.6884,1.1785,Cart Abandoners / Window Shoppers,#F59E0B
4213434.85267826,67,2,0.0,276.1,8,11,4,0.364,0,desktop,Organic Search,0,0.1963,-0.2893,0.1963,-0.2893,1.4632,Cart Abandoners / Window Shoppers,#F59E0B
9456471.90065825,72,3,0.0,439.0,15,17,3,0.176,0,mobile,Organic Search,3,-0.0896,1.1467,-0.0896,1.1467,0.9287,Potential Loyalists,#3B82F6
2442620.19911739,68,8,0.0,1032.9,45,16,4,0.25,0,desktop,Paid Search,3,0.1889,4.0963,0.1889,4.0963,1.2689,Potential Loyalists,#3B82F6
8224372.99089904,45,1,0.0,252.4,8,18,2,0.111,0,desktop,Organic Search,0,-0.0972,-0.9143,-0.0972,-0.9143,0.5694,Cart Abandoners / Window Shoppers,#F59E0B
3344347.86630418,32,1,0.0,224.4,8,9,2,0.222,0,mobile,Paid Search,0,-0.0158,-1.0152,-0.0158,-1.0152,0.7686,Cart Abandoners / Window Shoppers,#F59E0B
6229683.41705232,35,1,0.0,202.7,6,12,4,0.333,0,mobile,Referral,0,0.553,-1.3888,0.553,-1.3888,1.3717,Cart Abandoners / Window Shoppers,#F59E0B
1544936.61380781,47,3,0.0,663.3,18,5,2,0.4,0,mobile,Referral,3,-0.1903,1.729,-0.1903,1.729,1.1873,Potential Loyalists,#3B82F6
6601784.16608702,38,3,0.0,234.3,9,19,3,0.158,0,desktop,Direct,0,0.2927,0.0704,0.2927,0.0704,0.8657,Cart Abandoners / Window Shoppers,#F59E0B
4380211.29074874,17,2,0.0,643.0,15,7,1,0.143,0,desktop,Email,3,-0.1528,1.1435,-0.1528,1.1435,0.3027,Potential Loyalists,#3B82F6
1987463.38470540,50,1,0.0,103.2,4,17,1,0.059,0,desktop,Direct,0,-0.5332,-2.3617,-0.5332,-2.3617,0.1781,Cart Abandoners / Window Shoppers,#F59E0B
1878481.55902951,48,1,0.0,100.0,4,18,3,0.167,0,mobile,Paid Search,0,0.1432,-2.4018,0.1432,-2.4018,0.863,Cart Abandoners / Window Shoppers,#F59E0B
8322413.18061732,11,3,0.0,247.4,9,10,3,0.3,0,mobile,Direct,0,0.9299,0.1381,0.9299,0.1381,1.1282,Cart Abandoners / Window Shoppers,#F59E0B
7757186.26978868,36,2,0.0,272.9,10,7,2,0.286,0,desktop,Referral,0,-0.0801,-0.0678,-0.0801,-0.0678,0.9161,Cart Abandoners / Window Shoppers,#F59E0B
9141151.97481944,47,3,0.0,401.6,16,4,1,0.25,0,desktop,Organic Search,3,-0.7619,1.1536,-0.7619,1.1536,0.5462,Potential Loyalists,#3B82F6
4497758.15957755,43,1,0.0,323.3,8,14,3,0.214,0,desktop,Display,0,0.1753,-0.6872,0.1753,-0.6872,0.9763,Cart Abandoners / Window Shoppers,#F59E0B
8403411.14161041,40,2,0.0,343.5,11,11,1,0.091,0,desktop,Organic Search,0,-0.5337,0.242,-0.5337,0.242,0.227,Cart Abandoners / Window Shoppers,#F59E0B
5543737.39404621,19,2,0.0,316.6,10,6,3,0.5,0,desktop,Organic Search,0,0.7086,0.0716,0.7086,0.0716,1.5603,Cart Abandoners / Window Shoppers,#F59E0B
3184666.51569471,33,1,0.0,179.7,5,18,3,0.167,0,desktop,Organic Search,0,0.3564,-1.6617,0.3564,-1.6617,0.8644,Cart Abandoners / Window Shoppers,#F59E0B
5927652.22497873,37,4,0.0,728.3,17,11,1,0.091,0,desktop,Organic Search,3,-0.4838,2.0692,-0.4838,2.0692,0.2443,Potential Loyalists,#3B82F6
2214477.96259987,61,1,0.0,198.4,6,12,3,0.25,0,desktop,Organic Search,0,-0.0333,-1.4108,-0.0333,-1.4108,1.0498,Cart Abandoners / Window Shoppers,#F59E0B
6720225.74191810,24,2,0.0,257.2,7,16,2,0.125,0,desktop,Organic Search,0,0.2334,-0.4613,0.2334,-0.4613,0.5787,Cart Abandoners / Window Shoppers,#F59E0B
8576090.26528347,68,3,0.0,777.6,23,9,1,0.111,0,mobile,Referral,3,-0.8823,2.1262,-0.8823,2.1262,0.2892,Potential Loyalists,#3B82F6
1382698.47171460,73,1,0.0,180.5,7,16,3,0.188,0,mobile,Referral,0,-0.1121,-1.3601,-0.1121,-1.3601,0.9277,Cart Abandoners / Window Shoppers,#F59E0B
1755451.29206226,28,1,0.0,193.3,4,6,1,0.167,0,mobile,Direct,0,-0.4581,-1.7671,-0.4581,-1.7671,0.3277,Cart Abandoners / Window Shoppers,#F59E0B
3306681.22721584,71,1,0.0,189.4,5,18,1,0.056,0,tablet,Organic Search,0,-0.7132,-1.6107,-0.7132,-1.6107,0.1979,Cart Abandoners / Window Shoppers,#F59E0B
2464002.94676103,26,1,0.0,190.4,7,18,1,0.056,0,mobile,Direct,0,-0.1419,-1.2885,-0.1419,-1.2885,0.1775,Cart Abandoners / Window Shoppers,#F59E0B
1829096.33261147,55,2,0.0,402.7,9,16,4,0.25,0,desktop,Direct,0,0.2968,0.1741,0.2968,0.1741,1.225,Cart Abandoners / Window Shoppers,#F59E0B
7784042.28853089,22,1,0.0,249.0,9,13,4,0.308,0,mobile,Organic Search,0,0.811,-0.8139,0.811,-0.8139,1.3155,Cart Abandoners / Window Shoppers,#F59E0B
3175799.38395571,34,2,0.0,369.3,11,9,1,0.111,0,mobile,Referral,0,-0.4918,0.3126,-0.4918,0.3126,0.2519,Cart Abandoners / Window Shoppers,#F59E0B
7749218.89931090,40,2,0.0,455.1,12,15,3,0.2,0,mobile,Organic Search,0,0.228,0.5747,0.228,0.5747,0.9586,Cart Abandoners / Window Shoppers,#F59E0B
3620933.84090472,30,1,0.0,323.7,8,15,1,0.067,0,mobile,Organic Search,0,-0.2831,-0.6709,-0.2831,-0.6709,0.1918,Cart Abandoners / Window Shoppers,#F59E0B
5001272.75167249,38,4,0.0,658.3,22,16,1,0.062,0,mobile,Organic Search,3,-0.3866,2.2325,-0.3866,2.2325,0.2209,Potential Loyalists,#3B82F6
7639251.52251498,21,1,0.0,276.1,7,12,4,0.333,0,desktop,Organic Search,0,0.8399,-0.9544,0.8399,-0.9544,1.3656,Cart Abandoners / Window Shoppers,#F59E0B
9212320.10937032,33,1,0.0,343.2,7,15,4,0.267,0,desktop,Organic Search,0,0.5816,-0.7584,0.5816,-0.7584,1.2406,Cart Abandoners / Window Shoppers,#F59E0B
5136100.34999163,27,2,0.0,535.8,15,4,1,0.25,0,mobile,Direct,3,-0.451,0.9714,-0.451,0.9714,0.5342,Potential Loyalists,#3B82F6
4130091.40942625,13,1,0.0,348.6,7,15,2,0.133,0,mobile,Organic Search,0,0.5526,-0.7245,0.5526,-0.7245,0.5786,Cart Abandoners / Window Shoppers,#F59E0B
6929928.78479409,16,1,0.0,321.0,10,13,4,0.308,0,desktop,Organic Search,0,0.9871,-0.4732,0.9871,-0.4732,1.3128,Cart Abandoners / Window Shoppers,#F59E0B
3227814.37071472,20,1,0.0,319.0,7,13,2,0.154,0,desktop,Direct,0,0.2904,-0.8107,0.2904,-0.8107,0.6256,Cart Abandoners / Window Shoppers,#F59E0B
3126087.90705728,20,1,0.0,359.4,8,9,4,0.444,0,desktop,Organic Search,0,0.9063,-0.5829,0.9063,-0.5829,1.6009,Cart Abandoners / Window Shoppers,#F59E0B
2335406.91121731,26,2,0.0,273.9,15,16,2,0.125,0,desktop,Referral,0,0.1902,0.3331,0.1902,0.3331,0.5895,Cart Abandoners / Window Shoppers,#F59E0B
3560341.80333191,38,2,0.0,233.2,11,16,1,0.062,0,tablet,Referral,0,-0.393,-0.1199,-0.393,-0.1199,0.1949,Cart Abandoners / Window Shoppers,#F59E0B
6041335.11733153,22,2,0.0,465.2,14,18,1,0.056,0,desktop,Organic Search,0,-0.0433,0.764,-0.0433,0.764,0.1966,Cart Abandoners / Window Shoppers,#F59E0B
6697941.53457993,70,3,0.0,556.0,13,17,3,0.176,0,mobile,Referral,3,-0.0737,1.2248,-0.0737,1.2248,0.9298,Potential Loyalists,#3B82F6
9393184.40646362,14,4,0.0,879.4,20,17,1,0.059,0,mobile,Paid Search,3,0.1908,2.416,0.1908,2.416,0.2022,Potential Loyalists,#3B82F6
3590798.39524811,40,4,0.0,653.5,15,10,3,0.3,0,desktop,Organic Search,3,0.2184,1.8304,0.2184,1.8304,1.1789,Potential Loyalists,#3B82F6
7734982.16196359,65,8,0.0,1289.0,33,6,3,0.5,0,mobile,Referral,3,0.0269,4.0337,0.0269,4.0337,1.6304,Potential Loyalists,#3B82F6
6669311.45448603,56,1,0.0,272.5,6,15,3,0.2,0,tablet,Organic Search,0,0.0312,-1.1166,0.0312,-1.1166,0.949,Cart Abandoners / Window Shoppers,#F59E0B
9528709.53028848,18,3,0.0,530.5,14,5,1,0.2,0,mobile,Organic Search,3,-0.2196,1.2893,-0.2196,1.2893,0.4178,Potential Loyalists,#3B82F6
9681013.96025631,70,2,0.0,168.1,7,4,4,1.0,0,mobile,Direct,0,0.5402,-0.8751,0.5402,-0.8751,2.6395,Cart Abandoners / Window Shoppers,#F59E0B
5236506.30135021,38,1,0.0,165.7,4,17,4,0.235,0,desktop,Paid Search,0,0.5044,-1.9358,0.5044,-1.9358,1.1612,Cart Abandoners / Window Shoppers,#F59E0B
4647426.35080058,23,1,0.0,140.0,6,11,4,0.364,0,tablet,Organic Search,0,0.7978,-1.7266,0.7978,-1.7266,1.4222,Cart Abandoners / Window Shoppers,#F59E0B
8545358.98614037,13,1,0.0,385.3,9,13,3,0.231,0,mobile,Email,0,0.8373,-0.3984,0.8373,-0.3984,0.9876,Cart Abandoners / Window Shoppers,#F59E0B
1199082.42083531,49,2,0.0,279.9,7,16,3,0.188,0,mobile,Direct,0,0.1198,-0.3958,0.1198,-0.3958,0.9275,Cart Abandoners / Window Shoppers,#F59E0B
7629859.89337699,32,2,0.0,394.7,16,9,3,0.333,0,desktop,Organic Search,0,0.346,0.7325,0.346,0.7325,1.2332,Cart Abandoners / Window Shoppers,#F59E0B
8567791.50733665,67,3,0.0,953.7,22,12,1,0.083,0,mobile,Affiliates,3,-0.8005,2.2691,-0.8005,2.2691,0.2534,Potential Loyalists,#3B82F6
9008257.73635212,35,6,0.0,743.4,29,6,2,0.333,0,tablet,Paid Search,3,-0.044,3.0865,-0.044,3.0865,1.0483,Potential Loyalists,#3B82F6
1180265.86819453,29,3,0.0,311.1,15,17,3,0.176,0,desktop,Direct,0,0.4277,0.8371,0.4277,0.8371,0.9023,Cart Abandoners / Window Shoppers,#F59E0B
6510095.97115268,35,1,0.0,160.4,8,10,3,0.3,0,desktop,Direct,0,0.2841,-1.3335,0.2841,-1.3335,1.1423,Cart Abandoners / Window Shoppers,#F59E0B
4647974.32330697,14,4,0.0,442.6,26,12,2,0.167,0,desktop,Direct,3,0.4848,2.0404,0.4848,2.0404,0.6681,Potential Loyalists,#3B82F6
1621680.20727352,42,1,0.0,219.3,4,19,1,0.053,0,desktop,Organic Search,0,-0.3949,-1.6631,-0.3949,-1.6631,0.1856,Cart Abandoners / Window Shoppers,#F59E0B
8165492.69093419,52,1,0.0,430.3,9,10,1,0.1,0,desktop,Organic Search,0,-0.712,-0.2975,-0.712,-0.2975,0.2427,Cart Abandoners / Window Shoppers,#F59E0B
4697720.67342380,65,1,0.0,198.2,5,14,2,0.143,0,mobile,Organic Search,0,-0.3631,-1.5721,-0.3631,-1.5721,0.6233,Cart Abandoners / Window Shoppers,#F59E0B
6177041.37505943,54,1,0.0,197.5,9,13,3,0.231,0,desktop,Organic Search,0,0.0411,-1.0348,0.0411,-1.0348,1.0115,Cart Abandoners / Window Shoppers,#F59E0B
4285285.21708568,12,1,0.0,201.6,7,8,4,0.5,0,mobile,Organic Search,0,1.2128,-1.239,1.2128,-1.239,1.6937,Cart Abandoners / Window Shoppers,#F59E0B
3691428.94004665,40,1,0.0,104.7,4,9,1,0.111,0,desktop,Organic Search,0,-0.5898,-2.341,-0.5898,-2.341,0.2248,Cart Abandoners / Window Shoppers,#F59E0B
8233086.48813674,48,3,0.0,446.3,13,5,1,0.2,0,desktop,Organic Search,3,-0.7709,1.0442,-0.7709,1.0442,0.4376,Potential Loyalists,#3B82F6
8442664.36221257,50,2,0.0,194.0,6,13,3,0.231,0,desktop,Organic Search,0,0.088,-0.8769,0.088,-0.8769,1.0085,Cart Abandoners / Window Shoppers,#F59E0B
2324695.25050185,12,1,0.0,431.3,10,10,3,0.3,0,desktop,Organic Search,0,0.8773,-0.1902,0.8773,-0.1902,1.1336,Cart Abandoners / Window Shoppers,#F59E0B
5564880.75222288,56,2,0.0,245.3,9,7,2,0.286,0,mobile,Paid Search,0,-0.3317,-0.2731,-0.3317,-0.2731,0.924,Cart Abandoners / Window Shoppers,#F59E0B
2267838.98202123,33,3,0.0,629.9,17,9,3,0.333,0,desktop,Direct,3,0.3315,1.6198,0.3315,1.6198,1.2433,Potential Loyalists,#3B82F6
2065367.27935270,66,1,0.0,271.1,7,17,2,0.118,0,tablet,Direct,0,-0.3292,-0.9772,-0.3292,-0.9772,0.5896,Cart Abandoners / Window Shoppers,#F59E0B
2134415.70604874,19,1,0.0,277.3,8,14,1,0.071,0,mobile,Organic Search,0,-0.0515,-0.8089,-0.0515,-0.8089,0.1793,Cart Abandoners / Window Shoppers,#F59E0B
8094519.32385609,21,1,0.0,291.1,8,12,4,0.333,0,mobile,Affiliates,0,0.8401,-0.78,0.8401,-0.78,1.3677,Cart Abandoners / Window Shoppers,#F59E0B
8062549.23697203,29,6,0.0,1426.3,39,5,3,0.6,0,mobile,Paid Search,3,0.5427,3.8732,0.5427,3.8732,1.8094,Potential Loyalists,#3B82F6
5018580.41934832,33,4,0.0,265.8,14,7,4,0.571,0,mobile,Referral,0,0.7022,0.9239,0.7022,0.9239,1.876,Cart Abandoners / Window Shoppers,#F59E0B
2614905.76664399,16,2,0.0,558.9,13,4,4,1.0,0,desktop,Organic Search,0,1.3733,0.8522,1.3733,0.8522,2.628,Cart Abandoners / Window Shoppers,#F59E0B
1226008.14005969,36,3,0.0,446.5,14,5,4,0.8,0,desktop,Organic Search,0,0.7937,1.1004,0.7937,1.1004,2.3092,Cart Abandoners / Window Shoppers,#F59E0B
1700443.15764450,62,2,0.0,178.2,8,16,3,0.188,0,desktop,Referral,0,-0.0145,-0.6921,-0.0145,-0.6921,0.9282,Cart Abandoners / Window Shoppers,#F59E0B
9248967.28918216,65,2,0.0,432.0,9,6,4,0.667,0,mobile,Direct,0,0.3692,0.2398,0.3692,0.2398,2.0741,Cart Abandoners / Window Shoppers,#F59E0B
3943396.72705219,27,2,0.0,245.8,9,11,1,0.091,0,desktop,Affiliates,0,-0.3124,-0.2581,-0.3124,-0.2581,0.2109,Cart Abandoners / Window Shoppers,#F59E0B
2073941.28358647,72,4,0.0,345.3,12,12,3,0.25,0,mobile,Organic Search,3,-0.1185,1.0089,-0.1185,1.0089,1.0759,Potential Loyalists,#3B82F6
9345067.94451451,20,8,0.0,879.6,37,12,1,0.083,0,mobile,Display,3,-0.1084,3.8469,-0.1084,3.8469,0.2358,Potential Loyalists,#3B82F6
9325852.30067145,35,1,0.0,275.6,7,15,3,0.2,0,mobile,Email,0,0.2988,-0.9587,0.2988,-0.9587,0.9396,Cart Abandoners / Window Shoppers,#F59E0B
4905614.62261563,39,1,0.0,234.7,8,12,4,0.333,0,desktop,Organic Search,0,0.4923,-0.9869,0.4923,-0.9869,1.3793,Cart Abandoners / Window Shoppers,#F59E0B
3980642.16178857,20,1,0.0,264.2,5,13,2,0.154,0,mobile,Direct,0,0.2898,-1.2916,0.2898,-1.2916,0.6196,Cart Abandoners / Window Shoppers,#F59E0B
3074930.12273067,56,2,0.0,485.9,10,15,4,0.267,0,mobile,Referral,0,0.2855,0.4501,0.2855,0.4501,1.265,Cart Abandoners / Window Shoppers,#F59E0B
6217417.99296884,61,2,0.0,258.8,6,4,1,0.25,0,desktop,Organic Search,0,-0.9155,-0.593,-0.9155,-0.593,0.5337,Cart Abandoners / Window Shoppers,#F59E0B
3101681.15529276,48,1,0.0,147.4,4,5,4,0.8,0,mobile,Organic Search,0,0.6213,-2.0443,0.6213,-2.0443,2.2823,Cart Abandoners / Window Shoppers,#F59E0B
3195672.64440868,52,1,0.0,248.5,6,17,1,0.059,0,desktop,Direct,0,-0.5547,-1.1909,-0.5547,-1.1909,0.1952,Cart Abandoners / Window Shoppers,#F59E0B
9361042.96989467,59,2,0.0,428.9,11,17,1,0.059,0,desktop,Organic Search,0,-0.6218,0.4404,-0.6218,0.4404,0.2153,Cart Abandoners / Window Shoppers,#F59E0B
1538766.19159112,54,1,0.0,218.4,6,7,4,0.571,0,desktop,Affiliates,0,0.4123,-1.3235,0.4123,-1.3235,1.869,Cart Abandoners / Window Shoppers,#F59E0B
2700773.38664922,23,3,0.0,439.1,10,10,1,0.1,0,desktop,Organic Search,3,-0.2446,0.7769,-0.2446,0.7769,0.2302,Potential Loyalists,#3B82F6
1704751.50785842,59,3,0.0,801.3,17,17,2,0.118,0,mobile,Organic Search,3,-0.2566,1.8387,-0.2566,1.8387,0.6169,Potential Loyalists,#3B82F6
1333607.99495107,32,1,0.0,101.1,3,9,2,0.222,0,desktop,Referral,0,-0.0178,-2.6153,-0.0178,-2.6153,0.7481,Cart Abandoners / Window Shoppers,#F59E0B
1890032.63701097,39,1,0.0,283.6,6,5,1,0.2,0,desktop,Display,0,-0.6609,-1.0566,-0.6609,-1.0566,0.4129,Cart Abandoners / Window Shoppers,#F59E0B
9282174.58263098,47,2,0.0,310.2,13,16,4,0.25,0,desktop,Paid Search,0,0.3872,0.2911,0.3872,0.2911,1.2215,Cart Abandoners / Window Shoppers,#F59E0B
9534112.98152700,49,1,0.0,102.9,4,7,4,0.571,0,mobile,Organic Search,0,0.4668,-2.3766,0.4668,-2.3766,1.8523,Cart Abandoners / Window Shoppers,#F59E0B
1880906.40897121,39,2,0.0,398.0,9,6,2,0.333,0,desktop,Referral,0,-0.1156,0.1811,-0.1156,0.1811,1.0228,Cart Abandoners / Window Shoppers,#F59E0B
6442455.97727955,55,2,0.0,323.3,16,4,2,0.5,0,desktop,Organic Search,0,-0.2283,0.5488,-0.2283,0.5488,1.3858,Cart Abandoners / Window Shoppers,#F59E0B
8960271.92975528,48,1,0.0,293.9,7,17,1,0.059,0,desktop,Referral,0,-0.5087,-0.8922,-0.5087,-0.8922,0.1972,Cart Abandoners / Window Shoppers,#F59E0B
4738565.39124146,72,1,0.0,343.1,10,13,2,0.154,0,desktop,Organic Search,0,-0.4337,-0.4191,-0.4337,-0.4191,0.6606,Cart Abandoners / Window Shoppers,#F59E0B
8875651.62809776,26,1,0.0,271.6,10,13,3,0.231,0,mobile,Direct,0,0.4553,-0.6296,0.4553,-0.6296,0.9998,Cart Abandoners / Window Shoppers,#F59E0B
1405631.67049261,38,3,0.0,286.2,15,16,3,0.188,0,mobile,Organic Search,0,0.2685,0.7569,0.2685,0.7569,0.932,Cart Abandoners / Window Shoppers,#F59E0B
6585036.25882091,20,2,0.0,197.5,6,8,4,0.5,0,mobile,Organic Search,0,0.9372,-0.8528,0.9372,-0.8528,1.7067,Cart Abandoners / Window Shoppers,#F59E0B
6034377.79294109,51,2,0.0,176.3,7,19,1,0.053,0,tablet,Organic Search,0,-0.5007,-0.8152,-0.5007,-0.8152,0.1958,Cart Abandoners / Window Shoppers,#F59E0B
6606777.65157564,48,2,0.0,503.6,12,13,4,0.308,0,mobile,Organic Search,0,0.3755,0.6634,0.3755,0.6634,1.35,Cart Abandoners / Window Shoppers,#F59E0B
1614550.38894679,54,1,0.0,251.1,7,12,4,0.333,0,desktop,Display,0,0.3068,-1.0532,0.3068,-1.0532,1.3866,Cart Abandoners / Window Shoppers,#F59E0B
6414412.76485464,23,2,0.0,452.4,14,4,1,0.25,0,desktop,Direct,0,-0.3615,0.7472,-0.3615,0.7472,0.5273,Cart Abandoners / Window Shoppers,#F59E0B
6526128.50681158,72,1,0.0,299.7,8,16,2,0.125,0,mobile,Organic Search,0,-0.3934,-0.7594,-0.3934,-0.7594,0.6051,Cart Abandoners / Window Shoppers,#F59E0B
8376355.21649002,20,1,0.0,281.7,7,6,3,0.5,0,desktop,Paid Search,0,0.6757,-0.9288,0.6757,-0.9288,1.553,Cart Abandoners / Window Shoppers,#F59E0B
3726521.47842275,49,2,0.0,424.8,11,5,3,0.6,0,tablet,Paid Search,0,0.2349,0.4266,0.2349,0.4266,1.786,Cart Abandoners / Window Shoppers,#F59E0B
9961097.20540105,57,1,0.0,189.1,4,9,3,0.333,0,mobile,Organic Search,0,0.0113,-1.811,0.0113,-1.811,1.2192,Cart Abandoners / Window Shoppers,#F59E0B
6236059.46868720,11,1,0.0,180.4,4,9,4,0.444,0,desktop,Referral,0,1.2304,-1.8409,1.2304,-1.8409,1.5708,Cart Abandoners / Window Shoppers,#F59E0B
2884276.32637994,59,1,0.0,116.2,2,12,3,0.25,0,desktop,Organic Search,0,-0.0162,-2.8064,-0.0162,-2.8064,1.0317,Cart Abandoners / Window Shoppers,#F59E0B
5220321.16499342,51,1,0.0,152.9,8,18,4,0.222,0,mobile,Referral,0,0.3424,-1.3891,0.3424,-1.3891,1.1472,Cart Abandoners / Window Shoppers,#F59E0B
6226885.22936275,46,1,0.0,100.3,5,4,2,0.5,0,desktop,Organic Search,0,-0.1326,-2.1933,-0.1326,-2.1933,1.35,Cart Abandoners / Window Shoppers,#F59E0B
7778495.19197583,35,4,0.0,482.0,17,15,3,0.2,0,desktop,Organic Search,3,0.3091,1.672,0.3091,1.672,0.964,Potential Loyalists,#3B82F6
2595903.77134792,20,2,0.0,622.7,14,12,3,0.25,0,desktop,Direct,0,0.6021,1.0275,0.6021,1.0275,1.0515,Cart Abandoners / Window Shoppers,#F59E0B
7402216.88404136,36,1,0.0,59.9,3,13,2,0.154,0,mobile,Direct,0,-0.041,-3.1002,-0.041,-3.1002,0.608,Cart Abandoners / Window Shoppers,#F59E0B
3119852.33209271,71,3,0.0,841.7,22,8,4,0.5,0,mobile,Direct,3,0.226,2.1368,0.226,2.1368,1.7731,Potential Loyalists,#3B82F6
3629260.47272926,48,2,0.0,246.9,8,13,1,0.077,0,mobile,Organic Search,0,-0.5907,-0.3738,-0.5907,-0.3738,0.2085,Cart Abandoners / Window Shoppers,#F59E0B
9705273.90953263,31,8,0.0,497.6,23,9,4,0.444,0,desktop,Organic Search,3,0.6772,2.8079,0.6772,2.8079,1.6388,Potential Loyalists,#3B82F6
9778537.40507056,22,1,0.0,192.1,5,14,1,0.071,0,mobile,Display,0,-0.1338,-1.5822,-0.1338,-1.5822,0.1728,Cart Abandoners / Window Shoppers,#F59E0B
9744796.66120141,15,2,0.0,407.3,14,6,2,0.333,0,desktop,Direct,0,0.4183,0.6443,0.4183,0.6443,1.0055,Cart Abandoners / Window Shoppers,#F59E0B
9000715.74855431,47,2,0.0,235.0,11,5,1,0.2,0,desktop,Referral,0,-0.7621,-0.1075,-0.7621,-0.1075,0.4241,Cart Abandoners / Window Shoppers,#F59E0B
8162544.63882732,21,2,0.0,289.2,12,12,1,0.083,0,mobile,Display,0,-0.1482,0.1739,-0.1482,0.1739,0.2003,Cart Abandoners / Window Shoppers,#F59E0B
9462175.98984389,16,1,0.0,118.1,6,7,2,0.286,0,mobile,Organic Search,0,0.3675,-1.8679,0.3675,-1.8679,0.877,Cart Abandoners / Window Shoppers,#F59E0B
6439411.15632453,48,5,0.0,721.6,21,7,2,0.286,0,desktop,Organic Search,3,-0.2354,2.5148,-0.2354,2.5148,0.95,Potential Loyalists,#3B82F6
4080585.96924935,69,1,0.0,189.7,4,18,2,0.111,0,mobile,Direct,0,-0.3428,-1.809,-0.3428,-1.809,0.5688,Cart Abandoners / Window Shoppers,#F59E0B
9879151.20199066,42,2,0.0,279.1,10,9,4,0.444,0,mobile,Organic Search,0,0.4934,-0.06,0.4934,-0.06,1.6203,Cart Abandoners / Window Shoppers,#F59E0B
6091223.63798322,70,1,0.0,199.5,4,12,3,0.25,0,desktop,Direct,0,-0.1129,-1.765,-0.1129,-1.765,1.0493,Cart Abandoners / Window Shoppers,#F59E0B
4350122.51550104,43,5,0.0,1221.0,33,10,3,0.3,0,desktop,Organic Search,3,0.1808,3.4613,0.1808,3.4613,1.1996,Potential Loyalists,#3B82F6
9475324.25980676,49,2,0.0,355.5,12,8,1,0.125,0,desktop,Organic Search,0,-0.7239,0.3589,-0.7239,0.3589,0.2842,Cart Abandoners / Window Shoppers,#F59E0B
9188520.50141189,23,1,0.0,133.4,3,5,4,0.8,0,desktop,Organic Search,0,1.036,-2.3655,1.036,-2.3655,2.261,Cart Abandoners / Window Shoppers,#F59E0B
8944283.92876125,16,1,0.0,151.1,6,8,3,0.375,0,desktop,Display,0,0.7394,-1.6464,0.7394,-1.6464,1.2791,Cart Abandoners / Window Shoppers,#F59E0B
1257989.44752060,73,3,0.0,870.0,20,8,3,0.375,0,desktop,Paid Search,3,-0.1071,2.0754,-0.1071,2.0754,1.3576,Potential Loyalists,#3B82F6
4670057.35801521,62,5,0.0,654.4,29,8,4,0.5,0,desktop,Organic Search,3,0.3079,2.7394,0.3079,2.7394,1.7726,Potential Loyalists,#3B82F6
8491382.30443246,34,1,0.0,278.8,9,18,2,0.111,0,desktop,Organic Search,0,0.0621,-0.7068,0.0621,-0.7068,0.5654,Cart Abandoners / Window Shoppers,#F59E0B
4797927.73208282,59,5,0.0,1427.8,33,4,4,1.0,0,mobile,Organic Search,3,0.6481,3.476,0.6481,3.476,2.6857,Potential Loyalists,#3B82F6
7219117.14771553,54,3,0.0,759.7,21,18,3,0.167,0,mobile,Organic Search,3,0.0861,1.9983,0.0861,1.9983,0.9168,Potential Loyalists,#3B82F6
8404000.97890545,31,1,0.0,154.7,6,15,3,0.2,0,mobile,Email,0,0.3669,-1.6347,0.3669,-1.6347,0.9271,Cart Abandoners / Window Shoppers,#F59E0B
7083972.60459331,71,2,0.0,444.7,14,10,4,0.4,0,desktop,Organic Search,0,0.1763,0.6962,0.1763,0.6962,1.5522,Cart Abandoners / Window Shoppers,#F59E0B
3528061.14422289,35,1,0.0,109.2,3,19,4,0.211,0,desktop,Organic Search,0,0.5605,-2.5584,0.5605,-2.5584,1.1024,Cart Abandoners / Window Shoppers,#F59E0B
7464697.31704864,72,2,0.0,491.9,11,12,3,0.25,0,desktop,Organic Search,0,-0.1232,0.5563,-0.1232,0.5563,1.076,Cart Abandoners / Window Shoppers,#F59E0B
9482511.54650880,38,2,0.0,376.9,11,19,1,0.053,0,desktop,Paid Search,0,-0.3323,0.3244,-0.3323,0.3244,0.2041,Cart Abandoners / Window Shoppers,#F59E0B
4844818.28440787,72,4,0.0,846.9,24,6,4,0.667,0,mobile,Direct,3,0.3173,2.5354,0.3173,2.5354,2.1007,Potential Loyalists,#3B82F6
3783440.97791546,63,1,0.0,211.1,5,16,4,0.25,0,desktop,Direct,0,0.2142,-1.5231,0.2142,-1.5231,1.2101,Cart Abandoners / Window Shoppers,#F59E0B
6777901.57963663,48,2,0.0,356.8,9,18,3,0.167,0,desktop,Direct,0,0.1487,0.0664,0.1487,0.0664,0.892,Cart Abandoners / Window Shoppers,#F59E0B
3189644.44157618,62,5,0.0,740.0,23,18,1,0.056,0,desktop,Organic Search,3,-0.6221,2.6286,-0.6221,2.6286,0.2385,Potential Loyalists,#3B82F6
4018305.81729329,36,3,0.0,207.8,12,9,4,0.444,0,desktop,Referral,0,0.5838,0.2378,0.5838,0.2378,1.6167,Cart Abandoners / Window Shoppers,#F59E0B
4357785.52956986,58,5,0.0,564.6,24,5,2,0.4,0,desktop,Organic Search,3,-0.3061,2.4212,-0.3061,2.4212,1.1964,Potential Loyalists,#3B82F6
8542450.32330944,70,1,0.0,277.8,6,8,3,0.375,0,desktop,Referral,0,-0.0921,-1.0985,-0.0921,-1.0985,1.3224,Cart Abandoners / Window Shoppers,#F59E0B
7706716.31150899,31,2,0.0,548.0,15,5,4,0.8,0,mobile,Direct,0,0.8758,0.969,0.8758,0.969,2.307,Cart Abandoners / Window Shoppers,#F59E0B
8712101.40583175,24,2,0.0,456.4,13,9,4,0.444,0,desktop,Organic Search,0,0.8096,0.6597,0.8096,0.6597,1.6168,Cart Abandoners / Window Shoppers,#F59E0B
1030841.50529710,32,2,0.0,346.2,13,4,3,0.75,0,desktop,Direct,0,0.5743,0.405,0.5743,0.405,2.0566,Cart Abandoners / Window Shoppers,#F59E0B
2635163.51902960,32,5,0.0,1510.2,35,4,2,0.5,0,desktop,Direct,3,0.0877,3.5569,0.0877,3.5569,1.4061,Potential Loyalists,#3B82F6
9218865.45427198,58,1,0.0,369.7,8,8,3,0.375,0,desktop,Organic Search,0,0.0163,-0.5637,0.0163,-0.5637,1.3248,Cart Abandoners / Window Shoppers,#F59E0B
6380020.44666297,31,1,0.0,129.8,5,4,2,0.5,0,desktop,Direct,0,0.0911,-1.9507,0.0911,-1.9507,1.3442,Cart Abandoners / Window Shoppers,#F59E0B
9518328.52248212,37,3,0.0,788.0,19,13,4,0.308,0,mobile,Organic Search,3,0.5271,1.933,0.5271,1.933,1.3573,Potential Loyalists,#3B82F6
4495433.33712970,22,1,0.0,198.8,8,4,4,1.0,0,desktop,Referral,0,1.1925,-1.134,1.1925,-1.134,2.6126,Cart Abandoners / Window Shoppers,#F59E0B
2826403.53068534,47,1,0.0,129.7,3,8,1,0.125,0,desktop,Organic Search,0,-0.7067,-2.3814,-0.7067,-2.3814,0.2523,Cart Abandoners / Window Shoppers,#F59E0B
6799196.86634882,43,1,0.0,135.4,6,18,4,0.222,0,mobile,Direct,0,0.4391,-1.7668,0.4391,-1.7668,1.1385,Cart Abandoners / Window Shoppers,#F59E0B
2861226.29274159,73,1,0.0,122.8,3,12,1,0.083,0,desktop,Direct,0,-0.8604,-2.4399,-0.8604,-2.4399,0.201,Cart Abandoners / Window Shoppers,#F59E0B
3534488.54514662,43,4,0.0,661.7,22,16,4,0.25,0,desktop,Display,3,0.4438,2.2206,0.4438,2.2206,1.2398,Potential Loyalists,#3B82F6
4700351.23637366,50,1,0.0,123.5,4,11,2,0.182,0,desktop,Paid Search,0,-0.2516,-2.1994,-0.2516,-2.1994,0.6826,Cart Abandoners / Window Shoppers,#F59E0B
7800624.61047780,18,1,0.0,344.4,7,16,1,0.062,0,mobile,Referral,0,0.0209,-0.7333,0.0209,-0.7333,0.1749,Cart Abandoners / Window Shoppers,#F59E0B
5883871.14668473,45,1,0.0,319.1,6,9,1,0.111,0,desktop,Organic Search,0,-0.6557,-0.9521,-0.6557,-0.9521,0.2471,Cart Abandoners / Window Shoppers,#F59E0B
6093126.62940217,27,4,0.0,558.7,12,19,2,0.105,0,desktop,Organic Search,3,0.2145,1.4696,0.2145,1.4696,0.571,Potential Loyalists,#3B82F6
5380752.35009253,35,3,0.0,699.9,23,6,4,0.667,0,mobile,Paid Search,3,0.7264,2.0186,0.7264,2.0186,2.0786,Potential Loyalists,#3B82F6
9548189.70004489,50,1,0.0,227.3,7,14,1,0.071,0,mobile,Organic Search,0,-0.5964,-1.1296,-0.5964,-1.1296,0.1979,Cart Abandoners / Window Shoppers,#F59E0B
9973469.70649168,62,2,0.0,221.7,7,12,4,0.333,0,desktop,Referral,0,0.2315,-0.6176,0.2315,-0.6176,1.3913,Cart Abandoners / Window Shoppers,#F59E0B
5508172.28950825,10,2,0.0,300.9,7,7,2,0.286,0,mobile,Direct,0,0.625,-0.3014,0.625,-0.3014,0.8842,Cart Abandoners / Window Shoppers,#F59E0B
5853341.63546460,29,2,0.0,349.4,9,18,4,0.222,0,mobile,Direct,0,0.6666,0.0488,0.6666,0.0488,1.1498,Cart Abandoners / Window Shoppers,#F59E0B
1067829.53424290,66,1,0.0,165.1,5,8,1,0.125,0,mobile,Direct,0,-0.8998,-1.731,-0.8998,-1.731,0.2685,Cart Abandoners / Window Shoppers,#F59E0B
7868377.27666021,28,1,0.0,470.0,10,5,3,0.6,0,desktop,Organic Search,0,0.5479,-0.1183,0.5479,-0.1183,1.77,Cart Abandoners / Window Shoppers,#F59E0B
7301303.94329826,21,1,0.0,121.0,6,17,2,0.118,0,mobile,Paid Search,0,0.3182,-1.8536,0.3182,-1.8536,0.5497,Cart Abandoners / Window Shoppers,#F59E0B
1691200.91295189,13,2,0.0,231.4,9,17,1,0.059,0,desktop,Direct,0,0.2243,-0.3095,0.2243,-0.3095,0.1692,Cart Abandoners / Window Shoppers,#F59E0B
2171585.44476921,65,1,0.0,217.5,5,15,4,0.267,0,mobile,Direct,0,0.195,-1.4954,0.195,-1.4954,1.2471,Cart Abandoners / Window Shoppers,#F59E0B
1513813.83930120,61,2,0.0,280.9,7,11,1,0.091,0,mobile,Display,0,-0.7753,-0.3808,-0.7753,-0.3808,0.2295,Cart Abandoners / Window Shoppers,#F59E0B
4869758.54534293,73,2,0.0,652.1,14,17,2,0.118,0,mobile,Paid Search,3,-0.3817,1.0585,-0.3817,1.0585,0.6148,Potential Loyalists,#3B82F6
6109065.61283585,25,1,0.0,235.6,5,16,4,0.25,0,mobile,Direct,0,0.7382,-1.4107,0.7382,-1.4107,1.1897,Cart Abandoners / Window Shoppers,#F59E0B
1711540.22774370,65,1,0.0,187.1,6,4,1,0.25,0,mobile,Organic Search,0,-0.9556,-1.4474,-0.9556,-1.4474,0.5275,Cart Abandoners / Window Shoppers,#F59E0B
9551086.61903689,73,2,0.0,532.7,12,6,3,0.5,0,desktop,Direct,0,-0.0521,0.7175,-0.0521,0.7175,1.6014,Cart Abandoners / Window Shoppers,#F59E0B
1476527.24945583,33,1,0.0,249.0,5,4,3,0.75,0,desktop,Organic Search,0,0.5513,-1.3549,0.5513,-1.3549,2.0396,Cart Abandoners / Window Shoppers,#F59E0B
2401697.28171843,48,2,0.0,217.3,10,7,3,0.429,0,desktop,Display,0,0.1512,-0.2885,0.1512,-0.2885,1.4315,Cart Abandoners / Window Shoppers,#F59E0B
8100076.23392894,24,2,0.0,505.3,13,14,1,0.071,0,mobile,Paid Search,0,-0.1765,0.7686,-0.1765,0.7686,0.2014,Cart Abandoners / Window Shoppers,#F59E0B
6887365.71546357,22,4,0.0,954.1,21,14,2,0.143,0,desktop,Direct,3,0.2618,2.5313,0.2618,2.5313,0.6419,Potential Loyalists,#3B82F6
8643756.71683219,57,1,0.0,121.0,4,10,1,0.1,0,mobile,Direct,0,-0.7663,-2.2122,-0.7663,-2.2122,0.2191,Cart Abandoners / Window Shoppers,#F59E0B
9166872.26106538,65,1,0.0,229.1,6,13,2,0.154,0,desktop,Referral,0,-0.3761,-1.2734,-0.3761,-1.2734,0.6473,Cart Abandoners / Window Shoppers,#F59E0B
9850636.50141422,50,1,0.0,170.6,4,19,3,0.158,0,mobile,Direct,0,0.1287,-1.9088,0.1287,-1.9088,0.8543,Cart Abandoners / Window Shoppers,#F59E0B
6473200.44801544,42,1,0.0,444.7,10,14,4,0.286,0,desktop,Referral,0,0.4455,-0.1814,0.4455,-0.1814,1.2936,Cart Abandoners / Window Shoppers,#F59E0B
6170196.63080945,21,6,0.0,403.8,24,9,4,0.444,0,desktop,Referral,3,0.893,2.3189,0.893,2.3189,1.6253,Potential Loyalists,#3B82F6
1134572.24185038,69,2,0.0,184.2,10,9,3,0.333,0,tablet,Organic Search,0,-0.0926,-0.4466,-0.0926,-0.4466,1.2357,Cart Abandoners / Window Shoppers,#F59E0B
5262873.91505162,45,1,0.0,106.5,3,17,2,0.118,0,desktop,Organic Search,0,-0.1121,-2.5751,-0.1121,-2.5751,0.5593,Cart Abandoners / Window Shoppers,#F59E0B
3531771.23008443,10,6,0.0,688.4,30,19,1,0.053,0,desktop,Paid Search,3,0.414,3.0635,0.414,3.0635,0.1994,Potential Loyalists,#3B82F6
1556676.97564833,34,2,0.0,528.9,12,9,3,0.333,0,tablet,Organic Search,0,0.3112,0.7187,0.3112,0.7187,1.2356,Cart Abandoners / Window Shoppers,#F59E0B
6581698.74181432,24,1,0.0,133.8,5,6,4,0.667,0,mobile,Organic Search,0,0.9288,-1.932,0.9288,-1.932,2.025,Cart Abandoners / Window Shoppers,#F59E0B
1407614.52161527,73,1,0.0,144.6,5,19,3,0.158,0,desktop,Direct,0,-0.0875,-1.8724,-0.0875,-1.8724,0.8632,Cart Abandoners / Window Shoppers,#F59E0B
6670011.97558394,58,1,0.0,216.0,7,14,2,0.143,0,desktop,Direct,0,-0.2972,-1.1852,-0.2972,-1.1852,0.6251,Cart Abandoners / Window Shoppers,#F59E0B
9667692.93069322,67,2,0.0,550.8,12,16,1,0.062,0,mobile,Organic Search,3,-0.716,0.7572,-0.716,0.7572,0.2213,Potential Loyalists,#3B82F6
4751395.48788062,36,4,0.0,898.2,20,6,3,0.5,0,desktop,Referral,3,0.357,2.418,0.357,2.418,1.6014,Potential Loyalists,#3B82F6
6900338.99634393,21,2,0.0,158.5,7,5,1,0.2,0,desktop,Organic Search,0,-0.3092,-0.8944,-0.3092,-0.8944,0.3949,Cart Abandoners / Window Shoppers,#F59E0B
1084293.46378066,21,1,0.0,283.9,10,10,4,0.4,0,mobile,Direct,0,0.8615,-0.5894,0.8615,-0.5894,1.5103,Cart Abandoners / Window Shoppers,#F59E0B
4201022.92632917,54,1,0.0,244.6,5,7,1,0.143,0,mobile,Organic Search,0,-0.8087,-1.3634,-0.8087,-1.3634,0.3018,Cart Abandoners / Window Shoppers,#F59E0B
1993470.30492759,50,1,0.0,167.2,5,10,4,0.4,0,desktop,Referral,0,0.3709,-1.7347,0.3709,-1.7347,1.5163,Cart Abandoners / Window Shoppers,#F59E0B
3285600.20516047,66,4,0.0,795.3,24,6,1,0.167,0,desktop,Organic Search,3,-0.933,2.4976,-0.933,2.4976,0.3938,Potential Loyalists,#3B82F6
1223403.52037604,71,4,0.0,363.5,13,16,4,0.25,0,desktop,Direct,3,0.156,1.1301,0.156,1.1301,1.2376,Potential Loyalists,#3B82F6
5425506.11684412,20,2,0.0,579.1,14,17,4,0.235,0,mobile,Email,0,0.871,0.9541,0.871,0.9541,1.1796,Cart Abandoners / Window Shoppers,#F59E0B
7995665.37199838,70,2,0.0,618.9,13,13,1,0.077,0,desktop,Referral,3,-0.8053,0.9456,-0.8053,0.9456,0.2356,Potential Loyalists,#3B82F6
7585114.90921507,26,3,0.0,494.6,20,16,1,0.062,0,desktop,Direct,3,-0.175,1.57,-0.175,1.57,0.2052,Potential Loyalists,#3B82F6
9855760.73233324,60,2,0.0,313.6,8,9,1,0.111,0,desktop,Organic Search,0,-0.8156,-0.1517,-0.8156,-0.1517,0.2598,Cart Abandoners / Window Shoppers,#F59E0B
9114201.52524337,50,2,0.0,410.5,13,6,1,0.167,0,desktop,Referral,0,-0.7804,0.5729,-0.7804,0.5729,0.3672,Cart Abandoners / Window Shoppers,#F59E0B
7362101.82417507,12,1,0.0,221.0,8,19,4,0.211,0,mobile,Referral,0,1.155,-1.0318,1.155,-1.0318,1.0968,Cart Abandoners / Window Shoppers,#F59E0B
7842044.58384897,50,1,0.0,327.5,7,14,1,0.071,0,mobile,Direct,0,-0.5963,-0.7905,-0.5963,-0.7905,0.203,Cart Abandoners / Window Shoppers,#F59E0B
6244211.77631900,38,1,0.0,215.6,6,6,3,0.5,0,desktop,Referral,0,0.3153,-1.3262,0.3153,-1.3262,1.5628,Cart Abandoners / Window Shoppers,#F59E0B
1159685.99958119,31,1,0.0,193.1,10,5,3,0.6,0,mobile,Direct,0,0.4904,-0.9455,0.4904,-0.9455,1.76,Cart Abandoners / Window Shoppers,#F59E0B
7886036.94806838,64,2,0.0,184.0,7,15,2,0.133,0,mobile,Organic Search,0,-0.337,-0.7827,-0.337,-0.7827,0.6102,Cart Abandoners / Window Shoppers,#F59E0B
6527220.65885895,64,2,0.0,157.4,7,17,4,0.235,0,desktop,Direct,0,0.212,-0.937,0.212,-0.937,1.1816,Cart Abandoners / Window Shoppers,#F59E0B
9399417.26773313,69,1,0.0,244.3,9,13,2,0.154,0,desktop,Direct,0,-0.4096,-0.8353,-0.4096,-0.8353,0.6537,Cart Abandoners / Window Shoppers,#F59E0B
5113529.31922860,26,2,0.0,457.2,10,6,4,0.667,0,desktop,Paid Search,0,0.8894,0.4043,0.8894,0.4043,2.0543,Cart Abandoners / Window Shoppers,#F59E0B
2463637.61185326,36,1,0.0,359.9,8,17,2,0.118,0,desktop,Organic Search,0,0.0166,-0.5819,0.0166,-0.5819,0.5805,Cart Abandoners / Window Shoppers,#F59E0B
1578738.65666347,44,1,0.0,212.4,10,11,2,0.182,0,desktop,Paid Search,0,-0.1769,-0.8576,-0.1769,-0.8576,0.6963,Cart Abandoners / Window Shoppers,#F59E0B
6695486.42091075,43,1,0.0,323.2,7,17,1,0.059,0,desktop,Paid Search,0,-0.446,-0.8027,-0.446,-0.8027,0.1959,Cart Abandoners / Window Shoppers,#F59E0B
3917518.27744985,53,1,0.0,304.1,7,15,2,0.133,0,mobile,Direct,0,-0.2328,-0.8671,-0.2328,-0.8671,0.6096,Cart Abandoners / Window Shoppers,#F59E0B
5793865.11468486,24,2,0.0,306.1,8,8,1,0.125,0,desktop,Organic Search,0,-0.3215,-0.1629,-0.3215,-0.1629,0.261,Cart Abandoners / Window Shoppers,#F59E0B
4395242.18710264,57,4,0.0,428.8,14,17,2,0.118,0,mobile,Organic Search,3,-0.2354,1.3679,-0.2354,1.3679,0.607,Potential Loyalists,#3B82F6
2624504.32033990,67,2,0.0,595.7,16,10,1,0.1,0,mobile,Paid Search,3,-0.852,1.1189,-0.852,1.1189,0.2627,Potential Loyalists,#3B82F6
8712287.49803546,34,3,0.0,454.8,18,19,3,0.158,0,mobile,Organic Search,3,0.3572,1.3701,0.3572,1.3701,0.8798,Potential Loyalists,#3B82F6
8222174.85567095,29,3,0.0,424.3,15,7,2,0.286,0,mobile,Paid Search,3,0.0455,1.1353,0.0455,1.1353,0.9237,Potential Loyalists,#3B82F6
3576794.22954981,22,1,0.0,188.4,7,10,2,0.2,0,desktop,Organic Search,0,0.2022,-1.2989,0.2022,-1.2989,0.7107,Cart Abandoners / Window Shoppers,#F59E0B
4005950.69305518,62,1,0.0,214.9,7,19,1,0.053,0,desktop,Direct,0,-0.616,-1.1867,-0.616,-1.1867,0.2,Cart Abandoners / Window Shoppers,#F59E0B
7891460.82199472,14,2,0.0,283.6,12,15,3,0.2,0,desktop,Direct,0,0.8129,0.147,0.8129,0.147,0.9275,Cart Abandoners / Window Shoppers,#F59E0B
5102897.47624400,17,4,0.0,737.0,21,7,2,0.286,0,mobile,Referral,3,0.3456,2.2976,0.3456,2.2976,0.9245,Potential Loyalists,#3B82F6
7303672.74131491,30,4,0.0,827.4,20,8,2,0.25,0,tablet,Referral,3,0.0272,2.3489,0.0272,2.3489,0.8616,Potential Loyalists,#3B82F6
9254607.75324873,20,6,0.0,1388.0,37,10,4,0.4,0,desktop,Direct,3,0.9031,3.8169,0.9031,3.8169,1.5541,Potential Loyalists,#3B82F6
8532446.53779504,64,2,0.0,204.2,8,18,3,0.167,0,desktop,Organic Search,0,-0.016,-0.567,-0.016,-0.567,0.8899,Cart Abandoners / Window Shoppers,#F59E0B
6378461.30151257,35,5,0.0,1225.0,30,12,4,0.333,0,desktop,Organic Search,3,0.5668,3.3634,0.5668,3.3634,1.4228,Potential Loyalists,#3B82F6
8091897.69079018,11,2,0.0,368.8,12,16,2,0.125,0,mobile,Organic Search,0,0.6616,0.3982,0.6616,0.3982,0.5715,Cart Abandoners / Window Shoppers,#F59E0B
2669002.48277727,70,1,0.0,136.2,4,8,4,0.5,0,mobile,Affiliates,0,0.224,-2.1217,0.224,-2.1217,1.7241,Cart Abandoners / Window Shoppers,#F59E0B
8586959.73100015,46,3,0.0,380.3,18,15,3,0.2,0,mobile,Referral,3,0.152,1.2018,0.152,1.2018,0.966,Potential Loyalists,#3B82F6
3239954.84739842,62,1,0.0,157.2,6,13,4,0.308,0,desktop,Referral,0,0.2239,-1.6313,0.2239,-1.6313,1.3295,Cart Abandoners / Window Shoppers,#F59E0B
4806728.68107491,36,1,0.0,244.7,7,7,3,0.429,0,desktop,Direct,0,0.3103,-1.0664,0.3103,-1.0664,1.4195,Cart Abandoners / Window Shoppers,#F59E0B
6480115.26027763,29,4,0.0,981.3,26,16,1,0.062,0,desktop,Display,3,-0.2335,2.7776,-0.2335,2.7776,0.222,Potential Loyalists,#3B82F6
3920952.92098845,38,8,0.0,1838.8,43,18,3,0.167,0,mobile,Organic Search,3,0.2951,4.2851,0.2951,4.2851,0.9296,Potential Loyalists,#3B82F6
8441340.18837010,43,1,0.0,129.9,4,13,2,0.154,0,desktop,Organic Search,0,-0.1411,-2.152,-0.1411,-2.152,0.6256,Cart Abandoners / Window Shoppers,#F59E0B
6349141.77933389,43,2,0.0,306.1,10,15,4,0.267,0,desktop,Display,0,0.436,0.0237,0.436,0.0237,1.2522,Cart Abandoners / Window Shoppers,#F59E0B
9547423.57301559,14,3,0.0,429.8,11,16,1,0.062,0,mobile,Direct,0,0.1657,0.8514,0.1657,0.8514,0.1824,Cart Abandoners / Window Shoppers,#F59E0B
3510684.85991553,17,3,0.0,458.8,19,17,4,0.235,0,desktop,Organic Search,3,0.9638,1.4374,0.9638,1.4374,1.1782,Potential Loyalists,#3B82F6
7303605.93254340,74,3,0.0,884.4,19,9,1,0.111,0,mobile,Organic Search,3,-0.9312,2.0512,-0.9312,2.0512,0.2909,Potential Loyalists,#3B82F6
2386456.50822101,49,2,0.0,247.2,8,13,2,0.154,0,mobile,Referral,0,-0.2103,-0.3796,-0.2103,-0.3796,0.6477,Cart Abandoners / Window Shoppers,#F59E0B
2543964.56405745,67,1,0.0,101.7,3,16,4,0.25,0,desktop,Direct,0,0.1778,-2.6306,0.1778,-2.6306,1.1967,Cart Abandoners / Window Shoppers,#F59E0B
7181253.51946387,29,2,0.0,269.1,6,16,2,0.125,0,desktop,Paid Search,0,0.1271,-0.5634,0.1271,-0.5634,0.5822,Cart Abandoners / Window Shoppers,#F59E0B
5250792.59533360,45,1,0.0,97.4,5,16,2,0.125,0,desktop,Organic Search,0,-0.1259,-2.226,-0.1259,-2.226,0.5735,Cart Abandoners / Window Shoppers,#F59E0B
6021450.37999325,58,3,0.0,425.9,15,13,3,0.231,0,desktop,Organic Search,3,0.0079,1.1225,0.0079,1.1225,1.0349,Potential Loyalists,#3B82F6
9557009.84202340,33,3,0.0,372.9,11,19,4,0.211,0,desktop,Paid Search,0,0.6028,0.6936,0.6028,0.6936,1.1363,Cart Abandoners / Window Shoppers,#F59E0B
2832296.96877222,49,2,0.0,412.4,13,6,3,0.5,0,mobile,Organic Search,0,0.1761,0.5629,0.1761,0.5629,1.5892,Cart Abandoners / Window Shoppers,#F59E0B
8572231.68205403,69,2,0.0,380.2,10,5,2,0.4,0,mobile,Organic Search,0,-0.4138,0.2338,-0.4138,0.2338,1.18,Cart Abandoners / Window Shoppers,#F59E0B
7880918.74110136,64,1,0.0,204.1,8,18,3,0.167,0,mobile,Organic Search,0,-0.0197,-1.1202,-0.0197,-1.1202,0.8867,Cart Abandoners / Window Shoppers,#F59E0B
6999679.59244145,56,1,0.0,167.9,7,11,2,0.182,0,mobile,Paid Search,0,-0.3152,-1.4168,-0.3152,-1.4168,0.695,Cart Abandoners / Window Shoppers,#F59E0B
4414815.16943993,58,3,0.0,541.4,13,14,1,0.071,0,mobile,Organic Search,3,-0.6734,1.2149,-0.6734,1.2149,0.2255,Potential Loyalists,#3B82F6
8794425.46620330,10,5,0.0,874.7,19,15,3,0.2,0,desktop,Direct,3,1.0009,2.6009,1.0009,2.6009,0.9461,Potential Loyalists,#3B82F6
9727792.94040093,39,1,0.0,279.3,9,16,4,0.25,0,desktop,Organic Search,0,0.4888,-0.7147,0.4888,-0.7147,1.2085,Cart Abandoners / Window Shoppers,#F59E0B
4468116.82626066,30,1,0.0,164.9,5,4,3,0.75,0,desktop,Organic Search,0,0.6049,-1.736,0.6049,-1.736,2.0317,Cart Abandoners / Window Shoppers,#F59E0B
4753560.52671871,61,4,0.0,665.9,16,19,3,0.158,0,mobile,Direct,3,0.0265,1.904,0.0265,1.904,0.8995,Potential Loyalists,#3B82F6
7624779.93703508,30,6,0.0,574.9,22,18,3,0.167,0,desktop,Organic Search,3,0.4248,2.5559,0.4248,2.5559,0.9039,Potential Loyalists,#3B82F6
5720438.86460705,10,1,0.0,241.0,7,5,2,0.4,0,desktop,Direct,0,0.6583,-1.0593,0.6583,-1.0593,1.1217,Cart Abandoners / Window Shoppers,#F59E0B
2859596.40945414,14,3,0.0,291.9,15,9,1,0.111,0,mobile,Organic Search,0,0.0043,0.802,0.0043,0.802,0.2336,Cart Abandoners / Window Shoppers,#F59E0B
9010236.95145448,55,8,0.0,812.5,43,15,4,0.267,0,desktop,Organic Search,3,0.309,3.8757,0.309,3.8757,1.2962,Potential Loyalists,#3B82F6
7080741.32846715,17,2,0.0,378.1,11,19,4,0.211,0,desktop,Display,0,0.9702,0.3217,0.9702,0.3217,1.1188,Cart Abandoners / Window Shoppers,#F59E0B
4969529.57947709,38,2,0.0,234.3,5,7,1,0.143,0,desktop,Referral,0,-0.605,-0.8465,-0.605,-0.8465,0.296,Cart Abandoners / Window Shoppers,#F59E0B
4708251.59727545,34,1,0.0,97.7,2,16,2,0.125,0,mobile,Referral,0,0.0316,-2.9568,0.0316,-2.9568,0.5588,Cart Abandoners / Window Shoppers,#F59E0B
6674046.25291892,20,2,0.0,478.7,17,18,4,0.222,0,desktop,Organic Search,0,0.8754,0.9706,0.8754,0.9706,1.1523,Cart Abandoners / Window Shoppers,#F59E0B
3781662.78610647,49,3,0.0,487.4,12,11,2,0.182,0,tablet,Direct,3,-0.2313,1.0353,-0.2313,1.0353,0.7178,Potential Loyalists,#3B82F6
6573715.19356592,74,2,0.0,176.7,5,18,4,0.222,0,mobile,Organic Search,0,0.1323,-1.1377,0.1323,-1.1377,1.1566,Cart Abandoners / Window Shoppers,#F59E0B
2051573.57737686,52,2,0.0,443.6,16,5,2,0.4,0,mobile,Referral,0,-0.251,0.8432,-0.251,0.8432,1.1805,Cart Abandoners / Window Shoppers,#F59E0B
4522715.39929055,30,4,0.0,190.9,10,14,2,0.143,0,mobile,Direct,0,0.0862,0.2955,0.0862,0.2955,0.6186,Cart Abandoners / Window Shoppers,#F59E0B
8269564.71345609,49,1,0.0,210.4,8,13,4,0.308,0,desktop,Organic Search,0,0.359,-1.0913,0.359,-1.0913,1.3308,Cart Abandoners / Window Shoppers,#F59E0B
2249656.12628396,55,1,0.0,296.7,7,6,2,0.333,0,mobile,Organic Search,0,-0.3156,-0.8858,-0.3156,-0.8858,1.0211,Cart Abandoners / Window Shoppers,#F59E0B
7305341.82391702,43,1,0.0,256.7,7,11,4,0.364,0,tablet,Direct,0,0.4456,-1.0298,0.4456,-1.0298,1.447,Cart Abandoners / Window Shoppers,#F59E0B
7425819.76594934,18,1,0.0,249.8,5,8,2,0.25,0,mobile,Organic Search,0,0.3006,-1.3398,0.3006,-1.3398,0.8112,Cart Abandoners / Window Shoppers,#F59E0B
7670195.55054989,39,2,0.0,478.9,11,10,1,0.1,0,desktop,Organic Search,0,-0.5442,0.5519,-0.5442,0.5519,0.2427,Cart Abandoners / Window Shoppers,#F59E0B
1292355.40940455,58,1,0.0,298.1,7,13,2,0.154,0,desktop,Paid Search,0,-0.3105,-0.8857,-0.3105,-0.8857,0.6498,Cart Abandoners / Window Shoppers,#F59E0B
8437812.50839414,69,1,0.0,127.7,4,7,1,0.143,0,mobile,Direct,0,-0.9496,-2.1622,-0.9496,-2.1622,0.2965,Cart Abandoners / Window Shoppers,#F59E0B
3340009.68073748,18,1,0.0,92.1,4,14,2,0.143,0,desktop,Direct,0,0.3607,-2.4601,0.3607,-2.4601,0.5802,Cart Abandoners / Window Shoppers,#F59E0B
2561782.23622296,25,2,0.0,294.6,13,17,3,0.176,0,desktop,Organic Search,0,0.508,0.254,0.508,0.254,0.8942,Cart Abandoners / Window Shoppers,#F59E0B
1934901.88674042,18,4,0.0,307.3,15,16,3,0.188,0,desktop,Referral,0,0.6889,1.1356,0.6889,1.1356,0.9173,Cart Abandoners / Window Shoppers,#F59E0B
6370664.30392564,44,1,0.0,338.5,7,18,3,0.167,0,desktop,Organic Search,0,0.1941,-0.7715,0.1941,-0.7715,0.8834,Cart Abandoners / Window Shoppers,#F59E0B
7460095.16674473,45,2,0.0,402.4,14,10,4,0.4,0,desktop,Organic Search,0,0.4369,0.6086,0.4369,0.6086,1.5399,Cart Abandoners / Window Shoppers,#F59E0B
6739685.53348074,53,2,0.0,194.3,7,8,4,0.5,0,desktop,Organic Search,0,0.3881,-0.7371,0.3881,-0.7371,1.731,Cart Abandoners / Window Shoppers,#F59E0B
9309164.57949489,65,1,0.0,121.1,5,13,3,0.231,0,mobile,Referral,0,-0.0662,-2.0328,-0.0662,-2.0328,1.0032,Cart Abandoners / Window Shoppers,#F59E0B
4475956.65123789,26,3,0.0,472.0,20,14,2,0.143,0,desktop,Organic Search,3,0.1662,1.521,0.1662,1.521,0.6337,Potential Loyalists,#3B82F6
1932071.36250343,18,1,0.0,289.5,6,7,2,0.286,0,desktop,Organic Search,0,0.303,-1.0384,0.303,-1.0384,0.8922,Cart Abandoners / Window Shoppers,#F59E0B
3293606.27777736,20,1,0.0,365.7,9,18,1,0.056,0,mobile,Paid Search,0,0.0049,-0.4425,0.0049,-0.4425,0.1831,Cart Abandoners / Window Shoppers,#F59E0B
5157080.74881310,43,2,0.0,282.4,10,10,1,0.1,0,desktop,Direct,0,-0.5999,-0.0326,-0.5999,-0.0326,0.2366,Cart Abandoners / Window Shoppers,#F59E0B
2783593.79625886,52,1,0.0,297.1,7,12,4,0.333,0,desktop,Referral,0,0.3284,-0.8966,0.3284,-0.8966,1.388,Cart Abandoners / Window Shoppers,#F59E0B
6449560.53217832,23,3,0.0,271.5,9,5,1,0.2,0,desktop,Direct,0,-0.3566,0.233,-0.3566,0.233,0.4094,Cart Abandoners / Window Shoppers,#F59E0B
8971233.33631941,49,2,0.0,197.0,8,17,2,0.118,0,tablet,Organic Search,0,-0.155,-0.592,-0.155,-0.592,0.5826,Cart Abandoners / Window Shoppers,#F59E0B
1634729.51038467,31,2,0.0,513.8,11,15,1,0.067,0,desktop,Organic Search,0,-0.2971,0.6168,-0.2971,0.6168,0.2056,Cart Abandoners / Window Shoppers,#F59E0B
1660708.70227686,46,6,0.0,1462.7,39,7,1,0.143,0,mobile,Organic Search,3,-0.7012,3.8815,-0.7012,3.8815,0.3527,Potential Loyalists,#3B82F6
2409457.25298206,64,1,0.0,293.2,7,14,2,0.143,0,desktop,Organic Search,0,-0.3535,-0.9027,-0.3535,-0.9027,0.6318,Cart Abandoners / Window Shoppers,#F59E0B
9364564.57138503,54,1,0.0,179.7,8,15,4,0.267,0,desktop,Organic Search,0,0.3019,-1.2392,0.3019,-1.2392,1.2447,Cart Abandoners / Window Shoppers,#F59E0B
6269487.31320998,44,4,0.0,998.7,24,9,3,0.333,0,mobile,Organic Search,3,0.1713,2.6988,0.1713,2.6988,1.2622,Potential Loyalists,#3B82F6
6269501.78975685,59,2,0.0,421.4,11,10,4,0.4,0,desktop,Organic Search,0,0.2819,0.4111,0.2819,0.4111,1.5444,Cart Abandoners / Window Shoppers,#F59E0B
6165899.57318332,43,1,0.0,241.7,8,12,3,0.25,0,desktop,Affiliates,0,0.1668,-0.9565,0.1668,-0.9565,1.0472,Cart Abandoners / Window Shoppers,#F59E0B
3916799.53781855,66,3,0.0,526.7,21,9,4,0.444,0,mobile,Referral,3,0.2397,1.654,0.2397,1.654,1.6503,Potential Loyalists,#3B82F6
2484682.56387008,29,3,0.0,333.9,14,10,3,0.3,0,desktop,Direct,0,0.3978,0.8369,0.3978,0.8369,1.1594,Cart Abandoners / Window Shoppers,#F59E0B
4293453.40953140,49,4,0.0,492.7,17,12,2,0.167,0,desktop,Organic Search,3,-0.2165,1.695,-0.2165,1.695,0.6942,Potential Loyalists,#3B82F6
4509757.86892241,10,3,0.0,287.5,11,16,4,0.25,0,mobile,Paid Search,0,1.2466,0.4661,1.2466,0.4661,1.1851,Cart Abandoners / Window Shoppers,#F59E0B
8371360.11991560,21,4,0.0,610.8,23,8,2,0.25,0,desktop,Direct,3,0.227,2.2124,0.227,2.2124,0.8506,Potential Loyalists,#3B82F6
6554057.34089956,46,2,0.0,418.7,10,10,4,0.4,0,desktop,Direct,0,0.4237,0.3155,0.4237,0.3155,1.5374,Cart Abandoners / Window Shoppers,#F59E0B
3254990.38155188,13,1,0.0,114.4,5,18,1,0.056,0,desktop,Paid Search,0,0.2394,-2.0581,0.2394,-2.0581,0.1511,Cart Abandoners / Window Shoppers,#F59E0B
4237950.26362694,52,1,0.0,120.7,6,5,3,0.6,0,desktop,Direct,0,0.1958,-1.8669,0.1958,-1.8669,1.7605,Cart Abandoners / Window Shoppers,#F59E0B
7067997.71827508,47,4,0.0,821.8,18,16,4,0.25,0,mobile,Organic Search,3,0.3928,2.2181,0.3928,2.2181,1.2427,Potential Loyalists,#3B82F6
9267128.12317356,49,1,0.0,198.5,5,18,1,0.056,0,desktop,Direct,0,-0.501,-1.563,-0.501,-1.563,0.1897,Cart Abandoners / Window Shoppers,#F59E0B
1856919.64944864,23,2,0.0,270.8,13,12,2,0.167,0,desktop,Organic Search,0,0.2052,0.1838,0.2052,0.1838,0.6611,Cart Abandoners / Window Shoppers,#F59E0B
5076933.76707066,40,3,0.0,232.9,9,11,3,0.273,0,desktop,Organic Search,0,0.2136,0.0673,0.2136,0.0673,1.1002,Cart Abandoners / Window Shoppers,#F59E0B
5516751.34839250,49,1,0.0,121.0,4,14,1,0.071,0,desktop,Referral,0,-0.586,-2.213,-0.586,-2.213,0.1831,Cart Abandoners / Window Shoppers,#F59E0B
1474818.34724755,41,5,0.0,634.6,17,19,4,0.211,0,desktop,Direct,3,0.4846,2.1693,0.4846,2.1693,1.1568,Potential Loyalists,#3B82F6
1166447.51035777,27,3,0.0,199.9,10,19,3,0.158,0,mobile,Paid Search,0,0.4857,0.0283,0.4857,0.0283,0.8565,Cart Abandoners / Window Shoppers,#F59E0B
3806553.40478323,10,3,0.0,329.7,16,6,2,0.333,0,mobile,Organic Search,0,0.6392,0.9776,0.6392,0.9776,0.9971,Cart Abandoners / Window Shoppers,#F59E0B
8472014.34266425,23,1,0.0,435.5,10,11,3,0.273,0,mobile,Organic Search,0,0.5192,-0.1887,0.5192,-0.1887,1.0916,Cart Abandoners / Window Shoppers,#F59E0B
8908317.68219997,34,1,0.0,306.5,6,18,2,0.111,0,mobile,Organic Search,0,0.0613,-0.998,0.0613,-0.998,0.5625,Cart Abandoners / Window Shoppers,#F59E0B
6883661.34686607,67,1,0.0,311.7,6,7,2,0.286,0,desktop,Organic Search,0,-0.4388,-0.9847,-0.4388,-0.9847,0.9243,Cart Abandoners / Window Shoppers,#F59E0B
8974366.72537756,21,1,0.0,159.3,3,17,4,0.235,0,mobile,Referral,0,0.837,-2.2028,0.837,-2.2028,1.1441,Cart Abandoners / Window Shoppers,#F59E0B
8063147.43122964,41,1,0.0,162.3,7,13,4,0.308,0,desktop,Organic Search,0,0.4601,-1.455,0.4601,-1.455,1.3216,Cart Abandoners / Window Shoppers,#F59E0B
2135495.85846752,44,1,0.0,132.4,6,11,1,0.091,0,mobile,Direct,0,-0.593,-1.7689,-0.593,-1.7689,0.2065,Cart Abandoners / Window Shoppers,#F59E0B
2131075.95266690,29,3,0.0,164.0,10,8,2,0.25,0,desktop,Display,0,0.0424,-0.1459,0.0424,-0.1459,0.8289,Cart Abandoners / Window Shoppers,#F59E0B
8459340.76437870,56,1,0.0,311.1,7,8,4,0.5,0,mobile,Referral,0,0.353,-0.8537,0.353,-0.8537,1.7357,Cart Abandoners / Window Shoppers,#F59E0B
5022061.41573867,60,3,0.0,867.6,20,18,1,0.056,0,desktop,Organic Search,3,-0.6073,2.0823,-0.6073,2.0823,0.2352,Potential Loyalists,#3B82F6
5757811.64196415,49,1,0.0,125.4,5,8,4,0.5,0,mobile,Display,0,0.4284,-2.0002,0.4284,-2.0002,1.7165,Cart Abandoners / Window Shoppers,#F59E0B
3017671.80000873,60,18,0.0,759.2,50,11,1,0.091,0,mobile,Organic Search,3,-0.7509,3.9731,-0.7509,3.9731,0.272,Potential Loyalists,#3B82F6
7804285.42560104,47,3,0.0,989.8,21,13,3,0.231,0,desktop,Organic Search,3,0.1288,2.248,0.1288,2.248,1.0454,Potential Loyalists,#3B82F6
8523010.59091389,18,1,0.0,201.8,4,7,3,0.429,0,mobile,Organic Search,0,0.6969,-1.737,0.6969,-1.737,1.3951,Cart Abandoners / Window Shoppers,#F59E0B
3076980.21227658,24,3,0.0,220.0,8,11,3,0.273,0,desktop,Organic Search,0,0.5011,-0.0918,0.5011,-0.0918,1.0862,Cart Abandoners / Window Shoppers,#F59E0B
5039015.53778130,68,1,0.0,308.8,8,4,2,0.5,0,desktop,Organic Search,0,-0.3548,-0.7252,-0.3548,-0.7252,1.3797,Cart Abandoners / Window Shoppers,#F59E0B
8343548.47049947,31,1,0.0,303.3,6,11,1,0.091,0,desktop,Organic Search,0,-0.3945,-0.9965,-0.3945,-0.9965,0.2098,Cart Abandoners / Window Shoppers,#F59E0B
5717690.34933370,43,1,0.0,81.0,3,15,2,0.133,0,tablet,Referral,0,-0.1155,-2.826,-0.1155,-2.826,0.5781,Cart Abandoners / Window Shoppers,#F59E0B
8803856.30450032,38,1,0.0,188.9,5,17,2,0.118,0,mobile,Direct,0,-0.0151,-1.6119,-0.0151,-1.6119,0.568,Cart Abandoners / Window Shoppers,#F59E0B
5168356.20760801,11,2,0.0,504.5,11,18,3,0.167,0,desktop,Organic Search,0,0.9677,0.5987,0.9677,0.5987,0.8647,Cart Abandoners / Window Shoppers,#F59E0B
7835604.17999893,64,1,0.0,189.6,8,4,3,0.75,0,desktop,Organic Search,0,0.1751,-1.1843,0.1751,-1.1843,2.0563,Cart Abandoners / Window Shoppers,#F59E0B
3235509.11956445,69,4,0.0,1016.3,31,12,2,0.167,0,desktop,Direct,3,-0.4108,2.9764,-0.4108,2.9764,0.7193,Potential Loyalists,#3B82F6
2888660.20146313,13,2,0.0,179.4,6,14,3,0.214,0,mobile,Organic Search,0,0.8445,-0.9347,0.8445,-0.9347,0.9404,Cart Abandoners / Window Shoppers,#F59E0B
5689991.97634086,38,1,0.0,203.8,6,18,4,0.222,0,desktop,Organic Search,0,0.5093,-1.3866,0.5093,-1.3866,1.1413,Cart Abandoners / Window Shoppers,#F59E0B
6136947.25658777,74,3,0.0,495.0,18,11,4,0.364,0,mobile,Organic Search,3,0.1438,1.4386,0.1438,1.4386,1.4847,Potential Loyalists,#3B82F6
3130041.44957979,44,2,0.0,311.8,14,11,1,0.091,0,desktop,Direct,0,-0.5874,0.3882,-0.5874,0.3882,0.2305,Cart Abandoners / Window Shoppers,#F59E0B
4638495.99163366,66,1,0.0,191.4,5,17,2,0.118,0,mobile,Organic Search,0,-0.3299,-1.606,-0.3299,-1.606,0.5814,Cart Abandoners / Window Shoppers,#F59E0B
4572276.46238154,15,1,0.0,125.9,4,18,1,0.056,0,mobile,Organic Search,0,0.1613,-2.165,0.1613,-2.165,0.1535,Cart Abandoners / Window Shoppers,#F59E0B
7080515.87981230,52,3,0.0,654.6,19,12,2,0.167,0,desktop,Organic Search,3,-0.2521,1.7664,-0.2521,1.7664,0.6991,Potential Loyalists,#3B82F6
1542867.33735990,34,2,0.0,326.7,12,17,2,0.118,0,desktop,Referral,0,0.0534,0.2726,0.0534,0.2726,0.5852,Cart Abandoners / Window Shoppers,#F59E0B
7754367.96158533,10,12,0.0,1850.8,45,6,3,0.5,0,desktop,Organic Search,3,1.0707,4.448,1.0707,4.448,1.5903,Potential Loyalists,#3B82F6
3580920.49893189,52,1,0.0,172.6,4,9,3,0.333,0,mobile,Paid Search,0,0.0638,-1.8946,0.0638,-1.8946,1.2157,Cart Abandoners / Window Shoppers,#F59E0B
3332980.69763702,62,2,0.0,178.4,10,4,3,0.75,0,desktop,Organic Search,0,0.1974,-0.4742,0.1974,-0.4742,2.0602,Cart Abandoners / Window Shoppers,#F59E0B
8309820.38864863,63,1,0.0,95.4,4,6,1,0.167,0,desktop,Organic Search,0,-0.9188,-2.4295,-0.9188,-2.4295,0.3372,Cart Abandoners / Window Shoppers,#F59E0B
1933041.28647242,70,1,0.0,348.0,10,8,3,0.375,0,desktop,Paid Search,0,-0.091,-0.4087,-0.091,-0.4087,1.3308,Cart Abandoners / Window Shoppers,#F59E0B
5275193.27813741,69,4,0.0,370.1,10,18,2,0.111,0,mobile,Direct,3,-0.3325,0.8987,-0.3325,0.8987,0.5945,Potential Loyalists,#3B82F6
8338411.31332153,74,2,0.0,255.8,8,17,4,0.235,0,desktop,Organic Search,0,0.1291,-0.3632,0.1291,-0.3632,1.1932,Cart Abandoners / Window Shoppers,#F59E0B
8796637.59397873,25,1,0.0,182.4,8,17,3,0.176,0,desktop,Organic Search,0,0.5032,-1.2133,0.5032,-1.2133,0.8792,Cart Abandoners / Window Shoppers,#F59E0B
8046001.60705159,69,2,0.0,418.3,15,19,3,0.158,0,desktop,Organic Search,0,-0.049,0.7094,-0.049,0.7094,0.8912,Cart Abandoners / Window Shoppers,#F59E0B
4189113.72838165,46,2,0.0,244.3,10,8,3,0.375,0,mobile,Referral,0,0.1526,-0.1797,0.1526,-0.1797,1.319,Cart Abandoners / Window Shoppers,#F59E0B
7778859.45980266,45,2,0.0,388.3,13,13,4,0.308,0,mobile,Organic Search,0,0.4123,0.5012,0.4123,0.5012,1.3457,Cart Abandoners / Window Shoppers,#F59E0B
8101500.22191772,15,1,0.0,207.1,7,17,2,0.118,0,desktop,Referral,0,0.5039,-1.2103,0.5039,-1.2103,0.551,Cart Abandoners / Window Shoppers,#F59E0B
1468487.65871873,70,1,0.0,161.8,4,8,2,0.25,0,desktop,Direct,0,-0.4668,-1.9517,-0.4668,-1.9517,0.8351,Cart Abandoners / Window Shoppers,#F59E0B
1902153.20010724,54,1,0.0,96.5,4,15,4,0.267,0,desktop,Organic Search,0,0.3005,-2.439,0.3005,-2.439,1.2292,Cart Abandoners / Window Shoppers,#F59E0B
3044818.94964585,59,1,0.0,243.0,5,12,3,0.25,0,desktop,Organic Search,0,-0.0145,-1.3862,-0.0145,-1.3862,1.0501,Cart Abandoners / Window Shoppers,#F59E0B
8721665.78412466,34,1,0.0,174.9,5,5,2,0.4,0,tablet,Paid Search,0,-0.0158,-1.6759,-0.0158,-1.6759,1.1421,Cart Abandoners / Window Shoppers,#F59E0B
9785886.61578117,63,1,0.0,289.7,7,19,4,0.211,0,desktop,Organic Search,0,0.2275,-0.9244,0.2275,-0.9244,1.138,Cart Abandoners / Window Shoppers,#F59E0B
2312352.19942712,12,1,0.0,110.4,4,14,3,0.214,0,desktop,Organic Search,0,0.883,-2.2935,0.883,-2.2935,0.9248,Cart Abandoners / Window Shoppers,#F59E0B
5118552.52358604,67,6,0.0,1039.5,31,4,1,0.25,0,desktop,Organic Search,3,-0.9578,3.4697,-0.9578,3.4697,0.5797,Potential Loyalists,#3B82F6
5100528.23801985,26,2,0.0,512.2,12,4,2,0.5,0,desktop,Paid Search,0,0.1957,0.6999,0.1957,0.6999,1.3714,Cart Abandoners / Window Shoppers,#F59E0B
3200627.98188887,61,2,0.0,286.5,7,9,2,0.222,0,desktop,Organic Search,0,-0.3792,-0.3683,-0.3792,-0.3683,0.7892,Cart Abandoners / Window Shoppers,#F59E0B
4150744.47504902,71,1,0.0,132.9,8,4,2,0.5,0,desktop,Organic Search,0,-0.3798,-1.5073,-0.3798,-1.5073,1.369,Cart Abandoners / Window Shoppers,#F59E0B
7362320.69147346,18,3,0.0,532.9,11,5,1,0.2,0,mobile,Organic Search,3,-0.2201,1.0563,-0.2201,1.0563,0.4152,Potential Loyalists,#3B82F6
7000376.20395967,41,2,0.0,149.8,8,16,3,0.188,0,mobile,Direct,0,0.2213,-0.8482,0.2213,-0.8482,0.9159,Cart Abandoners / Window Shoppers,#F59E0B
4207532.48568599,43,1,0.0,170.2,5,7,2,0.286,0,mobile,Referral,0,-0.186,-1.7048,-0.186,-1.7048,0.9035,Cart Abandoners / Window Shoppers,#F59E0B
5075699.24742376,68,4,0.0,592.5,19,14,4,0.286,0,mobile,Organic Search,3,0.1801,1.9646,0.1801,1.9646,1.3232,Potential Loyalists,#3B82F6
1889683.61877778,60,1,0.0,78.5,4,13,2,0.154,0,desktop,Organic Search,0,-0.3313,-2.6205,-0.3313,-2.6205,0.6265,Cart Abandoners / Window Shoppers,#F59E0B
8410472.98353679,17,2,0.0,179.3,8,7,2,0.286,0,desktop,Direct,0,0.3386,-0.6623,0.3386,-0.6623,0.8903,Cart Abandoners / Window Shoppers,#F59E0B
1364021.49272561,32,1,0.0,137.9,4,8,1,0.125,0,desktop,Organic Search,0,-0.4882,-2.0831,-0.4882,-2.0831,0.2466,Cart Abandoners / Window Shoppers,#F59E0B
9182097.73768585,74,1,0.0,186.8,10,18,2,0.111,0,desktop,Direct,0,-0.3812,-0.9859,-0.3812,-0.9859,0.5794,Cart Abandoners / Window Shoppers,#F59E0B
3042511.17988888,36,4,0.0,621.3,17,9,4,0.444,0,mobile,Organic Search,3,0.5868,1.9055,0.5868,1.9055,1.6375,Potential Loyalists,#3B82F6
3017713.32504872,55,1,0.0,325.6,7,13,4,0.308,0,mobile,Paid Search,0,0.2929,-0.8125,0.2929,-0.8125,1.3383,Cart Abandoners / Window Shoppers,#F59E0B
9547442.21288755,45,2,0.0,283.0,14,7,1,0.143,0,desktop,Organic Search,0,-0.699,0.301,-0.699,0.301,0.3134,Cart Abandoners / Window Shoppers,#F59E0B
3445501.26147988,36,2,0.0,238.8,10,14,4,0.286,0,mobile,Direct,0,0.5365,-0.2045,0.5365,-0.2045,1.2844,Cart Abandoners / Window Shoppers,#F59E0B
7725325.24676189,70,1,0.0,206.0,5,9,1,0.111,0,mobile,Direct,0,-0.9087,-1.5273,-0.9087,-1.5273,0.2497,Cart Abandoners / Window Shoppers,#F59E0B
2748519.68079724,68,1,0.0,157.0,7,8,1,0.125,0,desktop,Display,0,-0.9163,-1.4721,-0.9163,-1.4721,0.2719,Cart Abandoners / Window Shoppers,#F59E0B
4757380.51675154,27,1,0.0,224.4,5,4,1,0.25,0,desktop,Organic Search,0,-0.4571,-1.4327,-0.4571,-1.4327,0.5074,Cart Abandoners / Window Shoppers,#F59E0B
7488468.62024141,40,1,0.0,342.2,9,12,4,0.333,0,desktop,Direct,0,0.4783,-0.5251,0.4783,-0.5251,1.3863,Cart Abandoners / Window Shoppers,#F59E0B
9063770.65081851,67,1,0.0,115.9,3,8,4,0.5,0,mobile,Paid Search,0,0.2486,-2.5077,0.2486,-2.5077,1.7182,Cart Abandoners / Window Shoppers,#F59E0B
2124889.40160532,30,4,0.0,556.9,13,8,4,0.5,0,desktop,Organic Search,3,0.7171,1.5388,0.7171,1.5388,1.7427,Potential Loyalists,#3B82F6
2979916.86706014,31,1,0.0,431.7,9,15,1,0.067,0,desktop,Direct,0,-0.3013,-0.2917,-0.3013,-0.2917,0.1978,Cart Abandoners / Window Shoppers,#F59E0B
4863598.81729985,16,6,0.0,445.8,21,15,4,0.267,0,desktop,Referral,3,0.9986,2.2762,0.9986,2.2762,1.249,Potential Loyalists,#3B82F6
8870181.63328608,21,12,0.0,2001.7,45,19,3,0.158,0,desktop,Display,3,0.6378,4.4351,0.6378,4.4351,0.8993,Potential Loyalists,#3B82F6
8122399.15909780,49,3,0.0,406.7,11,13,1,0.077,0,desktop,Direct,3,-0.5991,0.7875,-0.5991,0.7875,0.2216,Potential Loyalists,#3B82F6
7321217.54358895,14,1,0.0,309.7,6,17,3,0.176,0,desktop,Direct,0,0.8228,-0.9828,0.8228,-0.9828,0.8703,Cart Abandoners / Window Shoppers,#F59E0B
5557526.93019942,59,1,0.0,495.2,10,7,1,0.143,0,desktop,Direct,0,-0.8578,-0.0647,-0.8578,-0.0647,0.3209,Cart Abandoners / Window Shoppers,#F59E0B
8498562.26065914,20,2,0.0,379.9,11,15,2,0.133,0,mobile,Organic Search,0,0.3213,0.3345,0.3213,0.3345,0.5976,Cart Abandoners / Window Shoppers,#F59E0B
7146316.46420020,14,1,0.0,262.9,6,14,1,0.071,0,tablet,Organic Search,0,0.1153,-1.1222,0.1153,-1.1222,0.1686,Cart Abandoners / Window Shoppers,#F59E0B
7716548.23077717,59,2,0.0,425.9,16,15,1,0.067,0,desktop,Referral,3,-0.6621,0.8052,-0.6621,0.8052,0.2223,Potential Loyalists,#3B82F6
1559372.34492878,23,1,0.0,214.7,9,4,2,0.5,0,desktop,Direct,0,0.2597,-0.9381,0.2597,-0.9381,1.3501,Cart Abandoners / Window Shoppers,#F59E0B
4577725.94027717,27,2,0.0,458.5,11,11,3,0.273,0,desktop,Display,0,0.4334,0.5026,0.4334,0.5026,1.1003,Cart Abandoners / Window Shoppers,#F59E0B
6911233.96948791,19,1,0.0,308.4,8,17,3,0.176,0,mobile,Direct,0,0.6559,-0.7229,0.6559,-0.7229,0.8802,Cart Abandoners / Window Shoppers,#F59E0B
1638451.21666738,65,5,0.0,843.1,18,7,3,0.429,0,desktop,Organic Search,3,-0.0142,2.4942,-0.0142,2.4942,1.4695,Potential Loyalists,#3B82F6
5560398.53519663,10,2,0.0,441.2,10,5,1,0.2,0,desktop,Organic Search,0,0.095,0.4024,0.095,0.4024,0.396,Cart Abandoners / Window Shoppers,#F59E0B
5859145.51697001,44,2,0.0,268.2,9,13,3,0.231,0,desktop,Referral,0,0.1617,-0.1958,0.1617,-0.1958,1.0141,Cart Abandoners / Window Shoppers,#F59E0B
3338204.63616509,10,2,0.0,316.6,16,8,1,0.125,0,desktop,Affiliates,0,0.1575,0.5542,0.1575,0.5542,0.2489,Cart Abandoners / Window Shoppers,#F59E0B
3629436.13175514,71,12,0.0,1414.9,50,8,2,0.25,0,tablet,Referral,3,-0.455,4.4312,-0.455,4.4312,0.9017,Potential Loyalists,#3B82F6
7556954.49798821,30,3,0.0,324.2,9,8,1,0.125,0,desktop,Organic Search,0,-0.4438,0.3921,-0.4438,0.3921,0.2705,Cart Abandoners / Window Shoppers,#F59E0B
1730851.81738360,59,1,0.0,458.6,10,15,1,0.067,0,mobile,Email,0,-0.6668,-0.1416,-0.6668,-0.1416,0.2151,Cart Abandoners / Window Shoppers,#F59E0B
1093669.43635896,17,3,0.0,682.3,23,8,2,0.25,0,desktop,Organic Search,3,0.3417,2.0136,0.3417,2.0136,0.8455,Potential Loyalists,#3B82F6
9382998.42211052,12,3,0.0,304.4,12,13,3,0.231,0,desktop,Direct,0,0.8873,0.6074,0.8873,0.6074,0.9909,Cart Abandoners / Window Shoppers,#F59E0B
7406820.72513142,36,4,0.0,212.6,11,18,3,0.167,0,mobile,Referral,0,0.3171,0.4793,0.3171,0.4793,0.884,Cart Abandoners / Window Shoppers,#F59E0B
6009489.61563847,70,2,0.0,203.2,5,9,3,0.333,0,mobile,Paid Search,0,-0.1022,-1.0001,-0.1022,-1.0001,1.2304,Cart Abandoners / Window Shoppers,#F59E0B
7950650.37610616,31,1,0.0,220.8,8,7,3,0.429,0,mobile,Direct,0,0.395,-1.0348,0.395,-1.0348,1.4159,Cart Abandoners / Window Shoppers,#F59E0B
3400026.23581562,32,1,0.0,218.3,9,9,4,0.444,0,desktop,Affiliates,0,0.6434,-0.939,0.6434,-0.939,1.6061,Cart Abandoners / Window Shoppers,#F59E0B
7160345.28292365,28,1,0.0,113.7,6,15,2,0.133,0,mobile,Direct,0,0.1284,-1.9134,0.1284,-1.9134,0.5792,Cart Abandoners / Window Shoppers,#F59E0B
6365543.92100718,24,1,0.0,119.6,5,15,4,0.267,0,mobile,Paid Search,0,0.7596,-2.0378,0.7596,-2.0378,1.2151,Cart Abandoners / Window Shoppers,#F59E0B
3694189.15501372,28,3,0.0,312.2,13,7,3,0.429,0,mobile,Organic Search,0,0.4596,0.7026,0.4596,0.7026,1.4289,Cart Abandoners / Window Shoppers,#F59E0B
3619668.75002239,17,1,0.0,282.1,10,7,2,0.286,0,mobile,Email,0,0.3354,-0.5813,0.3354,-0.5813,0.8958,Cart Abandoners / Window Shoppers,#F59E0B
5370295.34195656,71,3,0.0,898.8,22,11,2,0.182,0,desktop,Direct,3,-0.442,2.2069,-0.442,2.2069,0.7419,Potential Loyalists,#3B82F6
1790167.25174639,55,1,0.0,134.6,6,18,4,0.222,0,mobile,Organic Search,0,0.2988,-1.7751,0.2988,-1.7751,1.1443,Cart Abandoners / Window Shoppers,#F59E0B
7451688.48207945,55,2,0.0,683.9,16,14,3,0.214,0,desktop,Display,3,0.0403,1.2355,0.0403,1.2355,1.0032,Potential Loyalists,#3B82F6
9231830.15421547,40,1,0.0,196.1,5,4,2,0.5,0,desktop,Direct,0,-0.053,-1.5715,-0.053,-1.5715,1.356,Cart Abandoners / Window Shoppers,#F59E0B
9158700.25594389,33,2,0.0,509.0,14,8,3,0.375,0,desktop,Organic Search,0,0.3418,0.8359,0.3418,0.8359,1.325,Cart Abandoners / Window Shoppers,#F59E0B
6301543.83835651,12,2,0.0,327.1,12,18,3,0.167,0,desktop,Referral,0,0.9212,0.2801,0.9212,0.2801,0.8616,Cart Abandoners / Window Shoppers,#F59E0B
2908737.42307746,58,1,0.0,304.8,8,6,3,0.5,0,mobile,Organic Search,0,0.0751,-0.7425,0.0751,-0.7425,1.5806,Cart Abandoners / Window Shoppers,#F59E0B
1076875.63917605,62,5,0.0,976.8,25,19,4,0.211,0,desktop,Paid Search,3,0.2496,2.9568,0.2496,2.9568,1.177,Potential Loyalists,#3B82F6
5896256.43933808,66,3,0.0,194.5,10,15,2,0.133,0,desktop,Email,0,-0.3513,-0.0009,-0.3513,-0.0009,0.6177,Cart Abandoners / Window Shoppers,#F59E0B
3229027.15015915,63,2,0.0,190.2,9,16,1,0.062,0,desktop,Direct,0,-0.6816,-0.5086,-0.6816,-0.5086,0.2019,Cart Abandoners / Window Shoppers,#F59E0B
3600259.14774250,40,1,0.0,149.1,3,13,1,0.077,0,mobile,Affiliates,0,-0.4926,-2.2541,-0.4926,-2.2541,0.1846,Cart Abandoners / Window Shoppers,#F59E0B
6986016.63954278,37,1,0.0,302.2,6,17,4,0.235,0,desktop,Paid Search,0,0.5204,-1.0204,0.5204,-1.0204,1.1729,Cart Abandoners / Window Shoppers,#F59E0B
2106179.33308351,63,12,0.0,1922.6,43,16,3,0.188,0,mobile,Organic Search,3,-0.0087,4.4237,-0.0087,4.4237,0.9834,Potential Loyalists,#3B82F6
6416541.85160200,72,3,0.0,405.5,8,18,3,0.167,0,desktop,Organic Search,0,-0.0807,0.4608,-0.0807,0.4608,0.9045,Cart Abandoners / Window Shoppers,#F59E0B
7716822.94274177,56,6,0.0,1890.5,42,13,3,0.231,0,desktop,Affiliates,3,0.0355,3.94,0.0355,3.94,1.065,Potential Loyalists,#3B82F6
1309983.56844581,71,3,0.0,891.7,19,5,2,0.4,0,desktop,Organic Search,3,-0.426,2.0541,-0.426,2.0541,1.2019,Potential Loyalists,#3B82F6
6045035.16042572,31,1,0.0,144.7,3,10,4,0.4,0,desktop,Email,0,0.6412,-2.2941,0.6412,-2.2941,1.4982,Cart Abandoners / Window Shoppers,#F59E0B
7494415.39400183,17,1,0.0,218.8,4,10,1,0.1,0,mobile,Direct,0,-0.0854,-1.6499,-0.0854,-1.6499,0.1989,Cart Abandoners / Window Shoppers,#F59E0B
4898514.22574951,70,2,0.0,198.5,9,8,3,0.375,0,desktop,Direct,0,-0.0877,-0.4784,-0.0877,-0.4784,1.325,Cart Abandoners / Window Shoppers,#F59E0B
3713317.13330198,41,3,0.0,603.9,14,6,4,0.667,0,desktop,Direct,3,0.6357,1.3799,0.6357,1.3799,2.0748,Potential Loyalists,#3B82F6
2408443.34838742,69,1,0.0,129.6,7,7,4,0.571,0,desktop,Direct,0,0.2721,-1.6677,0.2721,-1.6677,1.8691,Cart Abandoners / Window Shoppers,#F59E0B
9598567.21241687,36,4,0.0,768.1,21,12,2,0.167,0,mobile,Organic Search,3,-0.0407,2.3249,-0.0407,2.3249,0.6954,Potential Loyalists,#3B82F6
4665489.65060125,48,4,0.0,773.2,19,11,4,0.364,0,desktop,Organic Search,3,0.3937,2.2172,0.3937,2.2172,1.4829,Potential Loyalists,#3B82F6
2757693.88699755,43,2,0.0,102.8,6,18,4,0.222,0,mobile,Organic Search,0,0.4427,-1.4685,0.4427,-1.4685,1.1379,Cart Abandoners / Window Shoppers,#F59E0B
1457210.31706685,12,2,0.0,257.8,10,14,1,0.071,0,desktop,Referral,0,0.2033,-0.1054,0.2033,-0.1054,0.1732,Cart Abandoners / Window Shoppers,#F59E0B
3110873.65060992,11,18,0.0,2699.7,76,9,3,0.333,0,mobile,Direct,3,0.9478,4.4461,0.9478,4.4461,1.2449,Potential Loyalists,#3B82F6
8455796.60555598,42,2,0.0,251.8,11,19,1,0.053,0,desktop,Paid Search,0,-0.3892,-0.0513,-0.3892,-0.0513,0.2008,Cart Abandoners / Window Shoppers,#F59E0B
2667142.16412028,17,1,0.0,175.1,7,6,1,0.167,0,desktop,Paid Search,0,-0.1796,-1.3535,-0.1796,-1.3535,0.3202,Cart Abandoners / Window Shoppers,#F59E0B
7036600.98818927,23,2,0.0,547.3,14,14,3,0.214,0,mobile,Direct,0,0.5329,0.9051,0.5329,0.9051,0.978,Cart Abandoners / Window Shoppers,#F59E0B
9249400.92356186,44,2,0.0,421.8,15,9,3,0.333,0,desktop,Organic Search,0,0.1654,0.7261,0.1654,0.7261,1.2409,Cart Abandoners / Window Shoppers,#F59E0B
4461306.97016663,58,2,0.0,296.7,14,4,4,1.0,0,desktop,Display,0,0.6494,0.3223,0.6494,0.3223,2.6502,Cart Abandoners / Window Shoppers,#F59E0B
5771538.94033591,59,1,0.0,285.8,6,16,3,0.188,0,mobile,Organic Search,0,0.0097,-1.0733,0.0097,-1.0733,0.9275,Cart Abandoners / Window Shoppers,#F59E0B
2398158.36065478,12,2,0.0,450.5,10,10,4,0.4,0,desktop,Organic Search,0,1.1714,0.3986,1.1714,0.3986,1.5071,Cart Abandoners / Window Shoppers,#F59E0B
3053522.59898647,38,4,0.0,285.5,14,14,4,0.286,0,mobile,Paid Search,0,0.5112,0.9868,0.5112,0.9868,1.2958,Cart Abandoners / Window Shoppers,#F59E0B
4479494.55773981,56,8,0.0,1400.2,40,5,1,0.2,0,desktop,Direct,3,-0.8489,4.2499,-0.8489,4.2499,0.4746,Potential Loyalists,#3B82F6
7145645.44545841,54,2,0.0,458.0,12,16,4,0.25,0,mobile,Organic Search,0,0.3079,0.5728,0.3079,0.5728,1.2294,Cart Abandoners / Window Shoppers,#F59E0B
5367473.80604079,65,1,0.0,115.8,3,13,2,0.154,0,desktop,Direct,0,-0.3775,-2.5001,-0.3775,-2.5001,0.6312,Cart Abandoners / Window Shoppers,#F59E0B
8645011.64688942,30,2,0.0,214.9,8,18,4,0.222,0,mobile,Organic Search,0,0.6472,-0.5148,0.6472,-0.5148,1.1425,Cart Abandoners / Window Shoppers,#F59E0B
7729909.89494320,15,3,0.0,432.8,12,11,2,0.182,0,mobile,Organic Search,0,0.4315,0.9381,0.4315,0.9381,0.6884,Cart Abandoners / Window Shoppers,#F59E0B
6110975.10778258,13,4,0.0,673.9,16,18,4,0.222,0,desktop,Organic Search,3,1.116,1.9291,1.116,1.9291,1.1506,Potential Loyalists,#3B82F6
4904809.96628095,51,2,0.0,450.5,11,7,4,0.571,0,desktop,Organic Search,0,0.45,0.4754,0.45,0.4754,1.8872,Cart Abandoners / Window Shoppers,#F59E0B
6031260.91739166,24,4,0.0,300.7,14,10,1,0.1,0,desktop,Direct,3,-0.2657,1.0585,-0.2657,1.0585,0.2313,Potential Loyalists,#3B82F6
4908483.76169411,42,5,0.0,450.6,25,8,1,0.125,0,desktop,Direct,3,-0.6283,2.2629,-0.6283,2.2629,0.2974,Potential Loyalists,#3B82F6
5206601.24684417,16,4,0.0,906.7,31,11,4,0.364,0,desktop,Direct,3,1.0106,2.8775,1.0106,2.8775,1.4648,Potential Loyalists,#3B82F6
3741489.31690862,53,1,0.0,347.1,9,10,2,0.2,0,mobile,Organic Search,0,-0.2937,-0.5046,-0.2937,-0.5046,0.7426,Cart Abandoners / Window Shoppers,#F59E0B
2539630.23081021,52,4,0.0,525.0,27,16,1,0.062,0,mobile,Direct,3,-0.5647,2.2276,-0.5647,2.2276,0.2275,Potential Loyalists,#3B82F6
9678267.68354887,50,8,0.0,1004.9,39,4,1,0.25,0,desktop,Direct,3,-0.7877,4.0214,-0.7877,4.0214,0.5768,Potential Loyalists,#3B82F6
1425671.13524656,27,1,0.0,141.2,6,5,2,0.4,0,desktop,Direct,0,0.1143,-1.7076,0.1143,-1.7076,1.1355,Cart Abandoners / Window Shoppers,#F59E0B
1456334.29837733,14,1,0.0,200.7,7,18,4,0.222,0,desktop,Direct,0,1.0655,-1.2477,1.0655,-1.2477,1.1194,Cart Abandoners / Window Shoppers,#F59E0B
1984023.83862285,54,3,0.0,557.2,15,4,4,1.0,0,mobile,Affiliates,0,0.6932,1.3697,0.6932,1.3697,2.6603,Cart Abandoners / Window Shoppers,#F59E0B
4596943.63992072,40,3,0.0,721.0,18,8,2,0.25,0,desktop,Direct,3,-0.1377,1.8069,-0.1377,1.8069,0.8636,Potential Loyalists,#3B82F6
5586229.55086413,23,2,0.0,418.6,11,9,1,0.111,0,desktop,Direct,0,-0.2723,0.4335,-0.2723,0.4335,0.2445,Cart Abandoners / Window Shoppers,#F59E0B
3748778.60092915,52,1,0.0,193.1,6,18,4,0.222,0,desktop,Direct,0,0.3309,-1.4402,0.3309,-1.4402,1.148,Cart Abandoners / Window Shoppers,#F59E0B
7693342.22499767,31,2,0.0,298.8,10,8,2,0.25,0,mobile,Referral,0,0.0024,0.0176,0.0024,0.0176,0.8366,Cart Abandoners / Window Shoppers,#F59E0B
4241397.71296213,52,1,0.0,174.4,5,15,4,0.267,0,desktop,Direct,0,0.3226,-1.6976,0.3226,-1.6976,1.2387,Cart Abandoners / Window Shoppers,#F59E0B
2105448.10798473,73,1,0.0,186.0,5,14,4,0.286,0,desktop,Direct,0,0.1281,-1.6415,0.1281,-1.6415,1.2876,Cart Abandoners / Window Shoppers,#F59E0B
4855313.21058097,55,2,0.0,483.5,10,11,1,0.091,0,desktop,Referral,0,-0.7152,0.4636,-0.7152,0.4636,0.2383,Cart Abandoners / Window Shoppers,#F59E0B
4999915.78450497,10,2,0.0,163.7,10,4,4,1.0,0,desktop,Direct,0,1.6257,-0.5393,1.6257,-0.5393,2.5974,Cart Abandoners / Window Shoppers,#F59E0B
5581423.32530204,42,2,0.0,343.8,9,6,4,0.667,0,mobile,Direct,0,0.6183,0.0326,0.6183,0.0326,2.0605,Cart Abandoners / Window Shoppers,#F59E0B
3680541.95456350,19,1,0.0,229.3,5,5,4,0.8,0,mobile,Direct,0,1.1431,-1.4305,1.1431,-1.4305,2.2688,Cart Abandoners / Window Shoppers,#F59E0B
4708966.44347781,33,2,0.0,209.8,9,5,1,0.2,0,mobile,Organic Search,0,-0.5619,-0.4025,-0.5619,-0.4025,0.412,Cart Abandoners / Window Shoppers,#F59E0B
4130016.89760631,35,2,0.0,731.3,17,5,2,0.4,0,desktop,Organic Search,3,-0.0257,1.3735,-0.0257,1.3735,1.1787,Potential Loyalists,#3B82F6
2630942.85432037,16,2,0.0,468.0,11,8,1,0.125,0,mobile,Direct,0,-0.0964,0.542,-0.0964,0.542,0.2609,Cart Abandoners / Window Shoppers,#F59E0B
4212679.56612370,69,3,0.0,620.7,14,11,4,0.364,0,desktop,Organic Search,3,0.1834,1.3986,0.1834,1.3986,1.4834,Potential Loyalists,#3B82F6
6800978.58458131,13,1,0.0,171.9,5,11,2,0.182,0,desktop,Referral,0,0.501,-1.6844,0.501,-1.6844,0.6578,Cart Abandoners / Window Shoppers,#F59E0B
9783912.80466492,49,3,0.0,810.1,21,15,2,0.133,0,desktop,Organic Search,3,-0.1792,2.0653,-0.1792,2.0653,0.6386,Potential Loyalists,#3B82F6
5433841.33591011,28,4,0.0,631.9,23,11,1,0.091,0,desktop,Display,3,-0.326,2.2461,-0.326,2.2461,0.2391,Potential Loyalists,#3B82F6
5384023.49470962,30,1,0.0,178.8,4,4,4,1.0,0,mobile,Display,0,1.0176,-1.8607,1.0176,-1.8607,2.6115,Cart Abandoners / Window Shoppers,#F59E0B
3507433.30838752,63,4,0.0,456.2,19,18,2,0.111,0,mobile,Referral,3,-0.279,1.7298,-0.279,1.7298,0.6022,Potential Loyalists,#3B82F6
4605349.69292683,44,2,0.0,377.9,9,17,3,0.176,0,desktop,Direct,0,0.1882,0.1212,0.1882,0.1212,0.9071,Cart Abandoners / Window Shoppers,#F59E0B
9076149.47905857,57,2,0.0,273.1,11,7,1,0.143,0,desktop,Organic Search,0,-0.8343,0.028,-0.8343,0.028,0.3159,Cart Abandoners / Window Shoppers,#F59E0B
2792828.31871949,20,3,0.0,365.8,19,9,2,0.222,0,mobile,Organic Search,3,0.2553,1.2377,0.2553,1.2377,0.7792,Potential Loyalists,#3B82F6
5189539.99850611,12,2,0.0,246.5,7,11,2,0.182,0,desktop,Direct,0,0.5485,-0.4907,0.5485,-0.4907,0.6676,Cart Abandoners / Window Shoppers,#F59E0B
9500208.61819403,19,1,0.0,234.5,7,16,2,0.125,0,desktop,Direct,0,0.3595,-1.0972,0.3595,-1.0972,0.5688,Cart Abandoners / Window Shoppers,#F59E0B
7339743.28482689,41,2,0.0,287.9,9,17,4,0.235,0,mobile,Paid Search,0,0.4667,-0.1346,0.4667,-0.1346,1.1819,Cart Abandoners / Window Shoppers,#F59E0B
6490135.96521605,69,1,0.0,243.3,7,8,4,0.5,0,desktop,Direct,0,0.2334,-1.0843,0.2334,-1.0843,1.7373,Cart Abandoners / Window Shoppers,#F59E0B
5909761.25517505,50,1,0.0,111.6,4,16,2,0.125,0,desktop,Direct,0,-0.1863,-2.2954,-0.1863,-2.2954,0.5758,Cart Abandoners / Window Shoppers,#F59E0B
1142369.22051244,40,2,0.0,211.5,10,13,2,0.154,0,desktop,Display,0,-0.0945,-0.3087,-0.0945,-0.3087,0.643,Cart Abandoners / Window Shoppers,#F59E0B
6024506.75715185,22,12,0.0,2516.3,79,12,3,0.25,0,desktop,Organic Search,3,0.5627,4.4372,0.5627,4.4372,1.0852,Potential Loyalists,#3B82F6
4160562.43691743,63,1,0.0,245.9,7,5,2,0.4,0,mobile,Display,0,-0.3662,-1.0612,-0.3662,-1.0612,1.1649,Cart Abandoners / Window Shoppers,#F59E0B
2351243.35073058,32,3,0.0,406.7,9,5,3,0.6,0,desktop,Direct,0,0.4789,0.5894,0.4789,0.5894,1.7754,Cart Abandoners / Window Shoppers,#F59E0B
4659265.12683800,15,2,0.0,412.7,9,4,3,0.75,0,desktop,Organic Search,0,0.9948,0.2191,0.9948,0.2191,2.0375,Cart Abandoners / Window Shoppers,#F59E0B
5373802.84424983,25,3,0.0,587.7,15,13,1,0.077,0,mobile,Organic Search,3,-0.2179,1.4434,-0.2179,1.4434,0.2142,Potential Loyalists,#3B82F6
7465235.32986741,32,1,0.0,187.6,5,7,4,0.571,0,mobile,Organic Search,0,0.7091,-1.6223,0.7091,-1.6223,1.8526,Cart Abandoners / Window Shoppers,#F59E0B
6409749.73215371,62,1,0.0,397.0,8,13,1,0.077,0,desktop,Direct,0,-0.7405,-0.4884,-0.7405,-0.4884,0.2181,Cart Abandoners / Window Shoppers,#F59E0B
3197134.41335526,15,3,0.0,271.5,15,14,3,0.214,0,mobile,Organic Search,0,0.7714,0.7191,0.7714,0.7191,0.9613,Cart Abandoners / Window Shoppers,#F59E0B
6402751.33263022,56,2,0.0,632.6,13,7,3,0.429,0,desktop,Direct,0,0.064,0.959,0.064,0.959,1.4529,Cart Abandoners / Window Shoppers,#F59E0B
5412782.34447596,73,1,0.0,387.1,10,13,1,0.077,0,desktop,Direct,0,-0.8337,-0.3004,-0.8337,-0.3004,0.224,Cart Abandoners / Window Shoppers,#F59E0B
4707546.30457440,62,1,0.0,153.3,3,4,3,0.75,0,mobile,Paid Search,0,0.1915,-2.2429,0.1915,-2.2429,2.0432,Cart Abandoners / Window Shoppers,#F59E0B
6557951.50376655,28,1,0.0,217.8,7,13,1,0.077,0,mobile,Organic Search,0,-0.2896,-1.162,-0.2896,-1.162,0.1895,Cart Abandoners / Window Shoppers,#F59E0B
5035029.60600312,34,3,0.0,287.6,11,12,1,0.083,0,mobile,Paid Search,0,-0.4158,0.4704,-0.4158,0.4704,0.2129,Cart Abandoners / Window Shoppers,#F59E0B
6927813.39876626,56,5,0.0,606.7,38,10,1,0.1,0,mobile,Organic Search,3,-0.7412,2.9657,-0.7412,2.9657,0.2737,Potential Loyalists,#3B82F6
9337541.73908169,65,1,0.0,369.7,9,16,4,0.25,0,desktop,Organic Search,0,0.1975,-0.4601,0.1975,-0.4601,1.2247,Cart Abandoners / Window Shoppers,#F59E0B
5989132.56491256,24,1,0.0,182.4,5,5,4,0.8,0,desktop,Paid Search,0,1.0132,-1.6453,1.0132,-1.6453,2.271,Cart Abandoners / Window Shoppers,#F59E0B
6728948.11133000,47,1,0.0,212.0,6,19,3,0.158,0,mobile,Referral,0,0.1648,-1.349,0.1648,-1.349,0.8597,Cart Abandoners / Window Shoppers,#F59E0B
3517184.21332921,58,1,0.0,327.5,7,12,3,0.25,0,desktop,Paid Search,0,-0.0041,-0.8031,-0.0041,-0.8031,1.0572,Cart Abandoners / Window Shoppers,#F59E0B
3998192.45891689,10,6,0.0,1263.4,33,4,1,0.25,0,mobile,Direct,3,0.1021,3.7284,0.1021,3.7284,0.5387,Potential Loyalists,#3B82F6
2097487.32187592,42,1,0.0,100.2,3,10,1,0.1,0,desktop,Referral,0,-0.5927,-2.62,-0.5927,-2.62,0.2066,Cart Abandoners / Window Shoppers,#F59E0B
6508068.36761025,46,2,0.0,171.0,8,8,3,0.375,0,mobile,Organic Search,0,0.1521,-0.7238,0.1521,-0.7238,1.3117,Cart Abandoners / Window Shoppers,#F59E0B
4163691.30130210,19,1,0.0,245.2,7,12,4,0.333,0,mobile,Direct,0,0.8953,-1.0634,0.8953,-1.0634,1.3616,Cart Abandoners / Window Shoppers,#F59E0B
5784160.95460536,67,3,0.0,292.0,10,17,4,0.235,0,mobile,Organic Search,0,0.1892,0.3664,0.1892,0.3664,1.1972,Cart Abandoners / Window Shoppers,#F59E0B
4614789.41281996,61,3,0.0,528.9,14,6,1,0.167,0,desktop,Paid Search,3,-0.8911,1.2717,-0.8911,1.2717,0.3785,Potential Loyalists,#3B82F6
9160124.33005293,24,3,0.0,656.8,14,15,2,0.133,0,mobile,Paid Search,3,0.2232,1.471,0.2232,1.471,0.6143,Potential Loyalists,#3B82F6
7771129.57644535,16,1,0.0,151.9,3,10,1,0.1,0,mobile,Direct,0,-0.0528,-2.2246,-0.0528,-2.2246,0.1898,Cart Abandoners / Window Shoppers,#F59E0B
6760779.69993409,35,3,0.0,634.2,18,9,1,0.111,0,desktop,Referral,3,-0.5044,1.6958,-0.5044,1.6958,0.2678,Potential Loyalists,#3B82F6
5615753.45915292,49,2,0.0,393.6,9,13,1,0.077,0,desktop,Organic Search,0,-0.6021,0.1711,-0.6021,0.1711,0.2168,Cart Abandoners / Window Shoppers,#F59E0B
6134148.39555682,26,4,0.0,402.2,23,9,1,0.111,0,mobile,Direct,3,-0.3346,1.8282,-0.3346,1.8282,0.2589,Potential Loyalists,#3B82F6
3868767.94312396,67,1,0.0,296.4,7,14,4,0.286,0,tablet,Organic Search,0,0.1781,-0.9023,0.1781,-0.9023,1.2954,Cart Abandoners / Window Shoppers,#F59E0B
9555032.97170558,42,3,0.0,353.0,11,13,3,0.231,0,desktop,Referral,0,0.1912,0.6459,0.1912,0.6459,1.0212,Cart Abandoners / Window Shoppers,#F59E0B
3916993.48649093,41,2,0.0,457.1,14,18,2,0.111,0,mobile,Referral,0,-0.0393,0.7343,-0.0393,0.7343,0.5846,Cart Abandoners / Window Shoppers,#F59E0B
1686206.18322571,36,1,0.0,90.2,2,18,3,0.167,0,desktop,Organic Search,0,0.3055,-3.0367,0.3055,-3.0367,0.8488,Cart Abandoners / Window Shoppers,#F59E0B
6394879.86104960,37,1,0.0,74.8,4,11,4,0.364,0,mobile,Referral,0,0.5296,-2.668,0.5296,-2.668,1.4208,Cart Abandoners / Window Shoppers,#F59E0B
9275219.89063517,48,2,0.0,245.2,12,16,1,0.062,0,desktop,Referral,0,-0.5256,0.009,-0.5256,0.009,0.2021,Cart Abandoners / Window Shoppers,#F59E0B
2692754.92252639,52,1,0.0,213.7,4,14,3,0.214,0,mobile,Organic Search,0,0.0656,-1.6986,0.0656,-1.6986,0.9682,Cart Abandoners / Window Shoppers,#F59E0B
2394534.79470904,11,3,0.0,332.9,10,11,4,0.364,0,desktop,Organic Search,0,1.2086,0.5103,1.2086,0.5103,1.4281,Cart Abandoners / Window Shoppers,#F59E0B
1158859.84143242,65,1,0.0,299.2,10,17,4,0.235,0,mobile,Referral,0,0.2002,-0.5556,0.2002,-0.5556,1.1914,Cart Abandoners / Window Shoppers,#F59E0B
9037811.34528855,50,3,0.0,867.8,19,9,2,0.222,0,mobile,Organic Search,3,-0.2607,2.0308,-0.2607,2.0308,0.8129,Potential Loyalists,#3B82F6
5806790.34019199,16,1,0.0,252.1,8,6,4,0.667,0,desktop,Referral,0,1.1542,-0.9094,1.1542,-0.9094,2.0292,Cart Abandoners / Window Shoppers,#F59E0B
7809416.66932189,12,1,0.0,290.1,6,4,4,1.0,0,mobile,Referral,0,1.524,-1.0438,1.524,-1.0438,2.6011,Cart Abandoners / Window Shoppers,#F59E0B
9931202.95348347,47,2,0.0,622.3,13,14,1,0.071,0,tablet,Direct,3,-0.5559,0.9547,-0.5559,0.9547,0.2202,Potential Loyalists,#3B82F6
8102902.39423390,57,2,0.0,284.9,14,19,3,0.158,0,desktop,Organic Search,0,0.0601,0.2861,0.0601,0.2861,0.8805,Cart Abandoners / Window Shoppers,#F59E0B
6721612.90825012,45,5,0.0,1248.5,34,14,4,0.286,0,mobile,Referral,3,0.4191,3.5066,0.4191,3.5066,1.3317,Potential Loyalists,#3B82F6
3568622.65280069,27,3,0.0,515.4,14,15,3,0.2,0,mobile,Organic Search,3,0.4529,1.2392,0.4529,1.2392,0.9549,Potential Loyalists,#3B82F6
1727910.63845574,17,1,0.0,219.9,5,13,3,0.231,0,desktop,Affiliates,0,0.6898,-1.4652,0.6898,-1.4652,0.9799,Cart Abandoners / Window Shoppers,#F59E0B
3829030.77129526,26,3,0.0,458.7,20,12,2,0.167,0,mobile,Organic Search,3,0.1403,1.4954,0.1403,1.4954,0.6783,Potential Loyalists,#3B82F6
1314112.59729160,68,1,0.0,248.9,6,17,1,0.059,0,mobile,Paid Search,0,-0.7081,-1.1925,-0.7081,-1.1925,0.2017,Cart Abandoners / Window Shoppers,#F59E0B
8628400.94910947,71,5,0.0,738.1,22,13,2,0.154,0,desktop,Organic Search,3,-0.4138,2.5753,-0.4138,2.5753,0.6882,Potential Loyalists,#3B82F6
7781086.88954191,72,1,0.0,129.9,5,19,4,0.211,0,mobile,Direct,0,0.1502,-1.9752,0.1502,-1.9752,1.1267,Cart Abandoners / Window Shoppers,#F59E0B
7076398.92633103,10,2,0.0,379.6,11,16,2,0.125,0,desktop,Paid Search,0,0.712,0.3409,0.712,0.3409,0.5689,Cart Abandoners / Window Shoppers,#F59E0B
6132539.11656105,42,5,0.0,394.5,18,6,4,0.667,0,mobile,Paid Search,3,0.6261,1.7878,0.6261,1.7878,2.0753,Potential Loyalists,#3B82F6
6603171.33495244,65,2,0.0,696.7,15,12,3,0.25,0,mobile,Direct,3,-0.0639,1.1872,-0.0639,1.1872,1.0817,Potential Loyalists,#3B82F6
5359976.69907115,33,3,0.0,437.7,16,12,1,0.083,0,desktop,Direct,3,-0.3981,1.2313,-0.3981,1.2313,0.2221,Potential Loyalists,#3B82F6
1623088.88335113,24,2,0.0,277.2,7,6,1,0.167,0,desktop,Paid Search,0,-0.3669,-0.3785,-0.3669,-0.3785,0.3378,Cart Abandoners / Window Shoppers,#F59E0B
9880520.84428301,25,1,0.0,130.3,3,16,4,0.25,0,desktop,Organic Search,0,0.7372,-2.3904,0.7372,-2.3904,1.1768,Cart Abandoners / Window Shoppers,#F59E0B
2701076.57462457,16,1,0.0,237.2,8,6,4,0.667,0,mobile,Organic Search,0,1.1542,-0.9659,1.1542,-0.9659,2.0283,Cart Abandoners / Window Shoppers,#F59E0B
1396702.96122415,73,1,0.0,239.8,7,8,3,0.375,0,desktop,Organic Search,0,-0.1159,-1.0936,-0.1159,-1.0936,1.3229,Cart Abandoners / Window Shoppers,#F59E0B
5638521.95248389,52,1,0.0,211.1,6,15,2,0.133,0,mobile,Display,0,-0.2223,-1.3477,-0.2223,-1.3477,0.6024,Cart Abandoners / Window Shoppers,#F59E0B
2067515.11041691,54,3,0.0,578.8,21,13,4,0.308,0,mobile,Paid Search,3,0.3121,1.7429,0.3121,1.7429,1.3631,Potential Loyalists,#3B82F6
4402425.37963737,53,1,0.0,208.3,8,15,3,0.2,0,mobile,Organic Search,0,0.0631,-1.098,0.0631,-1.098,0.9469,Cart Abandoners / Window Shoppers,#F59E0B
8482673.34603279,23,5,0.0,474.2,18,11,4,0.364,0,mobile,Organic Search,3,0.8103,1.9648,0.8103,1.9648,1.4595,Potential Loyalists,#3B82F6
4768773.96347962,23,3,0.0,292.8,11,4,3,0.75,0,tablet,Organic Search,0,0.7618,0.4814,0.7618,0.4814,2.0469,Cart Abandoners / Window Shoppers,#F59E0B
3241343.68827633,51,1,0.0,223.9,10,7,4,0.571,0,desktop,Direct,0,0.4459,-0.8192,0.4459,-0.8192,1.8732,Cart Abandoners / Window Shoppers,#F59E0B
5710247.38504759,73,1,0.0,156.1,5,5,3,0.6,0,mobile,Direct,0,0.0014,-1.7967,0.0014,-1.7967,1.7704,Cart Abandoners / Window Shoppers,#F59E0B
2661367.60047150,51,5,0.0,937.5,33,11,1,0.091,0,mobile,Referral,3,-0.6631,3.2252,-0.6631,3.2252,0.2644,Potential Loyalists,#3B82F6
4110783.58818163,30,1,0.0,192.1,8,13,4,0.308,0,mobile,Email,0,0.6371,-1.17,0.6371,-1.17,1.3179,Cart Abandoners / Window Shoppers,#F59E0B
9614442.18504214,33,1,0.0,152.1,8,10,1,0.1,0,desktop,Organic Search,0,-0.4542,-1.3694,-0.4542,-1.3694,0.2162,Cart Abandoners / Window Shoppers,#F59E0B
3026391.51321684,64,1,0.0,251.4,6,8,2,0.25,0,mobile,Organic Search,0,-0.4146,-1.1844,-0.4146,-1.1844,0.843,Cart Abandoners / Window Shoppers,#F59E0B
8312927.34513452,51,8,0.0,1192.0,42,6,2,0.333,0,desktop,Organic Search,3,-0.2547,4.247,-0.2547,4.247,1.0701,Potential Loyalists,#3B82F6
9294313.11028728,60,4,0.0,644.7,25,11,2,0.182,0,desktop,Referral,3,-0.3434,2.3342,-0.3434,2.3342,0.7364,Potential Loyalists,#3B82F6
9950428.26019180,53,1,0.0,187.2,8,6,3,0.5,0,mobile,Organic Search,0,0.1264,-1.1938,0.1264,-1.1938,1.5717,Cart Abandoners / Window Shoppers,#F59E0B
1005361.61875794,32,1,0.0,148.3,5,7,3,0.429,0,desktop,Paid Search,0,0.3761,-1.8351,0.3761,-1.8351,1.4063,Cart Abandoners / Window Shoppers,#F59E0B
1030987.63452039,37,1,0.0,249.2,5,15,1,0.067,0,desktop,Direct,0,-0.4025,-1.3472,-0.4025,-1.3472,0.1884,Cart Abandoners / Window Shoppers,#F59E0B
2225166.75405242,58,1,0.0,420.4,9,5,2,0.4,0,mobile,Organic Search,0,-0.3182,-0.3249,-0.3182,-0.3249,1.173,Cart Abandoners / Window Shoppers,#F59E0B
6393472.67265655,37,1,0.0,250.8,6,13,1,0.077,0,desktop,Direct,0,-0.4471,-1.1763,-0.4471,-1.1763,0.1965,Cart Abandoners / Window Shoppers,#F59E0B
5758573.69051441,24,1,0.0,319.7,7,11,2,0.182,0,desktop,Paid Search,0,0.1644,-0.8097,0.1644,-0.8097,0.6839,Cart Abandoners / Window Shoppers,#F59E0B
8587545.82996750,40,1,0.0,95.9,2,11,2,0.182,0,desktop,Organic Search,0,-0.1258,-2.9734,-0.1258,-2.9734,0.6678,Cart Abandoners / Window Shoppers,#F59E0B
1578161.86074717,50,2,0.0,265.0,11,14,2,0.143,0,desktop,Referral,0,-0.2078,-0.01,-0.2078,-0.01,0.6323,Cart Abandoners / Window Shoppers,#F59E0B
5101422.37345248,31,1,0.0,107.0,4,9,3,0.333,0,mobile,Paid Search,0,0.3572,-2.3309,0.3572,-2.3309,1.1968,Cart Abandoners / Window Shoppers,#F59E0B
8104487.58390895,17,1,0.0,180.7,6,5,3,0.6,0,desktop,Organic Search,0,0.8242,-1.4807,0.8242,-1.4807,1.7398,Cart Abandoners / Window Shoppers,#F59E0B
6802006.61842272,61,2,0.0,266.6,11,10,3,0.3,0,desktop,Direct,0,-0.0277,-0.0101,-0.0277,-0.0101,1.1691,Cart Abandoners / Window Shoppers,#F59E0B
4078755.42900544,66,1,0.0,188.8,5,18,4,0.222,0,desktop,Direct,0,0.1942,-1.6277,0.1942,-1.6277,1.1516,Cart Abandoners / Window Shoppers,#F59E0B
2809591.83271086,24,1,0.0,52.8,2,8,3,0.375,0,mobile,Organic Search,0,0.5129,-3.5201,0.5129,-3.5201,1.264,Cart Abandoners / Window Shoppers,#F59E0B
4714245.37958483,23,5,0.0,1004.6,29,19,3,0.158,0,mobile,Organic Search,3,0.5816,3.1503,0.5816,3.1503,0.8902,Potential Loyalists,#3B82F6
2395546.85820504,20,1,0.0,171.2,6,14,2,0.143,0,mobile,Display,0,0.3034,-1.5306,0.3034,-1.5306,0.5952,Cart Abandoners / Window Shoppers,#F59E0B
2486435.41929542,66,1,0.0,209.1,6,12,3,0.25,0,desktop,Direct,0,-0.0784,-1.363,-0.0784,-1.363,1.0525,Cart Abandoners / Window Shoppers,#F59E0B
8382035.43736114,18,2,0.0,427.8,11,15,2,0.133,0,mobile,Display,0,0.3796,0.4461,0.3796,0.4461,0.5968,Cart Abandoners / Window Shoppers,#F59E0B
1519655.60167508,39,2,0.0,394.9,11,6,2,0.333,0,desktop,Paid Search,0,-0.1152,0.3676,-0.1152,0.3676,1.0248,Cart Abandoners / Window Shoppers,#F59E0B
8595246.72656030,33,3,0.0,466.2,15,9,1,0.111,0,mobile,Referral,3,-0.4716,1.2275,-0.4716,1.2275,0.2601,Potential Loyalists,#3B82F6
2240994.80931452,67,1,0.0,116.8,5,10,3,0.3,0,desktop,Organic Search,0,-0.0869,-2.0654,-0.0869,-2.0654,1.1486,Cart Abandoners / Window Shoppers,#F59E0B
2511754.96338685,29,2,0.0,368.0,12,12,4,0.333,0,desktop,Direct,0,0.6643,0.3778,0.6643,0.3778,1.386,Cart Abandoners / Window Shoppers,#F59E0B
1840037.24590811,10,1,0.0,297.2,8,6,4,0.667,0,desktop,Paid Search,0,1.4075,-0.7515,1.4075,-0.7515,2.0209,Cart Abandoners / Window Shoppers,#F59E0B
3937987.25498405,47,1,0.0,268.4,6,5,2,0.4,0,desktop,Display,0,-0.1991,-1.1186,-0.1991,-1.1186,1.1576,Cart Abandoners / Window Shoppers,#F59E0B
5951642.16491851,70,1,0.0,238.3,8,7,4,0.571,0,mobile,Direct,0,0.2643,-0.9784,0.2643,-0.9784,1.8793,Cart Abandoners / Window Shoppers,#F59E0B
4960352.40324547,63,1,0.0,253.2,6,8,2,0.25,0,mobile,Direct,0,-0.4056,-1.1776,-0.4056,-1.1776,0.8428,Cart Abandoners / Window Shoppers,#F59E0B
8915965.81287300,47,2,0.0,211.2,12,5,4,0.8,0,desktop,Referral,0,0.6392,-0.1423,0.6392,-0.1423,2.3011,Cart Abandoners / Window Shoppers,#F59E0B
6738540.41839011,29,3,0.0,783.1,18,12,1,0.083,0,mobile,Organic Search,3,-0.3249,1.8921,-0.3249,1.8921,0.2285,Potential Loyalists,#3B82F6
5821239.49927283,22,2,0.0,362.6,12,5,3,0.6,0,tablet,Direct,0,0.6868,0.3737,0.6868,0.3737,1.7659,Cart Abandoners / Window Shoppers,#F59E0B
2417252.29767109,13,3,0.0,760.5,24,4,3,0.75,0,mobile,Display,3,1.0772,2.1555,1.0772,2.1555,2.0557,Potential Loyalists,#3B82F6
7228037.72914137,61,1,0.0,370.5,10,4,2,0.5,0,desktop,Direct,0,-0.2921,-0.3413,-0.2921,-0.3413,1.382,Cart Abandoners / Window Shoppers,#F59E0B
1663018.57436587,63,2,0.0,483.7,10,16,2,0.125,0,desktop,Organic Search,0,-0.3126,0.4531,-0.3126,0.4531,0.6141,Cart Abandoners / Window Shoppers,#F59E0B
6614698.66628180,62,1,0.0,292.1,7,5,1,0.2,0,desktop,Paid Search,0,-0.9248,-0.8926,-0.9248,-0.8926,0.4259,Cart Abandoners / Window Shoppers,#F59E0B
3521492.12812301,21,3,0.0,590.4,20,7,1,0.143,0,mobile,Organic Search,3,-0.2663,1.743,-0.2663,1.743,0.3118,Potential Loyalists,#3B82F6
2758686.88700266,14,1,0.0,118.5,3,7,2,0.286,0,desktop,Organic Search,0,0.4391,-2.4583,0.4391,-2.4583,0.8675,Cart Abandoners / Window Shoppers,#F59E0B
5111421.90383223,36,1,0.0,214.7,6,19,4,0.211,0,desktop,Direct,0,0.546,-1.338,0.546,-1.338,1.119,Cart Abandoners / Window Shoppers,#F59E0B
2113420.75082709,31,2,0.0,392.7,11,6,2,0.333,0,desktop,Organic Search,0,0.0146,0.3651,0.0146,0.3651,1.0193,Cart Abandoners / Window Shoppers,#F59E0B
5642464.17575429,31,1,0.0,200.9,8,12,3,0.25,0,desktop,Organic Search,0,0.352,-1.1243,0.352,-1.1243,1.0369,Cart Abandoners / Window Shoppers,#F59E0B
6345690.41224134,71,1,0.0,414.8,9,11,2,0.182,0,mobile,Affiliates,0,-0.4504,-0.3429,-0.4504,-0.3429,0.7159,Cart Abandoners / Window Shoppers,#F59E0B
5131615.34703181,70,1,0.0,393.0,8,4,1,0.25,0,desktop,Organic Search,0,-0.9974,-0.4922,-0.9974,-0.4922,0.5426,Cart Abandoners / Window Shoppers,#F59E0B
2118934.48040303,36,1,0.0,169.0,6,6,2,0.333,0,mobile,Organic Search,0,-0.075,-1.5449,-0.075,-1.5449,1.0016,Cart Abandoners / Window Shoppers,#F59E0B
9169726.19188752,30,1,0.0,179.7,9,14,2,0.143,0,desktop,Organic Search,0,0.0776,-1.111,0.0776,-1.111,0.6095,Cart Abandoners / Window Shoppers,#F59E0B
8031365.30558646,58,1,0.0,257.1,6,15,3,0.2,0,mobile,Organic Search,0,0.0111,-1.171,0.0111,-1.171,0.9491,Cart Abandoners / Window Shoppers,#F59E0B
3852654.50273444,22,1,0.0,151.1,5,19,3,0.158,0,mobile,Direct,0,0.5924,-1.818,0.5924,-1.818,0.8353,Cart Abandoners / Window Shoppers,#F59E0B
1602401.48757305,18,4,0.0,716.3,30,6,1,0.167,0,tablet,Direct,3,-0.1994,2.6437,-0.1994,2.6437,0.3642,Potential Loyalists,#3B82F6
8532024.35526643,38,1,0.0,327.0,8,9,1,0.111,0,desktop,Organic Search,0,-0.5591,-0.6603,-0.5591,-0.6603,0.2463,Cart Abandoners / Window Shoppers,#F59E0B
6868878.20996320,38,1,0.0,190.0,5,13,1,0.077,0,desktop,Direct,0,-0.4626,-1.598,-0.4626,-1.598,0.1914,Cart Abandoners / Window Shoppers,#F59E0B
1199442.30828019,19,3,0.0,743.3,16,19,3,0.158,0,mobile,Referral,3,0.6827,1.7154,0.6827,1.7154,0.8717,Potential Loyalists,#3B82F6
5480228.50767364,73,2,0.0,220.5,9,18,1,0.056,0,desktop,Referral,0,-0.7242,-0.3742,-0.7242,-0.3742,0.2098,Cart Abandoners / Window Shoppers,#F59E0B
9379655.38446967,58,2,0.0,353.4,13,4,3,0.75,0,desktop,Organic Search,0,0.2363,0.4173,0.2363,0.4173,2.071,Cart Abandoners / Window Shoppers,#F59E0B
3211797.74362395,11,3,0.0,464.2,14,15,1,0.067,0,mobile,Referral,3,0.2766,1.1633,0.2766,1.1633,0.1851,Potential Loyalists,#3B82F6
1311325.87506693,38,2,0.0,272.9,9,11,2,0.182,0,desktop,Direct,0,-0.0901,-0.1719,-0.0901,-0.1719,0.6983,Cart Abandoners / Window Shoppers,#F59E0B
3960406.38181393,23,1,0.0,290.3,6,6,1,0.167,0,desktop,Organic Search,0,-0.3472,-1.0299,-0.3472,-1.0299,0.3327,Cart Abandoners / Window Shoppers,#F59E0B
4985588.30199550,35,8,0.0,882.5,54,19,1,0.053,0,desktop,Referral,3,-0.2727,3.9713,-0.2727,3.9713,0.2375,Potential Loyalists,#3B82F6
9625008.23772861,67,1,0.0,400.4,9,19,4,0.211,0,desktop,Organic Search,0,0.1928,-0.3872,0.1928,-0.3872,1.1466,Cart Abandoners / Window Shoppers,#F59E0B
9879720.53848158,56,1,0.0,179.4,5,9,4,0.444,0,desktop,Referral,0,0.3243,-1.6705,0.3243,-1.6705,1.6107,Cart Abandoners / Window Shoppers,#F59E0B
1748907.35778793,41,5,0.0,423.5,18,13,3,0.231,0,mobile,Direct,3,0.2097,1.8567,0.2097,1.8567,1.0317,Potential Loyalists,#3B82F6
6621914.91743364,40,1,0.0,126.3,6,9,2,0.222,0,mobile,Organic Search,0,-0.1428,-1.8173,-0.1428,-1.8173,0.763,Cart Abandoners / Window Shoppers,#F59E0B
4590996.36212386,63,2,0.0,273.3,10,6,2,0.333,0,desktop,Referral,0,-0.3889,-0.0723,-0.3889,-0.0723,1.0301,Cart Abandoners / Window Shoppers,#F59E0B
7324788.40760735,66,1,0.0,282.1,6,4,4,1.0,0,mobile,Direct,0,0.5701,-1.089,0.5701,-1.089,2.6406,Cart Abandoners / Window Shoppers,#F59E0B
9097586.15564855,29,1,0.0,140.8,2,6,1,0.167,0,mobile,Paid Search,0,-0.479,-2.6041,-0.479,-2.6041,0.3182,Cart Abandoners / Window Shoppers,#F59E0B
7782969.57843135,22,2,0.0,454.5,15,10,3,0.3,0,desktop,Affiliates,0,0.55,0.803,0.55,0.803,1.1558,Cart Abandoners / Window Shoppers,#F59E0B
5086162.28761328,21,6,0.0,584.3,35,5,4,0.8,0,desktop,Direct,3,1.1033,3.0502,1.1033,3.0502,2.3149,Potential Loyalists,#3B82F6
1335708.77249395,50,3,0.0,742.3,23,17,3,0.176,0,desktop,Direct,3,0.1201,2.0705,0.1201,2.0705,0.9321,Potential Loyalists,#3B82F6
9328063.61145538,42,3,0.0,399.9,15,6,4,0.667,0,desktop,Direct,0,0.622,1.0649,0.622,1.0649,2.0703,Cart Abandoners / Window Shoppers,#F59E0B
9412950.45262647,52,5,0.0,543.9,32,18,4,0.222,0,mobile,Organic Search,3,0.3446,2.6678,0.3446,2.6678,1.1891,Potential Loyalists,#3B82F6
6776584.12007992,18,1,0.0,307.0,8,4,1,0.25,0,desktop,Referral,0,-0.2306,-0.7062,-0.2306,-0.7062,0.5071,Cart Abandoners / Window Shoppers,#F59E0B
8971029.71728797,33,1,0.0,297.8,10,19,1,0.053,0,desktop,Organic Search,0,-0.2565,-0.5381,-0.2565,-0.5381,0.1933,Cart Abandoners / Window Shoppers,#F59E0B
3971227.27369551,58,2,0.0,516.4,16,16,4,0.25,0,mobile,Organic Search,0,0.2677,0.9688,0.2677,0.9688,1.2359,Cart Abandoners / Window Shoppers,#F59E0B
4142548.46833940,63,8,0.0,521.8,29,17,3,0.176,0,desktop,Direct,3,-0.0042,3.0827,-0.0042,3.0827,0.9416,Potential Loyalists,#3B82F6
9696921.67778781,24,1,0.0,201.0,6,14,2,0.143,0,desktop,Organic Search,0,0.202,-1.3839,0.202,-1.3839,0.6017,Cart Abandoners / Window Shoppers,#F59E0B
4024514.39237695,44,4,0.0,327.8,15,12,3,0.25,0,mobile,Organic Search,3,0.1634,1.187,0.1634,1.187,1.0658,Potential Loyalists,#3B82F6
5087477.84310138,53,1,0.0,135.7,5,17,1,0.059,0,mobile,Direct,0,-0.566,-1.9156,-0.566,-1.9156,0.1855,Cart Abandoners / Window Shoppers,#F59E0B
3926640.67975524,51,1,0.0,101.8,6,9,1,0.111,0,desktop,Organic Search,0,-0.7273,-2.012,-0.7273,-2.012,0.2341,Cart Abandoners / Window Shoppers,#F59E0B
2943618.13273865,45,2,0.0,416.2,14,4,4,1.0,0,mobile,Organic Search,0,0.7943,0.6397,0.7943,0.6397,2.6489,Cart Abandoners / Window Shoppers,#F59E0B
4932241.24885990,58,1,0.0,133.8,6,14,2,0.143,0,mobile,Direct,0,-0.2976,-1.7708,-0.2976,-1.7708,0.6169,Cart Abandoners / Window Shoppers,#F59E0B
7776802.65960322,13,1,0.0,155.0,8,8,2,0.25,0,mobile,Organic Search,0,0.479,-1.3475,0.479,-1.3475,0.8019,Cart Abandoners / Window Shoppers,#F59E0B
7645020.61253470,24,1,0.0,270.1,6,8,2,0.25,0,mobile,Referral,0,0.1413,-1.1066,0.1413,-1.1066,0.8208,Cart Abandoners / Window Shoppers,#F59E0B
1424500.87677633,43,2,0.0,259.9,6,5,3,0.6,0,desktop,Direct,0,0.308,-0.6013,0.308,-0.6013,1.7698,Cart Abandoners / Window Shoppers,#F59E0B
3946592.81040415,51,1,0.0,221.6,4,10,1,0.1,0,mobile,Organic Search,0,-0.7026,-1.6505,-0.7026,-1.6505,0.2249,Cart Abandoners / Window Shoppers,#F59E0B
8264950.52753061,36,4,0.0,787.8,24,8,2,0.25,0,desktop,Paid Search,3,-0.0753,2.4865,-0.0753,2.4865,0.8673,Potential Loyalists,#3B82F6
8483259.41728015,45,4,0.0,320.5,19,4,1,0.25,0,desktop,Direct,3,-0.7348,1.4215,-0.7348,1.4215,0.5456,Potential Loyalists,#3B82F6
3940959.27006980,28,1,0.0,149.5,7,17,3,0.176,0,desktop,Organic Search,0,0.4393,-1.524,0.4393,-1.524,0.8777,Cart Abandoners / Window Shoppers,#F59E0B
8201453.40363783,38,2,0.0,203.4,7,11,4,0.364,0,desktop,Organic Search,0,0.5194,-0.6916,0.5194,-0.6916,1.444,Cart Abandoners / Window Shoppers,#F59E0B
7492256.42283651,16,3,0.0,277.6,14,13,2,0.154,0,desktop,Organic Search,0,0.4211,0.6759,0.4211,0.6759,0.6312,Cart Abandoners / Window Shoppers,#F59E0B
4144318.25118474,14,1,0.0,136.8,6,15,1,0.067,0,mobile,Organic Search,0,0.1384,-1.7282,0.1384,-1.7282,0.1592,Cart Abandoners / Window Shoppers,#F59E0B
5793983.50217392,15,4,0.0,532.7,19,8,2,0.25,0,desktop,Organic Search,3,0.4118,1.8951,0.4118,1.8951,0.8388,Potential Loyalists,#3B82F6
2552884.68327184,37,2,0.0,624.6,13,7,4,0.571,0,tablet,Affiliates,0,0.6329,0.9469,0.6329,0.9469,1.8859,Cart Abandoners / Window Shoppers,#F59E0B
1265711.50519199,55,4,0.0,431.7,11,6,3,0.5,0,desktop,Organic Search,3,0.1145,1.1366,0.1145,1.1366,1.5947,Potential Loyalists,#3B82F6
2996578.20138418,14,1,0.0,85.2,4,19,4,0.211,0,desktop,Organic Search,0,1.0702,-2.5398,1.0702,-2.5398,1.0802,Cart Abandoners / Window Shoppers,#F59E0B
6175371.10562067,57,1,0.0,237.5,5,15,2,0.133,0,desktop,Direct,0,-0.275,-1.4033,-0.275,-1.4033,0.6045,Cart Abandoners / Window Shoppers,#F59E0B
8001547.36248500,54,2,0.0,277.1,11,4,3,0.75,0,tablet,Organic Search,0,0.2767,0.0284,0.2767,0.0284,2.0641,Cart Abandoners / Window Shoppers,#F59E0B
9219434.22116415,36,1,0.0,164.8,4,13,2,0.154,0,mobile,Direct,0,-0.0402,-1.9297,-0.0402,-1.9297,0.6247,Cart Abandoners / Window Shoppers,#F59E0B
9017433.75284809,60,5,0.0,560.2,27,11,1,0.091,0,desktop,Organic Search,3,-0.7566,2.5378,-0.7566,2.5378,0.2588,Potential Loyalists,#3B82F6
1419353.38548105,16,1,0.0,301.5,7,19,4,0.211,0,desktop,Affiliates,0,0.9988,-0.8718,0.9988,-0.8718,1.1063,Cart Abandoners / Window Shoppers,#F59E0B
8738877.31800391,42,1,0.0,348.9,7,17,2,0.118,0,mobile,Organic Search,0,-0.0711,-0.7377,-0.0711,-0.7377,0.5823,Cart Abandoners / Window Shoppers,#F59E0B
1939611.73366858,39,1,0.0,167.5,5,12,3,0.25,0,mobile,Affiliates,0,0.2212,-1.7264,0.2212,-1.7264,1.035,Cart Abandoners / Window Shoppers,#F59E0B
1747379.60726283,28,3,0.0,592.5,17,5,2,0.4,0,desktop,Organic Search,3,0.1027,1.5724,0.1027,1.5724,1.1728,Potential Loyalists,#3B82F6
3808452.40539688,33,2,0.0,424.5,10,12,1,0.083,0,desktop,Organic Search,0,-0.4017,0.3478,-0.4017,0.3478,0.2144,Cart Abandoners / Window Shoppers,#F59E0B
3624264.29825511,42,1,0.0,150.4,4,16,2,0.125,0,desktop,Organic Search,0,-0.0869,-2.0175,-0.0869,-2.0175,0.5758,Cart Abandoners / Window Shoppers,#F59E0B
8603520.26998898,19,1,0.0,262.1,6,11,2,0.182,0,desktop,Paid Search,0,0.2939,-1.1335,0.2939,-1.1335,0.6742,Cart Abandoners / Window Shoppers,#F59E0B
4447016.12410202,26,1,0.0,458.2,10,4,3,0.75,0,desktop,Direct,0,0.6869,-0.1413,0.6869,-0.1413,2.0496,Cart Abandoners / Window Shoppers,#F59E0B
3626398.55504629,48,4,0.0,623.2,17,15,2,0.133,0,mobile,Organic Search,3,-0.1659,1.9123,-0.1659,1.9123,0.6338,Potential Loyalists,#3B82F6
5847798.84977959,65,2,0.0,354.8,12,15,2,0.133,0,mobile,Affiliates,0,-0.3447,0.3427,-0.3447,0.3427,0.6254,Cart Abandoners / Window Shoppers,#F59E0B
9488487.65724134,66,2,0.0,322.9,9,8,3,0.375,0,desktop,Display,0,-0.0538,-0.0262,-0.0538,-0.0262,1.3304,Cart Abandoners / Window Shoppers,#F59E0B
3535742.84458659,22,1,0.0,282.2,8,7,2,0.286,0,desktop,Direct,0,0.1924,-0.7972,0.1924,-0.7972,0.8995,Cart Abandoners / Window Shoppers,#F59E0B
5950821.75566200,29,4,0.0,766.6,20,11,4,0.364,0,desktop,Direct,3,0.6792,2.2669,0.6792,2.2669,1.4714,Potential Loyalists,#3B82F6
9469147.52219461,58,3,0.0,811.4,20,11,4,0.364,0,desktop,Paid Search,3,0.2837,2.0076,0.2837,2.0076,1.4869,Potential Loyalists,#3B82F6
7503022.77042541,57,1,0.0,255.5,5,16,2,0.125,0,desktop,Organic Search,0,-0.2605,-1.3359,-0.2605,-1.3359,0.5926,Cart Abandoners / Window Shoppers,#F59E0B
8448608.54743406,17,3,0.0,694.9,23,15,3,0.2,0,mobile,Display,3,0.711,2.022,0.711,2.022,0.9538,Potential Loyalists,#3B82F6
5628707.73157096,52,1,0.0,288.5,8,16,4,0.25,0,mobile,Organic Search,0,0.3248,-0.7999,0.3248,-0.7999,1.2146,Cart Abandoners / Window Shoppers,#F59E0B
5069871.41768897,70,2,0.0,239.8,10,10,1,0.1,0,desktop,Direct,0,-0.8783,-0.19,-0.8783,-0.19,0.2459,Cart Abandoners / Window Shoppers,#F59E0B
3161384.52758387,73,1,0.0,377.6,8,5,1,0.2,0,mobile,Display,0,-1.0181,-0.5307,-1.0181,-0.5307,0.4348,Cart Abandoners / Window Shoppers,#F59E0B
5618661.28951561,11,2,0.0,331.2,7,12,3,0.25,0,desktop,Referral,0,0.9262,-0.2212,0.9262,-0.2212,1.0217,Cart Abandoners / Window Shoppers,#F59E0B
4638034.38376529,56,3,0.0,634.3,23,7,2,0.286,0,desktop,Email,3,-0.3269,1.9327,-0.3269,1.9327,0.9497,Potential Loyalists,#3B82F6
7498416.99360611,46,1,0.0,105.3,2,18,2,0.111,0,desktop,Direct,0,-0.1123,-2.892,-0.1123,-2.892,0.5449,Cart Abandoners / Window Shoppers,#F59E0B
2137427.63734966,58,3,0.0,424.2,16,10,3,0.3,0,desktop,Organic Search,3,0.0047,1.1845,0.0047,1.1845,1.1807,Potential Loyalists,#3B82F6
2686231.66430803,18,1,0.0,196.5,6,6,4,0.667,0,desktop,Organic Search,0,1.0889,-1.409,1.0889,-1.409,2.0255,Cart Abandoners / Window Shoppers,#F59E0B
2444493.39351082,29,4,0.0,433.8,12,11,1,0.091,0,tablet,Paid Search,3,-0.3471,1.2441,-0.3471,1.2441,0.2276,Potential Loyalists,#3B82F6
9728006.65272382,29,3,0.0,457.9,12,10,3,0.3,0,desktop,Display,0,0.3976,0.9783,0.3976,0.9783,1.1622,Cart Abandoners / Window Shoppers,#F59E0B
3625868.33148287,55,1,0.0,162.9,5,9,4,0.444,0,desktop,Organic Search,0,0.3346,-1.7596,0.3346,-1.7596,1.609,Cart Abandoners / Window Shoppers,#F59E0B
5116453.43691519,39,3,0.0,698.4,19,14,3,0.214,0,desktop,Affiliates,3,0.239,1.8239,0.239,1.8239,0.9994,Potential Loyalists,#3B82F6
9428759.98111861,51,12,0.0,1248.7,56,11,1,0.091,0,desktop,Direct,3,-0.6579,4.4381,-0.6579,4.4381,0.2751,Potential Loyalists,#3B82F6
2714697.78892427,64,3,0.0,486.7,18,9,2,0.222,0,desktop,Organic Search,3,-0.402,1.4354,-0.402,1.4354,0.8101,Potential Loyalists,#3B82F6
8272485.48873415,30,2,0.0,422.2,9,7,3,0.429,0,tablet,Organic Search,0,0.4175,0.2324,0.4175,0.2324,1.4285,Cart Abandoners / Window Shoppers,#F59E0B
3491336.60363699,67,3,0.0,314.6,9,10,4,0.4,0,desktop,Paid Search,0,0.2112,0.3364,0.2112,0.3364,1.5435,Cart Abandoners / Window Shoppers,#F59E0B
1441906.37913789,32,2,0.0,482.7,12,17,4,0.235,0,desktop,Organic Search,0,0.6077,0.6273,0.6077,0.6273,1.1864,Cart Abandoners / Window Shoppers,#F59E0B
6848435.73314952,73,3,0.0,842.6,19,8,2,0.25,0,desktop,Organic Search,3,-0.4811,1.9995,-0.4811,1.9995,0.8808,Potential Loyalists,#3B82F6
1029590.36278156,37,2,0.0,273.4,7,7,1,0.143,0,desktop,Organic Search,0,-0.5892,-0.3971,-0.5892,-0.3971,0.3009,Cart Abandoners / Window Shoppers,#F59E0B
1869211.85800627,53,2,0.0,219.9,6,5,2,0.4,0,desktop,Direct,0,-0.264,-0.7521,-0.264,-0.7521,1.1608,Cart Abandoners / Window Shoppers,#F59E0B
4767139.95172773,65,1,0.0,142.9,4,16,1,0.062,0,desktop,Direct,0,-0.7048,-2.0634,-0.7048,-2.0634,0.1875,Cart Abandoners / Window Shoppers,#F59E0B
5312061.70258946,71,2,0.0,146.7,7,8,4,0.5,0,desktop,Organic Search,0,0.2206,-1.0008,0.2206,-1.0008,1.7341,Cart Abandoners / Window Shoppers,#F59E0B
4113674.28104993,15,2,0.0,304.2,12,10,1,0.1,0,mobile,Direct,0,-0.011,0.2259,-0.011,0.2259,0.2149,Cart Abandoners / Window Shoppers,#F59E0B
9889057.49384389,33,1,0.0,236.0,8,5,1,0.2,0,mobile,Referral,0,-0.5658,-0.9581,-0.5658,-0.9581,0.4093,Cart Abandoners / Window Shoppers,#F59E0B
2049350.36013894,13,2,0.0,448.5,17,18,4,0.222,0,desktop,Display,0,1.1113,0.9147,1.1113,0.9147,1.1416,Cart Abandoners / Window Shoppers,#F59E0B
1522115.43103096,67,1,0.0,255.7,6,9,2,0.222,0,desktop,Organic Search,0,-0.437,-1.1697,-0.437,-1.1697,0.7851,Cart Abandoners / Window Shoppers,#F59E0B
2886309.24593830,60,1,0.0,165.4,8,10,1,0.1,0,desktop,Paid Search,0,-0.7943,-1.2986,-0.7943,-1.2986,0.2316,Cart Abandoners / Window Shoppers,#F59E0B
6106934.64417639,46,2,0.0,763.8,17,18,4,0.222,0,mobile,Organic Search,3,0.4069,1.3958,0.4069,1.3958,1.1785,Potential Loyalists,#3B82F6
9596532.39202730,74,6,0.0,698.3,24,8,1,0.125,0,desktop,Organic Search,3,-0.9504,2.8323,-0.9504,2.8323,0.3178,Potential Loyalists,#3B82F6
2469557.24963585,13,3,0.0,668.7,14,10,2,0.2,0,desktop,Organic Search,3,0.499,1.497,0.499,1.497,0.7291,Potential Loyalists,#3B82F6
3342137.94519504,50,2,0.0,619.6,15,12,1,0.083,0,desktop,Direct,3,-0.6367,1.0931,-0.6367,1.0931,0.2339,Potential Loyalists,#3B82F6
5693445.12634324,69,8,0.0,481.3,24,19,2,0.105,0,mobile,Direct,3,-0.3118,2.8167,-0.3118,2.8167,0.6034,Potential Loyalists,#3B82F6
4596759.99870268,35,12,0.0,1602.9,66,8,2,0.25,0,desktop,Organic Search,3,-0.0517,4.4394,-0.0517,4.4394,0.8848,Potential Loyalists,#3B82F6
5026972.19358058,28,2,0.0,357.6,8,9,1,0.111,0,desktop,Organic Search,0,-0.383,-0.021,-0.383,-0.021,0.2435,Cart Abandoners / Window Shoppers,#F59E0B
2203594.49939476,51,3,0.0,355.3,18,11,2,0.182,0,desktop,Direct,3,-0.2534,1.1444,-0.2534,1.1444,0.7187,Potential Loyalists,#3B82F6
3930153.53715361,32,1,0.0,205.6,6,8,1,0.125,0,desktop,Direct,0,-0.4874,-1.3555,-0.4874,-1.3555,0.2561,Cart Abandoners / Window Shoppers,#F59E0B
6731309.76715221,53,2,0.0,600.0,15,7,1,0.143,0,mobile,Display,3,-0.7919,1.0662,-0.7919,1.0662,0.3285,Potential Loyalists,#3B82F6
6810579.92303526,50,1,0.0,99.3,2,4,4,1.0,0,desktop,Direct,0,0.7267,-2.9535,0.7267,-2.9535,2.6095,Cart Abandoners / Window Shoppers,#F59E0B
3131044.44700600,18,2,0.0,454.5,13,11,3,0.273,0,desktop,Organic Search,0,0.6593,0.6629,0.6593,0.6629,1.0925,Cart Abandoners / Window Shoppers,#F59E0B
2530895.73524371,32,1,0.0,175.0,4,19,4,0.211,0,mobile,Display,0,0.6117,-1.8839,0.6117,-1.8839,1.1094,Cart Abandoners / Window Shoppers,#F59E0B
3149836.12231121,61,2,0.0,360.8,10,16,3,0.188,0,desktop,Email,0,-0.0046,0.1761,-0.0046,0.1761,0.9399,Cart Abandoners / Window Shoppers,#F59E0B
8346116.12193903,51,2,0.0,209.3,11,12,1,0.083,0,mobile,Email,0,-0.6489,-0.2213,-0.6489,-0.2213,0.2158,Cart Abandoners / Window Shoppers,#F59E0B
3131153.53802878,18,1,0.0,121.4,3,13,4,0.308,0,mobile,Organic Search,0,0.92,-2.4512,0.92,-2.4512,1.2902,Cart Abandoners / Window Shoppers,#F59E0B
4469235.11739241,50,1,0.0,254.9,6,11,1,0.091,0,desktop,Direct,0,-0.6657,-1.1634,-0.6657,-1.1634,0.2187,Cart Abandoners / Window Shoppers,#F59E0B
4469588.88968084,24,1,0.0,201.5,7,4,4,1.0,0,desktop,Display,0,1.1438,-1.2477,1.1438,-1.2477,2.6134,Cart Abandoners / Window Shoppers,#F59E0B
4777990.37346944,20,2,0.0,345.8,10,10,2,0.2,0,desktop,Referral,0,0.2597,0.1571,0.2597,0.1571,0.7238,Cart Abandoners / Window Shoppers,#F59E0B
6588530.81854997,73,1,0.0,137.4,5,18,2,0.111,0,desktop,Organic Search,0,-0.3748,-1.9146,-0.3748,-1.9146,0.5678,Cart Abandoners / Window Shoppers,#F59E0B
2954755.74726047,39,1,0.0,210.3,7,12,3,0.25,0,desktop,Organic Search,0,0.2219,-1.2097,0.2219,-1.2097,1.0415,Cart Abandoners / Window Shoppers,#F59E0B
4420451.23312875,62,2,0.0,447.3,11,12,1,0.083,0,desktop,Direct,0,-0.7603,0.4817,-0.7603,0.4817,0.2311,Cart Abandoners / Window Shoppers,#F59E0B
3984552.56146584,59,12,0.0,1914.0,61,4,1,0.25,0,desktop,Organic Search,3,-0.881,4.4445,-0.881,4.4445,0.5855,Potential Loyalists,#3B82F6
9933426.85276875,49,1,0.0,214.6,6,7,3,0.429,0,mobile,Display,0,0.1348,-1.3336,0.1348,-1.3336,1.4234,Cart Abandoners / Window Shoppers,#F59E0B
2520323.51138202,66,1,0.0,141.9,4,18,4,0.222,0,mobile,Organic Search,0,0.1937,-2.086,0.1937,-2.086,1.1455,Cart Abandoners / Window Shoppers,#F59E0B
1470789.54062911,24,6,0.0,1004.0,36,15,4,0.267,0,desktop,Paid Search,3,0.7756,3.5797,0.7756,3.5797,1.2758,Potential Loyalists,#3B82F6
2686972.19324324,11,1,0.0,423.7,9,7,4,0.571,0,mobile,Organic Search,0,1.2989,-0.311,1.2989,-0.311,1.8453,Cart Abandoners / Window Shoppers,#F59E0B
7520761.93498227,70,1,0.0,250.7,6,8,4,0.5,0,desktop,Paid Search,0,0.2249,-1.1986,0.2249,-1.1986,1.7365,Cart Abandoners / Window Shoppers,#F59E0B
2518947.85236531,63,1,0.0,224.9,7,15,4,0.267,0,desktop,Organic Search,0,0.2136,-1.1582,0.2136,-1.1582,1.2501,Cart Abandoners / Window Shoppers,#F59E0B
6308139.52554633,36,2,0.0,245.8,6,12,1,0.083,0,mobile,Organic Search,0,-0.452,-0.6412,-0.452,-0.6412,0.2035,Cart Abandoners / Window Shoppers,#F59E0B
7104522.31141246,25,2,0.0,179.0,9,18,4,0.222,0,mobile,Organic Search,0,0.7497,-0.5702,0.7497,-0.5702,1.1369,Cart Abandoners / Window Shoppers,#F59E0B
3490518.71973277,43,2,0.0,101.0,5,4,2,0.5,0,desktop,Referral,0,-0.0905,-1.6334,-0.0905,-1.6334,1.3516,Cart Abandoners / Window Shoppers,#F59E0B
8422205.28593515,55,1,0.0,164.1,5,9,1,0.111,0,desktop,Organic Search,0,-0.7707,-1.7353,-0.7707,-1.7353,0.2408,Cart Abandoners / Window Shoppers,#F59E0B
9542627.80323024,45,3,0.0,249.1,15,15,1,0.067,0,mobile,Organic Search,0,-0.5052,0.6379,-0.5052,0.6379,0.2099,Cart Abandoners / Window Shoppers,#F59E0B
3302972.72846122,44,1,0.0,390.0,9,18,2,0.111,0,mobile,Organic Search,0,-0.084,-0.3979,-0.084,-0.3979,0.5762,Cart Abandoners / Window Shoppers,#F59E0B
4089246.45555383,59,2,0.0,239.8,12,15,1,0.067,0,tablet,Direct,0,-0.6628,-0.0135,-0.6628,-0.0135,0.2111,Cart Abandoners / Window Shoppers,#F59E0B
5917884.17189619,31,2,0.0,427.6,9,17,1,0.059,0,desktop,Organic Search,0,-0.2565,0.2512,-0.2565,0.2512,0.1979,Cart Abandoners / Window Shoppers,#F59E0B
4006974.13520251,67,1,0.0,134.7,7,10,3,0.3,0,mobile,Organic Search,0,-0.0862,-1.6278,-0.0862,-1.6278,1.1539,Cart Abandoners / Window Shoppers,#F59E0B
8869596.10924736,74,1,0.0,171.5,6,4,2,0.5,0,desktop,Direct,0,-0.404,-1.5389,-0.404,-1.5389,1.3706,Cart Abandoners / Window Shoppers,#F59E0B
9900827.84155281,65,2,0.0,418.5,11,10,2,0.2,0,desktop,Referral,0,-0.4063,0.4135,-0.4063,0.4135,0.7554,Cart Abandoners / Window Shoppers,#F59E0B
5256743.49050098,46,1,0.0,419.1,10,15,2,0.133,0,mobile,Organic Search,0,-0.1512,-0.2289,-0.1512,-0.2289,0.6144,Cart Abandoners / Window Shoppers,#F59E0B
7200217.47111743,21,4,0.0,688.7,28,17,1,0.059,0,tablet,Organic Search,3,-0.0314,2.5272,-0.0314,2.5272,0.2118,Potential Loyalists,#3B82F6
1492999.38686324,48,1,0.0,57.9,3,19,4,0.211,0,desktop,Referral,0,0.381,-3.1458,0.381,-3.1458,1.1011,Cart Abandoners / Window Shoppers,#F59E0B
7187778.95703324,40,2,0.0,408.2,9,10,2,0.2,0,desktop,Direct,0,-0.1297,0.2021,-0.1297,0.2021,0.7413,Cart Abandoners / Window Shoppers,#F59E0B
2651065.94758459,20,8,0.0,1509.7,40,18,4,0.222,0,mobile,Referral,3,0.8876,4.2379,0.8876,4.2379,1.184,Potential Loyalists,#3B82F6
4712421.14523954,65,1,0.0,171.5,7,6,2,0.333,0,desktop,Referral,0,-0.4113,-1.3962,-0.4113,-1.3962,1.0174,Cart Abandoners / Window Shoppers,#F59E0B
9988579.85453386,41,1,0.0,380.8,9,6,4,0.667,0,desktop,Organic Search,0,0.6283,-0.4249,0.6283,-0.4249,2.0582,Cart Abandoners / Window Shoppers,#F59E0B
2760167.25942946,58,3,0.0,576.1,15,18,1,0.056,0,desktop,Direct,3,-0.5886,1.4126,-0.5886,1.4126,0.2255,Potential Loyalists,#3B82F6
8333881.58975288,18,1,0.0,321.7,9,15,2,0.133,0,desktop,Referral,0,0.3754,-0.5654,0.3754,-0.5654,0.5875,Cart Abandoners / Window Shoppers,#F59E0B
1595485.85160409,38,1,0.0,348.9,8,19,3,0.158,0,desktop,Direct,0,0.2863,-0.6168,0.2863,-0.6168,0.8646,Cart Abandoners / Window Shoppers,#F59E0B
8563096.46496769,45,1,0.0,190.5,7,19,2,0.105,0,desktop,Direct,0,-0.084,-1.3009,-0.084,-1.3009,0.5552,Cart Abandoners / Window Shoppers,#F59E0B
1825353.38688435,56,3,0.0,455.8,13,9,4,0.444,0,desktop,Direct,0,0.3328,1.041,0.3328,1.041,1.639,Cart Abandoners / Window Shoppers,#F59E0B
1093482.13198000,65,8,0.0,1551.3,43,4,1,0.25,0,desktop,Display,3,-0.9374,4.2997,-0.9374,4.2997,0.587,Potential Loyalists,#3B82F6
1843988.16370190,61,4,0.0,546.2,13,16,2,0.125,0,mobile,Referral,3,-0.2889,1.5192,-0.2889,1.5192,0.6218,Potential Loyalists,#3B82F6
7471610.66530515,34,1,0.0,190.2,7,6,3,0.5,0,desktop,Organic Search,0,0.3785,-1.2992,0.3785,-1.2992,1.56,Cart Abandoners / Window Shoppers,#F59E0B
4186443.75220457,58,2,0.0,542.3,15,4,4,1.0,0,desktop,Organic Search,0,0.6497,0.9515,0.6497,0.9515,2.6594,Cart Abandoners / Window Shoppers,#F59E0B
2398014.84475250,38,1,0.0,132.3,4,11,3,0.273,0,mobile,Direct,0,0.2347,-2.1379,0.2347,-2.1379,1.0776,Cart Abandoners / Window Shoppers,#F59E0B
7745989.68262169,62,1,0.0,95.4,2,12,3,0.25,0,tablet,Organic Search,0,-0.0447,-2.989,-0.0447,-2.989,1.0302,Cart Abandoners / Window Shoppers,#F59E0B
6928548.99205106,36,1,0.0,152.4,6,4,1,0.25,0,mobile,Direct,0,-0.619,-1.6307,-0.619,-1.6307,0.5106,Cart Abandoners / Window Shoppers,#F59E0B
1822895.79546281,10,3,0.0,579.4,22,4,4,1.0,0,desktop,Organic Search,3,1.6303,1.8107,1.6303,1.8107,2.6259,Potential Loyalists,#3B82F6
6202022.54439016,62,3,0.0,304.0,10,14,1,0.071,0,desktop,Referral,0,-0.7122,0.4213,-0.7122,0.4213,0.2162,Cart Abandoners / Window Shoppers,#F59E0B
5227902.86692799,16,2,0.0,267.7,8,7,2,0.286,0,mobile,Referral,0,0.3719,-0.2898,0.3719,-0.2898,0.8945,Cart Abandoners / Window Shoppers,#F59E0B
8936581.28806093,73,2,0.0,591.7,12,16,4,0.25,0,mobile,Organic Search,0,0.1354,0.8075,0.1354,0.8075,1.2402,Cart Abandoners / Window Shoppers,#F59E0B
8850152.86896243,65,2,0.0,223.3,6,4,4,1.0,0,mobile,Referral,0,0.5825,-0.753,0.5825,-0.753,2.6401,Cart Abandoners / Window Shoppers,#F59E0B
4838460.33758669,71,3,0.0,319.3,14,19,3,0.158,0,desktop,Display,0,-0.063,0.7816,-0.063,0.7816,0.8896,Cart Abandoners / Window Shoppers,#F59E0B
5988331.86691272,60,5,0.0,452.7,17,8,4,0.5,0,mobile,Paid Search,3,0.3255,1.854,0.3255,1.854,1.7607,Potential Loyalists,#3B82F6
4600277.79323959,71,2,0.0,450.3,9,9,2,0.222,0,mobile,Organic Search,0,-0.4656,0.2873,-0.4656,0.2873,0.8017,Cart Abandoners / Window Shoppers,#F59E0B
2910416.89752200,19,5,0.0,576.9,19,16,4,0.25,0,mobile,Organic Search,3,0.9038,2.2023,0.9038,2.2023,1.2185,Potential Loyalists,#3B82F6
7431240.50818482,54,4,0.0,561.6,23,12,2,0.167,0,desktop,Direct,3,-0.2712,2.1214,-0.2712,2.1214,0.7017,Potential Loyalists,#3B82F6
7111091.31343669,50,1,0.0,179.8,7,18,2,0.111,0,desktop,Direct,0,-0.1575,-1.3553,-0.1575,-1.3553,0.5658,Cart Abandoners / Window Shoppers,#F59E0B
1803407.10280221,58,1,0.0,398.4,9,12,3,0.25,0,mobile,Organic Search,0,-0.0035,-0.3838,-0.0035,-0.3838,1.0625,Cart Abandoners / Window Shoppers,#F59E0B
8325145.73533871,30,1,0.0,377.2,8,15,4,0.267,0,desktop,Affiliates,0,0.6357,-0.5443,0.6357,-0.5443,1.2411,Cart Abandoners / Window Shoppers,#F59E0B
9222427.98042262,23,1,0.0,140.4,3,11,1,0.091,0,desktop,Paid Search,0,-0.2285,-2.3022,-0.2285,-2.3022,0.1855,Cart Abandoners / Window Shoppers,#F59E0B
4700023.27244928,53,8,0.0,714.2,24,4,2,0.5,0,desktop,Direct,3,-0.196,3.1939,-0.196,3.1939,1.4091,Potential Loyalists,#3B82F6
3857622.29106027,69,1,0.0,248.2,7,7,1,0.143,0,desktop,Email,0,-0.9484,-1.0468,-0.9484,-1.0468,0.3112,Cart Abandoners / Window Shoppers,#F59E0B
2922186.98692780,73,3,0.0,348.8,14,19,3,0.158,0,mobile,Paid Search,0,-0.0789,0.8634,-0.0789,0.8634,0.8915,Cart Abandoners / Window Shoppers,#F59E0B
8093216.44730855,55,3,0.0,746.5,18,19,2,0.105,0,mobile,Organic Search,3,-0.1899,1.8303,-0.1899,1.8303,0.5946,Potential Loyalists,#3B82F6
2765294.80514841,39,3,0.0,576.9,13,6,1,0.167,0,desktop,Affiliates,3,-0.6363,1.2843,-0.6363,1.2843,0.3683,Potential Loyalists,#3B82F6
8686901.87259352,16,1,0.0,138.9,2,12,2,0.167,0,desktop,Organic Search,0,0.3985,-2.6214,0.3985,-2.6214,0.6223,Cart Abandoners / Window Shoppers,#F59E0B
4032314.35945428,10,1,0.0,361.0,9,17,2,0.118,0,desktop,Organic Search,0,0.7225,-0.4528,0.7225,-0.4528,0.5522,Cart Abandoners / Window Shoppers,#F59E0B
2792853.31896014,27,3,0.0,487.9,12,14,2,0.143,0,desktop,Referral,3,0.144,1.0415,0.144,1.0415,0.6295,Potential Loyalists,#3B82F6
9969181.37012610,24,3,0.0,733.4,18,15,1,0.067,0,desktop,Organic Search,3,-0.1498,1.8314,-0.1498,1.8314,0.2121,Potential Loyalists,#3B82F6
8717206.29903168,31,1,0.0,123.9,5,13,4,0.308,0,desktop,Display,0,0.6176,-2.0074,0.6176,-2.0074,1.3079,Cart Abandoners / Window Shoppers,#F59E0B
4166044.46768243,72,3,0.0,875.1,21,7,3,0.429,0,desktop,Referral,3,-0.0762,2.1308,-0.0762,2.1308,1.471,Potential Loyalists,#3B82F6
3055560.50282819,19,1,0.0,153.9,6,12,3,0.25,0,desktop,Display,0,0.6248,-1.6329,0.6248,-1.6329,1.0188,Cart Abandoners / Window Shoppers,#F59E0B
7133246.61088068,57,8,0.0,1647.4,37,10,4,0.4,0,mobile,Paid Search,3,0.3144,4.1476,0.3144,4.1476,1.5808,Potential Loyalists,#3B82F6
6467993.73782744,11,5,0.0,970.7,29,14,3,0.214,0,desktop,Organic Search,3,0.9441,3.1283,0.9441,3.1283,0.9826,Potential Loyalists,#3B82F6
8466308.96713353,49,1,0.0,180.5,5,8,4,0.5,0,desktop,Organic Search,0,0.4285,-1.6631,0.4285,-1.6631,1.7216,Cart Abandoners / Window Shoppers,#F59E0B
6506256.12491325,51,1,0.0,201.6,7,9,3,0.333,0,desktop,Direct,0,0.0759,-1.2508,0.0759,-1.2508,1.2229,Cart Abandoners / Window Shoppers,#F59E0B
4666622.40304417,14,2,0.0,555.8,14,15,4,0.267,0,mobile,Organic Search,0,1.0629,0.9205,1.0629,0.9205,1.238,Cart Abandoners / Window Shoppers,#F59E0B
4821948.35345793,26,2,0.0,398.3,11,12,3,0.25,0,desktop,Direct,0,0.4553,0.3718,0.4553,0.3718,1.0488,Cart Abandoners / Window Shoppers,#F59E0B
3753549.70594037,52,1,0.0,118.3,6,4,1,0.25,0,desktop,Organic Search,0,-0.8281,-1.8692,-0.8281,-1.8692,0.5158,Cart Abandoners / Window Shoppers,#F59E0B
2981049.61128652,33,1,0.0,224.1,5,12,2,0.167,0,desktop,Organic Search,0,-0.0031,-1.4495,-0.0031,-1.4495,0.6539,Cart Abandoners / Window Shoppers,#F59E0B
4131779.75121849,73,1,0.0,83.7,3,11,2,0.182,0,desktop,Direct,0,-0.4687,-2.7999,-0.4687,-2.7999,0.6836,Cart Abandoners / Window Shoppers,#F59E0B
7191380.98204855,13,2,0.0,267.4,10,12,3,0.25,0,mobile,Organic Search,0,0.8371,-0.0832,0.8371,-0.0832,1.0262,Cart Abandoners / Window Shoppers,#F59E0B
9966868.89289286,51,4,0.0,427.4,18,9,4,0.444,0,mobile,Referral,3,0.3889,1.6111,0.3889,1.6111,1.6412,Potential Loyalists,#3B82F6
8877406.39190741,38,1,0.0,116.7,4,13,4,0.308,0,desktop,Direct,0,0.5021,-2.2589,0.5021,-2.2589,1.3097,Cart Abandoners / Window Shoppers,#F59E0B
2855200.15112968,66,1,0.0,177.8,7,15,3,0.2,0,tablet,Direct,0,-0.0627,-1.3725,-0.0627,-1.3725,0.9486,Cart Abandoners / Window Shoppers,#F59E0B
8087098.99726328,50,1,0.0,302.5,8,17,2,0.118,0,tablet,Direct,0,-0.1702,-0.747,-0.1702,-0.747,0.5859,Cart Abandoners / Window Shoppers,#F59E0B
2154373.11703431,62,1,0.0,90.8,4,3,0,0.0,0,desktop,Direct,1,-1.9241,-2.4569,-1.9241,-2.4569,-0.6559,At-Risk / Inactive Customers,#EF4444
8945805.99965143,90,4,0.0,1274.2,29,1,0,0.0,0,desktop,Direct,3,-2.4582,3.1351,-2.4582,3.1351,-0.7221,Potential Loyalists,#3B82F6
3416607.15261128,46,4,0.0,864.9,19,2,0,0.0,0,tablet,Direct,3,-1.8799,2.3635,-1.8799,2.3635,-0.6663,Potential Loyalists,#3B82F6
5361364.52040278,74,2,0.0,562.4,13,2,0,0.0,0,desktop,Organic Search,1,-2.1574,0.882,-2.1574,0.882,-0.6691,At-Risk / Inactive Customers,#EF4444
2336683.65697047,90,1,0.0,216.4,4,3,0,0.0,0,mobile,Organic Search,1,-2.1378,-1.6579,-2.1378,-1.6579,-0.6349,At-Risk / Inactive Customers,#EF4444
5516816.36705939,85,5,0.0,876.5,36,3,0,0.0,0,desktop,Organic Search,3,-2.0902,3.2685,-2.0902,3.2685,-0.5848,Potential Loyalists,#3B82F6
9629826.81050503,49,1,0.0,292.6,7,3,0,0.0,0,desktop,Paid Search,1,-1.7883,-0.8712,-1.7883,-0.8712,-0.6397,At-Risk / Inactive Customers,#EF4444
8792851.52965672,75,2,0.0,247.1,11,1,0,0.0,0,mobile,Affiliates,1,-2.3605,-0.0421,-2.3605,-0.0421,-0.7638,At-Risk / Inactive Customers,#EF4444
4490531.39112535,66,1,0.0,67.5,2,1,0,0.0,0,desktop,Display,1,-2.2942,-3.2665,-2.2942,-3.2665,-0.8043,At-Risk / Inactive Customers,#EF4444
1853447.90165754,43,2,0.0,671.6,14,3,0,0.0,0,desktop,Affiliates,1,-1.7087,1.1237,-1.7087,1.1237,-0.6207,At-Risk / Inactive Customers,#EF4444
6501810.52560904,66,3,0.0,510.9,19,3,0,0.0,0,desktop,Organic Search,3,-1.9501,1.5625,-1.9501,1.5625,-0.6087,Potential Loyalists,#3B82F6
7527863.29048233,82,3,0.0,347.4,20,3,0,0.0,0,desktop,Organic Search,1,-2.0747,1.2533,-2.0747,1.2533,-0.6083,At-Risk / Inactive Customers,#EF4444
9152952.91104018,63,2,0.0,254.8,8,2,0,0.0,0,mobile,Organic Search,1,-2.0663,-0.3216,-2.0663,-0.3216,-0.6892,At-Risk / Inactive Customers,#EF4444
7809633.23268512,70,2,0.0,161.2,9,1,0,0.0,0,desktop,Referral,1,-2.3214,-0.6312,-2.3214,-0.6312,-0.7736,At-Risk / Inactive Customers,#EF4444
9012883.37679831,64,2,0.0,359.2,8,3,0,0.0,0,desktop,Organic Search,1,-1.9369,-0.0058,-1.9369,-0.0058,-0.626,At-Risk / Inactive Customers,#EF4444
7662538.41955269,63,2,0.0,159.0,8,2,0,0.0,0,mobile,Referral,1,-2.0664,-0.7588,-2.0664,-0.7588,-0.6957,At-Risk / Inactive Customers,#EF4444
4326237.58489954,51,4,0.0,530.9,28,2,0,0.0,0,desktop,Organic Search,3,-1.9381,2.3033,-1.9381,2.3033,-0.6663,Potential Loyalists,#3B82F6
9778765.54233918,69,2,0.0,280.1,10,3,0,0.0,0,mobile,Organic Search,1,-1.9797,-0.0244,-1.9797,-0.0244,-0.6253,At-Risk / Inactive Customers,#EF4444
3509741.98098819,72,1,0.0,377.8,9,3,0,0.0,0,desktop,Paid Search,1,-2.0079,-0.401,-2.0079,-0.401,-0.6244,At-Risk / Inactive Customers,#EF4444
5213025.65915391,47,1,0.0,146.7,3,1,0,0.0,0,mobile,Direct,1,-2.0994,-2.2408,-2.0994,-2.2408,-0.7983,At-Risk / Inactive Customers,#EF4444
6615937.84536317,49,3,0.0,435.2,12,1,0,0.0,0,mobile,Paid Search,1,-2.114,0.9659,-2.114,0.9659,-0.763,At-Risk / Inactive Customers,#EF4444
6447758.20208600,65,5,0.0,918.7,22,1,0,0.0,0,desktop,Organic Search,3,-2.2703,2.817,-2.2703,2.817,-0.7359,Potential Loyalists,#3B82F6
7163427.61661730,63,2,0.0,224.1,7,1,0,0.0,0,tablet,Organic Search,1,-2.2614,-0.5618,-2.2614,-0.5618,-0.7741,At-Risk / Inactive Customers,#EF4444
2704662.21504592,70,1,0.0,222.3,5,3,0,0.0,0,desktop,Referral,1,-1.993,-1.4362,-1.993,-1.4362,-0.6384,At-Risk / Inactive Customers,#EF4444
4721428.83033580,61,2,0.0,277.6,7,2,0,0.0,0,desktop,Organic Search,1,-2.048,-0.3669,-2.048,-0.3669,-0.6901,At-Risk / Inactive Customers,#EF4444
9049264.73111264,61,1,0.0,228.0,5,3,0,0.0,0,desktop,Affiliates,1,-1.9142,-1.4111,-1.9142,-1.4111,-0.6413,At-Risk / Inactive Customers,#EF4444
3033347.22966982,52,1,0.0,337.4,7,2,0,0.0,0,desktop,Referral,1,-1.9605,-0.7366,-1.9605,-0.7366,-0.6944,At-Risk / Inactive Customers,#EF4444
2980595.68903327,57,1,0.0,179.5,5,1,0,0.0,0,mobile,Direct,1,-2.2086,-1.625,-2.2086,-1.625,-0.7861,At-Risk / Inactive Customers,#EF4444
7773120.30624640,59,8,0.0,1029.6,34,2,0,0.0,0,desktop,Referral,3,-2.0154,3.9192,-2.0154,3.9192,-0.6468,Potential Loyalists,#3B82F6
2133714.56402944,89,2,0.0,417.0,9,3,0,0.0,0,desktop,Paid Search,1,-2.126,0.2411,-2.126,0.2411,-0.6147,At-Risk / Inactive Customers,#EF4444
6460571.51255444,63,1,0.0,255.0,8,3,0,0.0,0,desktop,Organic Search,1,-1.9317,-0.8766,-1.9317,-0.8766,-0.6343,At-Risk / Inactive Customers,#EF4444
8554906.26344381,46,2,0.0,347.3,8,2,0,0.0,0,mobile,Organic Search,1,-1.8866,-0.0304,-1.8866,-0.0304,-0.6923,At-Risk / Inactive Customers,#EF4444
8032631.46514401,83,6,0.0,885.6,36,1,0,0.0,0,desktop,Referral,3,-2.4082,3.4956,-2.4082,3.4956,-0.7238,Potential Loyalists,#3B82F6
4085688.36907914,67,1,0.0,318.0,9,3,0,0.0,0,desktop,Direct,1,-1.9667,-0.5603,-1.9667,-0.5603,-0.6285,At-Risk / Inactive Customers,#EF4444
4877937.76677791,87,4,0.0,496.6,13,3,0,0.0,0,mobile,Referral,3,-2.1075,1.4579,-2.1075,1.4579,-0.6049,Potential Loyalists,#3B82F6
9250291.14784730,80,2,0.0,315.3,14,3,0,0.0,0,desktop,Display,1,-2.0639,0.4136,-2.0639,0.4136,-0.6165,At-Risk / Inactive Customers,#EF4444
7010124.38649082,63,3,0.0,572.0,18,3,0,0.0,0,desktop,Direct,3,-1.9235,1.6135,-1.9235,1.6135,-0.6089,Potential Loyalists,#3B82F6
5734005.12514086,77,2,0.0,311.7,10,3,0,0.0,0,desktop,Direct,1,-2.0426,0.0736,-2.0426,0.0736,-0.6212,At-Risk / Inactive Customers,#EF4444
1917740.67301531,85,1,0.0,130.4,6,2,0,0.0,0,desktop,Organic Search,1,-2.2426,-1.7657,-2.2426,-1.7657,-0.6974,At-Risk / Inactive Customers,#EF4444
1790799.92625397,60,1,0.0,168.3,5,1,0,0.0,0,desktop,Email,1,-2.2379,-1.6853,-2.2379,-1.6853,-0.7858,At-Risk / Inactive Customers,#EF4444
7019779.58223501,60,1,0.0,90.1,4,1,0,0.0,0,mobile,Direct,1,-2.2385,-2.4566,-2.2385,-2.4566,-0.7966,At-Risk / Inactive Customers,#EF4444
8974217.93439634,68,1,0.0,273.4,8,1,0,0.0,0,desktop,Referral,1,-2.3086,-0.8057,-2.3086,-0.8057,-0.7713,At-Risk / Inactive Customers,#EF4444
7226801.64515682,56,2,0.0,645.7,14,2,0,0.0,0,desktop,Organic Search,1,-1.9975,1.0871,-1.9975,1.0871,-0.673,At-Risk / Inactive Customers,#EF4444
3826454.84281976,73,1,0.0,314.6,8,2,0,0.0,0,mobile,Referral,1,-2.1544,-0.6803,-2.1544,-0.6803,-0.6858,At-Risk / Inactive Customers,#EF4444
1959896.55399783,64,1,0.0,177.7,7,3,0,0.0,0,desktop,Direct,1,-1.9411,-1.3369,-1.9411,-1.3369,-0.6403,At-Risk / Inactive Customers,#EF4444
6539058.87701340,66,1,0.0,267.1,10,1,0,0.0,0,desktop,Direct,1,-2.2911,-0.6137,-2.2911,-0.6137,-0.77,At-Risk / Inactive Customers,#EF4444
4843875.18980384,41,8,0.0,942.5,23,2,0,0.0,0,mobile,Organic Search,3,-1.8087,3.44,-1.8087,3.44,-0.6611,Potential Loyalists,#3B82F6
2235045.53647129,56,2,0.0,206.0,12,1,0,0.0,0,desktop,Organic Search,1,-2.193,-0.1224,-2.193,-0.1224,-0.7725,At-Risk / Inactive Customers,#EF4444
5519678.35928758,70,1,0.0,217.4,9,3,0,0.0,0,desktop,Direct,1,-1.9919,-0.9138,-1.9919,-0.9138,-0.6328,At-Risk / Inactive Customers,#EF4444
1686664.33409950,85,1,0.0,215.4,7,1,0,0.0,0,mobile,Display,1,-2.437,-1.1548,-2.437,-1.1548,-0.7706,At-Risk / Inactive Customers,#EF4444
7346464.62043515,58,1,0.0,154.3,7,3,0,0.0,0,desktop,Organic Search,1,-1.8848,-1.4666,-1.8848,-1.4666,-0.6446,At-Risk / Inactive Customers,#EF4444
2712215.20678379,52,2,0.0,374.2,8,1,0,0.0,0,mobile,Paid Search,1,-2.1513,0.0417,-2.1513,0.0417,-0.7702,At-Risk / Inactive Customers,#EF4444
9495180.91812144,53,2,0.0,338.6,9,1,0,0.0,0,desktop,Organic Search,1,-2.162,0.0606,-2.162,0.0606,-0.7699,At-Risk / Inactive Customers,#EF4444
5935647.39204298,78,1,0.0,111.8,4,1,0,0.0,0,desktop,Direct,1,-2.3888,-2.2605,-2.3888,-2.2605,-0.7873,At-Risk / Inactive Customers,#EF4444
7089214.16660375,69,2,0.0,408.1,10,1,0,0.0,0,desktop,Display,1,-2.3127,0.3323,-2.3127,0.3323,-0.7599,At-Risk / Inactive Customers,#EF4444
3746487.30980843,70,3,0.0,394.4,21,3,0,0.0,0,mobile,Referral,3,-1.9837,1.4225,-1.9837,1.4225,-0.6098,Potential Loyalists,#3B82F6
4220120.42625564,57,1,0.0,76.7,3,2,0,0.0,0,mobile,Paid Search,1,-2.0148,-2.8456,-2.0148,-2.8456,-0.7209,At-Risk / Inactive Customers,#EF4444
9972056.46287611,66,1,0.0,218.0,5,3,0,0.0,0,tablet,Direct,1,-1.9593,-1.4536,-1.9593,-1.4536,-0.6401,At-Risk / Inactive Customers,#EF4444
6177435.11115273,64,2,0.0,385.9,13,3,0,0.0,0,mobile,Affiliates,1,-1.936,0.5306,-1.936,0.5306,-0.6198,At-Risk / Inactive Customers,#EF4444
1440353.26916485,64,2,0.0,178.5,8,1,0,0.0,0,desktop,Direct,1,-2.2702,-0.6477,-2.2702,-0.6477,-0.7755,At-Risk / Inactive Customers,#EF4444
4661999.58084440,86,1,0.0,116.1,5,3,0,0.0,0,desktop,Direct,1,-2.1114,-2.04,-2.1114,-2.04,-0.6425,At-Risk / Inactive Customers,#EF4444
9096817.34156910,69,1,0.0,233.7,6,1,0,0.0,0,desktop,Direct,1,-2.3176,-1.2187,-2.3176,-1.2187,-0.7761,At-Risk / Inactive Customers,#EF4444
6574559.42055214,90,1,0.0,341.5,9,3,0,0.0,0,desktop,Paid Search,1,-2.1362,-0.4974,-2.1362,-0.4974,-0.6204,At-Risk / Inactive Customers,#EF4444
5503641.70747807,76,2,0.0,194.2,11,2,0,0.0,0,desktop,Organic Search,1,-2.1733,-0.2699,-2.1733,-0.2699,-0.6851,At-Risk / Inactive Customers,#EF4444
8803111.31552615,42,1,0.0,291.4,10,3,0,0.0,0,desktop,Organic Search,1,-1.6999,-0.5347,-1.6999,-0.5347,-0.6398,At-Risk / Inactive Customers,#EF4444
5841690.42133351,66,3,0.0,322.0,11,1,0,0.0,0,desktop,Organic Search,1,-2.2845,0.5974,-2.2845,0.5974,-0.761,At-Risk / Inactive Customers,#EF4444
4777421.80301546,85,8,0.0,503.6,21,1,0,0.0,0,tablet,Direct,3,-2.4208,2.7601,-2.4208,2.7601,-0.7352,Potential Loyalists,#3B82F6
4827980.50634787,43,1,0.0,276.5,7,2,0,0.0,0,desktop,Paid Search,1,-1.8522,-0.9193,-1.8522,-0.9193,-0.7017,At-Risk / Inactive Customers,#EF4444
3669325.47393647,90,1,0.0,251.3,10,3,0,0.0,0,desktop,Direct,1,-2.1361,-0.6809,-2.1361,-0.6809,-0.6236,At-Risk / Inactive Customers,#EF4444
9916383.41256204,63,3,0.0,398.8,16,2,0,0.0,0,desktop,Organic Search,1,-2.0621,1.1628,-2.0621,1.1628,-0.6732,At-Risk / Inactive Customers,#EF4444
2149450.10177951,53,4,0.0,1258.3,30,1,0,0.0,0,mobile,Display,3,-2.1545,3.1761,-2.1545,3.1761,-0.7344,Potential Loyalists,#3B82F6
8200573.21806155,88,2,0.0,381.3,16,2,0,0.0,0,desktop,Direct,1,-2.2566,0.7251,-2.2566,0.7251,-0.6681,At-Risk / Inactive Customers,#EF4444
3686986.16197564,81,1,0.0,208.3,5,3,0,0.0,0,desktop,Direct,1,-2.0768,-1.4982,-2.0768,-1.4982,-0.6358,At-Risk / Inactive Customers,#EF4444
8759252.17489736,87,2,0.0,463.8,11,1,0,0.0,0,tablet,Direct,1,-2.4456,0.5411,-2.4456,0.5411,-0.7515,At-Risk / Inactive Customers,#EF4444
9418034.66751960,54,1,0.0,147.0,7,2,0,0.0,0,mobile,Referral,1,-1.9822,-1.5077,-1.9822,-1.5077,-0.7051,At-Risk / Inactive Customers,#EF4444
6615866.46248704,87,1,0.0,78.9,3,1,0,0.0,0,mobile,Direct,1,-2.4522,-2.8204,-2.4522,-2.8204,-0.7921,At-Risk / Inactive Customers,#EF4444
8523586.23126081,52,1,0.0,239.5,5,2,0,0.0,0,tablet,Organic Search,1,-1.9612,-1.3607,-1.9612,-1.3607,-0.7025,At-Risk / Inactive Customers,#EF4444
8755185.98951852,63,1,0.0,200.2,5,3,0,0.0,0,desktop,Display,1,-1.9327,-1.5321,-1.9327,-1.5321,-0.6424,At-Risk / Inactive Customers,#EF4444
3900958.66912384,82,1,0.0,335.8,7,1,0,0.0,0,desktop,Organic Search,1,-2.4163,-0.7422,-2.4163,-0.7422,-0.7653,At-Risk / Inactive Customers,#EF4444
1829636.26326726,58,1,0.0,157.2,3,2,0,0.0,0,mobile,Direct,1,-2.0245,-2.1833,-2.0245,-2.1833,-0.7105,At-Risk / Inactive Customers,#EF4444
9645612.56640516,53,1,0.0,327.1,7,2,0,0.0,0,mobile,Organic Search,1,-1.9713,-0.7657,-1.9713,-0.7657,-0.6943,At-Risk / Inactive Customers,#EF4444
7642298.58548375,78,1,0.0,207.6,8,1,0,0.0,0,mobile,Direct,1,-2.3874,-1.0628,-2.3874,-1.0628,-0.7719,At-Risk / Inactive Customers,#EF4444
8855791.37544366,61,1,0.0,170.4,9,1,0,0.0,0,desktop,Organic Search,1,-2.2463,-1.131,-2.2463,-1.131,-0.7793,At-Risk / Inactive Customers,#EF4444
1074215.73932845,56,1,0.0,198.1,6,3,0,0.0,0,desktop,Referral,1,-1.8649,-1.3766,-1.8649,-1.3766,-0.6436,At-Risk / Inactive Customers,#EF4444
7972473.79743400,57,1,0.0,295.3,7,1,0,0.0,0,mobile,Referral,1,-2.2078,-0.8574,-2.2078,-0.8574,-0.7758,At-Risk / Inactive Customers,#EF4444
1589483.76795918,74,3,0.0,742.6,18,2,0,0.0,0,mobile,Organic Search,3,-2.154,1.8574,-2.154,1.8574,-0.6594,Potential Loyalists,#3B82F6
7069353.99565097,78,4,0.0,410.1,23,2,0,0.0,0,desktop,Organic Search,3,-2.1818,1.8571,-2.1818,1.8571,-0.662,Potential Loyalists,#3B82F6
4442822.93405498,60,2,0.0,534.1,16,2,0,0.0,0,mobile,Organic Search,1,-2.0368,1.0428,-2.0368,1.0428,-0.6726,At-Risk / Inactive Customers,#EF4444
5570740.90055396,54,3,0.0,896.3,20,1,0,0.0,0,desktop,Direct,3,-2.1682,2.1467,-2.1682,2.1467,-0.7449,Potential Loyalists,#3B82F6
5164819.42752287,44,1,0.0,138.9,6,1,0,0.0,0,desktop,Paid Search,1,-2.0606,-1.6956,-2.0606,-1.6956,-0.7941,At-Risk / Inactive Customers,#EF4444
7533081.25733237,80,2,0.0,250.5,14,2,0,0.0,0,desktop,Direct,1,-2.2022,0.2029,-2.2022,0.2029,-0.6777,At-Risk / Inactive Customers,#EF4444
6042871.50152782,66,1,0.0,271.0,8,3,0,0.0,0,desktop,Display,1,-1.9584,-0.8206,-1.9584,-0.8206,-0.6323,At-Risk / Inactive Customers,#EF4444
7752909.11299935,69,2,0.0,475.5,11,3,0,0.0,0,desktop,Referral,1,-1.9794,0.5599,-1.9794,0.5599,-0.6169,At-Risk / Inactive Customers,#EF4444
8560694.64881972,77,2,0.0,250.3,9,3,0,0.0,0,desktop,Organic Search,1,-2.0429,-0.2314,-2.0429,-0.2314,-0.6253,At-Risk / Inactive Customers,#EF4444
7559619.39662357,41,1,0.0,114.6,4,1,0,0.0,0,desktop,Direct,1,-2.0213,-2.2303,-2.0213,-2.2303,-0.8024,At-Risk / Inactive Customers,#EF4444
3047464.10487278,89,1,0.0,205.1,5,1,0,0.0,0,mobile,Referral,1,-2.4641,-1.5066,-2.4641,-1.5066,-0.7736,At-Risk / Inactive Customers,#EF4444
9323784.94783412,42,1,0.0,97.4,4,3,0,0.0,0,desktop,Referral,1,-1.7019,-2.3877,-1.7019,-2.3877,-0.6642,At-Risk / Inactive Customers,#EF4444
1908106.47929963,91,1,0.0,116.3,3,3,0,0.0,0,mobile,Referral,1,-2.1448,-2.4702,-2.1448,-2.4702,-0.6458,At-Risk / Inactive Customers,#EF4444
9150577.87520806,50,4,0.0,729.6,17,1,0,0.0,0,desktop,Direct,3,-2.1226,2.0964,-2.1226,2.0964,-0.7497,Potential Loyalists,#3B82F6
6014944.59528200,49,1,0.0,166.0,7,3,0,0.0,0,mobile,Direct,1,-1.7885,-1.397,-1.7885,-1.397,-0.6477,At-Risk / Inactive Customers,#EF4444
1835690.44374023,76,1,0.0,386.1,10,3,0,0.0,0,desktop,Organic Search,1,-2.0388,-0.2801,-2.0388,-0.2801,-0.6216,At-Risk / Inactive Customers,#EF4444
2545583.29479878,48,2,0.0,570.1,14,1,0,0.0,0,mobile,Organic Search,1,-2.1045,0.9771,-2.1045,0.9771,-0.7602,At-Risk / Inactive Customers,#EF4444
2988042.74644790,44,1,0.0,314.3,8,3,0,0.0,0,mobile,Organic Search,1,-1.7268,-0.6783,-1.7268,-0.6783,-0.6399,At-Risk / Inactive Customers,#EF4444
2468256.27735392,58,1,0.0,108.6,2,3,0,0.0,0,desktop,Organic Search,1,-1.887,-2.8341,-1.887,-2.8341,-0.661,At-Risk / Inactive Customers,#EF4444
3484115.94188513,60,4,0.0,842.1,26,1,0,0.0,0,mobile,Direct,3,-2.2258,2.6588,-2.2258,2.6588,-0.7386,Potential Loyalists,#3B82F6
5466487.85020549,85,2,0.0,490.6,16,2,0,0.0,0,mobile,Direct,1,-2.2366,0.9598,-2.2366,0.9598,-0.6654,At-Risk / Inactive Customers,#EF4444
6044617.59307029,75,1,0.0,162.6,6,1,0,0.0,0,desktop,Direct,1,-2.3655,-1.5559,-2.3655,-1.5559,-0.7791,At-Risk / Inactive Customers,#EF4444
3099766.75670720,55,2,0.0,232.6,6,2,0,0.0,0,mobile,Organic Search,1,-1.9892,-0.6718,-1.9892,-0.6718,-0.6966,At-Risk / Inactive Customers,#EF4444
9526930.30803055,86,8,0.0,1083.4,53,3,0,0.0,0,desktop,Organic Search,3,-2.0928,4.1782,-2.0928,4.1782,-0.5766,Potential Loyalists,#3B82F6
2051884.54337717,87,5,0.0,1309.8,38,3,0,0.0,0,desktop,Organic Search,3,-2.1033,3.6559,-2.1033,3.6559,-0.5786,Potential Loyalists,#3B82F6
9321338.76955067,73,1,0.0,147.7,4,1,0,0.0,0,desktop,Affiliates,1,-2.3507,-2.0023,-2.3507,-2.0023,-0.785,At-Risk / Inactive Customers,#EF4444
9492322.33838172,59,2,0.0,457.5,12,3,0,0.0,0,mobile,Direct,1,-1.8895,0.6109,-1.8895,0.6109,-0.6202,At-Risk / Inactive Customers,#EF4444
6066784.45516808,91,1,0.0,207.3,8,1,0,0.0,0,mobile,Direct,1,-2.476,-1.0659,-2.476,-1.0659,-0.7682,At-Risk / Inactive Customers,#EF4444
6949882.95085378,43,3,0.0,249.7,10,3,0,0.0,0,desktop,Organic Search,1,-1.707,0.2666,-1.707,0.2666,-0.6359,At-Risk / Inactive Customers,#EF4444
7785405.49442147,83,2,0.0,472.3,12,1,0,0.0,0,tablet,Direct,1,-2.4184,0.6436,-2.4184,0.6436,-0.7514,At-Risk / Inactive Customers,#EF4444
2042465.20701865,50,1,0.0,235.8,8,1,0,0.0,0,mobile,Direct,1,-2.1328,-0.9395,-2.1328,-0.9395,-0.7807,At-Risk / Inactive Customers,#EF4444
4641178.40627577,81,1,0.0,92.9,2,3,0,0.0,0,desktop,Organic Search,1,-2.0785,-2.982,-2.0785,-2.982,-0.6551,At-Risk / Inactive Customers,#EF4444
9043433.29636201,83,8,0.0,1561.4,49,2,0,0.0,0,mobile,Paid Search,3,-2.2106,4.316,-2.2106,4.316,-0.6335,Potential Loyalists,#3B82F6
1732090.10136745,61,1,0.0,250.9,7,2,0,0.0,0,mobile,Organic Search,1,-2.0518,-1.0135,-2.0518,-1.0135,-0.6947,At-Risk / Inactive Customers,#EF4444
8856608.96538412,53,2,0.0,482.5,12,2,0,0.0,0,mobile,Referral,1,-1.9665,0.6646,-1.9665,0.6646,-0.6801,At-Risk / Inactive Customers,#EF4444
3040239.47088164,72,4,0.0,468.7,20,1,0,0.0,0,mobile,Direct,3,-2.331,1.8444,-2.331,1.8444,-0.7454,Potential Loyalists,#3B82F6
3462083.50813134,42,1,0.0,397.5,10,3,0,0.0,0,mobile,Affiliates,1,-1.6998,-0.2462,-1.6998,-0.2462,-0.6354,At-Risk / Inactive Customers,#EF4444
1230294.13356825,40,2,0.0,526.7,13,1,0,0.0,0,mobile,Referral,1,-2.0009,0.8322,-2.0009,0.8322,-0.7665,At-Risk / Inactive Customers,#EF4444
4318812.42542599,51,1,0.0,255.7,6,2,0,0.0,0,tablet,Paid Search,1,-1.9497,-1.1358,-1.9497,-1.1358,-0.7003,At-Risk / Inactive Customers,#EF4444
1172647.18336428,65,2,0.0,331.5,8,3,0,0.0,0,mobile,Organic Search,1,-1.9458,-0.0805,-1.9458,-0.0805,-0.6267,At-Risk / Inactive Customers,#EF4444
7947690.15433656,62,1,0.0,207.7,6,3,0,0.0,0,mobile,Referral,1,-1.9232,-1.3339,-1.9232,-1.3339,-0.6405,At-Risk / Inactive Customers,#EF4444
2130856.60274294,42,1,0.0,291.7,7,2,0,0.0,0,desktop,Paid Search,1,-1.8389,-0.8694,-1.8389,-0.8694,-0.7015,At-Risk / Inactive Customers,#EF4444
8352350.91044868,59,5,0.0,450.7,20,1,0,0.0,0,mobile,Affiliates,3,-2.2153,2.0589,-2.2153,2.0589,-0.7493,Potential Loyalists,#3B82F6
4845290.32737064,86,2,0.0,457.0,10,2,0,0.0,0,mobile,Referral,1,-2.2443,0.4309,-2.2443,0.4309,-0.6712,At-Risk / Inactive Customers,#EF4444
7546833.57764420,47,3,0.0,921.5,20,1,0,0.0,0,desktop,Organic Search,3,-2.089,2.1741,-2.089,2.1741,-0.7479,Potential Loyalists,#3B82F6
2514716.48162421,89,1,0.0,201.5,6,3,0,0.0,0,desktop,Direct,1,-2.1307,-1.3662,-2.1307,-1.3662,-0.6322,At-Risk / Inactive Customers,#EF4444
5407156.66804857,89,1,0.0,143.4,5,1,0,0.0,0,desktop,Organic Search,1,-2.4642,-1.8381,-2.4642,-1.8381,-0.7786,At-Risk / Inactive Customers,#EF4444
3447437.92787302,76,6,0.0,683.8,19,1,0,0.0,0,desktop,Direct,3,-2.359,2.602,-2.359,2.602,-0.7367,Potential Loyalists,#3B82F6
7947822.23895455,51,3,0.0,629.2,19,1,0,0.0,0,desktop,Organic Search,3,-2.1357,1.7662,-2.1357,1.7662,-0.7518,Potential Loyalists,#3B82F6
3421422.64181917,45,3,0.0,344.8,18,2,0,0.0,0,mobile,Organic Search,1,-1.8698,1.1497,-1.8698,1.1497,-0.682,At-Risk / Inactive Customers,#EF4444
8330604.88790951,67,2,0.0,220.9,11,1,0,0.0,0,desktop,Direct,1,-2.2958,-0.1448,-2.2958,-0.1448,-0.7681,At-Risk / Inactive Customers,#EF4444
5950854.63314656,74,3,0.0,440.7,18,3,0,0.0,0,desktop,Referral,3,-2.0159,1.3692,-2.0159,1.3692,-0.6087,Potential Loyalists,#3B82F6
3867219.39495068,56,2,0.0,536.5,13,2,0,0.0,0,desktop,Organic Search,1,-1.9977,0.8414,-1.9977,0.8414,-0.6764,At-Risk / Inactive Customers,#EF4444
3560799.15926199,77,3,0.0,889.1,19,1,0,0.0,0,desktop,Organic Search,3,-2.3715,2.0832,-2.3715,2.0832,-0.7371,Potential Loyalists,#3B82F6
6647709.58567997,46,2,0.0,356.1,9,2,0,0.0,0,desktop,Organic Search,1,-1.8863,0.1049,-1.8863,0.1049,-0.6908,At-Risk / Inactive Customers,#EF4444
4548675.56560831,43,3,0.0,232.2,12,2,0,0.0,0,desktop,Organic Search,1,-1.8449,0.3797,-1.8449,0.3797,-0.693,At-Risk / Inactive Customers,#EF4444
6342537.45308127,62,2,0.0,297.7,13,3,0,0.0,0,desktop,Organic Search,1,-1.9178,0.2898,-1.9178,0.2898,-0.6242,At-Risk / Inactive Customers,#EF4444
5477425.40695320,59,3,0.0,508.9,12,3,0,0.0,0,desktop,Organic Search,1,-1.8868,1.1021,-1.8868,1.1021,-0.6165,At-Risk / Inactive Customers,#EF4444
9535223.17219178,41,2,0.0,268.7,12,3,0,0.0,0,desktop,Organic Search,1,-1.6822,0.1206,-1.6822,0.1206,-0.6364,At-Risk / Inactive Customers,#EF4444
3372254.41467816,83,1,0.0,187.9,7,2,0,0.0,0,mobile,Organic Search,1,-2.2285,-1.2853,-2.2285,-1.2853,-0.6913,At-Risk / Inactive Customers,#EF4444
8607958.60435230,78,4,0.0,816.9,27,2,0,0.0,0,mobile,Referral,3,-2.1813,2.662,-2.1813,2.662,-0.6505,Potential Loyalists,#3B82F6
1586071.96026549,89,1,0.0,265.3,5,2,0,0.0,0,desktop,Referral,1,-2.2692,-1.2719,-2.2692,-1.2719,-0.6882,At-Risk / Inactive Customers,#EF4444
4107251.85467796,55,2,0.0,351.7,12,1,0,0.0,0,mobile,Direct,1,-2.1826,0.3743,-2.1826,0.3743,-0.7654,At-Risk / Inactive Customers,#EF4444
3362954.40124996,42,1,0.0,198.7,6,3,0,0.0,0,mobile,Organic Search,1,-1.701,-1.3705,-1.701,-1.3705,-0.6504,At-Risk / Inactive Customers,#EF4444
8868186.86579894,43,1,0.0,202.7,6,1,0,0.0,0,desktop,Paid Search,1,-2.0475,-1.3453,-2.0475,-1.3453,-0.7894,At-Risk / Inactive Customers,#EF4444
1175931.48603119,71,5,0.0,498.1,17,1,0,0.0,0,desktop,Organic Search,3,-2.3216,1.9858,-2.3216,1.9858,-0.7452,Potential Loyalists,#3B82F6
4849772.37848240,73,5,0.0,692.8,18,1,0,0.0,0,mobile,Direct,3,-2.3374,2.3499,-2.3374,2.3499,-0.7393,Potential Loyalists,#3B82F6
5885054.52712072,41,12,0.0,2891.5,66,3,0,0.0,0,desktop,Direct,3,-1.6681,4.4648,-1.6681,4.4648,-0.5915,Potential Loyalists,#3B82F6
5485944.40663300,90,2,0.0,200.8,8,1,0,0.0,0,desktop,Organic Search,1,-2.466,-0.5426,-2.466,-0.5426,-0.7657,At-Risk / Inactive Customers,#EF4444
3982812.37370865,56,2,0.0,312.4,11,3,0,0.0,0,desktop,Organic Search,1,-1.8599,0.1719,-1.8599,0.1719,-0.6277,At-Risk / Inactive Customers,#EF4444
8600513.83226033,78,1,0.0,286.6,7,2,0,0.0,0,mobile,Direct,1,-2.1927,-0.8929,-2.1927,-0.8929,-0.6869,At-Risk / Inactive Customers,#EF4444
4605231.61696633,70,2,0.0,465.2,17,3,0,0.0,0,desktop,Organic Search,1,-1.9867,0.9704,-1.9867,0.9704,-0.6121,At-Risk / Inactive Customers,#EF4444
5948470.97602586,61,1,0.0,136.5,4,1,0,0.0,0,desktop,Direct,1,-2.2478,-2.0732,-2.2478,-2.0732,-0.7904,At-Risk / Inactive Customers,#EF4444
1050248.69169550,50,2,0.0,327.1,12,2,0,0.0,0,desktop,Organic Search,1,-1.9333,0.3039,-1.9333,0.3039,-0.6869,At-Risk / Inactive Customers,#EF4444
5622571.97407603,75,2,0.0,271.0,9,1,0,0.0,0,desktop,Organic Search,1,-2.3609,-0.1503,-2.3609,-0.1503,-0.7647,At-Risk / Inactive Customers,#EF4444
7075548.57506626,42,1,0.0,230.2,6,1,0,0.0,0,tablet,Organic Search,1,-2.0341,-1.227,-2.0341,-1.227,-0.7881,At-Risk / Inactive Customers,#EF4444
3608231.61303373,47,1,0.0,79.8,3,1,0,0.0,0,desktop,Organic Search,1,-2.0995,-2.8028,-2.0995,-2.8028,-0.8067,At-Risk / Inactive Customers,#EF4444
8915565.99113412,66,1,0.0,236.6,9,3,0,0.0,0,mobile,Direct,1,-1.9582,-0.8346,-1.9582,-0.8346,-0.633,At-Risk / Inactive Customers,#EF4444
2532614.88171613,47,2,0.0,226.9,5,1,0,0.0,0,desktop,Direct,1,-2.0947,-0.8528,-2.0947,-0.8528,-0.7843,At-Risk / Inactive Customers,#EF4444
1462976.36891367,66,1,0.0,184.8,5,1,0,0.0,0,desktop,Organic Search,1,-2.2925,-1.5998,-2.2925,-1.5998,-0.7822,At-Risk / Inactive Customers,#EF4444
9327088.44193311,50,2,0.0,340.6,12,2,0,0.0,0,tablet,Organic Search,1,-1.9333,0.3415,-1.9333,0.3415,-0.6863,At-Risk / Inactive Customers,#EF4444
9455648.79057352,85,1,0.0,300.0,8,3,0,0.0,0,mobile,Referral,1,-2.1036,-0.7292,-2.1036,-0.7292,-0.6248,At-Risk / Inactive Customers,#EF4444
4975941.57986329,86,3,0.0,943.0,21,1,0,0.0,0,mobile,Organic Search,3,-2.4348,2.238,-2.4348,2.238,-0.7325,Potential Loyalists,#3B82F6
7365740.13577582,78,4,0.0,1170.7,26,3,0,0.0,0,desktop,Referral,3,-2.043,2.9554,-2.043,2.9554,-0.5879,Potential Loyalists,#3B82F6
2518025.98437391,63,1,0.0,90.3,3,1,0,0.0,0,mobile,Direct,1,-2.2669,-2.6924,-2.2669,-2.6924,-0.798,At-Risk / Inactive Customers,#EF4444
4416335.56296090,83,4,0.0,1029.1,25,3,0,0.0,0,desktop,Organic Search,3,-2.0789,2.7945,-2.0789,2.7945,-0.5886,Potential Loyalists,#3B82F6
6099179.29936095,45,1,0.0,372.3,9,1,0,0.0,0,desktop,Affiliates,1,-2.0724,-0.4022,-2.0724,-0.4022,-0.7756,At-Risk / Inactive Customers,#EF4444
4514889.72286962,66,2,0.0,158.3,9,3,0,0.0,0,desktop,Display,1,-1.9546,-0.6544,-1.9546,-0.6544,-0.6354,At-Risk / Inactive Customers,#EF4444
1445084.82983666,73,1,0.0,340.9,8,1,0,0.0,0,mobile,Organic Search,1,-2.3492,-0.6016,-2.3492,-0.6016,-0.7665,At-Risk / Inactive Customers,#EF4444
7238784.41148426,86,1,0.0,407.5,8,2,0,0.0,0,desktop,Referral,1,-2.2485,-0.4418,-2.2485,-0.4418,-0.6783,At-Risk / Inactive Customers,#EF4444
1587045.73952233,52,3,0.0,343.7,17,2,0,0.0,0,desktop,Direct,1,-1.9523,1.0876,-1.9523,1.0876,-0.6792,At-Risk / Inactive Customers,#EF4444
8264391.33888067,78,1,0.0,303.3,10,1,0,0.0,0,mobile,Paid Search,1,-2.3869,-0.4976,-2.3869,-0.4976,-0.7642,At-Risk / Inactive Customers,#EF4444
7399165.81940799,76,1,0.0,219.9,10,3,0,0.0,0,desktop,Referral,1,-2.0389,-0.8028,-2.0389,-0.8028,-0.6295,At-Risk / Inactive Customers,#EF4444
7110509.52327432,47,3,0.0,339.0,9,2,0,0.0,0,desktop,Direct,1,-1.896,0.4511,-1.896,0.4511,-0.6887,At-Risk / Inactive Customers,#EF4444
3872168.37294672,48,2,0.0,370.3,13,2,0,0.0,0,desktop,Direct,1,-1.9098,0.4984,-1.9098,0.4984,-0.6853,At-Risk / Inactive Customers,#EF4444
9676256.11209803,70,3,0.0,418.7,21,3,0,0.0,0,mobile,Direct,3,-1.9837,1.478,-1.9837,1.478,-0.609,Potential Loyalists,#3B82F6
9970417.40624747,62,2,0.0,298.8,7,2,0,0.0,0,desktop,Organic Search,1,-2.0573,-0.2987,-2.0573,-0.2987,-0.6887,At-Risk / Inactive Customers,#EF4444
6453996.16986554,84,1,0.0,104.1,3,3,0,0.0,0,mobile,Organic Search,1,-2.0988,-2.5716,-2.0988,-2.5716,-0.6493,At-Risk / Inactive Customers,#EF4444
1590390.44351862,57,3,0.0,719.3,23,2,0,0.0,0,desktop,Referral,3,-2.004,2.0791,-2.004,2.0791,-0.6634,Potential Loyalists,#3B82F6
4402270.61550395,68,2,0.0,339.3,16,1,0,0.0,0,desktop,Referral,1,-2.3034,0.6237,-2.3034,0.6237,-0.7577,At-Risk / Inactive Customers,#EF4444
6604510.73061304,69,2,0.0,371.2,11,3,0,0.0,0,mobile,Referral,1,-1.9794,0.3297,-1.9794,0.3297,-0.6203,At-Risk / Inactive Customers,#EF4444
5782938.45093601,40,1,0.0,251.5,10,3,0,0.0,0,mobile,Referral,1,-1.6722,-0.6709,-1.6722,-0.6709,-0.643,At-Risk / Inactive Customers,#EF4444
6623412.63918724,42,2,0.0,330.7,11,3,0,0.0,0,desktop,Paid Search,1,-1.696,0.2281,-1.696,0.2281,-0.6338,At-Risk / Inactive Customers,#EF4444
6622105.54161515,40,1,0.0,271.6,8,2,0,0.0,0,mobile,Paid Search,1,-1.8109,-0.8099,-1.8109,-0.8099,-0.7023,At-Risk / Inactive Customers,#EF4444
4374727.78979216,63,1,0.0,266.2,6,2,0,0.0,0,desktop,Organic Search,1,-2.0705,-1.1009,-2.0705,-1.1009,-0.6946,At-Risk / Inactive Customers,#EF4444
3414390.62896847,77,6,0.0,917.8,20,1,0,0.0,0,desktop,Direct,3,-2.3663,2.9276,-2.3663,2.9276,-0.7317,Potential Loyalists,#3B82F6
6115291.49405246,83,3,0.0,334.7,18,1,0,0.0,0,desktop,Paid Search,1,-2.415,1.1192,-2.415,1.1192,-0.7496,At-Risk / Inactive Customers,#EF4444
5307943.67465829,65,1,0.0,238.6,8,2,0,0.0,0,desktop,Direct,1,-2.0879,-0.9357,-2.0879,-0.9357,-0.6925,At-Risk / Inactive Customers,#EF4444
5261017.36186632,76,5,0.0,1218.7,28,3,0,0.0,0,desktop,Referral,3,-2.0263,3.3176,-2.0263,3.3176,-0.5857,Potential Loyalists,#3B82F6
2806893.91794378,89,3,0.0,371.4,13,2,0,0.0,0,mobile,Direct,1,-2.2609,0.8863,-2.2609,0.8863,-0.6682,At-Risk / Inactive Customers,#EF4444
8874524.91303869,52,1,0.0,125.3,2,1,0,0.0,0,tablet,Organic Search,1,-2.1577,-2.6936,-2.1577,-2.6936,-0.8014,At-Risk / Inactive Customers,#EF4444
2030427.31008906,80,6,0.0,869.1,36,2,0,0.0,0,mobile,Direct,3,-2.1922,3.4744,-2.1922,3.4744,-0.6432,Potential Loyalists,#3B82F6
3198713.73546031,50,3,0.0,312.7,13,1,0,0.0,0,desktop,Direct,1,-2.1254,0.7372,-2.1254,0.7372,-0.7662,At-Risk / Inactive Customers,#EF4444
8785624.21772035,80,4,0.0,467.6,18,1,0,0.0,0,mobile,Direct,3,-2.3917,1.7346,-2.3917,1.7346,-0.744,Potential Loyalists,#3B82F6
7153252.67276943,49,18,0.0,3943.9,100,3,0,0.0,0,desktop,Direct,3,-1.7696,4.4627,-1.7696,4.4627,-0.5872,Potential Loyalists,#3B82F6
5866186.99713604,50,2,0.0,396.0,11,3,0,0.0,0,desktop,Organic Search,1,-1.7952,0.3935,-1.7952,0.3935,-0.6271,At-Risk / Inactive Customers,#EF4444
2694432.70044270,71,3,0.0,568.9,20,3,0,0.0,0,mobile,Organic Search,3,-1.9918,1.7135,-1.9918,1.7135,-0.6049,Potential Loyalists,#3B82F6
2472664.57340362,82,1,0.0,206.2,8,3,0,0.0,0,mobile,Direct,1,-2.083,-1.0767,-2.083,-1.0767,-0.6309,At-Risk / Inactive Customers,#EF4444
4820109.41023180,61,2,0.0,190.0,10,3,0,0.0,0,desktop,Organic Search,1,-1.9092,-0.383,-1.9092,-0.383,-0.6337,At-Risk / Inactive Customers,#EF4444
6660002.99199448,75,18,0.0,2730.0,123,1,0,0.0,0,mobile,Organic Search,3,-2.3463,4.4649,-2.3463,4.4649,-0.7169,Potential Loyalists,#3B82F6
6998960.43991104,42,5,0.0,929.6,22,2,0,0.0,0,desktop,Email,3,-1.8262,2.8289,-1.8262,2.8289,-0.6644,Potential Loyalists,#3B82F6
9105240.44498635,58,1,0.0,217.9,4,3,0,0.0,0,desktop,Organic Search,1,-1.8857,-1.6464,-1.8857,-1.6464,-0.6453,At-Risk / Inactive Customers,#EF4444
6769007.54913938,76,1,0.0,140.7,5,1,0,0.0,0,tablet,Direct,1,-2.3735,-1.8539,-2.3735,-1.8539,-0.7826,At-Risk / Inactive Customers,#EF4444
2620672.78391962,61,4,0.0,338.0,15,1,0,0.0,0,desktop,Direct,1,-2.2367,1.2534,-2.2367,1.2534,-0.7571,At-Risk / Inactive Customers,#EF4444
9686748.19637109,72,5,0.0,924.6,21,2,0,0.0,0,desktop,Affiliates,3,-2.1342,2.7704,-2.1342,2.7704,-0.6521,Potential Loyalists,#3B82F6
9883745.34200959,65,1,0.0,296.9,7,3,0,0.0,0,mobile,Organic Search,1,-1.9498,-0.8609,-1.9498,-0.8609,-0.6328,At-Risk / Inactive Customers,#EF4444
5790741.62030202,59,1,0.0,206.1,8,3,0,0.0,0,mobile,Direct,1,-1.8942,-1.0733,-1.8942,-1.0733,-0.6388,At-Risk / Inactive Customers,#EF4444
3911289.26887805,59,1,0.0,222.2,5,1,0,0.0,0,desktop,Display,1,-2.2282,-1.4276,-2.2282,-1.4276,-0.7823,At-Risk / Inactive Customers,#EF4444
8375407.57495602,43,2,0.0,209.0,10,1,0,0.0,0,mobile,Organic Search,1,-2.0428,-0.2836,-2.0428,-0.2836,-0.7805,At-Risk / Inactive Customers,#EF4444
1366799.68224408,45,1,0.0,168.4,6,1,0,0.0,0,desktop,Direct,1,-2.0734,-1.5176,-2.0734,-1.5176,-0.7909,At-Risk / Inactive Customers,#EF4444
5366688.31480142,59,3,0.0,579.4,16,3,0,0.0,0,tablet,Organic Search,3,-1.8862,1.508,-1.8862,1.508,-0.6116,Potential Loyalists,#3B82F6
9351768.57376683,86,3,0.0,523.0,21,2,0,0.0,0,desktop,Organic Search,3,-2.2401,1.6854,-2.2401,1.6854,-0.659,Potential Loyalists,#3B82F6
6844098.47105584,73,1,0.0,179.2,7,3,0,0.0,0,desktop,Organic Search,1,-2.0165,-1.3307,-2.0165,-1.3307,-0.637,At-Risk / Inactive Customers,#EF4444
4881110.10748924,65,2,0.0,423.4,12,1,0,0.0,0,tablet,Organic Search,1,-2.2781,0.5448,-2.2781,0.5448,-0.7588,At-Risk / Inactive Customers,#EF4444
4369304.89996303,88,2,0.0,433.7,10,1,0,0.0,0,mobile,Organic Search,1,-2.4524,0.3861,-2.4524,0.3861,-0.7532,At-Risk / Inactive Customers,#EF4444
9360328.69132149,46,1,0.0,317.8,8,3,0,0.0,0,mobile,Paid Search,1,-1.7521,-0.6685,-1.7521,-0.6685,-0.6387,At-Risk / Inactive Customers,#EF4444
6620393.97849323,71,1,0.0,329.4,8,2,0,0.0,0,mobile,Organic Search,1,-2.1384,-0.6373,-2.1384,-0.6373,-0.6859,At-Risk / Inactive Customers,#EF4444
2992210.67307573,88,1,0.0,184.6,5,1,0,0.0,0,mobile,Direct,1,-2.4577,-1.6041,-2.4577,-1.6041,-0.7753,At-Risk / Inactive Customers,#EF4444
2972591.55914171,57,1,0.0,203.7,4,1,0,0.0,0,desktop,Referral,1,-2.2089,-1.7016,-2.2089,-1.7016,-0.7865,At-Risk / Inactive Customers,#EF4444
6334452.10996908,41,1,0.0,238.3,6,1,0,0.0,0,mobile,Organic Search,1,-2.0204,-1.1946,-2.0204,-1.1946,-0.7882,At-Risk / Inactive Customers,#EF4444
6144994.77296308,68,5,0.0,1086.0,28,1,0,0.0,0,desktop,Organic Search,3,-2.2956,3.2186,-2.2956,3.2186,-0.7298,Potential Loyalists,#3B82F6
2577033.89002071,48,12,0.0,2907.7,70,1,0,0.0,0,desktop,Direct,3,-2.0909,4.47,-2.0909,4.47,-0.7276,Potential Loyalists,#3B82F6
1926585.92773441,57,2,0.0,282.8,12,3,0,0.0,0,desktop,Organic Search,1,-1.8699,0.1643,-1.8699,0.1643,-0.6278,At-Risk / Inactive Customers,#EF4444
3630048.38123919,76,3,0.0,574.6,15,1,0,0.0,0,tablet,Organic Search,1,-2.3646,1.4399,-2.3646,1.4399,-0.7461,At-Risk / Inactive Customers,#EF4444
9183436.38387306,41,1,0.0,145.0,7,3,0,0.0,0,desktop,Direct,1,-1.6871,-1.5201,-1.6871,-1.5201,-0.6538,At-Risk / Inactive Customers,#EF4444
8125369.59477897,67,3,0.0,337.6,16,3,0,0.0,0,desktop,Organic Search,1,-1.9592,1.0044,-1.9592,1.0044,-0.6161,At-Risk / Inactive Customers,#EF4444
9096234.31499293,59,1,0.0,203.6,6,2,0,0.0,0,desktop,Organic Search,1,-2.033,-1.3489,-2.033,-1.3489,-0.7,At-Risk / Inactive Customers,#EF4444
6964650.35509596,49,2,0.0,176.9,8,3,0,0.0,0,desktop,Organic Search,1,-1.7845,-0.6601,-1.7845,-0.6601,-0.6422,At-Risk / Inactive Customers,#EF4444
8293881.51882984,60,1,0.0,196.0,6,1,0,0.0,0,mobile,Paid Search,1,-2.2375,-1.3802,-2.2375,-1.3802,-0.7819,At-Risk / Inactive Customers,#EF4444
9797640.83145128,45,4,0.0,997.4,29,3,0,0.0,0,mobile,Organic Search,3,-1.7282,2.9246,-1.7282,2.9246,-0.6021,Potential Loyalists,#3B82F6
8113854.30679145,87,4,0.0,1097.2,29,1,0,0.0,0,mobile,Direct,3,-2.4387,3.0128,-2.4387,3.0128,-0.7248,Potential Loyalists,#3B82F6
3321637.13413553,88,2,0.0,281.4,14,3,0,0.0,0,mobile,Direct,1,-2.1187,0.3068,-2.1187,0.3068,-0.6158,At-Risk / Inactive Customers,#EF4444
1525386.13579065,84,2,0.0,327.7,10,2,0,0.0,0,desktop,Referral,1,-2.2309,0.1221,-2.2309,0.1221,-0.6764,At-Risk / Inactive Customers,#EF4444
8114244.79568043,79,2,0.0,243.7,15,3,0,0.0,0,mobile,Organic Search,1,-2.0566,0.2432,-2.0566,0.2432,-0.6196,At-Risk / Inactive Customers,#EF4444
9532546.12713136,56,2,0.0,290.1,13,1,0,0.0,0,desktop,Organic Search,1,-2.1928,0.274,-2.1928,0.274,-0.7668,At-Risk / Inactive Customers,#EF4444
3880364.94893849,60,1,0.0,389.4,10,3,0,0.0,0,desktop,Referral,1,-1.9032,-0.2695,-1.9032,-0.2695,-0.6272,At-Risk / Inactive Customers,#EF4444
6748718.13334084,60,1,0.0,107.6,2,2,0,0.0,0,desktop,Referral,1,-2.0447,-2.8401,-2.0447,-2.8401,-0.7183,At-Risk / Inactive Customers,#EF4444
2987639.67860090,80,2,0.0,261.7,13,1,0,0.0,0,desktop,Direct,1,-2.3972,0.1743,-2.3972,0.1743,-0.7597,At-Risk / Inactive Customers,#EF4444
6724054.81247726,87,1,0.0,152.3,5,1,0,0.0,0,mobile,Direct,1,-2.4511,-1.7821,-2.4511,-1.7821,-0.7783,At-Risk / Inactive Customers,#EF4444
1641982.23253524,65,2,0.0,347.4,16,3,0,0.0,0,desktop,Referral,1,-1.9444,0.6391,-1.9444,0.6391,-0.6186,At-Risk / Inactive Customers,#EF4444
2163882.37368679,42,2,0.0,265.4,15,1,0,0.0,0,desktop,Referral,1,-2.0285,0.3367,-2.0285,0.3367,-0.7734,At-Risk / Inactive Customers,#EF4444
8459867.90761142,50,1,0.0,127.2,5,1,0,0.0,0,tablet,Referral,1,-2.1338,-1.9423,-2.1338,-1.9423,-0.7941,At-Risk / Inactive Customers,#EF4444
6539249.82036369,88,2,0.0,596.7,14,3,0,0.0,0,mobile,Email,1,-2.1185,1.0055,-2.1185,1.0055,-0.6053,At-Risk / Inactive Customers,#EF4444
7474305.64639153,77,4,0.0,456.5,20,1,0,0.0,0,desktop,Paid Search,3,-2.3696,1.8191,-2.3696,1.8191,-0.7441,Potential Loyalists,#3B82F6
4332705.19195235,68,1,0.0,134.7,6,1,0,0.0,0,desktop,Organic Search,1,-2.3093,-1.729,-2.3093,-1.729,-0.7841,At-Risk / Inactive Customers,#EF4444
8796439.91871058,43,3,0.0,616.9,16,2,0,0.0,0,desktop,Referral,3,-1.844,1.5729,-1.844,1.5729,-0.6763,Potential Loyalists,#3B82F6
3669019.12333111,58,1,0.0,351.3,8,2,0,0.0,0,desktop,Organic Search,1,-2.0226,-0.5752,-2.0226,-0.5752,-0.6898,At-Risk / Inactive Customers,#EF4444
2235556.45408320,77,3,0.0,852.4,19,3,0,0.0,0,desktop,Organic Search,3,-2.0384,2.0369,-2.0384,2.0369,-0.5979,Potential Loyalists,#3B82F6
2480082.13900763,73,1,0.0,163.3,6,1,0,0.0,0,mobile,Direct,1,-2.35,-1.5516,-2.35,-1.5516,-0.7797,At-Risk / Inactive Customers,#EF4444
2263358.11265127,73,2,0.0,389.6,12,2,0,0.0,0,mobile,Paid Search,1,-2.1498,0.462,-2.1498,0.462,-0.6754,At-Risk / Inactive Customers,#EF4444
7287009.38080184,84,1,0.0,253.8,6,1,0,0.0,0,desktop,Referral,1,-2.4305,-1.1444,-2.4305,-1.1444,-0.7702,At-Risk / Inactive Customers,#EF4444
9939025.57547438,45,4,0.0,795.7,21,3,0,0.0,0,desktop,Referral,3,-1.729,2.3846,-1.729,2.3846,-0.6088,Potential Loyalists,#3B82F6
2780612.92074910,48,1,0.0,155.8,4,1,0,0.0,0,desktop,Direct,1,-2.1109,-1.9481,-2.1109,-1.9481,-0.7943,At-Risk / Inactive Customers,#EF4444
1213513.14313940,80,2,0.0,270.1,13,1,0,0.0,0,desktop,Direct,1,-2.3972,0.2036,-2.3972,0.2036,-0.7593,At-Risk / Inactive Customers,#EF4444
8057482.77351403,58,2,0.0,330.3,8,1,0,0.0,0,desktop,Organic Search,1,-2.2137,-0.0755,-2.2137,-0.0755,-0.7693,At-Risk / Inactive Customers,#EF4444
2620263.84353496,82,1,0.0,248.7,6,3,0,0.0,0,desktop,Affiliates,1,-2.0835,-1.17,-2.0835,-1.17,-0.6312,At-Risk / Inactive Customers,#EF4444
7302546.58405570,54,1,0.0,258.9,7,1,0,0.0,0,tablet,Affiliates,1,-2.1769,-0.9789,-2.1769,-0.9789,-0.779,At-Risk / Inactive Customers,#EF4444
3459346.52463044,73,6,0.0,1538.8,38,2,0,0.0,0,desktop,Display,3,-2.1394,3.871,-2.1394,3.871,-0.6397,Potential Loyalists,#3B82F6
7985090.52821172,54,2,0.0,209.2,12,1,0,0.0,0,desktop,Organic Search,1,-2.1722,-0.1077,-2.1722,-0.1077,-0.7731,At-Risk / Inactive Customers,#EF4444
6630542.60100783,59,3,0.0,904.9,21,3,0,0.0,0,mobile,Direct,3,-1.8856,2.1969,-1.8856,2.1969,-0.6023,Potential Loyalists,#3B82F6
4960259.75093553,62,4,0.0,597.9,22,3,0,0.0,0,desktop,Organic Search,3,-1.9119,2.1622,-1.9119,2.1622,-0.6047,Potential Loyalists,#3B82F6
3376295.40215610,85,2,0.0,148.2,8,1,0,0.0,0,desktop,Organic Search,1,-2.4332,-0.8233,-2.4332,-0.8233,-0.7713,At-Risk / Inactive Customers,#EF4444
6299921.94063615,50,3,0.0,679.7,24,3,0,0.0,0,desktop,Direct,3,-1.7908,2.0684,-1.7908,2.0684,-0.6088,Potential Loyalists,#3B82F6
7246897.13217648,47,1,0.0,220.2,8,3,0,0.0,0,mobile,Direct,1,-1.7644,-1.0094,-1.7644,-1.0094,-0.6433,At-Risk / Inactive Customers,#EF4444
6868897.37558918,57,6,0.0,905.1,30,2,0,0.0,0,desktop,Organic Search,3,-1.9982,3.328,-1.9982,3.328,-0.6528,Potential Loyalists,#3B82F6
1378510.78137020,50,1,0.0,278.4,7,2,0,0.0,0,desktop,Direct,1,-1.9381,-0.9147,-1.9381,-0.9147,-0.698,At-Risk / Inactive Customers,#EF4444
4077054.34101413,90,1,0.0,215.4,4,1,0,0.0,0,desktop,Direct,1,-2.4709,-1.6551,-2.4709,-1.6551,-0.7747,At-Risk / Inactive Customers,#EF4444
5767876.75435047,72,1,0.0,334.5,7,3,0,0.0,0,desktop,Referral,1,-2.0085,-0.7513,-2.0085,-0.7513,-0.6287,At-Risk / Inactive Customers,#EF4444
2100642.46608061,66,1,0.0,150.1,6,1,0,0.0,0,desktop,Organic Search,1,-2.2922,-1.6285,-2.2922,-1.6285,-0.7833,At-Risk / Inactive Customers,#EF4444
7800178.71627186,84,2,0.0,723.4,16,2,0,0.0,0,desktop,Organic Search,1,-2.2297,1.3212,-2.2297,1.3212,-0.6603,At-Risk / Inactive Customers,#EF4444
2023784.93084838,63,4,0.0,304.1,15,2,0,0.0,0,mobile,Direct,1,-2.0603,1.1507,-2.0603,1.1507,-0.676,At-Risk / Inactive Customers,#EF4444
2673673.25027752,79,2,0.0,260.0,8,3,0,0.0,0,tablet,Direct,1,-2.0578,-0.3084,-2.0578,-0.3084,-0.6254,At-Risk / Inactive Customers,#EF4444
1410106.93179182,41,1,0.0,182.4,6,3,0,0.0,0,desktop,Direct,1,-1.6873,-1.4496,-1.6873,-1.4496,-0.6521,At-Risk / Inactive Customers,#EF4444
2853227.90087569,59,6,0.0,1280.0,34,2,0,0.0,0,mobile,Organic Search,3,-2.0176,3.7584,-2.0176,3.7584,-0.646,Potential Loyalists,#3B82F6
6368252.55865488,68,2,0.0,361.7,9,2,0,0.0,0,mobile,Organic Search,1,-2.1097,0.1149,-2.1097,0.1149,-0.6812,At-Risk / Inactive Customers,#EF4444
9200790.14078618,89,3,0.0,521.3,21,2,0,0.0,0,mobile,Organic Search,3,-2.2598,1.682,-2.2598,1.682,-0.6582,Potential Loyalists,#3B82F6
8677689.82745636,45,4,0.0,734.2,18,1,0,0.0,0,mobile,Organic Search,3,-2.0624,2.1609,-2.0624,2.1609,-0.7515,Potential Loyalists,#3B82F6
9415846.63169650,91,1,0.0,189.5,6,1,0,0.0,0,desktop,Referral,1,-2.4766,-1.4163,-2.4766,-1.4163,-0.7723,At-Risk / Inactive Customers,#EF4444
9882935.38213720,65,1,0.0,233.1,9,2,0,0.0,0,desktop,Email,1,-2.0877,-0.8453,-2.0877,-0.8453,-0.6916,At-Risk / Inactive Customers,#EF4444
1005806.13823047,85,2,0.0,427.2,10,1,0,0.0,0,desktop,Display,1,-2.4325,0.3725,-2.4325,0.3725,-0.7542,At-Risk / Inactive Customers,#EF4444
8275253.44801961,80,1,0.0,232.1,7,1,0,0.0,0,mobile,Referral,1,-2.4022,-1.0848,-2.4022,-1.0848,-0.7711,At-Risk / Inactive Customers,#EF4444
1526043.16634256,78,1,0.0,258.6,6,2,0,0.0,0,desktop,Paid Search,1,-2.193,-1.1303,-2.193,-1.1303,-0.6899,At-Risk / Inactive Customers,#EF4444
8117357.50315716,43,1,0.0,170.1,3,3,0,0.0,0,mobile,Organic Search,1,-1.7156,-2.1098,-1.7156,-2.1098,-0.6585,At-Risk / Inactive Customers,#EF4444
3326888.15849872,48,1,0.0,201.0,5,3,0,0.0,0,desktop,Organic Search,1,-1.7773,-1.5253,-1.7773,-1.5253,-0.6488,At-Risk / Inactive Customers,#EF4444
9557400.69687884,46,3,0.0,670.2,18,3,0,0.0,0,desktop,Direct,3,-1.7439,1.7645,-1.7439,1.7645,-0.6142,Potential Loyalists,#3B82F6
8069537.66100782,49,1,0.0,172.3,4,2,0,0.0,0,tablet,Direct,1,-1.9277,-1.8592,-1.9277,-1.8592,-0.7106,At-Risk / Inactive Customers,#EF4444
7452242.30844180,61,4,0.0,533.3,14,2,0,0.0,0,mobile,Organic Search,3,-2.0418,1.6046,-2.0418,1.6046,-0.6697,Potential Loyalists,#3B82F6
4382447.66696915,58,6,0.0,778.0,22,3,0,0.0,0,desktop,Paid Search,3,-1.8706,2.8667,-1.8706,2.8667,-0.6,Potential Loyalists,#3B82F6
6362680.25738978,67,3,0.0,438.0,16,3,0,0.0,0,desktop,Referral,1,-1.9591,1.2463,-1.9591,1.2463,-0.6124,At-Risk / Inactive Customers,#EF4444
2387310.21497223,54,1,0.0,148.8,4,2,0,0.0,0,desktop,Organic Search,1,-1.9832,-1.9961,-1.9832,-1.9961,-0.7104,At-Risk / Inactive Customers,#EF4444
8656401.42309207,83,3,0.0,493.3,18,2,0,0.0,0,mobile,Organic Search,3,-2.22,1.4756,-2.22,1.4756,-0.6624,Potential Loyalists,#3B82F6
8261426.26283328,58,5,0.0,1182.3,26,2,0,0.0,0,desktop,Organic Search,3,-2.0098,3.2195,-2.0098,3.2195,-0.6515,Potential Loyalists,#3B82F6
3066454.51920814,57,1,0.0,371.5,8,1,0,0.0,0,mobile,Organic Search,1,-2.2075,-0.5189,-2.2075,-0.5189,-0.7712,At-Risk / Inactive Customers,#EF4444
9235894.61023056,86,1,0.0,346.6,9,2,0,0.0,0,mobile,Organic Search,1,-2.2483,-0.4802,-2.2483,-0.4802,-0.6793,At-Risk / Inactive Customers,#EF4444
4836024.51687531,50,1,0.0,179.7,7,2,0,0.0,0,desktop,Direct,1,-1.9382,-1.3208,-1.9382,-1.3208,-0.7041,At-Risk / Inactive Customers,#EF4444
2212248.58497994,40,4,0.0,1015.0,25,2,0,0.0,0,mobile,Organic Search,3,-1.7999,2.793,-1.7999,2.793,-0.6643,Potential Loyalists,#3B82F6
7738102.86298762,73,4,0.0,527.5,15,1,0,0.0,0,desktop,Direct,3,-2.3395,1.6651,-2.3395,1.6651,-0.7466,Potential Loyalists,#3B82F6
8801821.98990898,69,1,0.0,245.2,8,1,0,0.0,0,mobile,Organic Search,1,-2.317,-0.9069,-2.317,-0.9069,-0.7725,At-Risk / Inactive Customers,#EF4444
1537954.16603969,61,1,0.0,192.9,8,3,0,0.0,0,desktop,Organic Search,1,-1.9133,-1.1351,-1.9133,-1.1351,-0.6389,At-Risk / Inactive Customers,#EF4444
1426319.65133203,81,4,0.0,532.4,27,3,0,0.0,0,desktop,Organic Search,3,-2.0649,2.2603,-2.0649,2.2603,-0.5976,Potential Loyalists,#3B82F6
1343848.11933020,72,12,0.0,1406.6,80,1,0,0.0,0,mobile,Organic Search,3,-2.3228,4.4654,-2.3228,4.4654,-0.7179,Potential Loyalists,#3B82F6
7855674.56915939,87,3,0.0,851.3,20,1,0,0.0,0,desktop,Organic Search,3,-2.4416,2.0932,-2.4416,2.0932,-0.7342,Potential Loyalists,#3B82F6
7568185.46163039,79,2,0.0,221.9,9,1,0,0.0,0,mobile,Direct,1,-2.3908,-0.3364,-2.3908,-0.3364,-0.7662,At-Risk / Inactive Customers,#EF4444
8519933.10774013,74,5,0.0,499.8,26,2,0,0.0,0,tablet,Direct,3,-2.1496,2.4154,-2.1496,2.4154,-0.6577,Potential Loyalists,#3B82F6
5656229.94036639,66,4,0.0,351.4,12,1,0,0.0,0,desktop,Direct,1,-2.2822,1.0678,-2.2822,1.0678,-0.7571,At-Risk / Inactive Customers,#EF4444
3171945.45245694,47,3,0.0,598.4,15,2,0,0.0,0,desktop,Direct,3,-1.8948,1.4791,-1.8948,1.4791,-0.6753,Potential Loyalists,#3B82F6
1239928.55788095,48,3,0.0,526.0,16,3,0,0.0,0,desktop,Direct,3,-1.7684,1.4204,-1.7684,1.4204,-0.6178,Potential Loyalists,#3B82F6
8584200.78748690,64,1,0.0,217.9,7,2,0,0.0,0,mobile,Paid Search,1,-2.0793,-1.1449,-2.0793,-1.1449,-0.6955,At-Risk / Inactive Customers,#EF4444
4819932.63104610,45,4,0.0,307.6,13,2,0,0.0,0,mobile,Direct,1,-1.8685,1.0232,-1.8685,1.0232,-0.6854,At-Risk / Inactive Customers,#EF4444
5813694.87560457,53,1,0.0,133.1,6,2,0,0.0,0,desktop,Organic Search,1,-1.9719,-1.7413,-1.9719,-1.7413,-0.7084,At-Risk / Inactive Customers,#EF4444
1737665.15798013,83,2,0.0,206.1,6,1,0,0.0,0,desktop,Referral,1,-2.4199,-0.7846,-2.4199,-0.7846,-0.7702,At-Risk / Inactive Customers,#EF4444
9310946.12561143,64,1,0.0,370.6,8,2,0,0.0,0,desktop,Paid Search,1,-2.0789,-0.5266,-2.0789,-0.5266,-0.6867,At-Risk / Inactive Customers,#EF4444
1769158.26570115,45,3,0.0,481.7,16,1,0,0.0,0,desktop,Organic Search,1,-2.0648,1.3464,-2.0648,1.3464,-0.7604,At-Risk / Inactive Customers,#EF4444
3677744.66487593,41,1,0.0,151.2,3,1,0,0.0,0,desktop,Organic Search,1,-2.0217,-2.2112,-2.0217,-2.2112,-0.8011,At-Risk / Inactive Customers,#EF4444
4301811.65774270,64,2,0.0,520.0,12,3,0,0.0,0,mobile,Organic Search,1,-1.936,0.7291,-1.936,0.7291,-0.6165,At-Risk / Inactive Customers,#EF4444
2414792.26457343,49,1,0.0,254.9,7,1,0,0.0,0,desktop,Referral,1,-2.1215,-0.9922,-2.1215,-0.9922,-0.7815,At-Risk / Inactive Customers,#EF4444
7114171.14978337,85,2,0.0,391.8,14,1,0,0.0,0,desktop,Organic Search,1,-2.4318,0.6218,-2.4318,0.6218,-0.7518,At-Risk / Inactive Customers,#EF4444
9955286.58329861,59,2,0.0,475.6,16,1,0,0.0,0,desktop,Organic Search,1,-2.2221,0.9393,-2.2221,0.9393,-0.7564,At-Risk / Inactive Customers,#EF4444
6865285.91234737,88,3,0.0,428.9,13,1,0,0.0,0,desktop,Organic Search,1,-2.4492,1.0243,-2.4492,1.0243,-0.7483,At-Risk / Inactive Customers,#EF4444
4663712.26642837,85,2,0.0,245.7,8,3,0,0.0,0,mobile,Organic Search,1,-2.0999,-0.3618,-2.0999,-0.3618,-0.6244,At-Risk / Inactive Customers,#EF4444
6769827.48536459,53,5,0.0,496.1,26,3,0,0.0,0,desktop,Direct,3,-1.8203,2.4095,-1.8203,2.4095,-0.6077,Potential Loyalists,#3B82F6
3754023.85234664,67,3,0.0,504.8,12,2,0,0.0,0,desktop,Organic Search,1,-2.0979,1.0961,-2.0979,1.0961,-0.6716,At-Risk / Inactive Customers,#EF4444
5805517.83414152,82,1,0.0,223.4,9,3,0,0.0,0,mobile,Direct,1,-2.0828,-0.8904,-2.0828,-0.8904,-0.6286,At-Risk / Inactive Customers,#EF4444
2752574.65556158,62,1,0.0,353.2,9,3,0,0.0,0,desktop,Affiliates,1,-1.9222,-0.4618,-1.9222,-0.4618,-0.6289,At-Risk / Inactive Customers,#EF4444
4528733.77227620,62,3,0.0,441.9,19,3,0,0.0,0,desktop,Organic Search,3,-1.9143,1.4283,-1.9143,1.4283,-0.6123,Potential Loyalists,#3B82F6
3071935.48901940,45,2,0.0,345.3,11,3,0,0.0,0,desktop,Organic Search,1,-1.7352,0.2674,-1.7352,0.2674,-0.6316,At-Risk / Inactive Customers,#EF4444
2797099.77457613,72,3,0.0,330.3,20,2,0,0.0,0,desktop,Organic Search,1,-2.1383,1.2108,-2.1383,1.2108,-0.6702,At-Risk / Inactive Customers,#EF4444
1612238.21688698,50,1,0.0,168.7,10,1,0,0.0,0,desktop,Referral,1,-2.1324,-1.0366,-2.1324,-1.0366,-0.7831,At-Risk / Inactive Customers,#EF4444
6004695.20358675,44,1,0.0,385.0,10,1,0,0.0,0,mobile,Direct,1,-2.0594,-0.2694,-2.0594,-0.2694,-0.7746,At-Risk / Inactive Customers,#EF4444
9812360.60000553,44,2,0.0,508.5,16,2,0,0.0,0,desktop,Organic Search,1,-1.8598,1.0007,-1.8598,1.0007,-0.6807,At-Risk / Inactive Customers,#EF4444
1968202.82832850,49,2,0.0,335.2,11,2,0,0.0,0,mobile,Organic Search,1,-1.922,0.2418,-1.922,0.2418,-0.688,At-Risk / Inactive Customers,#EF4444
2612674.91835047,41,1,0.0,125.3,4,3,0,0.0,0,desktop,Organic Search,1,-1.6881,-2.1549,-1.6881,-2.1549,-0.6613,At-Risk / Inactive Customers,#EF4444
7640940.51414846,70,3,0.0,210.9,9,3,0,0.0,0,desktop,Organic Search,1,-1.9856,0.003,-1.9856,0.003,-0.6278,At-Risk / Inactive Customers,#EF4444
8931390.58950417,62,1,0.0,98.7,4,2,0,0.0,0,mobile,Organic Search,1,-2.0623,-2.3771,-2.0623,-2.3771,-0.7128,At-Risk / Inactive Customers,#EF4444
2269632.99182321,43,4,0.0,794.9,30,1,0,0.0,0,desktop,Organic Search,3,-2.0355,2.7558,-2.0355,2.7558,-0.7458,Potential Loyalists,#3B82F6
5151788.91194759,83,2,0.0,341.7,10,1,0,0.0,0,desktop,Referral,1,-2.4188,0.1652,-2.4188,0.1652,-0.7579,At-Risk / Inactive Customers,#EF4444
7830914.54798149,90,1,0.0,229.8,7,1,0,0.0,0,mobile,Organic Search,1,-2.4699,-1.0954,-2.4699,-1.0954,-0.7684,At-Risk / Inactive Customers,#EF4444
1556589.38053072,72,2,0.0,153.6,7,3,0,0.0,0,desktop,Referral,1,-2.0049,-0.9205,-2.0049,-0.9205,-0.6364,At-Risk / Inactive Customers,#EF4444
2991382.33749197,51,4,0.0,474.5,21,1,0,0.0,0,desktop,Referral,3,-2.1336,1.9093,-2.1336,1.9093,-0.7529,Potential Loyalists,#3B82F6
8121232.41081794,76,1,0.0,206.1,5,3,0,0.0,0,mobile,Organic Search,1,-2.0402,-1.5073,-2.0402,-1.5073,-0.6375,At-Risk / Inactive Customers,#EF4444
7150744.14861397,67,1,0.0,344.3,9,1,0,0.0,0,desktop,Direct,1,-2.2998,-0.4794,-2.2998,-0.4794,-0.7672,At-Risk / Inactive Customers,#EF4444
9857238.22685949,73,3,0.0,842.9,18,1,0,0.0,0,mobile,Referral,3,-2.341,1.9796,-2.341,1.9796,-0.7397,Potential Loyalists,#3B82F6
4730302.55538822,81,2,0.0,196.9,6,1,0,0.0,0,desktop,Organic Search,1,-2.4059,-0.8267,-2.4059,-0.8267,-0.7714,At-Risk / Inactive Customers,#EF4444
1272204.49192782,64,1,0.0,128.4,3,3,0,0.0,0,mobile,Affiliates,1,-1.9427,-2.3746,-1.9427,-2.3746,-0.6529,At-Risk / Inactive Customers,#EF4444
4568140.36626620,86,1,0.0,238.7,6,1,0,0.0,0,desktop,Direct,1,-2.444,-1.2016,-2.444,-1.2016,-0.7705,At-Risk / Inactive Customers,#EF4444
3895918.53599187,72,2,0.0,324.3,12,3,0,0.0,0,tablet,Direct,1,-2.0037,0.2888,-2.0037,0.2888,-0.6203,At-Risk / Inactive Customers,#EF4444
1165389.38264591,59,1,0.0,116.4,6,3,0,0.0,0,mobile,Direct,1,-1.8949,-1.8694,-1.8949,-1.8694,-0.6497,At-Risk / Inactive Customers,#EF4444
2486721.97530928,53,1,0.0,160.7,4,1,0,0.0,0,desktop,Direct,1,-2.1674,-1.9205,-2.1674,-1.9205,-0.7915,At-Risk / Inactive Customers,#EF4444
1499833.19798398,49,2,0.0,391.7,14,1,0,0.0,0,desktop,Organic Search,1,-2.1163,0.6279,-2.1163,0.6279,-0.765,At-Risk / Inactive Customers,#EF4444
9716360.35077142,41,2,0.0,430.8,10,2,0,0.0,0,desktop,Paid Search,1,-1.8207,0.3845,-1.8207,0.3845,-0.6897,At-Risk / Inactive Customers,#EF4444
4517399.85945466,42,1,0.0,218.4,6,2,0,0.0,0,desktop,Organic Search,1,-1.8392,-1.2799,-1.8392,-1.2799,-0.7071,At-Risk / Inactive Customers,#EF4444
8154422.47104309,43,4,0.0,1216.5,28,1,0,0.0,0,desktop,Referral,3,-2.0355,3.081,-2.0355,3.081,-0.7406,Potential Loyalists,#3B82F6
2614544.32099877,48,1,0.0,339.6,8,3,0,0.0,0,desktop,Organic Search,1,-1.7763,-0.6074,-1.7763,-0.6074,-0.6368,At-Risk / Inactive Customers,#EF4444
2078777.84361815,78,4,0.0,746.2,24,3,0,0.0,0,desktop,Affiliates,3,-2.0433,2.4544,-2.0433,2.4544,-0.5951,Potential Loyalists,#3B82F6
8995276.90177736,42,3,0.0,914.0,20,1,0,0.0,0,desktop,Organic Search,3,-2.025,2.1678,-2.025,2.1678,-0.7506,Potential Loyalists,#3B82F6
6107160.20631873,89,3,0.0,613.6,19,3,0,0.0,0,desktop,Direct,3,-2.1217,1.7294,-2.1217,1.7294,-0.599,Potential Loyalists,#3B82F6
4082600.93770669,47,3,0.0,438.6,10,3,0,0.0,0,desktop,Referral,1,-1.7574,0.7889,-1.7574,0.7889,-0.626,At-Risk / Inactive Customers,#EF4444
9417664.44108574,83,1,0.0,151.0,7,3,0,0.0,0,mobile,Paid Search,1,-2.0903,-1.4907,-2.0903,-1.4907,-0.6363,At-Risk / Inactive Customers,#EF4444
1455823.83858333,41,1,0.0,318.5,7,3,0,0.0,0,tablet,Organic Search,1,-1.6869,-0.7904,-1.6869,-0.7904,-0.6428,At-Risk / Inactive Customers,#EF4444
4714552.85187529,56,1,0.0,86.3,3,1,0,0.0,0,desktop,Direct,1,-2.1995,-2.7327,-2.1995,-2.7327,-0.8015,At-Risk / Inactive Customers,#EF4444
4869556.37457556,83,4,0.0,583.6,14,1,0,0.0,0,mobile,Organic Search,3,-2.4133,1.689,-2.4133,1.689,-0.7428,Potential Loyalists,#3B82F6
9699231.54569164,74,1,0.0,147.9,4,1,0,0.0,0,desktop,Organic Search,1,-2.3585,-2.0012,-2.3585,-2.0012,-0.7847,At-Risk / Inactive Customers,#EF4444
3056682.41320636,56,3,0.0,580.1,18,3,0,0.0,0,desktop,Organic Search,3,-1.8562,1.628,-1.8562,1.628,-0.6115,Potential Loyalists,#3B82F6
4722965.54060242,87,2,0.0,466.4,13,1,0,0.0,0,desktop,Referral,1,-2.4453,0.7102,-2.4453,0.7102,-0.7496,At-Risk / Inactive Customers,#EF4444
8117285.33490026,65,5,0.0,792.0,32,3,0,0.0,0,desktop,Direct,3,-1.9364,3.0556,-1.9364,3.0556,-0.594,Potential Loyalists,#3B82F6
3709399.36519399,69,2,0.0,477.9,12,2,0,0.0,0,desktop,Direct,1,-2.1174,0.6526,-2.1174,0.6526,-0.6739,At-Risk / Inactive Customers,#EF4444
6945433.15523353,44,1,0.0,218.4,7,2,0,0.0,0,desktop,Organic Search,1,-1.8654,-1.1385,-1.8654,-1.1385,-0.7044,At-Risk / Inactive Customers,#EF4444
3339270.20618181,51,1,0.0,253.5,5,1,0,0.0,0,desktop,Organic Search,1,-2.1449,-1.3036,-2.1449,-1.3036,-0.784,At-Risk / Inactive Customers,#EF4444
5706794.82278383,81,1,0.0,162.1,9,1,0,0.0,0,desktop,Direct,1,-2.4089,-1.1805,-2.4089,-1.1805,-0.7732,At-Risk / Inactive Customers,#EF4444
4156831.50198418,83,2,0.0,418.8,10,1,0,0.0,0,desktop,Organic Search,1,-2.4188,0.3543,-2.4188,0.3543,-0.7551,At-Risk / Inactive Customers,#EF4444
5380990.34411408,85,2,0.0,384.8,15,2,0,0.0,0,mobile,Direct,1,-2.2368,0.6695,-2.2368,0.6695,-0.6695,At-Risk / Inactive Customers,#EF4444
3615758.17240836,74,3,0.0,623.6,22,1,0,0.0,0,mobile,Referral,3,-2.3485,1.9022,-2.3485,1.9022,-0.7414,Potential Loyalists,#3B82F6
8015410.59450526,40,1,0.0,157.6,7,3,0,0.0,0,desktop,Organic Search,1,-1.673,-1.4427,-1.673,-1.4427,-0.6532,At-Risk / Inactive Customers,#EF4444
2922052.71970541,49,3,0.0,355.3,18,3,0,0.0,0,mobile,Direct,1,-1.7801,1.1737,-1.7801,1.1737,-0.6215,At-Risk / Inactive Customers,#EF4444
5239195.35173009,88,4,0.0,409.9,14,3,0,0.0,0,desktop,Referral,3,-2.1139,1.3527,-2.1139,1.3527,-0.6065,Potential Loyalists,#3B82F6
9804381.42941943,79,1,0.0,173.2,6,2,0,0.0,0,mobile,Direct,1,-2.2004,-1.5022,-2.2004,-1.5022,-0.6952,At-Risk / Inactive Customers,#EF4444
4690904.63672562,40,4,0.0,374.4,11,1,0,0.0,0,desktop,Organic Search,1,-1.9967,1.0474,-1.9967,1.0474,-0.7691,At-Risk / Inactive Customers,#EF4444
3150907.67909459,73,4,0.0,262.7,14,2,0,0.0,0,mobile,Organic Search,1,-2.1449,0.9445,-2.1449,0.9445,-0.6753,At-Risk / Inactive Customers,#EF4444
8868531.22991471,72,1,0.0,258.7,6,3,0,0.0,0,mobile,Direct,1,-2.0088,-1.1319,-2.0088,-1.1319,-0.6338,At-Risk / Inactive Customers,#EF4444
8265341.51294241,77,3,0.0,509.1,15,1,0,0.0,0,desktop,Organic Search,1,-2.3722,1.3272,-2.3722,1.3272,-0.7475,At-Risk / Inactive Customers,#EF4444
9413359.57198546,63,5,0.0,908.6,29,1,0,0.0,0,mobile,Referral,3,-2.2518,3.0895,-2.2518,3.0895,-0.7337,Potential Loyalists,#3B82F6
6000068.46519623,56,12,0.0,2044.4,50,2,0,0.0,0,mobile,Referral,3,-1.984,4.4641,-1.984,4.4641,-0.6421,Potential Loyalists,#3B82F6
7747959.75214952,90,2,0.0,376.7,13,2,0,0.0,0,mobile,Organic Search,1,-2.27,0.5071,-2.27,0.5071,-0.67,At-Risk / Inactive Customers,#EF4444
2787076.65736416,59,1,0.0,201.5,7,1,0,0.0,0,desktop,Organic Search,1,-2.2276,-1.2124,-2.2276,-1.2124,-0.7803,At-Risk / Inactive Customers,#EF4444
6576697.58258634,66,3,0.0,747.3,21,3,0,0.0,0,desktop,Organic Search,3,-1.9498,2.0176,-1.9498,2.0176,-0.6023,Potential Loyalists,#3B82F6
5356008.60508336,42,3,0.0,721.5,21,3,0,0.0,0,desktop,Organic Search,3,-1.6918,1.9901,-1.6918,1.9901,-0.6136,Potential Loyalists,#3B82F6
1295508.91411803,42,3,0.0,720.2,18,1,0,0.0,0,desktop,Paid Search,3,-2.0253,1.8396,-2.0253,1.8396,-0.7552,Potential Loyalists,#3B82F6
3783837.32265746,71,2,0.0,371.3,12,1,0,0.0,0,desktop,Referral,1,-2.3288,0.4218,-2.3288,0.4218,-0.7585,At-Risk / Inactive Customers,#EF4444
2887230.84538783,70,2,0.0,366.1,9,3,0,0.0,0,desktop,Direct,1,-1.9881,0.1229,-1.9881,0.1229,-0.6223,At-Risk / Inactive Customers,#EF4444
5543148.50964593,59,5,0.0,528.1,27,2,0,0.0,0,desktop,Organic Search,3,-2.0197,2.5079,-2.0197,2.5079,-0.6619,Potential Loyalists,#3B82F6
5538953.39705309,67,1,0.0,332.7,8,2,0,0.0,0,desktop,Referral,1,-2.1052,-0.6274,-2.1052,-0.6274,-0.6871,At-Risk / Inactive Customers,#EF4444
4470191.76989621,42,1,0.0,149.8,4,1,0,0.0,0,desktop,Direct,1,-2.0349,-1.9829,-2.0349,-1.9829,-0.7981,At-Risk / Inactive Customers,#EF4444
9323763.86602574,81,2,0.0,290.1,11,1,0,0.0,0,desktop,Direct,1,-2.4047,0.1059,-2.4047,0.1059,-0.7598,At-Risk / Inactive Customers,#EF4444
1629179.63674807,79,2,0.0,255.3,9,2,0,0.0,0,desktop,Direct,1,-2.1959,-0.2104,-2.1959,-0.2104,-0.6825,At-Risk / Inactive Customers,#EF4444
4106244.93529947,74,1,0.0,337.0,8,2,0,0.0,0,desktop,Organic Search,1,-2.1622,-0.6166,-2.1622,-0.6166,-0.6846,At-Risk / Inactive Customers,#EF4444
5424778.32385836,45,1,0.0,155.0,3,1,0,0.0,0,desktop,Direct,1,-2.0746,-2.1893,-2.0746,-2.1893,-0.7985,At-Risk / Inactive Customers,#EF4444
7232885.15906778,52,1,0.0,205.3,6,3,0,0.0,0,tablet,Organic Search,1,-1.8226,-1.3427,-1.8226,-1.3427,-0.6448,At-Risk / Inactive Customers,#EF4444
7371918.62248801,66,1,0.0,184.5,5,2,0,0.0,0,mobile,Paid Search,1,-2.0976,-1.6054,-2.0976,-1.6054,-0.7004,At-Risk / Inactive Customers,#EF4444
9408275.51253730,67,3,0.0,827.9,19,3,0,0.0,0,mobile,Paid Search,3,-1.9586,2.0114,-1.9586,2.0114,-0.6016,Potential Loyalists,#3B82F6
9203863.16356343,76,1,0.0,155.3,7,3,0,0.0,0,desktop,Direct,1,-2.0397,-1.4637,-2.0397,-1.4637,-0.6381,At-Risk / Inactive Customers,#EF4444
5214509.85480242,74,1,0.0,171.7,6,1,0,0.0,0,mobile,Organic Search,1,-2.3578,-1.5053,-2.3578,-1.5053,-0.7787,At-Risk / Inactive Customers,#EF4444
8454367.88722558,71,1,0.0,274.1,6,2,0,0.0,0,mobile,Organic Search,1,-2.139,-1.0752,-2.139,-1.0752,-0.6914,At-Risk / Inactive Customers,#EF4444
3009538.54035222,86,1,0.0,342.5,8,3,0,0.0,0,mobile,Referral,1,-2.1103,-0.6062,-2.1103,-0.6062,-0.6227,At-Risk / Inactive Customers,#EF4444
1557380.38732905,64,1,0.0,186.4,5,3,0,0.0,0,mobile,Direct,1,-1.9417,-1.5985,-1.9417,-1.5985,-0.643,At-Risk / Inactive Customers,#EF4444
7189456.16302888,65,5,0.0,703.5,35,3,0,0.0,0,desktop,Display,3,-1.9363,3.0379,-1.9363,3.0379,-0.5946,Potential Loyalists,#3B82F6
7225835.87782718,76,1,0.0,238.5,6,2,0,0.0,0,mobile,Referral,1,-2.1781,-1.2051,-2.1781,-1.2051,-0.6917,At-Risk / Inactive Customers,#EF4444
8267343.95408201,85,5,0.0,717.2,23,1,0,0.0,0,desktop,Referral,3,-2.4243,2.6287,-2.4243,2.6287,-0.7325,Potential Loyalists,#3B82F6
7021522.71326486,50,2,0.0,309.6,12,2,0,0.0,0,desktop,Organic Search,1,-1.9333,0.2529,-1.9333,0.2529,-0.6877,At-Risk / Inactive Customers,#EF4444
1631918.45963307,79,1,0.0,386.1,8,1,0,0.0,0,mobile,Organic Search,1,-2.3946,-0.4868,-2.3946,-0.4868,-0.7629,At-Risk / Inactive Customers,#EF4444
8658525.26659057,59,2,0.0,295.0,11,3,0,0.0,0,desktop,Referral,1,-1.8898,0.1181,-1.8898,0.1181,-0.6273,At-Risk / Inactive Customers,#EF4444
3200741.45785190,44,2,0.0,357.9,8,2,0,0.0,0,mobile,Affiliates,1,-1.8613,-0.0019,-1.8613,-0.0019,-0.693,At-Risk / Inactive Customers,#EF4444
8012934.23251937,76,2,0.0,210.1,12,2,0,0.0,0,mobile,Display,1,-2.1731,-0.1118,-2.1731,-0.1118,-0.6831,At-Risk / Inactive Customers,#EF4444
8170196.94100019,86,2,0.0,219.6,9,1,0,0.0,0,desktop,Organic Search,1,-2.4396,-0.347,-2.4396,-0.347,-0.7643,At-Risk / Inactive Customers,#EF4444
2815285.16116134,67,1,0.0,352.9,7,2,0,0.0,0,desktop,Affiliates,1,-2.1054,-0.6978,-2.1054,-0.6978,-0.6877,At-Risk / Inactive Customers,#EF4444
2413539.12730275,43,3,0.0,234.1,11,2,0,0.0,0,desktop,Direct,1,-1.845,0.3022,-1.845,0.3022,-0.6939,At-Risk / Inactive Customers,#EF4444
7253360.12012496,85,3,0.0,664.5,16,1,0,0.0,0,tablet,Direct,3,-2.4288,1.6383,-2.4288,1.6383,-0.7407,Potential Loyalists,#3B82F6
5001943.60944929,54,4,0.0,829.3,25,3,0,0.0,0,desktop,Referral,3,-1.8326,2.5986,-1.8326,2.5986,-0.602,Potential Loyalists,#3B82F6
9947436.53429087,80,2,0.0,281.9,9,2,0,0.0,0,desktop,Organic Search,1,-2.2031,-0.1185,-2.2031,-0.1185,-0.6808,At-Risk / Inactive Customers,#EF4444
2893368.77787456,78,8,0.0,974.1,35,3,0,0.0,0,desktop,Organic Search,3,-2.0371,3.8914,-2.0371,3.8914,-0.5825,Potential Loyalists,#3B82F6
3821632.94171635,51,2,0.0,484.5,12,1,0,0.0,0,desktop,Referral,1,-2.1394,0.673,-2.1394,0.673,-0.7627,At-Risk / Inactive Customers,#EF4444
2930002.43189337,75,1,0.0,205.6,6,2,0,0.0,0,desktop,Affiliates,1,-2.1706,-1.3426,-2.1706,-1.3426,-0.6941,At-Risk / Inactive Customers,#EF4444
5504780.21639530,62,1,0.0,253.8,6,2,0,0.0,0,desktop,Paid Search,1,-2.0614,-1.145,-2.0614,-1.145,-0.6957,At-Risk / Inactive Customers,#EF4444
1468262.28218528,90,2,0.0,109.1,6,3,0,0.0,0,mobile,Referral,1,-2.1335,-1.3814,-2.1335,-1.3814,-0.6373,At-Risk / Inactive Customers,#EF4444
9338100.31950388,43,1,0.0,252.5,9,2,0,0.0,0,mobile,Direct,1,-1.8518,-0.7664,-1.8518,-0.7664,-0.7003,At-Risk / Inactive Customers,#EF4444
9019133.16725442,71,2,0.0,175.3,6,1,0,0.0,0,mobile,Organic Search,1,-2.3303,-0.9329,-2.3303,-0.9329,-0.7762,At-Risk / Inactive Customers,#EF4444
4282408.31112826,86,3,0.0,378.9,17,3,0,0.0,0,desktop,Organic Search,1,-2.1024,1.1695,-2.1024,1.1695,-0.6078,At-Risk / Inactive Customers,#EF4444
7740783.31313592,65,1,0.0,210.1,6,1,0,0.0,0,mobile,Organic Search,1,-2.2834,-1.3168,-2.2834,-1.3168,-0.779,At-Risk / Inactive Customers,#EF4444
3760586.39927916,91,2,0.0,140.1,6,3,0,0.0,0,desktop,Direct,1,-2.1398,-1.1503,-2.1398,-1.1503,-0.6336,At-Risk / Inactive Customers,#EF4444
2570780.46965858,56,2,0.0,350.0,9,2,0,0.0,0,mobile,Organic Search,1,-1.9986,0.0866,-1.9986,0.0866,-0.6863,At-Risk / Inactive Customers,#EF4444
1819935.60240097,42,1,0.0,239.7,6,1,0,0.0,0,desktop,Paid Search,1,-2.0341,-1.1895,-2.0341,-1.1895,-0.7876,At-Risk / Inactive Customers,#EF4444
5722329.51464936,62,1,0.0,150.5,5,3,0,0.0,0,mobile,Referral,1,-1.9236,-1.7963,-1.9236,-1.7963,-0.6467,At-Risk / Inactive Customers,#EF4444
1655667.73415706,68,1,0.0,224.2,6,1,0,0.0,0,mobile,Organic Search,1,-2.3092,-1.257,-2.3092,-1.257,-0.777,At-Risk / Inactive Customers,#EF4444
8471277.46754342,83,1,0.0,208.7,5,1,0,0.0,0,desktop,Organic Search,1,-2.424,-1.4897,-2.424,-1.4897,-0.775,At-Risk / Inactive Customers,#EF4444
8050155.42242288,55,1,0.0,188.8,3,1,0,0.0,0,desktop,Organic Search,1,-2.189,-2.0089,-2.189,-2.0089,-0.791,At-Risk / Inactive Customers,#EF4444
9564110.73288212,43,2,0.0,251.9,7,3,0,0.0,0,desktop,Organic Search,1,-1.7103,-0.456,-1.7103,-0.456,-0.6418,At-Risk / Inactive Customers,#EF4444
9493119.62199710,46,12,0.0,571.0,31,3,0,0.0,0,desktop,Display,3,-1.7344,3.4189,-1.7344,3.4189,-0.6032,Potential Loyalists,#3B82F6
4706998.99335487,85,1,0.0,258.6,5,1,0,0.0,0,mobile,Organic Search,1,-2.4376,-1.291,-2.4376,-1.291,-0.7714,At-Risk / Inactive Customers,#EF4444
8268897.32838572,75,4,0.0,948.7,23,1,0,0.0,0,desktop,Paid Search,3,-2.354,2.6419,-2.354,2.6419,-0.733,Potential Loyalists,#3B82F6
6764172.80077683,45,1,0.0,178.0,6,1,0,0.0,0,mobile,Referral,1,-2.0734,-1.4662,-2.0734,-1.4662,-0.7901,At-Risk / Inactive Customers,#EF4444
2816751.15899940,72,1,0.0,321.7,7,1,0,0.0,0,desktop,Paid Search,1,-2.3416,-0.7805,-2.3416,-0.7805,-0.769,At-Risk / Inactive Customers,#EF4444
5693486.77027211,78,2,0.0,530.1,13,2,0,0.0,0,mobile,Organic Search,1,-2.1876,0.8264,-2.1876,0.8264,-0.6686,At-Risk / Inactive Customers,#EF4444
3349078.66911630,71,1,0.0,160.6,5,3,0,0.0,0,desktop,Direct,1,-2.0012,-1.7377,-2.0012,-1.7377,-0.6426,At-Risk / Inactive Customers,#EF4444
2273486.47033571,44,2,0.0,459.4,13,2,0,0.0,0,desktop,Referral,1,-1.8603,0.6999,-1.8603,0.6999,-0.6843,At-Risk / Inactive Customers,#EF4444
7831908.16318631,54,1,0.0,199.4,5,3,0,0.0,0,desktop,Referral,1,-1.8445,-1.534,-1.8445,-1.534,-0.6461,At-Risk / Inactive Customers,#EF4444
6679059.47102202,90,2,0.0,381.2,9,2,0,0.0,0,desktop,Direct,1,-2.2707,0.1604,-2.2707,0.1604,-0.6737,At-Risk / Inactive Customers,#EF4444
4121804.32078747,74,1,0.0,315.5,6,1,0,0.0,0,mobile,Organic Search,1,-2.3576,-0.9409,-2.3576,-0.9409,-0.7702,At-Risk / Inactive Customers,#EF4444
6488418.75255195,50,1,0.0,142.5,7,3,0,0.0,0,mobile,Referral,1,-1.8,-1.5385,-1.8,-1.5385,-0.6493,At-Risk / Inactive Customers,#EF4444
2957139.74037517,83,1,0.0,258.4,6,3,0,0.0,0,tablet,Affiliates,1,-2.0905,-1.1346,-2.0905,-1.1346,-0.6304,At-Risk / Inactive Customers,#EF4444
5791074.80458212,53,3,0.0,594.8,18,2,0,0.0,0,mobile,Organic Search,3,-1.963,1.6548,-1.963,1.6548,-0.6705,Potential Loyalists,#3B82F6
4123277.88867557,87,2,0.0,450.5,10,1,0,0.0,0,desktop,Organic Search,1,-2.4458,0.4216,-2.4458,0.4216,-0.7529,At-Risk / Inactive Customers,#EF4444
1818224.30049534,83,3,0.0,210.4,10,2,0,0.0,0,desktop,Direct,1,-2.2214,0.1031,-2.2214,0.1031,-0.6806,At-Risk / Inactive Customers,#EF4444
8630016.96582309,75,6,0.0,944.6,40,1,0,0.0,0,desktop,Referral,3,-2.3497,3.6659,-2.3497,3.6659,-0.7242,Potential Loyalists,#3B82F6
9458967.87532923,91,3,0.0,829.2,19,1,0,0.0,0,tablet,Referral,3,-2.4676,2.0164,-2.4676,2.0164,-0.7341,Potential Loyalists,#3B82F6
4364387.72560144,87,2,0.0,394.0,11,3,0,0.0,0,mobile,Email,1,-2.1125,0.3824,-2.1125,0.3824,-0.6139,At-Risk / Inactive Customers,#EF4444
3522974.90610237,89,1,0.0,169.7,4,3,0,0.0,0,mobile,Organic Search,1,-2.1314,-1.8831,-2.1314,-1.8831,-0.6385,At-Risk / Inactive Customers,#EF4444
1792165.25007332,68,3,0.0,376.7,20,2,0,0.0,0,desktop,Affiliates,1,-2.1055,1.3336,-2.1055,1.3336,-0.6697,At-Risk / Inactive Customers,#EF4444
5414523.88037596,72,3,0.0,801.5,23,1,0,0.0,0,mobile,Paid Search,3,-2.3326,2.1813,-2.3326,2.1813,-0.738,Potential Loyalists,#3B82F6
7739508.17738212,71,5,0.0,421.0,18,1,0,0.0,0,desktop,Paid Search,3,-2.3216,1.8869,-2.3216,1.8869,-0.747,Potential Loyalists,#3B82F6
3369210.54347096,81,1,0.0,201.2,6,2,0,0.0,0,desktop,Direct,1,-2.2148,-1.3636,-2.2148,-1.3636,-0.6925,At-Risk / Inactive Customers,#EF4444
9750332.11725977,77,4,0.0,487.7,17,1,0,0.0,0,desktop,Organic Search,3,-2.3699,1.7167,-2.3699,1.7167,-0.745,Potential Loyalists,#3B82F6
6640194.47519481,86,4,0.0,649.6,20,1,0,0.0,0,desktop,Direct,3,-2.433,2.1459,-2.433,2.1459,-0.7365,Potential Loyalists,#3B82F6
9365751.23359405,63,2,0.0,190.9,8,3,0,0.0,0,desktop,Organic Search,1,-1.9281,-0.5924,-1.9281,-0.5924,-0.6352,At-Risk / Inactive Customers,#EF4444
9291020.76633906,86,1,0.0,317.5,8,3,0,0.0,0,desktop,Direct,1,-2.1103,-0.6766,-2.1103,-0.6766,-0.6237,At-Risk / Inactive Customers,#EF4444
6943226.47507162,47,3,0.0,574.2,23,2,0,0.0,0,desktop,Organic Search,3,-1.8939,1.8718,-1.8939,1.8718,-0.6711,Potential Loyalists,#3B82F6
3064464.51184436,82,1,0.0,220.4,6,3,0,0.0,0,desktop,Organic Search,1,-2.0835,-1.2821,-2.0835,-1.2821,-0.6329,At-Risk / Inactive Customers,#EF4444
6794119.72501754,91,1,0.0,417.5,9,2,0,0.0,0,mobile,Organic Search,1,-2.2808,-0.3079,-2.2808,-0.3079,-0.6754,At-Risk / Inactive Customers,#EF4444
4038247.29367943,41,3,0.0,291.2,11,2,0,0.0,0,mobile,Direct,1,-1.8179,0.5053,-1.8179,0.5053,-0.692,At-Risk / Inactive Customers,#EF4444
5552203.79201368,81,1,0.0,122.5,5,2,0,0.0,0,desktop,Referral,1,-2.2152,-1.9868,-2.2152,-1.9868,-0.7012,At-Risk / Inactive Customers,#EF4444
4525910.10276058,90,2,0.0,475.1,15,2,0,0.0,0,mobile,Direct,1,-2.2696,0.8648,-2.2696,0.8648,-0.6652,At-Risk / Inactive Customers,#EF4444
1142491.24111049,76,6,0.0,828.1,29,3,0,0.0,0,mobile,Referral,3,-2.0249,3.2041,-2.0249,3.2041,-0.5895,Potential Loyalists,#3B82F6
4550561.61283621,77,3,0.0,496.5,14,3,0,0.0,0,desktop,Direct,1,-2.0392,1.2282,-2.0392,1.2282,-0.6088,At-Risk / Inactive Customers,#EF4444
1631934.37874974,47,1,0.0,109.6,6,1,0,0.0,0,mobile,Organic Search,1,-2.0983,-1.9154,-2.0983,-1.9154,-0.7958,At-Risk / Inactive Customers,#EF4444
9354643.47674753,64,2,0.0,244.1,9,2,0,0.0,0,desktop,Direct,1,-2.0751,-0.2496,-2.0751,-0.2496,-0.6882,At-Risk / Inactive Customers,#EF4444
3443715.37879892,60,1,0.0,263.0,7,3,0,0.0,0,mobile,Organic Search,1,-1.904,-0.9726,-1.904,-0.9726,-0.6364,At-Risk / Inactive Customers,#EF4444
1254181.40155915,80,1,0.0,175.4,6,3,0,0.0,0,desktop,Organic Search,1,-2.0694,-1.4935,-2.0694,-1.4935,-0.6367,At-Risk / Inactive Customers,#EF4444
4779669.13718259,43,1,0.0,284.7,6,2,0,0.0,0,desktop,Referral,1,-1.8525,-1.0342,-1.8525,-1.0342,-0.7028,At-Risk / Inactive Customers,#EF4444
7508666.11690514,89,1,0.0,262.6,8,1,0,0.0,0,desktop,Direct,1,-2.4632,-0.8463,-2.4632,-0.8463,-0.7654,At-Risk / Inactive Customers,#EF4444
9576245.45323313,56,1,0.0,311.4,7,1,0,0.0,0,desktop,Organic Search,1,-2.1977,-0.8079,-2.1977,-0.8079,-0.7755,At-Risk / Inactive Customers,#EF4444
4659992.30760665,49,2,0.0,541.2,13,3,0,0.0,0,desktop,Referral,1,-1.7832,0.8481,-1.7832,0.8481,-0.6215,At-Risk / Inactive Customers,#EF4444
4298795.29563754,63,4,0.0,662.7,22,1,0,0.0,0,desktop,Direct,3,-2.2542,2.2648,-2.2542,2.2648,-0.7427,Potential Loyalists,#3B82F6
1752878.17318988,46,2,0.0,143.2,8,1,0,0.0,0,desktop,Email,1,-2.0817,-0.848,-2.0817,-0.848,-0.7865,At-Risk / Inactive Customers,#EF4444
9930711.18642112,83,2,0.0,355.0,15,3,0,0.0,0,tablet,Organic Search,1,-2.0849,0.5919,-2.0849,0.5919,-0.6132,At-Risk / Inactive Customers,#EF4444
1367121.73569497,71,8,0.0,1224.2,37,2,0,0.0,0,desktop,Organic Search,3,-2.1212,4.1657,-2.1212,4.1657,-0.639,Potential Loyalists,#3B82F6
1333798.79758020,66,1,0.0,110.3,3,3,0,0.0,0,desktop,Direct,1,-1.9603,-2.5154,-1.9603,-2.5154,-0.6543,At-Risk / Inactive Customers,#EF4444
1134160.78932409,60,2,0.0,185.8,7,2,0,0.0,0,desktop,Organic Search,1,-2.0387,-0.7392,-2.0387,-0.7392,-0.6961,At-Risk / Inactive Customers,#EF4444
7161298.89579948,69,2,0.0,602.0,13,1,0,0.0,0,desktop,Direct,1,-2.3121,0.9502,-2.3121,0.9502,-0.7516,At-Risk / Inactive Customers,#EF4444
3409857.83022409,45,6,0.0,529.2,25,2,0,0.0,0,desktop,Display,3,-1.8639,2.6444,-1.8639,2.6444,-0.668,Potential Loyalists,#3B82F6
8637224.80691057,81,3,0.0,516.3,12,1,0,0.0,0,desktop,Direct,1,-2.4017,1.119,-2.4017,1.119,-0.7485,At-Risk / Inactive Customers,#EF4444
7773667.80879035,50,2,0.0,224.7,8,2,0,0.0,0,desktop,Organic Search,1,-1.9342,-0.4356,-1.9342,-0.4356,-0.6964,At-Risk / Inactive Customers,#EF4444
8156788.41151767,42,1,0.0,152.9,4,3,0,0.0,0,desktop,Referral,1,-1.7018,-1.971,-1.7018,-1.971,-0.6579,At-Risk / Inactive Customers,#EF4444
2486997.39891526,84,2,0.0,550.8,15,3,0,0.0,0,mobile,Direct,1,-2.0916,1.0002,-2.0916,1.0002,-0.6067,At-Risk / Inactive Customers,#EF4444
7144795.42799215,91,1,0.0,303.7,8,1,0,0.0,0,desktop,Organic Search,1,-2.4759,-0.7115,-2.4759,-0.7115,-0.7628,At-Risk / Inactive Customers,#EF4444
9706902.80201121,44,2,0.0,266.3,7,2,0,0.0,0,mobile,Direct,1,-1.8616,-0.4017,-1.8616,-0.4017,-0.6985,At-Risk / Inactive Customers,#EF4444
8543923.46930117,66,1,0.0,277.4,5,2,0,0.0,0,desktop,Referral,1,-2.0975,-1.2271,-2.0975,-1.2271,-0.6947,At-Risk / Inactive Customers,#EF4444
2829053.97999739,91,1,0.0,342.5,10,3,0,0.0,0,desktop,Direct,1,-2.1423,-0.3935,-2.1423,-0.3935,-0.619,At-Risk / Inactive Customers,#EF4444
1524907.83774634,58,3,0.0,713.0,24,2,0,0.0,0,desktop,Organic Search,3,-2.0138,2.1142,-2.0138,2.1142,-0.6626,Potential Loyalists,#3B82F6
5505771.69257225,52,1,0.0,66.9,3,1,0,0.0,0,mobile,Direct,1,-2.1572,-2.9661,-2.1572,-2.9661,-0.8068,At-Risk / Inactive Customers,#EF4444
2931384.10523642,61,1,0.0,128.8,6,1,0,0.0,0,mobile,Organic Search,1,-2.2471,-1.7692,-2.2471,-1.7692,-0.7873,At-Risk / Inactive Customers,#EF4444
1168316.51823290,80,1,0.0,202.9,9,3,0,0.0,0,desktop,Organic Search,1,-2.0686,-0.9794,-2.0686,-0.9794,-0.6305,At-Risk / Inactive Customers,#EF4444
2542230.68199340,77,2,0.0,297.3,6,2,0,0.0,0,mobile,Direct,1,-2.1819,-0.4479,-2.1819,-0.4479,-0.6851,At-Risk / Inactive Customers,#EF4444
4391908.16580174,79,1,0.0,275.4,8,2,0,0.0,0,desktop,Organic Search,1,-2.1998,-0.8048,-2.1998,-0.8048,-0.6858,At-Risk / Inactive Customers,#EF4444
7014246.97199395,77,1,0.0,199.2,7,2,0,0.0,0,desktop,Direct,1,-2.1854,-1.2303,-2.1854,-1.2303,-0.6923,At-Risk / Inactive Customers,#EF4444
2480430.75409631,52,2,0.0,236.8,8,3,0,0.0,0,desktop,Direct,1,-1.8183,-0.3903,-1.8183,-0.3903,-0.6367,At-Risk / Inactive Customers,#EF4444
2958703.95650262,76,1,0.0,192.6,6,2,0,0.0,0,desktop,Direct,1,-2.1782,-1.4033,-2.1782,-1.4033,-0.6947,At-Risk / Inactive Customers,#EF4444
2680149.18482778,81,3,0.0,768.9,17,2,0,0.0,0,desktop,Organic Search,3,-2.206,1.8313,-2.206,1.8313,-0.6574,Potential Loyalists,#3B82F6
8165689.12697446,63,1,0.0,227.0,7,3,0,0.0,0,desktop,Organic Search,1,-1.932,-1.1097,-1.932,-1.1097,-0.6373,At-Risk / Inactive Customers,#EF4444
2865057.32446704,66,1,0.0,309.5,6,3,0,0.0,0,mobile,Direct,1,-1.9589,-0.9644,-1.9589,-0.9644,-0.6334,At-Risk / Inactive Customers,#EF4444
2041373.37416599,84,3,0.0,430.4,11,2,0,0.0,0,desktop,Paid Search,1,-2.228,0.8601,-2.228,0.8601,-0.6693,At-Risk / Inactive Customers,#EF4444
8595841.87897249,57,1,0.0,226.9,6,1,0,0.0,0,desktop,Organic Search,1,-2.2082,-1.2439,-2.2082,-1.2439,-0.7811,At-Risk / Inactive Customers,#EF4444
7341980.55312338,90,1,0.0,266.2,10,3,0,0.0,0,mobile,Paid Search,1,-2.136,-0.6275,-2.136,-0.6275,-0.6228,At-Risk / Inactive Customers,#EF4444
2242031.16880289,87,1,0.0,356.3,9,3,0,0.0,0,desktop,Organic Search,1,-2.1167,-0.4576,-2.1167,-0.4576,-0.6206,At-Risk / Inactive Customers,#EF4444
3653244.60215854,55,4,0.0,520.2,23,2,0,0.0,0,desktop,Direct,3,-1.9816,2.0823,-1.9816,2.0823,-0.667,Potential Loyalists,#3B82F6
9498684.12374044,59,4,0.0,835.5,20,1,0,0.0,0,desktop,Organic Search,3,-2.2168,2.3845,-2.2168,2.3845,-0.7421,Potential Loyalists,#3B82F6
2812135.70097834,63,3,0.0,259.9,12,1,0,0.0,0,desktop,Organic Search,1,-2.2577,0.484,-2.2577,0.484,-0.7641,At-Risk / Inactive Customers,#EF4444
8261967.11300862,65,1,0.0,201.6,8,2,0,0.0,0,desktop,Organic Search,1,-2.0879,-1.092,-2.0879,-1.092,-0.6948,At-Risk / Inactive Customers,#EF4444
5443858.92487927,62,3,0.0,305.6,11,1,0,0.0,0,desktop,Organic Search,1,-2.2487,0.5495,-2.2487,0.5495,-0.7632,At-Risk / Inactive Customers,#EF4444
8014733.98778531,52,1,0.0,124.0,3,1,0,0.0,0,mobile,Display,1,-2.1571,-2.3974,-2.1571,-2.3974,-0.7982,At-Risk / Inactive Customers,#EF4444
3834527.87933185,88,12,0.0,2732.0,74,2,0,0.0,0,desktop,Organic Search,3,-2.2433,4.4589,-2.2433,4.4589,-0.6312,Potential Loyalists,#3B82F6
4581971.20439159,89,2,0.0,291.3,7,2,0,0.0,0,desktop,Organic Search,1,-2.2648,-0.3265,-2.2648,-0.3265,-0.6804,At-Risk / Inactive Customers,#EF4444
2126776.72652210,43,1,0.0,177.0,8,1,0,0.0,0,desktop,Paid Search,1,-2.047,-1.2037,-2.047,-1.2037,-0.7883,At-Risk / Inactive Customers,#EF4444
7197494.68453011,86,5,0.0,492.6,16,1,0,0.0,0,mobile,Direct,3,-2.4319,1.9125,-2.4319,1.9125,-0.7414,Potential Loyalists,#3B82F6
9640034.16046085,46,3,0.0,1013.6,23,2,0,0.0,0,mobile,Organic Search,3,-1.8815,2.4008,-1.8815,2.4008,-0.6637,Potential Loyalists,#3B82F6
4235055.26753535,90,1,0.0,436.2,9,3,0,0.0,0,mobile,Direct,1,-2.1361,-0.27,-2.1361,-0.27,-0.617,At-Risk / Inactive Customers,#EF4444
4433950.90581459,51,1,0.0,419.1,9,2,0,0.0,0,desktop,Direct,1,-1.9488,-0.2977,-1.9488,-0.2977,-0.6892,At-Risk / Inactive Customers,#EF4444
7679024.40274756,67,2,0.0,344.2,10,1,0,0.0,0,desktop,Direct,1,-2.2959,0.1744,-2.2959,0.1744,-0.7629,At-Risk / Inactive Customers,#EF4444
7026359.77211124,89,2,0.0,688.9,17,3,0,0.0,0,desktop,Organic Search,1,-2.1246,1.3329,-2.1246,1.3329,-0.6008,At-Risk / Inactive Customers,#EF4444
7929791.92879340,63,1,0.0,145.1,6,2,0,0.0,0,desktop,Paid Search,1,-2.0707,-1.6635,-2.0707,-1.6635,-0.7031,At-Risk / Inactive Customers,#EF4444
2411682.57756759,58,1,0.0,100.4,3,2,0,0.0,0,desktop,Referral,1,-2.0247,-2.5978,-2.0247,-2.5978,-0.7167,At-Risk / Inactive Customers,#EF4444
8472814.59746014,72,1,0.0,173.2,7,2,0,0.0,0,mobile,Organic Search,1,-2.1469,-1.3591,-2.1469,-1.3591,-0.6959,At-Risk / Inactive Customers,#EF4444
9214597.86332723,54,3,0.0,329.2,20,1,0,0.0,0,desktop,Paid Search,1,-2.1684,1.2152,-2.1684,1.2152,-0.7589,At-Risk / Inactive Customers,#EF4444
7110144.98351115,84,2,0.0,208.9,9,2,0,0.0,0,desktop,Organic Search,1,-2.2312,-0.3972,-2.2312,-0.3972,-0.6838,At-Risk / Inactive Customers,#EF4444
1321867.89504859,79,1,0.0,276.2,8,2,0,0.0,0,desktop,Direct,1,-2.1998,-0.8021,-2.1998,-0.8021,-0.6858,At-Risk / Inactive Customers,#EF4444
6131335.86005343,63,2,0.0,506.8,15,2,0,0.0,0,desktop,Organic Search,1,-2.0648,0.929,-2.0648,0.929,-0.6728,At-Risk / Inactive Customers,#EF4444
5196568.10813702,54,2,0.0,324.5,12,1,0,0.0,0,tablet,Organic Search,1,-2.1721,0.2998,-2.1721,0.2998,-0.767,At-Risk / Inactive Customers,#EF4444
9454119.69882748,91,3,0.0,379.0,13,2,0,0.0,0,mobile,Referral,1,-2.2737,0.9048,-2.2737,0.9048,-0.6674,At-Risk / Inactive Customers,#EF4444
5950112.49731223,53,1,0.0,258.6,7,1,0,0.0,0,desktop,Direct,1,-2.1663,-0.9797,-2.1663,-0.9797,-0.7794,At-Risk / Inactive Customers,#EF4444
5197254.29951207,84,1,0.0,241.8,5,2,0,0.0,0,mobile,Organic Search,1,-2.236,-1.3574,-2.236,-1.3574,-0.6909,At-Risk / Inactive Customers,#EF4444
5259430.88145897,51,2,0.0,379.7,10,2,0,0.0,0,mobile,Display,1,-1.9449,0.2647,-1.9449,0.2647,-0.6863,At-Risk / Inactive Customers,#EF4444
3455522.29213216,48,1,0.0,276.3,8,2,0,0.0,0,mobile,Direct,1,-1.9146,-0.796,-1.9146,-0.796,-0.6977,At-Risk / Inactive Customers,#EF4444
9672339.88078363,73,3,0.0,548.3,18,3,0,0.0,0,desktop,Direct,3,-2.008,1.5725,-2.008,1.5725,-0.6059,Potential Loyalists,#3B82F6
6935754.64000947,66,12,0.0,1587.8,73,3,0,0.0,0,tablet,Organic Search,3,-1.9398,4.4593,-1.9398,4.4593,-0.5801,Potential Loyalists,#3B82F6
7365513.33171069,88,1,0.0,201.3,8,3,0,0.0,0,desktop,Paid Search,1,-2.1236,-1.0998,-2.1236,-1.0998,-0.6296,At-Risk / Inactive Customers,#EF4444
6637866.48558955,58,2,0.0,203.6,12,2,0,0.0,0,tablet,Referral,1,-2.0182,-0.1378,-2.0182,-0.1378,-0.69,At-Risk / Inactive Customers,#EF4444
2524928.21212794,86,1,0.0,295.5,8,2,0,0.0,0,desktop,Referral,1,-2.2486,-0.7404,-2.2486,-0.7404,-0.6828,At-Risk / Inactive Customers,#EF4444
7185749.57484692,49,4,0.0,493.5,23,1,0,0.0,0,desktop,Direct,3,-2.1105,2.0388,-2.1105,2.0388,-0.7523,Potential Loyalists,#3B82F6
2843343.18471611,80,2,0.0,651.6,15,3,0,0.0,0,mobile,Direct,1,-2.0636,1.1571,-2.0636,1.1571,-0.6056,At-Risk / Inactive Customers,#EF4444
2238512.59770425,53,1,0.0,381.5,10,1,0,0.0,0,mobile,Direct,1,-2.1655,-0.28,-2.1655,-0.28,-0.7703,At-Risk / Inactive Customers,#EF4444
4990683.94757499,78,1,0.0,263.6,6,3,0,0.0,0,mobile,Direct,1,-2.0548,-1.1154,-2.0548,-1.1154,-0.6316,At-Risk / Inactive Customers,#EF4444
5606484.95566960,48,3,0.0,457.0,11,3,0,0.0,0,mobile,Display,1,-1.7692,0.9194,-1.7692,0.9194,-0.6239,At-Risk / Inactive Customers,#EF4444
5880653.60756151,69,2,0.0,332.7,14,1,0,0.0,0,desktop,Paid Search,1,-2.3121,0.4723,-2.3121,0.4723,-0.7591,At-Risk / Inactive Customers,#EF4444
9437829.14598875,56,4,0.0,975.8,26,1,0,0.0,0,desktop,Organic Search,3,-2.1863,2.7968,-2.1863,2.7968,-0.7382,Potential Loyalists,#3B82F6
4143688.25154593,83,1,0.0,168.9,5,2,0,0.0,0,mobile,Paid Search,1,-2.2292,-1.6899,-2.2292,-1.6899,-0.6962,At-Risk / Inactive Customers,#EF4444
7512417.61606068,54,1,0.0,183.2,4,3,0,0.0,0,desktop,Paid Search,1,-1.8449,-1.8064,-1.8449,-1.8064,-0.6494,At-Risk / Inactive Customers,#EF4444
3820033.48096371,70,3,0.0,433.8,11,1,0,0.0,0,desktop,Paid Search,1,-2.3181,0.8737,-2.3181,0.8737,-0.7554,At-Risk / Inactive Customers,#EF4444
8073511.40084706,75,3,0.0,834.6,21,3,0,0.0,0,mobile,Organic Search,3,-2.0231,2.1189,-2.0231,2.1189,-0.5977,Potential Loyalists,#3B82F6
6748807.71897728,57,3,0.0,444.1,21,3,0,0.0,0,mobile,Paid Search,3,-1.866,1.5352,-1.866,1.5352,-0.6131,Potential Loyalists,#3B82F6
4946250.76402962,52,3,0.0,295.3,7,1,0,0.0,0,desktop,Organic Search,1,-2.149,0.0887,-2.149,0.0887,-0.7726,At-Risk / Inactive Customers,#EF4444
4681962.72974121,55,1,0.0,271.3,7,3,0,0.0,0,mobile,Direct,1,-1.8543,-0.9427,-1.8543,-0.9427,-0.638,At-Risk / Inactive Customers,#EF4444
5088660.48421032,71,1,0.0,165.4,5,1,0,0.0,0,desktop,Direct,1,-2.3344,-1.7034,-2.3344,-1.7034,-0.782,At-Risk / Inactive Customers,#EF4444
6069332.28489778,44,1,0.0,275.8,7,1,0,0.0,0,mobile,Organic Search,1,-2.0602,-0.9178,-2.0602,-0.9178,-0.783,At-Risk / Inactive Customers,#EF4444
8463776.90473560,67,1,0.0,367.7,8,2,0,0.0,0,desktop,Referral,1,-2.1052,-0.5344,-2.1052,-0.5344,-0.6857,At-Risk / Inactive Customers,#EF4444
3002419.36232569,56,2,0.0,602.9,13,2,0,0.0,0,desktop,Organic Search,1,-1.9977,0.9499,-1.9977,0.9499,-0.6748,At-Risk / Inactive Customers,#EF4444
3801834.86320724,90,1,0.0,155.9,4,2,0,0.0,0,mobile,Organic Search,1,-2.2762,-1.9588,-2.2762,-1.9588,-0.6975,At-Risk / Inactive Customers,#EF4444
7584052.56840900,67,3,0.0,514.3,14,3,0,0.0,0,desktop,Direct,1,-1.9594,1.2626,-1.9594,1.2626,-0.6116,At-Risk / Inactive Customers,#EF4444
4533807.83323811,54,1,0.0,229.0,7,3,0,0.0,0,desktop,Organic Search,1,-1.8438,-1.0998,-1.8438,-1.0998,-0.6408,At-Risk / Inactive Customers,#EF4444
6756954.12579497,91,1,0.0,136.0,3,2,0,0.0,0,mobile,Direct,1,-2.283,-2.3226,-2.283,-2.3226,-0.7017,At-Risk / Inactive Customers,#EF4444
9858091.22423630,80,2,0.0,399.3,11,3,0,0.0,0,mobile,Organic Search,1,-2.0643,0.3958,-2.0643,0.3958,-0.6158,At-Risk / Inactive Customers,#EF4444
5656770.74507304,64,5,0.0,1318.9,34,3,0,0.0,0,mobile,Display,3,-1.9273,3.5444,-1.9273,3.5444,-0.5872,Potential Loyalists,#3B82F6
8694777.20626301,58,3,0.0,604.6,15,3,0,0.0,0,desktop,Referral,3,-1.8766,1.4833,-1.8766,1.4833,-0.6121,Potential Loyalists,#3B82F6
1190329.85045922,66,1,0.0,175.5,6,2,0,0.0,0,desktop,Direct,1,-2.0973,-1.4879,-2.0973,-1.4879,-0.6993,At-Risk / Inactive Customers,#EF4444
6869182.18274394,82,1,0.0,231.8,6,1,0,0.0,0,mobile,Organic Search,1,-2.4167,-1.2283,-2.4167,-1.2283,-0.772,At-Risk / Inactive Customers,#EF4444
6861838.83042462,65,2,0.0,440.0,14,1,0,0.0,0,desktop,Organic Search,1,-2.2778,0.7327,-2.2778,0.7327,-0.7566,At-Risk / Inactive Customers,#EF4444
5822899.52018371,40,2,0.0,388.5,14,2,0,0.0,0,mobile,Organic Search,1,-1.806,0.6185,-1.806,0.6185,-0.6882,At-Risk / Inactive Customers,#EF4444
1733589.40851044,81,2,0.0,276.4,8,3,0,0.0,0,desktop,Affiliates,1,-2.0722,-0.2519,-2.0722,-0.2519,-0.624,At-Risk / Inactive Customers,#EF4444
3233292.34958273,63,1,0.0,218.2,10,1,0,0.0,0,mobile,Paid Search,1,-2.2645,-0.8008,-2.2645,-0.8008,-0.7739,At-Risk / Inactive Customers,#EF4444
6370025.22688280,49,1,0.0,263.3,9,1,0,0.0,0,desktop,Organic Search,1,-2.121,-0.7249,-2.121,-0.7249,-0.7784,At-Risk / Inactive Customers,#EF4444
1311060.85235379,48,1,0.0,247.6,8,2,0,0.0,0,tablet,Direct,1,-1.9146,-0.8979,-1.9146,-0.8979,-0.6992,At-Risk / Inactive Customers,#EF4444
5627723.75766888,46,4,0.0,991.6,26,1,0,0.0,0,desktop,Display,3,-2.0741,2.814,-2.0741,2.814,-0.7427,Potential Loyalists,#3B82F6
5995437.37580300,66,3,0.0,651.0,18,1,0,0.0,0,mobile,Organic Search,3,-2.2833,1.7404,-2.2833,1.7404,-0.7458,Potential Loyalists,#3B82F6
9896191.75907339,40,1,0.0,89.9,3,2,0,0.0,0,desktop,Paid Search,1,-1.8129,-2.6954,-1.8129,-2.6954,-0.7271,At-Risk / Inactive Customers,#EF4444
9745968.47594530,51,2,0.0,416.5,10,1,0,0.0,0,mobile,Organic Search,1,-2.1398,0.3548,-2.1398,0.3548,-0.7668,At-Risk / Inactive Customers,#EF4444
6242260.11937520,61,3,0.0,415.1,11,1,0,0.0,0,desktop,Organic Search,1,-2.2393,0.8343,-2.2393,0.8343,-0.7593,At-Risk / Inactive Customers,#EF4444
9188812.42506314,47,2,0.0,215.1,6,1,0,0.0,0,mobile,Direct,1,-2.0944,-0.7384,-2.0944,-0.7384,-0.7833,At-Risk / Inactive Customers,#EF4444
6535349.11355863,82,2,0.0,615.9,14,1,0,0.0,0,desktop,Organic Search,1,-2.411,1.0428,-2.411,1.0428,-0.7463,At-Risk / Inactive Customers,#EF4444
6126105.66383877,86,3,0.0,183.3,7,2,0,0.0,0,desktop,Organic Search,1,-2.2426,-0.3637,-2.2426,-0.3637,-0.6854,At-Risk / Inactive Customers,#EF4444
4487114.42071705,57,2,0.0,240.2,11,3,0,0.0,0,desktop,Paid Search,1,-1.8701,-0.0723,-1.8701,-0.0723,-0.631,At-Risk / Inactive Customers,#EF4444
7966609.91445552,77,1,0.0,204.2,6,3,0,0.0,0,desktop,Direct,1,-2.0474,-1.3522,-2.0474,-1.3522,-0.6355,At-Risk / Inactive Customers,#EF4444
2449185.93854948,65,2,0.0,592.8,13,3,0,0.0,0,mobile,Organic Search,1,-1.9447,0.9295,-1.9447,0.9295,-0.6134,At-Risk / Inactive Customers,#EF4444
2667340.56911195,66,1,0.0,166.4,4,3,0,0.0,0,mobile,Organic Search,1,-1.9598,-1.8978,-1.9598,-1.8978,-0.646,At-Risk / Inactive Customers,#EF4444
6870502.87156024,44,3,0.0,404.0,16,3,0,0.0,0,desktop,Organic Search,3,-1.719,1.1761,-1.719,1.1761,-0.6236,Potential Loyalists,#3B82F6
7705476.97449979,47,1,0.0,276.8,6,3,0,0.0,0,mobile,Organic Search,1,-1.7649,-1.0642,-1.7649,-1.0642,-0.6431,At-Risk / Inactive Customers,#EF4444
1764291.85946523,66,1,0.0,399.9,9,2,0,0.0,0,mobile,Organic Search,1,-2.0963,-0.3442,-2.0963,-0.3442,-0.6837,At-Risk / Inactive Customers,#EF4444
9932223.13161800,80,1,0.0,153.6,6,2,0,0.0,0,mobile,Organic Search,1,-2.2077,-1.6135,-2.2077,-1.6135,-0.6966,At-Risk / Inactive Customers,#EF4444
8139848.10202583,42,1,0.0,229.2,5,2,0,0.0,0,tablet,Direct,1,-1.8395,-1.399,-1.8395,-1.399,-0.7082,At-Risk / Inactive Customers,#EF4444
2956575.42580981,83,1,0.0,145.3,4,1,0,0.0,0,desktop,Organic Search,1,-2.4245,-2.019,-2.4245,-2.019,-0.7822,At-Risk / Inactive Customers,#EF4444
7871348.63112268,90,2,0.0,354.5,12,2,0,0.0,0,tablet,Direct,1,-2.2702,0.3719,-2.2702,0.3719,-0.6717,At-Risk / Inactive Customers,#EF4444
2423121.54980557,83,2,0.0,371.8,12,2,0,0.0,0,desktop,Organic Search,1,-2.2236,0.4171,-2.2236,0.4171,-0.673,At-Risk / Inactive Customers,#EF4444
8034391.31683800,86,1,0.0,164.2,5,1,0,0.0,0,desktop,Organic Search,1,-2.4445,-1.7123,-2.4445,-1.7123,-0.7775,At-Risk / Inactive Customers,#EF4444
3640943.88164481,60,1,0.0,258.4,7,1,0,0.0,0,desktop,Paid Search,1,-2.2372,-0.9819,-2.2372,-0.9819,-0.7765,At-Risk / Inactive Customers,#EF4444
2786472.38861709,49,3,0.0,363.0,18,1,0,0.0,0,mobile,Direct,1,-2.1132,1.2007,-2.1132,1.2007,-0.7611,At-Risk / Inactive Customers,#EF4444
4361327.66016064,68,2,0.0,164.6,9,2,0,0.0,0,mobile,Display,1,-2.1099,-0.6157,-2.1099,-0.6157,-0.6922,At-Risk / Inactive Customers,#EF4444
6248807.54908701,83,1,0.0,263.8,6,2,0,0.0,0,tablet,Organic Search,1,-2.2287,-1.1125,-2.2287,-1.1125,-0.6882,At-Risk / Inactive Customers,#EF4444
6283916.74253858,79,1,0.0,124.6,3,1,0,0.0,0,desktop,Direct,1,-2.3966,-2.3978,-2.3966,-2.3978,-0.7881,At-Risk / Inactive Customers,#EF4444
4165897.45506026,51,3,0.0,270.7,14,2,0,0.0,0,mobile,Direct,1,-1.9417,0.6723,-1.9417,0.6723,-0.6852,At-Risk / Inactive Customers,#EF4444
7667938.41585448,55,1,0.0,228.8,6,1,0,0.0,0,mobile,Paid Search,1,-2.1877,-1.2357,-2.1877,-1.2357,-0.7818,At-Risk / Inactive Customers,#EF4444
5294268.22235906,60,1,0.0,181.2,5,3,0,0.0,0,mobile,Organic Search,1,-1.9048,-1.624,-1.9048,-1.624,-0.6449,At-Risk / Inactive Customers,#EF4444
4951947.88793301,80,3,0.0,299.4,11,2,0,0.0,0,desktop,Organic Search,1,-2.2,0.5234,-2.2,0.5234,-0.6756,At-Risk / Inactive Customers,#EF4444
7127326.91382315,88,1,0.0,160.1,6,1,0,0.0,0,mobile,Referral,1,-2.4574,-1.5721,-2.4574,-1.5721,-0.7755,At-Risk / Inactive Customers,#EF4444
7421763.61238701,55,4,0.0,786.2,26,3,0,0.0,0,mobile,Organic Search,3,-1.843,2.5888,-1.843,2.5888,-0.6018,Potential Loyalists,#3B82F6
9774995.93203600,60,1,0.0,299.7,9,3,0,0.0,0,desktop,Organic Search,1,-1.9035,-0.614,-1.9035,-0.614,-0.632,At-Risk / Inactive Customers,#EF4444
1585681.23342702,57,3,0.0,306.7,19,1,0,0.0,0,desktop,Organic Search,1,-2.1995,1.0969,-2.1995,1.0969,-0.7592,At-Risk / Inactive Customers,#EF4444
9659462.61583573,62,1,0.0,198.4,7,2,0,0.0,0,desktop,Direct,1,-2.0611,-1.2315,-2.0611,-1.2315,-0.6976,At-Risk / Inactive Customers,#EF4444
2949311.86309459,41,2,0.0,264.1,11,3,0,0.0,0,desktop,Referral,1,-1.6823,0.0195,-1.6823,0.0195,-0.6375,At-Risk / Inactive Customers,#EF4444
2099347.61701822,74,3,0.0,570.7,18,1,0,0.0,0,desktop,Direct,3,-2.3489,1.6166,-2.3489,1.6166,-0.7449,Potential Loyalists,#3B82F6
6992816.12080624,86,2,0.0,590.9,14,1,0,0.0,0,desktop,Organic Search,1,-2.4384,1.0037,-2.4384,1.0037,-0.7458,At-Risk / Inactive Customers,#EF4444
3179189.77112490,71,2,0.0,126.5,7,2,0,0.0,0,desktop,Referral,1,-2.1352,-1.097,-2.1352,-1.097,-0.6974,At-Risk / Inactive Customers,#EF4444
6849384.14821363,90,1,0.0,87.8,3,3,0,0.0,0,mobile,Referral,1,-2.1385,-2.7294,-2.1385,-2.7294,-0.65,At-Risk / Inactive Customers,#EF4444
5047666.47409442,69,3,0.0,712.4,21,3,0,0.0,0,desktop,Direct,3,-1.9753,1.9725,-1.9753,1.9725,-0.6019,Potential Loyalists,#3B82F6
9754311.65312591,82,1,0.0,368.6,8,2,0,0.0,0,mobile,Referral,1,-2.2211,-0.5345,-2.2211,-0.5345,-0.6808,At-Risk / Inactive Customers,#EF4444
7925130.31645065,77,2,0.0,566.2,13,1,0,0.0,0,mobile,Direct,1,-2.3751,0.8919,-2.3751,0.8919,-0.7498,At-Risk / Inactive Customers,#EF4444
5067625.76672829,71,4,0.0,1201.4,28,2,0,0.0,0,desktop,Direct,3,-2.1272,3.0595,-2.1272,3.0595,-0.647,Potential Loyalists,#3B82F6
7043830.27170502,54,3,0.0,759.0,18,1,0,0.0,0,mobile,Direct,3,-2.1684,1.8855,-2.1684,1.8855,-0.7484,Potential Loyalists,#3B82F6
1415208.10987116,64,2,0.0,437.5,9,3,0,0.0,0,desktop,Paid Search,1,-1.9367,0.2895,-1.9367,0.2895,-0.622,At-Risk / Inactive Customers,#EF4444
5703843.16910417,54,5,0.0,950.8,27,2,0,0.0,0,desktop,Organic Search,3,-1.969,3.0561,-1.969,3.0561,-0.6558,Potential Loyalists,#3B82F6
8368518.47803488,59,1,0.0,335.4,9,1,0,0.0,0,mobile,Organic Search,1,-2.227,-0.5023,-2.227,-0.5023,-0.7706,At-Risk / Inactive Customers,#EF4444
5542859.36187171,49,2,0.0,405.1,14,2,0,0.0,0,desktop,Paid Search,1,-1.9214,0.655,-1.9214,0.655,-0.6827,At-Risk / Inactive Customers,#EF4444
4794407.45614933,42,1,0.0,282.1,7,3,0,0.0,0,desktop,Organic Search,1,-1.7006,-0.9034,-1.7006,-0.9034,-0.6439,At-Risk / Inactive Customers,#EF4444
3309161.97539792,81,2,0.0,420.6,10,2,0,0.0,0,desktop,Organic Search,1,-2.2099,0.3544,-2.2099,0.3544,-0.6738,At-Risk / Inactive Customers,#EF4444
5142070.71537033,78,5,0.0,626.0,24,1,0,0.0,0,mobile,Organic Search,3,-2.3748,2.5466,-2.3748,2.5466,-0.7359,Potential Loyalists,#3B82F6
8020826.71690009,82,3,0.0,526.5,17,2,0,0.0,0,mobile,Organic Search,3,-2.2132,1.4788,-2.2132,1.4788,-0.6624,Potential Loyalists,#3B82F6
7421684.53703411,82,2,0.0,201.4,8,1,0,0.0,0,mobile,Organic Search,1,-2.4124,-0.5387,-2.4124,-0.5387,-0.7679,At-Risk / Inactive Customers,#EF4444
2204750.24912178,55,1,0.0,411.2,10,1,0,0.0,0,mobile,Organic Search,1,-2.1866,-0.2108,-2.1866,-0.2108,-0.7683,At-Risk / Inactive Customers,#EF4444
3945552.51580065,43,1,0.0,209.7,9,1,0,0.0,0,mobile,Paid Search,1,-2.0467,-0.9346,-2.0467,-0.9346,-0.7847,At-Risk / Inactive Customers,#EF4444
4563939.99999186,44,5,0.0,438.4,25,2,0,0.0,0,mobile,Organic Search,3,-1.8526,2.2594,-1.8526,2.2594,-0.6724,Potential Loyalists,#3B82F6
4668365.76985118,75,1,0.0,140.7,3,3,0,0.0,0,mobile,Direct,1,-2.0336,-2.2918,-2.0336,-2.2918,-0.6478,At-Risk / Inactive Customers,#EF4444
9659934.67631991,65,1,0.0,211.3,7,2,0,0.0,0,desktop,Organic Search,1,-2.0882,-1.1736,-2.0882,-1.1736,-0.6956,At-Risk / Inactive Customers,#EF4444
8288365.81623074,75,1,0.0,186.3,7,1,0,0.0,0,mobile,Direct,1,-2.3652,-1.2879,-2.3652,-1.2879,-0.7757,At-Risk / Inactive Customers,#EF4444
3348106.37875699,81,1,0.0,271.8,8,1,0,0.0,0,desktop,Organic Search,1,-2.409,-0.8132,-2.409,-0.8132,-0.7672,At-Risk / Inactive Customers,#EF4444
6776333.13669145,71,1,0.0,173.1,6,1,0,0.0,0,mobile,Organic Search,1,-2.334,-1.4973,-2.334,-1.4973,-0.7796,At-Risk / Inactive Customers,#EF4444
3139915.17737900,82,2,0.0,166.0,7,2,0,0.0,0,desktop,Organic Search,1,-2.2179,-0.8472,-2.2179,-0.8472,-0.6902,At-Risk / Inactive Customers,#EF4444
4981900.72343553,88,2,0.0,275.5,17,3,0,0.0,0,desktop,Organic Search,1,-2.1183,0.481,-2.1183,0.481,-0.6139,At-Risk / Inactive Customers,#EF4444
6320642.76382498,55,3,0.0,334.9,10,1,0,0.0,0,desktop,Referral,1,-2.1803,0.5435,-2.1803,0.5435,-0.7658,At-Risk / Inactive Customers,#EF4444
4704339.17592247,56,1,0.0,281.1,7,2,0,0.0,0,mobile,Referral,1,-2.0028,-0.907,-2.0028,-0.907,-0.6951,At-Risk / Inactive Customers,#EF4444
5441243.89377834,65,5,0.0,1032.9,27,1,0,0.0,0,mobile,Organic Search,3,-2.2699,3.1352,-2.2699,3.1352,-0.732,Potential Loyalists,#3B82F6
5690982.76560593,70,2,0.0,302.9,9,1,0,0.0,0,mobile,Organic Search,1,-2.3213,-0.0461,-2.3213,-0.0461,-0.7648,At-Risk / Inactive Customers,#EF4444
2174259.33552826,57,1,0.0,249.5,6,1,0,0.0,0,desktop,Direct,1,-2.2081,-1.1558,-2.2081,-1.1558,-0.7797,At-Risk / Inactive Customers,#EF4444
3382272.31128519,59,2,0.0,450.6,13,1,0,0.0,0,desktop,Affiliates,1,-2.2225,0.6826,-2.2225,0.6826,-0.7594,At-Risk / Inactive Customers,#EF4444
6160357.92604740,58,1,0.0,242.8,7,1,0,0.0,0,desktop,Organic Search,1,-2.2178,-1.0393,-2.2178,-1.0393,-0.7781,At-Risk / Inactive Customers,#EF4444
6401237.14034026,74,2,0.0,522.0,11,2,0,0.0,0,desktop,Organic Search,1,-2.1577,0.6488,-2.1577,0.6488,-0.6719,At-Risk / Inactive Customers,#EF4444
9426685.20036520,86,2,0.0,383.7,12,3,0,0.0,0,desktop,Organic Search,1,-2.1057,0.443,-2.1057,0.443,-0.6136,At-Risk / Inactive Customers,#EF4444
1310079.16541910,46,4,0.0,397.7,18,3,0,0.0,0,tablet,Referral,3,-1.742,1.5834,-1.742,1.5834,-0.6197,Potential Loyalists,#3B82F6
9296811.69357373,70,1,0.0,378.3,8,2,0,0.0,0,desktop,Organic Search,1,-2.1303,-0.5085,-2.1303,-0.5085,-0.6843,At-Risk / Inactive Customers,#EF4444
2256158.89805315,67,2,0.0,250.0,9,2,0,0.0,0,desktop,Organic Search,1,-2.1013,-0.228,-2.1013,-0.228,-0.6867,At-Risk / Inactive Customers,#EF4444
7596865.91715323,40,1,0.0,253.6,6,1,0,0.0,0,desktop,Display,1,-2.0063,-1.1366,-2.0063,-1.1366,-0.788,At-Risk / Inactive Customers,#EF4444
4889643.47672285,78,1,0.0,122.0,4,1,0,0.0,0,desktop,Organic Search,1,-2.3888,-2.1799,-2.3888,-2.1799,-0.7861,At-Risk / Inactive Customers,#EF4444
9942452.22818569,91,1,0.0,148.9,7,1,0,0.0,0,desktop,Referral,1,-2.4764,-1.4977,-2.4764,-1.4977,-0.7741,At-Risk / Inactive Customers,#EF4444
2824567.44191787,74,2,0.0,260.0,10,1,0,0.0,0,desktop,Organic Search,1,-2.353,-0.0873,-2.353,-0.0873,-0.7645,At-Risk / Inactive Customers,#EF4444
1449743.66399104,48,1,0.0,146.4,4,1,0,0.0,0,tablet,Referral,1,-2.1109,-2.0057,-2.1109,-2.0057,-0.7952,At-Risk / Inactive Customers,#EF4444
6063455.50707261,91,3,0.0,390.9,12,2,0,0.0,0,desktop,Organic Search,1,-2.2738,0.8548,-2.2738,0.8548,-0.6678,At-Risk / Inactive Customers,#EF4444
7752173.56464981,57,5,0.0,658.3,22,1,0,0.0,0,desktop,Referral,3,-2.1952,2.5083,-2.1952,2.5083,-0.7437,Potential Loyalists,#3B82F6
8382198.97267740,57,2,0.0,379.8,15,3,0,0.0,0,desktop,Organic Search,1,-1.8694,0.659,-1.8694,0.659,-0.6212,At-Risk / Inactive Customers,#EF4444
9185274.61526123,68,1,0.0,184.9,4,2,0,0.0,0,mobile,Organic Search,1,-2.1151,-1.7976,-2.1151,-1.7976,-0.7018,At-Risk / Inactive Customers,#EF4444
7323230.45161046,85,3,0.0,347.6,16,3,0,0.0,0,desktop,Direct,1,-2.0958,1.0287,-2.0958,1.0287,-0.6099,At-Risk / Inactive Customers,#EF4444
9952789.33490849,47,2,0.0,405.8,10,1,0,0.0,0,mobile,Organic Search,1,-2.0932,0.3315,-2.0932,0.3315,-0.7691,At-Risk / Inactive Customers,#EF4444
1343511.45282311,63,1,0.0,314.4,6,1,0,0.0,0,desktop,Direct,1,-2.2653,-0.9423,-2.2653,-0.9423,-0.7741,At-Risk / Inactive Customers,#EF4444
4191673.56931671,42,2,0.0,428.3,13,3,0,0.0,0,desktop,Organic Search,1,-1.6956,0.6323,-1.6956,0.6323,-0.6284,At-Risk / Inactive Customers,#EF4444
1975431.86838649,85,2,0.0,545.2,14,2,0,0.0,0,mobile,Affiliates,1,-2.2369,0.9249,-2.2369,0.9249,-0.6654,At-Risk / Inactive Customers,#EF4444
7450376.94393477,64,2,0.0,211.0,9,1,0,0.0,0,desktop,Paid Search,1,-2.27,-0.3807,-2.27,-0.3807,-0.772,At-Risk / Inactive Customers,#EF4444
5283716.31374907,54,1,0.0,265.9,7,3,0,0.0,0,desktop,Organic Search,1,-1.8438,-0.9612,-1.8438,-0.9612,-0.6388,At-Risk / Inactive Customers,#EF4444
5832317.35883446,82,1,0.0,57.1,3,2,0,0.0,0,desktop,Organic Search,1,-2.2234,-3.1207,-2.2234,-3.1207,-0.7162,At-Risk / Inactive Customers,#EF4444
3032191.89166261,86,1,0.0,294.9,9,1,0,0.0,0,desktop,Direct,1,-2.4432,-0.6261,-2.4432,-0.6261,-0.7634,At-Risk / Inactive Customers,#EF4444
3018091.52517509,81,1,0.0,345.6,9,1,0,0.0,0,desktop,Direct,1,-2.4087,-0.4781,-2.4087,-0.4781,-0.7626,At-Risk / Inactive Customers,#EF4444
8232347.10694009,68,4,0.0,475.2,14,3,0,0.0,0,desktop,Organic Search,3,-1.9658,1.4931,-1.9658,1.4931,-0.6106,Potential Loyalists,#3B82F6
2742860.25988315,49,1,0.0,148.0,7,2,0,0.0,0,desktop,Organic Search,1,-1.9268,-1.5003,-1.9268,-1.5003,-0.7073,At-Risk / Inactive Customers,#EF4444
1112105.64274252,46,1,0.0,214.9,6,2,0,0.0,0,desktop,Direct,1,-1.891,-1.296,-1.891,-1.296,-0.7051,At-Risk / Inactive Customers,#EF4444
3508084.67549476,57,1,0.0,304.6,7,2,0,0.0,0,desktop,Affiliates,1,-2.0129,-0.8327,-2.0129,-0.8327,-0.6936,At-Risk / Inactive Customers,#EF4444
7851778.79582848,72,4,0.0,874.0,20,2,0,0.0,0,mobile,Organic Search,3,-2.136,2.42,-2.136,2.42,-0.6549,Potential Loyalists,#3B82F6
4012120.28898710,73,2,0.0,608.4,15,3,0,0.0,0,mobile,Organic Search,1,-2.011,1.0943,-2.011,1.0943,-0.6087,At-Risk / Inactive Customers,#EF4444
9757718.20324335,62,1,0.0,287.4,7,2,0,0.0,0,desktop,Organic Search,1,-2.061,-0.8876,-2.061,-0.8876,-0.6924,At-Risk / Inactive Customers,#EF4444
7332982.49683000,66,1,0.0,189.9,7,2,0,0.0,0,desktop,Direct,1,-2.097,-1.2728,-2.097,-1.2728,-0.6967,At-Risk / Inactive Customers,#EF4444
9615592.48490654,64,1,0.0,186.9,9,3,0,0.0,0,desktop,Organic Search,1,-1.9406,-1.0529,-1.9406,-1.0529,-0.637,At-Risk / Inactive Customers,#EF4444
6827081.42328970,47,1,0.0,62.4,2,2,0,0.0,0,mobile,Direct,1,-1.9054,-3.3388,-1.9054,-3.3388,-0.7317,At-Risk / Inactive Customers,#EF4444
8588106.91675252,60,1,0.0,216.4,7,3,0,0.0,0,desktop,Display,1,-1.9041,-1.1535,-1.9041,-1.1535,-0.6391,At-Risk / Inactive Customers,#EF4444
4814024.45739259,84,1,0.0,372.0,9,2,0,0.0,0,desktop,Referral,1,-2.2347,-0.4142,-2.2347,-0.4142,-0.6789,At-Risk / Inactive Customers,#EF4444
1478206.76293962,42,1,0.0,285.2,8,2,0,0.0,0,desktop,Organic Search,1,-1.8386,-0.7651,-1.8386,-0.7651,-0.7004,At-Risk / Inactive Customers,#EF4444
9376686.26499787,50,3,0.0,235.7,8,3,0,0.0,0,tablet,Organic Search,1,-1.7933,-0.002,-1.7933,-0.002,-0.6355,At-Risk / Inactive Customers,#EF4444
9488494.40089891,69,2,0.0,248.7,7,1,0,0.0,0,mobile,Organic Search,1,-2.3135,-0.4662,-2.3135,-0.4662,-0.7705,At-Risk / Inactive Customers,#EF4444
4090407.25276828,73,18,0.0,1974.7,71,2,0,0.0,0,desktop,Referral,3,-2.1359,4.4611,-2.1359,4.4611,-0.6357,Potential Loyalists,#3B82F6
7699541.87689925,65,1,0.0,160.1,9,1,0,0.0,0,desktop,Organic Search,1,-2.2826,-1.1894,-2.2826,-1.1894,-0.7786,At-Risk / Inactive Customers,#EF4444
2791372.38319225,68,1,0.0,254.7,9,3,0,0.0,0,mobile,Direct,1,-1.9753,-0.7665,-1.9753,-0.7665,-0.6312,At-Risk / Inactive Customers,#EF4444
8077492.32408409,65,2,0.0,378.7,8,2,0,0.0,0,tablet,Organic Search,1,-2.0841,0.0461,-2.0841,0.0461,-0.6829,At-Risk / Inactive Customers,#EF4444
1858320.98970645,89,1,0.0,122.5,3,2,0,0.0,0,mobile,Organic Search,1,-2.2703,-2.419,-2.2703,-2.419,-0.7037,At-Risk / Inactive Customers,#EF4444
7385728.96363421,58,1,0.0,184.1,6,3,0,0.0,0,mobile,Direct,1,-1.885,-1.445,-1.885,-1.445,-0.6437,At-Risk / Inactive Customers,#EF4444
3446829.56784009,53,1,0.0,192.8,7,1,0,0.0,0,mobile,Direct,1,-2.1663,-1.2521,-2.1663,-1.2521,-0.7835,At-Risk / Inactive Customers,#EF4444
5549889.94607888,69,1,0.0,335.7,8,3,0,0.0,0,tablet,Organic Search,1,-1.9838,-0.6223,-1.9838,-0.6223,-0.6283,At-Risk / Inactive Customers,#EF4444
6699518.55806314,50,4,0.0,1059.9,25,2,0,0.0,0,desktop,Organic Search,3,-1.9268,2.8308,-1.9268,2.8308,-0.6584,Potential Loyalists,#3B82F6
8587170.87786498,91,1,0.0,110.6,2,3,0,0.0,0,mobile,Direct,1,-2.1454,-2.8224,-2.1454,-2.8224,-0.6499,At-Risk / Inactive Customers,#EF4444
5183802.81238634,84,1,0.0,202.4,4,2,0,0.0,0,mobile,Organic Search,1,-2.2364,-1.7162,-2.2364,-1.7162,-0.6955,At-Risk / Inactive Customers,#EF4444
5537585.24923630,83,1,0.0,145.0,5,2,0,0.0,0,mobile,Direct,1,-2.2292,-1.8312,-2.2292,-1.8312,-0.6983,At-Risk / Inactive Customers,#EF4444
2650590.99238350,50,1,0.0,154.5,7,1,0,0.0,0,desktop,Organic Search,1,-2.1331,-1.4566,-2.1331,-1.4566,-0.788,At-Risk / Inactive Customers,#EF4444
4246264.65231212,70,1,0.0,253.9,6,2,0,0.0,0,tablet,Direct,1,-2.1309,-1.1461,-2.1309,-1.1461,-0.6928,At-Risk / Inactive Customers,#EF4444
5471816.84799142,85,1,0.0,222.2,5,2,0,0.0,0,mobile,Referral,1,-2.2428,-1.4359,-2.2428,-1.4359,-0.6918,At-Risk / Inactive Customers,#EF4444
4828437.71505126,51,1,0.0,108.1,3,1,0,0.0,0,desktop,Organic Search,1,-2.146,-2.524,-2.146,-2.524,-0.8006,At-Risk / Inactive Customers,#EF4444
6020793.98993798,91,3,0.0,449.1,15,3,0,0.0,0,mobile,Organic Search,1,-2.1351,1.2016,-2.1351,1.2016,-0.6054,At-Risk / Inactive Customers,#EF4444
9867926.48165920,55,3,0.0,555.5,19,2,0,0.0,0,desktop,Direct,3,-1.984,1.6453,-1.984,1.6453,-0.67,Potential Loyalists,#3B82F6
1906602.50189333,62,2,0.0,277.3,10,2,0,0.0,0,desktop,Direct,1,-2.0567,-0.0295,-2.0567,-0.0295,-0.686,At-Risk / Inactive Customers,#EF4444
5268932.77530645,44,2,0.0,289.3,10,3,0,0.0,0,mobile,Organic Search,1,-1.7226,0.0108,-1.7226,0.0108,-0.6356,At-Risk / Inactive Customers,#EF4444
1040874.42982595,80,1,0.0,289.3,6,3,0,0.0,0,desktop,Organic Search,1,-2.0693,-1.0294,-2.0693,-1.0294,-0.6297,At-Risk / Inactive Customers,#EF4444
2080597.49064251,60,2,0.0,452.5,17,2,0,0.0,0,desktop,Direct,1,-2.0367,0.9494,-2.0367,0.9494,-0.6742,At-Risk / Inactive Customers,#EF4444
3374246.40292224,40,5,0.0,627.2,26,3,0,0.0,0,desktop,Referral,3,-1.66,2.6308,-1.66,2.6308,-0.6112,Potential Loyalists,#3B82F6
9495433.15508589,49,1,0.0,223.6,7,1,0,0.0,0,mobile,Organic Search,1,-2.1215,-1.1138,-2.1215,-1.1138,-0.7833,At-Risk / Inactive Customers,#EF4444
8702740.82924342,61,1,0.0,76.3,2,2,0,0.0,0,mobile,Organic Search,1,-2.0542,-3.1571,-2.0542,-3.1571,-0.7227,At-Risk / Inactive Customers,#EF4444
1013525.70194916,52,1,0.0,248.8,7,3,0,0.0,0,mobile,Paid Search,1,-1.8223,-1.0224,-1.8223,-1.0224,-0.6406,At-Risk / Inactive Customers,#EF4444
7495898.88482941,58,1,0.0,148.9,4,1,0,0.0,0,tablet,Referral,1,-2.2189,-1.9922,-2.2189,-1.9922,-0.7904,At-Risk / Inactive Customers,#EF4444
1926747.15111588,64,1,0.0,414.8,9,1,0,0.0,0,mobile,Display,1,-2.2735,-0.3057,-2.2735,-0.3057,-0.7657,At-Risk / Inactive Customers,#EF4444
5773398.20816446,72,1,0.0,205.8,6,1,0,0.0,0,mobile,Direct,1,-2.342,-1.3371,-2.342,-1.3371,-0.7768,At-Risk / Inactive Customers,#EF4444
4377687.12214982,51,5,0.0,1227.5,31,1,0,0.0,0,desktop,Direct,3,-2.1308,3.4406,-2.1308,3.4406,-0.7338,Potential Loyalists,#3B82F6
8363928.40010775,77,2,0.0,403.4,14,1,0,0.0,0,mobile,Organic Search,1,-2.375,0.65,-2.375,0.65,-0.7538,At-Risk / Inactive Customers,#EF4444
5518587.31549754,71,2,0.0,421.6,13,1,0,0.0,0,desktop,Direct,1,-2.3286,0.6187,-2.3286,0.6187,-0.7559,At-Risk / Inactive Customers,#EF4444
7712728.53000723,48,1,0.0,175.2,4,2,0,0.0,0,mobile,Affiliates,1,-1.916,-1.8435,-1.916,-1.8435,-0.7109,At-Risk / Inactive Customers,#EF4444
7502028.87354944,45,3,0.0,353.3,15,2,0,0.0,0,desktop,Direct,1,-1.8702,0.9897,-1.8702,0.9897,-0.6837,At-Risk / Inactive Customers,#EF4444
9160137.77134010,54,6,0.0,1210.2,34,3,0,0.0,0,mobile,Organic Search,3,-1.8287,3.7251,-1.8287,3.7251,-0.5906,Potential Loyalists,#3B82F6
7087059.26942353,61,6,0.0,369.6,21,2,0,0.0,0,mobile,Display,3,-2.038,2.1296,-2.038,2.1296,-0.6677,Potential Loyalists,#3B82F6
6876733.53537990,44,1,0.0,290.3,6,2,0,0.0,0,mobile,Direct,1,-1.8656,-1.0163,-1.8656,-1.0163,-0.702,At-Risk / Inactive Customers,#EF4444
4300512.50155268,72,4,0.0,594.9,15,1,0,0.0,0,desktop,Organic Search,3,-2.3315,1.7771,-2.3315,1.7771,-0.7452,Potential Loyalists,#3B82F6
5700414.14786836,91,1,0.0,172.8,4,1,0,0.0,0,mobile,Paid Search,1,-2.4774,-1.8595,-2.4774,-1.8595,-0.7776,At-Risk / Inactive Customers,#EF4444
2166697.35410404,45,2,0.0,306.6,9,1,0,0.0,0,desktop,Direct,1,-2.0687,-0.0298,-2.0687,-0.0298,-0.7752,At-Risk / Inactive Customers,#EF4444
8078026.74928285,69,8,0.0,1152.0,28,2,0,0.0,0,mobile,Organic Search,3,-2.1054,3.822,-2.1054,3.822,-0.6437,Potential Loyalists,#3B82F6
1367865.88604611,81,1,0.0,382.9,8,3,0,0.0,0,mobile,Organic Search,1,-2.0758,-0.5019,-2.0758,-0.5019,-0.6226,At-Risk / Inactive Customers,#EF4444
2108103.84075968,68,1,0.0,238.3,8,2,0,0.0,0,mobile,Organic Search,1,-2.1138,-0.9374,-2.1138,-0.9374,-0.6914,At-Risk / Inactive Customers,#EF4444
4799552.75962935,60,1,0.0,186.3,7,1,0,0.0,0,mobile,Organic Search,1,-2.2373,-1.2853,-2.2373,-1.2853,-0.781,At-Risk / Inactive Customers,#EF4444
4919106.81376586,76,2,0.0,270.9,6,3,0,0.0,0,desktop,Organic Search,1,-2.0361,-0.537,-2.0361,-0.537,-0.6287,At-Risk / Inactive Customers,#EF4444
9809056.12269436,44,4,0.0,428.5,12,2,0,0.0,0,desktop,Organic Search,1,-1.8557,1.2527,-1.8557,1.2527,-0.6822,At-Risk / Inactive Customers,#EF4444
6842394.89817524,43,4,0.0,673.1,27,1,0,0.0,0,desktop,Organic Search,3,-2.0358,2.4928,-2.0358,2.4928,-0.7493,Potential Loyalists,#3B82F6
4973124.28652327,61,1,0.0,199.8,8,2,0,0.0,0,desktop,Direct,1,-2.0516,-1.0996,-2.0516,-1.0996,-0.6965,At-Risk / Inactive Customers,#EF4444
9567767.24939553,70,2,0.0,378.0,11,3,0,0.0,0,desktop,Direct,1,-1.9877,0.3464,-1.9877,0.3464,-0.6197,At-Risk / Inactive Customers,#EF4444
9640917.30707903,60,4,0.0,645.4,16,3,0,0.0,0,desktop,Organic Search,3,-1.8938,1.9124,-1.8938,1.9124,-0.6079,Potential Loyalists,#3B82F6
6112063.31144968,42,1,0.0,209.8,7,2,0,0.0,0,mobile,Organic Search,1,-1.8389,-1.1752,-1.8389,-1.1752,-0.7061,At-Risk / Inactive Customers,#EF4444
3580343.13377093,74,2,0.0,411.8,9,1,0,0.0,0,mobile,Organic Search,1,-2.3531,0.2386,-2.3531,0.2386,-0.7592,At-Risk / Inactive Customers,#EF4444
4735701.28635919,51,1,0.0,127.3,5,3,0,0.0,0,mobile,Organic Search,1,-1.812,-1.9489,-1.812,-1.9489,-0.6537,At-Risk / Inactive Customers,#EF4444
9309652.91377622,83,1,0.0,315.3,9,3,0,0.0,0,mobile,Organic Search,1,-2.0896,-0.5707,-2.0896,-0.5707,-0.6235,At-Risk / Inactive Customers,#EF4444
6926456.81149313,59,1,0.0,278.1,5,1,0,0.0,0,mobile,Organic Search,1,-2.2282,-1.2193,-2.2282,-1.2193,-0.7792,At-Risk / Inactive Customers,#EF4444
3509848.78067406,76,2,0.0,363.9,8,1,0,0.0,0,mobile,Referral,1,-2.3686,0.0114,-2.3686,0.0114,-0.7615,At-Risk / Inactive Customers,#EF4444
5477415.19833097,57,5,0.0,930.2,24,2,0,0.0,0,desktop,Organic Search,3,-2.0001,2.9146,-2.0001,2.9146,-0.6561,Potential Loyalists,#3B82F6
7296200.35648721,43,1,0.0,173.0,4,2,0,0.0,0,mobile,Organic Search,1,-1.8534,-1.8539,-1.8534,-1.8539,-0.7137,At-Risk / Inactive Customers,#EF4444
4752483.15307451,41,2,0.0,246.9,14,3,0,0.0,0,tablet,Organic Search,1,-1.6819,0.1942,-1.6819,0.1942,-0.6359,At-Risk / Inactive Customers,#EF4444
6342836.30775668,91,3,0.0,411.8,15,3,0,0.0,0,mobile,Display,1,-2.1351,1.121,-2.1351,1.121,-0.6066,At-Risk / Inactive Customers,#EF4444
9971104.20289289,49,1,0.0,85.3,4,1,0,0.0,0,desktop,Paid Search,1,-2.1228,-2.5047,-2.1228,-2.5047,-0.8022,At-Risk / Inactive Customers,#EF4444
2216192.67247409,73,2,0.0,159.3,6,1,0,0.0,0,mobile,Referral,1,-2.3463,-1.0218,-2.3463,-1.0218,-0.7769,At-Risk / Inactive Customers,#EF4444
7114000.74210860,71,1,0.0,255.1,6,3,0,0.0,0,desktop,Affiliates,1,-2.0008,-1.1448,-2.0008,-1.1448,-0.6343,At-Risk / Inactive Customers,#EF4444
8849983.21521640,69,3,0.0,253.1,16,1,0,0.0,0,desktop,Referral,1,-2.3093,0.7436,-2.3093,0.7436,-0.7592,At-Risk / Inactive Customers,#EF4444
5832556.50803143,50,1,0.0,157.3,3,2,0,0.0,0,desktop,Referral,1,-1.9398,-2.181,-1.9398,-2.181,-0.714,At-Risk / Inactive Customers,#EF4444
5435956.12570049,67,2,0.0,277.2,9,2,0,0.0,0,tablet,Display,1,-2.1013,-0.1321,-2.1013,-0.1321,-0.6853,At-Risk / Inactive Customers,#EF4444
3913702.79113728,78,1,0.0,91.5,5,2,0,0.0,0,mobile,Referral,1,-2.1936,-2.2557,-2.1936,-2.2557,-0.7062,At-Risk / Inactive Customers,#EF4444
5738642.52248348,49,4,0.0,500.4,17,3,0,0.0,0,desktop,Organic Search,3,-1.778,1.7388,-1.778,1.7388,-0.6156,Potential Loyalists,#3B82F6
7774646.99884231,53,3,0.0,601.6,20,3,0,0.0,0,mobile,Organic Search,3,-1.8245,1.7688,-1.8245,1.7688,-0.6111,Potential Loyalists,#3B82F6
7900486.63460924,45,3,0.0,252.7,12,3,0,0.0,0,mobile,Organic Search,1,-1.7325,0.4548,-1.7325,0.4548,-0.6328,At-Risk / Inactive Customers,#EF4444
6730212.89320267,64,1,0.0,214.9,8,1,0,0.0,0,mobile,Organic Search,1,-2.2739,-1.0284,-2.2739,-1.0284,-0.7761,At-Risk / Inactive Customers,#EF4444
6652451.75799346,69,12,0.0,1855.5,84,2,0,0.0,0,desktop,Direct,3,-2.1036,4.4617,-2.1036,4.4617,-0.6371,Potential Loyalists,#3B82F6
8240376.80556871,57,1,0.0,203.4,4,3,0,0.0,0,mobile,Direct,1,-1.8758,-1.7101,-1.8758,-1.7101,-0.6467,At-Risk / Inactive Customers,#EF4444
1802352.12880509,52,1,0.0,476.1,10,1,0,0.0,0,mobile,Display,1,-2.1545,-0.0739,-2.1545,-0.0739,-0.7676,At-Risk / Inactive Customers,#EF4444
5968920.21566550,67,1,0.0,107.2,3,2,0,0.0,0,mobile,Organic Search,1,-2.1072,-2.5389,-2.1072,-2.5389,-0.7124,At-Risk / Inactive Customers,#EF4444
9844766.59572016,90,1,0.0,114.6,6,1,0,0.0,0,desktop,Organic Search,1,-2.4704,-1.8816,-2.4704,-1.8816,-0.7796,At-Risk / Inactive Customers,#EF4444
4037109.55310789,86,1,0.0,273.7,7,2,0,0.0,0,desktop,Direct,1,-2.2488,-0.9368,-2.2488,-0.9368,-0.6852,At-Risk / Inactive Customers,#EF4444
8004205.38178548,63,1,0.0,128.0,2,2,0,0.0,0,mobile,Direct,1,-2.0725,-2.6802,-2.0725,-2.6802,-0.7147,At-Risk / Inactive Customers,#EF4444
4963886.92056067,47,1,0.0,214.1,7,3,0,0.0,0,desktop,Organic Search,1,-1.7647,-1.1606,-1.7647,-1.1606,-0.6451,At-Risk / Inactive Customers,#EF4444
3633958.61624586,65,1,0.0,193.2,7,2,0,0.0,0,desktop,Organic Search,1,-2.0882,-1.2567,-2.0882,-1.2567,-0.6968,At-Risk / Inactive Customers,#EF4444
4474643.20912945,48,3,0.0,756.4,21,2,0,0.0,0,desktop,Organic Search,3,-1.906,2.0354,-1.906,2.0354,-0.6678,Potential Loyalists,#3B82F6
8377001.39842239,68,2,0.0,650.3,16,2,0,0.0,0,mobile,Organic Search,1,-2.1084,1.2245,-2.1084,1.2245,-0.6668,At-Risk / Inactive Customers,#EF4444
6581238.77493667,71,3,0.0,583.7,22,2,0,0.0,0,tablet,Direct,3,-2.1299,1.837,-2.1299,1.837,-0.6615,Potential Loyalists,#3B82F6
8814510.41990483,89,1,0.0,176.0,6,2,0,0.0,0,desktop,Direct,1,-2.269,-1.4887,-2.269,-1.4887,-0.6921,At-Risk / Inactive Customers,#EF4444
1140627.37110341,41,3,0.0,925.7,21,3,0,0.0,0,desktop,Organic Search,3,-1.6781,2.2223,-1.6781,2.2223,-0.6107,Potential Loyalists,#3B82F6
8889405.26811239,67,8,0.0,1895.1,41,1,0,0.0,0,desktop,Referral,3,-2.2826,4.2975,-2.2826,4.2975,-0.7207,Potential Loyalists,#3B82F6
2673130.97836604,40,1,0.0,89.1,2,2,0,0.0,0,desktop,Paid Search,1,-1.8136,-3.0094,-1.8136,-3.0094,-0.7306,At-Risk / Inactive Customers,#EF4444
3029853.43224043,49,2,0.0,225.4,11,1,0,0.0,0,desktop,Direct,1,-2.1169,-0.1225,-2.1169,-0.1225,-0.7753,At-Risk / Inactive Customers,#EF4444
4088994.81586428,89,3,0.0,388.4,12,1,0,0.0,0,mobile,Display,1,-2.4559,0.8532,-2.4559,0.8532,-0.7502,At-Risk / Inactive Customers,#EF4444
5964885.45008954,89,2,0.0,257.4,9,1,0,0.0,0,desktop,Organic Search,1,-2.4592,-0.2,-2.4592,-0.2,-0.7613,At-Risk / Inactive Customers,#EF4444
8810415.59323290,44,2,0.0,280.8,8,1,0,0.0,0,mobile,Organic Search,1,-2.0562,-0.2232,-2.0562,-0.2232,-0.7782,At-Risk / Inactive Customers,#EF4444
7582297.87791257,71,1,0.0,126.5,2,2,0,0.0,0,mobile,Organic Search,1,-2.1411,-2.6925,-2.1411,-2.6925,-0.712,At-Risk / Inactive Customers,#EF4444
6498703.28711073,78,6,0.0,1053.9,38,3,0,0.0,0,desktop,Direct,3,-2.0392,3.7072,-2.0392,3.7072,-0.5824,Potential Loyalists,#3B82F6
7040863.59013395,85,3,0.0,211.7,10,1,0,0.0,0,desktop,Organic Search,1,-2.43,0.1127,-2.43,0.1127,-0.7618,At-Risk / Inactive Customers,#EF4444
1618342.31984093,41,3,0.0,590.8,13,1,0,0.0,0,mobile,Organic Search,1,-2.0123,1.3309,-2.0123,1.3309,-0.7621,At-Risk / Inactive Customers,#EF4444
8522042.98471415,72,3,0.0,381.4,21,1,0,0.0,0,mobile,Direct,1,-2.333,1.3981,-2.333,1.3981,-0.7495,At-Risk / Inactive Customers,#EF4444
8159873.92872876,82,1,0.0,274.6,5,2,0,0.0,0,desktop,Organic Search,1,-2.2221,-1.239,-2.2221,-1.239,-0.6897,At-Risk / Inactive Customers,#EF4444
4014572.51565284,57,1,0.0,185.0,6,3,0,0.0,0,desktop,Organic Search,1,-1.8751,-1.4403,-1.8751,-1.4403,-0.6441,At-Risk / Inactive Customers,#EF4444
3918643.34716059,84,3,0.0,340.2,14,2,0,0.0,0,mobile,Organic Search,1,-2.2275,0.8788,-2.2275,0.8788,-0.67,At-Risk / Inactive Customers,#EF4444
1104722.65243312,57,4,0.0,371.3,21,3,0,0.0,0,desktop,Organic Search,3,-1.864,1.673,-1.864,1.673,-0.6139,Potential Loyalists,#3B82F6
6370407.87908228,80,1,0.0,383.5,10,1,0,0.0,0,desktop,Organic Search,1,-2.4014,-0.2799,-2.4014,-0.2799,-0.7603,At-Risk / Inactive Customers,#EF4444
6752804.68189634,84,1,0.0,284.3,6,3,0,0.0,0,desktop,Organic Search,1,-2.0973,-1.0461,-2.0973,-1.0461,-0.6288,At-Risk / Inactive Customers,#EF4444
5343018.85527006,60,2,0.0,536.9,14,1,0,0.0,0,desktop,Referral,1,-2.2319,0.9187,-2.2319,0.9187,-0.7558,At-Risk / Inactive Customers,#EF4444
3842476.85252733,81,4,0.0,570.1,27,1,0,0.0,0,mobile,Direct,3,-2.398,2.331,-2.398,2.331,-0.7364,Potential Loyalists,#3B82F6
6388513.23966069,88,5,0.0,341.3,17,3,0,0.0,0,desktop,Direct,3,-2.1119,1.6249,-2.1119,1.6249,-0.6055,Potential Loyalists,#3B82F6
8017911.26907768,50,6,0.0,756.8,40,3,0,0.0,0,mobile,Referral,3,-1.7846,3.4573,-1.7846,3.4573,-0.5971,Potential Loyalists,#3B82F6
3234709.58883856,88,2,0.0,665.4,15,3,0,0.0,0,mobile,Paid Search,1,-2.1183,1.1755,-2.1183,1.1755,-0.603,At-Risk / Inactive Customers,#EF4444
1510153.63336819,50,1,0.0,175.1,6,1,0,0.0,0,desktop,Direct,1,-2.1334,-1.4827,-2.1334,-1.4827,-0.7878,At-Risk / Inactive Customers,#EF4444
1871128.75345238,42,2,0.0,327.8,10,1,0,0.0,0,desktop,Organic Search,1,-2.0293,0.1344,-2.0293,0.1344,-0.7748,At-Risk / Inactive Customers,#EF4444
9693955.78988727,40,1,0.0,208.9,4,2,0,0.0,0,mobile,Direct,1,-1.8122,-1.6783,-1.8122,-1.6783,-0.7128,At-Risk / Inactive Customers,#EF4444
8649237.79798352,41,4,0.0,1103.7,27,3,0,0.0,0,desktop,Direct,3,-1.6754,2.9466,-1.6754,2.9466,-0.6037,Potential Loyalists,#3B82F6
9113381.25962349,82,1,0.0,128.1,4,3,0,0.0,0,desktop,Organic Search,1,-2.0844,-2.1424,-2.0844,-2.1424,-0.6444,At-Risk / Inactive Customers,#EF4444
2469679.31479903,56,1,0.0,128.1,2,3,0,0.0,0,desktop,Display,1,-1.8669,-2.6811,-1.8669,-2.6811,-0.6595,At-Risk / Inactive Customers,#EF4444
3413242.11252400,52,6,0.0,533.2,21,3,0,0.0,0,mobile,Referral,3,-1.8084,2.4692,-1.8084,2.4692,-0.6084,Potential Loyalists,#3B82F6
3414714.73923880,84,1,0.0,281.7,6,1,0,0.0,0,mobile,Direct,1,-2.4305,-1.0476,-2.4305,-1.0476,-0.7687,At-Risk / Inactive Customers,#EF4444
4901786.96028174,48,2,0.0,479.5,17,1,0,0.0,0,tablet,Organic Search,1,-2.1041,1.01,-2.1041,1.01,-0.7605,At-Risk / Inactive Customers,#EF4444
8482036.70846564,72,1,0.0,279.9,8,1,0,0.0,0,mobile,Referral,1,-2.3414,-0.7846,-2.3414,-0.7846,-0.7696,At-Risk / Inactive Customers,#EF4444
5951844.28343742,68,2,0.0,458.1,11,1,0,0.0,0,desktop,Referral,1,-2.3041,0.5325,-2.3041,0.5325,-0.7576,At-Risk / Inactive Customers,#EF4444
6312469.47724412,55,2,0.0,474.2,11,1,0,0.0,0,mobile,Organic Search,1,-2.1827,0.567,-2.1827,0.567,-0.7622,At-Risk / Inactive Customers,#EF4444
8652267.76446665,67,4,0.0,592.3,18,2,0,0.0,0,desktop,Paid Search,3,-2.095,1.9524,-2.095,1.9524,-0.6632,Potential Loyalists,#3B82F6
4427806.96995452,57,1,0.0,183.9,6,3,0,0.0,0,desktop,Paid Search,1,-1.8751,-1.4458,-1.8751,-1.4458,-0.6442,At-Risk / Inactive Customers,#EF4444
8839848.92640591,43,2,0.0,346.2,13,1,0,0.0,0,desktop,Email,1,-2.0421,0.4413,-2.0421,0.4413,-0.7706,At-Risk / Inactive Customers,#EF4444
9919635.28312191,58,4,0.0,688.5,19,2,0,0.0,0,desktop,Organic Search,3,-2.0123,2.1486,-2.0123,2.1486,-0.6639,Potential Loyalists,#3B82F6
5421514.69164784,70,1,0.0,240.0,7,2,0,0.0,0,desktop,Organic Search,1,-2.1306,-1.0563,-2.1306,-1.0563,-0.692,At-Risk / Inactive Customers,#EF4444
9463615.81476022,56,1,0.0,100.6,3,2,0,0.0,0,desktop,Organic Search,1,-2.0046,-2.5955,-2.0046,-2.5955,-0.7175,At-Risk / Inactive Customers,#EF4444
2750642.28335939,53,2,0.0,197.0,5,2,0,0.0,0,mobile,Referral,1,-1.9684,-0.9893,-1.9684,-0.9893,-0.7016,At-Risk / Inactive Customers,#EF4444
3097913.43047571,74,1,0.0,226.1,7,3,0,0.0,0,desktop,Direct,1,-2.0243,-1.1153,-2.0243,-1.1153,-0.6335,At-Risk / Inactive Customers,#EF4444
1798458.14419631,64,2,0.0,240.8,6,3,0,0.0,0,desktop,Direct,1,-1.9376,-0.6443,-1.9376,-0.6443,-0.6345,At-Risk / Inactive Customers,#EF4444
6939821.95539930,52,1,0.0,168.2,6,2,0,0.0,0,desktop,Organic Search,1,-1.9609,-1.5245,-1.9609,-1.5245,-0.7056,At-Risk / Inactive Customers,#EF4444
9816543.51447739,78,5,0.0,786.9,23,3,0,0.0,0,desktop,Direct,3,-2.0417,2.709,-2.0417,2.709,-0.5934,Potential Loyalists,#3B82F6
2898443.53795722,82,1,0.0,134.4,4,3,0,0.0,0,mobile,Organic Search,1,-2.0844,-2.098,-2.0844,-2.098,-0.6437,At-Risk / Inactive Customers,#EF4444
7706913.16565228,56,1,0.0,194.8,6,3,0,0.0,0,desktop,Organic Search,1,-1.865,-1.3922,-1.865,-1.3922,-0.6438,At-Risk / Inactive Customers,#EF4444
1632873.89617195,79,2,0.0,482.0,14,1,0,0.0,0,mobile,Organic Search,1,-2.3897,0.8152,-2.3897,0.8152,-0.7507,At-Risk / Inactive Customers,#EF4444
8226044.42667129,62,8,0.0,525.6,30,3,0,0.0,0,desktop,Referral,3,-1.9059,3.161,-1.9059,3.161,-0.5984,Potential Loyalists,#3B82F6
8761845.29878839,91,1,0.0,312.3,7,1,0,0.0,0,desktop,Organic Search,1,-2.4762,-0.8108,-2.4762,-0.8108,-0.7638,At-Risk / Inactive Customers,#EF4444
3701252.47903146,46,1,0.0,159.3,4,3,0,0.0,0,desktop,Display,1,-1.7535,-1.9341,-1.7535,-1.9341,-0.6552,At-Risk / Inactive Customers,#EF4444
8534610.48706522,54,4,0.0,717.1,19,3,0,0.0,0,desktop,Paid Search,3,-1.8332,2.1844,-1.8332,2.1844,-0.6071,Potential Loyalists,#3B82F6
2173195.65388141,53,2,0.0,337.2,15,1,0,0.0,0,desktop,Organic Search,1,-2.161,0.5564,-2.161,0.5564,-0.7645,At-Risk / Inactive Customers,#EF4444
1321312.54741153,89,2,0.0,342.1,11,3,0,0.0,0,desktop,Referral,1,-2.1256,0.2509,-2.1256,0.2509,-0.6154,At-Risk / Inactive Customers,#EF4444
9721862.35199496,76,1,0.0,325.4,7,3,0,0.0,0,tablet,Referral,1,-2.0395,-0.7776,-2.0395,-0.7776,-0.6277,At-Risk / Inactive Customers,#EF4444
1082006.21586942,44,3,0.0,727.3,19,2,0,0.0,0,mobile,Referral,3,-1.8567,1.8986,-1.8567,1.8986,-0.6715,Potential Loyalists,#3B82F6
9857586.22320131,85,2,0.0,428.8,13,1,0,0.0,0,desktop,Organic Search,1,-2.4319,0.6323,-2.4319,0.6323,-0.7513,At-Risk / Inactive Customers,#EF4444
3550215.63648738,69,1,0.0,149.5,8,3,0,0.0,0,desktop,Direct,1,-1.984,-1.3726,-1.984,-1.3726,-0.6395,At-Risk / Inactive Customers,#EF4444
7433236.75267776,67,1,0.0,220.3,5,2,0,0.0,0,mobile,Organic Search,1,-2.1062,-1.4411,-2.1062,-1.4411,-0.6976,At-Risk / Inactive Customers,#EF4444
7416248.19844559,74,1,0.0,278.0,6,2,0,0.0,0,mobile,Paid Search,1,-2.1628,-1.0625,-2.1628,-1.0625,-0.6902,At-Risk / Inactive Customers,#EF4444
8809289.60546480,47,1,0.0,362.3,9,1,0,0.0,0,mobile,Organic Search,1,-2.0972,-0.428,-2.0972,-0.428,-0.775,At-Risk / Inactive Customers,#EF4444
6697013.79656223,67,1,0.0,257.7,7,2,0,0.0,0,mobile,Direct,1,-2.1055,-0.9898,-2.1055,-0.9898,-0.6921,At-Risk / Inactive Customers,#EF4444
1100760.13888986,64,1,0.0,188.4,9,2,0,0.0,0,desktop,Direct,1,-2.0789,-1.0426,-2.0789,-1.0426,-0.6949,At-Risk / Inactive Customers,#EF4444
2336716.81474967,86,2,0.0,263.1,8,2,0,0.0,0,mobile,Organic Search,1,-2.2449,-0.2955,-2.2449,-0.2955,-0.6812,At-Risk / Inactive Customers,#EF4444
8961408.28058910,47,2,0.0,487.8,12,3,0,0.0,0,mobile,Direct,1,-1.7597,0.6732,-1.7597,0.6732,-0.6248,At-Risk / Inactive Customers,#EF4444
2422401.81652515,85,1,0.0,313.0,7,3,0,0.0,0,mobile,Organic Search,1,-2.1038,-0.815,-2.1038,-0.815,-0.6256,At-Risk / Inactive Customers,#EF4444
8691126.64570404,87,1,0.0,222.3,5,1,0,0.0,0,desktop,Referral,1,-2.451,-1.4317,-2.451,-1.4317,-0.773,At-Risk / Inactive Customers,#EF4444
9258889.66744417,60,6,0.0,1035.9,38,1,0,0.0,0,desktop,Organic Search,3,-2.2219,3.7012,-2.2219,3.7012,-0.7288,Potential Loyalists,#3B82F6
5164443.20299814,50,4,0.0,348.8,13,1,0,0.0,0,mobile,Organic Search,1,-2.1233,1.1429,-2.1233,1.1429,-0.763,At-Risk / Inactive Customers,#EF4444
4605283.88442736,49,4,0.0,869.3,22,3,0,0.0,0,mobile,Direct,3,-1.7774,2.5132,-1.7774,2.5132,-0.6051,Potential Loyalists,#3B82F6
7931205.45710875,83,1,0.0,289.0,7,3,0,0.0,0,desktop,Referral,1,-2.0901,-0.8888,-2.0901,-0.8888,-0.6273,At-Risk / Inactive Customers,#EF4444
9402311.44592127,69,1,0.0,203.9,4,2,0,0.0,0,desktop,Organic Search,1,-2.1234,-1.7071,-2.1234,-1.7071,-0.7001,At-Risk / Inactive Customers,#EF4444
1378683.87229590,73,1,0.0,207.7,10,2,0,0.0,0,mobile,Organic Search,1,-2.1541,-0.8524,-2.1541,-0.8524,-0.6893,At-Risk / Inactive Customers,#EF4444
8657205.34632346,76,1,0.0,142.7,5,2,0,0.0,0,mobile,Direct,1,-2.1786,-1.8449,-2.1786,-1.8449,-0.7006,At-Risk / Inactive Customers,#EF4444
5797294.87031557,44,1,0.0,329.7,7,3,0,0.0,0,mobile,Organic Search,1,-1.727,-0.7591,-1.727,-0.7591,-0.6406,At-Risk / Inactive Customers,#EF4444
2074696.29528962,65,2,0.0,252.3,14,1,0,0.0,0,tablet,Organic Search,1,-2.2779,0.2161,-2.2779,0.2161,-0.7644,At-Risk / Inactive Customers,#EF4444
1289681.93427800,62,2,0.0,417.7,12,3,0,0.0,0,mobile,Display,1,-1.9179,0.5257,-1.9179,0.5257,-0.6203,At-Risk / Inactive Customers,#EF4444
2119629.37388490,51,2,0.0,390.7,16,1,0,0.0,0,mobile,Organic Search,1,-2.1389,0.7581,-2.1389,0.7581,-0.7626,At-Risk / Inactive Customers,#EF4444
8601349.87490146,51,2,0.0,238.8,13,2,0,0.0,0,mobile,Display,1,-1.9445,0.0904,-1.9445,0.0904,-0.69,At-Risk / Inactive Customers,#EF4444
6446121.12867066,61,1,0.0,123.5,2,1,0,0.0,0,mobile,Direct,1,-2.249,-2.7088,-2.249,-2.7088,-0.7978,At-Risk / Inactive Customers,#EF4444
9497022.55389513,67,2,0.0,581.4,13,2,0,0.0,0,desktop,Organic Search,1,-2.1004,0.9141,-2.1004,0.9141,-0.671,At-Risk / Inactive Customers,#EF4444
1164414.78634069,48,1,0.0,46.2,2,3,0,0.0,0,desktop,Organic Search,1,-1.7792,-3.6169,-1.7792,-3.6169,-0.6773,At-Risk / Inactive Customers,#EF4444
4831849.36969601,90,4,0.0,969.7,25,2,0,0.0,0,mobile,Direct,3,-2.2637,2.7412,-2.2637,2.7412,-0.6455,Potential Loyalists,#3B82F6
1318968.16195777,46,1,0.0,178.3,10,1,0,0.0,0,mobile,Organic Search,1,-2.0849,-0.9844,-2.0849,-0.9844,-0.7843,At-Risk / Inactive Customers,#EF4444
9457062.44107060,40,2,0.0,257.5,10,3,0,0.0,0,desktop,Organic Search,1,-1.6685,-0.0962,-1.6685,-0.0962,-0.6395,At-Risk / Inactive Customers,#EF4444
4751309.59157366,91,1,0.0,234.1,5,3,0,0.0,0,mobile,Affiliates,1,-2.1437,-1.3912,-2.1437,-1.3912,-0.6314,At-Risk / Inactive Customers,#EF4444
4863520.14488807,89,3,0.0,297.0,16,1,0,0.0,0,mobile,Organic Search,1,-2.4554,0.8891,-2.4554,0.8891,-0.7509,At-Risk / Inactive Customers,#EF4444
8133029.26020412,77,1,0.0,138.0,6,3,0,0.0,0,mobile,Referral,1,-2.0475,-1.7151,-2.0475,-1.7151,-0.641,At-Risk / Inactive Customers,#EF4444
6307534.62705930,70,4,0.0,874.3,24,3,0,0.0,0,mobile,Organic Search,3,-1.9812,2.6031,-1.9812,2.6031,-0.5955,Potential Loyalists,#3B82F6
2463781.62611893,85,1,0.0,251.3,7,1,0,0.0,0,mobile,Organic Search,1,-2.437,-1.0118,-2.437,-1.0118,-0.7685,At-Risk / Inactive Customers,#EF4444
2738146.74177899,84,2,0.0,316.0,8,3,0,0.0,0,desktop,Referral,1,-2.093,-0.128,-2.093,-0.128,-0.6212,At-Risk / Inactive Customers,#EF4444
7536893.37153961,46,4,0.0,402.3,19,3,0,0.0,0,mobile,Organic Search,3,-1.7419,1.6486,-1.7419,1.6486,-0.619,Potential Loyalists,#3B82F6
7093920.59056145,52,2,0.0,242.6,8,1,0,0.0,0,desktop,Direct,1,-2.1514,-0.3608,-2.1514,-0.3608,-0.7762,At-Risk / Inactive Customers,#EF4444
3582742.74034709,84,18,0.0,1544.0,77,3,0,0.0,0,desktop,Referral,3,-2.0783,4.4565,-2.0783,4.4565,-0.5743,Potential Loyalists,#3B82F6
1552007.66929532,50,4,0.0,714.0,20,3,0,0.0,0,desktop,Email,3,-1.7891,2.2331,-1.7891,2.2331,-0.6084,Potential Loyalists,#3B82F6
3748025.76755725,52,5,0.0,635.4,19,3,0,0.0,0,desktop,Direct,3,-1.81,2.3208,-1.81,2.3208,-0.6082,Potential Loyalists,#3B82F6
3390394.16253749,66,2,0.0,211.9,5,2,0,0.0,0,desktop,Referral,1,-2.0938,-0.9243,-2.0938,-0.9243,-0.6953,At-Risk / Inactive Customers,#EF4444
9896058.68349909,74,1,0.0,336.4,10,2,0,0.0,0,desktop,Direct,1,-2.1617,-0.4049,-2.1617,-0.4049,-0.6822,At-Risk / Inactive Customers,#EF4444
7135859.27005666,83,1,0.0,313.8,7,3,0,0.0,0,desktop,Referral,1,-2.0901,-0.8123,-2.0901,-0.8123,-0.6261,At-Risk / Inactive Customers,#EF4444
5562530.45534691,86,2,0.0,349.2,8,2,0,0.0,0,mobile,Referral,1,-2.2448,-0.0325,-2.2448,-0.0325,-0.6773,At-Risk / Inactive Customers,#EF4444
2614681.51689562,76,2,0.0,288.7,9,2,0,0.0,0,mobile,Referral,1,-2.1736,-0.0958,-2.1736,-0.0958,-0.6817,At-Risk / Inactive Customers,#EF4444
4792517.21256965,90,1,0.0,188.0,4,2,0,0.0,0,desktop,Organic Search,1,-2.2761,-1.7854,-2.2761,-1.7854,-0.6949,At-Risk / Inactive Customers,#EF4444
8590515.23099187,60,4,0.0,681.9,16,3,0,0.0,0,mobile,Direct,3,-1.8938,1.9636,-1.8938,1.9636,-0.6071,Potential Loyalists,#3B82F6
5884448.18716323,49,3,0.0,463.4,12,1,0,0.0,0,desktop,Referral,1,-2.1139,1.0242,-2.1139,1.0242,-0.7621,At-Risk / Inactive Customers,#EF4444
9761442.33530292,52,1,0.0,145.0,5,1,0,0.0,0,desktop,Organic Search,1,-2.1562,-1.8216,-2.1562,-1.8216,-0.7913,At-Risk / Inactive Customers,#EF4444
8581973.74622349,87,1,0.0,172.8,3,1,0,0.0,0,mobile,Referral,1,-2.452,-2.0962,-2.452,-2.0962,-0.7812,At-Risk / Inactive Customers,#EF4444
2121314.37866480,79,2,0.0,591.4,15,1,0,0.0,0,desktop,Organic Search,1,-2.3895,1.0741,-2.3895,1.0741,-0.747,At-Risk / Inactive Customers,#EF4444
8606619.58956156,74,2,0.0,176.5,6,1,0,0.0,0,mobile,Direct,1,-2.354,-0.927,-2.354,-0.927,-0.7751,At-Risk / Inactive Customers,#EF4444
4379521.90428717,58,4,0.0,630.6,17,2,0,0.0,0,tablet,Referral,3,-2.0125,1.9549,-2.0125,1.9549,-0.6664,Potential Loyalists,#3B82F6
6914434.27343901,69,1,0.0,196.4,7,3,0,0.0,0,mobile,Paid Search,1,-1.9842,-1.2451,-1.9842,-1.2451,-0.6371,At-Risk / Inactive Customers,#EF4444
4601197.37936746,72,4,0.0,455.1,27,2,0,0.0,0,mobile,Direct,3,-2.1355,2.1187,-2.1355,2.1187,-0.6606,Potential Loyalists,#3B82F6
9015237.62610214,66,4,0.0,519.9,26,3,0,0.0,0,tablet,Organic Search,3,-1.9474,2.2019,-1.9474,2.2019,-0.6033,Potential Loyalists,#3B82F6
9223331.11212178,41,3,0.0,291.6,14,2,0,0.0,0,desktop,Organic Search,1,-1.8174,0.7438,-1.8174,0.7438,-0.6893,At-Risk / Inactive Customers,#EF4444
2648839.66732509,79,1,0.0,150.8,3,2,0,0.0,0,mobile,Organic Search,1,-2.2017,-2.2254,-2.2017,-2.2254,-0.7037,At-Risk / Inactive Customers,#EF4444
6437322.22241089,42,3,0.0,316.6,12,2,0,0.0,0,desktop,Organic Search,1,-1.8314,0.6678,-1.8314,0.6678,-0.6893,At-Risk / Inactive Customers,#EF4444
1998403.95311024,65,2,0.0,459.8,10,3,0,0.0,0,desktop,Organic Search,1,-1.9453,0.4369,-1.9453,0.4369,-0.6198,At-Risk / Inactive Customers,#EF4444
4435852.94636348,76,3,0.0,315.5,14,1,0,0.0,0,desktop,Referral,1,-2.3649,0.814,-2.3649,0.814,-0.7553,At-Risk / Inactive Customers,#EF4444
7503168.53844481,85,2,0.0,366.3,10,2,0,0.0,0,mobile,Direct,1,-2.2376,0.2254,-2.2376,0.2254,-0.6746,At-Risk / Inactive Customers,#EF4444
4920774.88311127,81,1,0.0,156.6,5,1,0,0.0,0,desktop,Organic Search,1,-2.41,-1.7555,-2.41,-1.7555,-0.7796,At-Risk / Inactive Customers,#EF4444
6974271.81707939,87,8,0.0,1606.4,36,1,0,0.0,0,desktop,Organic Search,3,-2.4329,4.1598,-2.4329,4.1598,-0.7159,Potential Loyalists,#3B82F6
5958116.74583867,62,1,0.0,224.7,5,3,0,0.0,0,desktop,Organic Search,1,-1.9235,-1.4248,-1.9235,-1.4248,-0.6412,At-Risk / Inactive Customers,#EF4444
9634694.61063601,45,1,0.0,217.1,7,3,0,0.0,0,mobile,Direct,1,-1.7399,-1.1472,-1.7399,-1.1472,-0.6459,At-Risk / Inactive Customers,#EF4444
8951493.53304885,69,4,0.0,679.5,15,3,0,0.0,0,mobile,Direct,3,-1.974,1.8942,-1.974,1.8942,-0.6045,Potential Loyalists,#3B82F6
8685587.98707823,78,2,0.0,388.2,13,1,0,0.0,0,mobile,Paid Search,1,-2.3826,0.5408,-2.3826,0.5408,-0.7548,At-Risk / Inactive Customers,#EF4444
5301726.72885956,44,5,0.0,720.4,20,2,0,0.0,0,mobile,Direct,3,-1.8529,2.4944,-1.8529,2.4944,-0.6679,Potential Loyalists,#3B82F6
5802206.91089643,71,1,0.0,219.2,8,3,0,0.0,0,desktop,Organic Search,1,-2.0003,-1.0183,-2.0003,-1.0183,-0.6335,At-Risk / Inactive Customers,#EF4444
2540844.77591893,46,1,0.0,118.2,5,1,0,0.0,0,desktop,Organic Search,1,-2.0863,-2.0092,-2.0863,-2.0092,-0.7971,At-Risk / Inactive Customers,#EF4444
8584824.40032464,53,1,0.0,166.0,7,2,0,0.0,0,mobile,Organic Search,1,-1.9715,-1.3949,-1.9715,-1.3949,-0.7038,At-Risk / Inactive Customers,#EF4444
4773258.94513970,82,1,0.0,242.1,5,2,0,0.0,0,mobile,Affiliates,1,-2.2221,-1.3559,-2.2221,-1.3559,-0.6914,At-Risk / Inactive Customers,#EF4444
7427930.73532473,79,12,0.0,3470.4,81,2,0,0.0,0,mobile,Paid Search,3,-2.1812,4.4602,-2.1812,4.4602,-0.6338,Potential Loyalists,#3B82F6
3572464.18227506,75,1,0.0,183.3,3,1,0,0.0,0,mobile,Referral,1,-2.3667,-2.0398,-2.3667,-2.0398,-0.784,At-Risk / Inactive Customers,#EF4444
8762395.20031245,51,2,0.0,585.3,14,1,0,0.0,0,mobile,Referral,1,-2.139,1.0009,-2.139,1.0009,-0.7584,At-Risk / Inactive Customers,#EF4444
5882437.95447327,42,3,0.0,724.0,17,1,0,0.0,0,mobile,Paid Search,3,-2.0254,1.787,-2.0254,1.787,-0.7557,Potential Loyalists,#3B82F6
5637986.65997856,89,1,0.0,135.6,5,1,0,0.0,0,desktop,Referral,1,-2.4642,-1.8899,-2.4642,-1.8899,-0.7793,At-Risk / Inactive Customers,#EF4444
5463535.28826072,80,18,0.0,2332.3,104,2,0,0.0,0,desktop,Organic Search,3,-2.1885,4.46,-2.1885,4.46,-0.6335,Potential Loyalists,#3B82F6
1180894.45745290,43,1,0.0,212.9,6,2,0,0.0,0,desktop,Referral,1,-1.8526,-1.3039,-1.8526,-1.3039,-0.7069,At-Risk / Inactive Customers,#EF4444
6742068.72436779,91,2,0.0,580.1,13,1,0,0.0,0,desktop,Display,1,-2.4711,0.9126,-2.4711,0.9126,-0.7455,At-Risk / Inactive Customers,#EF4444
4250131.42932263,91,2,0.0,398.0,16,1,0,0.0,0,desktop,Referral,1,-2.4708,0.7686,-2.4708,0.7686,-0.7485,At-Risk / Inactive Customers,#EF4444
6357053.81982954,73,1,0.0,111.1,5,1,0,0.0,0,desktop,Direct,1,-2.3504,-2.0718,-2.3504,-2.0718,-0.7869,At-Risk / Inactive Customers,#EF4444
7897212.61118440,68,2,0.0,418.2,12,2,0,0.0,0,desktop,Organic Search,1,-2.1091,0.5287,-2.1091,0.5287,-0.6761,At-Risk / Inactive Customers,#EF4444
4407893.57433633,60,3,0.0,303.8,16,2,0,0.0,0,desktop,Direct,1,-2.0343,0.9106,-2.0343,0.9106,-0.6782,At-Risk / Inactive Customers,#EF4444
2049346.82144596,40,3,0.0,625.5,20,1,0,0.0,0,desktop,Organic Search,3,-1.9974,1.8154,-1.9974,1.8154,-0.7571,Potential Loyalists,#3B82F6
5997456.15876256,64,1,0.0,223.4,7,3,0,0.0,0,mobile,Direct,1,-1.941,-1.1247,-1.941,-1.1247,-0.6371,At-Risk / Inactive Customers,#EF4444
5043351.53864250,73,3,0.0,404.8,19,2,0,0.0,0,tablet,Display,1,-2.1462,1.3478,-2.1462,1.3478,-0.6676,At-Risk / Inactive Customers,#EF4444
3120843.78775179,74,1,0.0,146.2,6,1,0,0.0,0,tablet,Organic Search,1,-2.3578,-1.6542,-2.3578,-1.6542,-0.7809,At-Risk / Inactive Customers,#EF4444
7236416.16793505,48,12,0.0,2340.3,82,1,0,0.0,0,mobile,Referral,3,-2.0909,4.47,-2.0909,4.47,-0.7276,Potential Loyalists,#3B82F6
8861465.32097544,48,4,0.0,935.8,27,3,0,0.0,0,mobile,Referral,3,-1.7652,2.7912,-1.7652,2.7912,-0.6022,Potential Loyalists,#3B82F6
7703627.74599126,90,1,0.0,132.1,2,1,0,0.0,0,mobile,Paid Search,1,-2.4722,-2.6511,-2.4722,-2.6511,-0.7875,At-Risk / Inactive Customers,#EF4444
8132614.98590017,49,3,0.0,402.8,14,3,0,0.0,0,mobile,Organic Search,1,-1.7805,1.039,-1.7805,1.039,-0.6225,At-Risk / Inactive Customers,#EF4444
5857551.47273939,51,2,0.0,243.0,10,3,0,0.0,0,desktop,Direct,1,-1.8068,-0.1528,-1.8068,-0.1528,-0.6345,At-Risk / Inactive Customers,#EF4444
8546413.84920293,50,3,0.0,334.6,12,1,0,0.0,0,desktop,Direct,1,-2.1255,0.7213,-2.1255,0.7213,-0.7661,At-Risk / Inactive Customers,#EF4444
9564313.61270275,82,4,0.0,444.8,18,3,0,0.0,0,mobile,Organic Search,3,-2.0728,1.6808,-2.0728,1.6808,-0.6043,Potential Loyalists,#3B82F6
5508996.93412597,84,1,0.0,244.5,7,2,0,0.0,0,desktop,Referral,1,-2.2353,-1.0412,-2.2353,-1.0412,-0.6874,At-Risk / Inactive Customers,#EF4444
7109358.59003309,90,1,0.0,224.0,6,1,0,0.0,0,mobile,Organic Search,1,-2.4702,-1.2611,-2.4702,-1.2611,-0.7703,At-Risk / Inactive Customers,#EF4444
2192344.71879500,41,2,0.0,166.2,7,3,0,0.0,0,tablet,Direct,1,-1.6833,-0.841,-1.6833,-0.841,-0.6487,At-Risk / Inactive Customers,#EF4444
6941318.33135558,79,2,0.0,412.5,11,3,0,0.0,0,desktop,Organic Search,1,-2.0571,0.4262,-2.0571,0.4262,-0.6156,At-Risk / Inactive Customers,#EF4444
7489777.99152045,77,4,0.0,279.1,16,1,0,0.0,0,desktop,Organic Search,1,-2.3701,1.1373,-2.3701,1.1373,-0.7535,At-Risk / Inactive Customers,#EF4444
8108996.91359618,64,5,0.0,537.9,28,2,0,0.0,0,desktop,Paid Search,3,-2.0662,2.5614,-2.0662,2.5614,-0.6593,Potential Loyalists,#3B82F6
9998941.30779256,53,4,0.0,459.0,22,3,0,0.0,0,desktop,Referral,3,-1.8223,1.9182,-1.8223,1.9182,-0.6121,Potential Loyalists,#3B82F6
9144647.97297549,53,1,0.0,238.7,6,3,0,0.0,0,desktop,Organic Search,1,-1.8334,-1.2031,-1.8334,-1.2031,-0.6423,At-Risk / Inactive Customers,#EF4444
2151638.56546385,59,1,0.0,176.3,9,2,0,0.0,0,mobile,Direct,1,-2.0323,-1.1032,-2.0323,-1.1032,-0.6978,At-Risk / Inactive Customers,#EF4444
5632926.41621490,86,2,0.0,300.2,15,2,0,0.0,0,mobile,Organic Search,1,-2.2436,0.4387,-2.2436,0.4387,-0.6727,At-Risk / Inactive Customers,#EF4444
6376955.15809362,56,1,0.0,357.0,9,3,0,0.0,0,desktop,Organic Search,1,-1.864,-0.4507,-1.864,-0.4507,-0.6312,At-Risk / Inactive Customers,#EF4444
1517435.89690133,85,8,0.0,1098.1,28,2,0,0.0,0,mobile,Referral,3,-2.2252,3.775,-2.2252,3.775,-0.6393,Potential Loyalists,#3B82F6
5340690.98987750,42,3,0.0,196.4,8,1,0,0.0,0,tablet,Organic Search,1,-2.0272,-0.1621,-2.0272,-0.1621,-0.782,At-Risk / Inactive Customers,#EF4444
6287291.35707846,47,1,0.0,261.3,6,3,0,0.0,0,tablet,Direct,1,-1.7649,-1.1177,-1.7649,-1.1177,-0.6439,At-Risk / Inactive Customers,#EF4444
3745547.24474524,63,3,0.0,476.4,17,2,0,0.0,0,desktop,Affiliates,3,-2.062,1.3889,-2.062,1.3889,-0.6701,Potential Loyalists,#3B82F6
9323517.95336168,40,3,0.0,406.8,23,3,0,0.0,0,desktop,Direct,3,-1.6641,1.5502,-1.6641,1.5502,-0.6218,Potential Loyalists,#3B82F6
6804729.47563758,50,2,0.0,242.4,11,2,0,0.0,0,desktop,Organic Search,1,-1.9336,-0.0594,-1.9336,-0.0594,-0.692,At-Risk / Inactive Customers,#EF4444
5200842.36663641,64,1,0.0,225.4,8,2,0,0.0,0,desktop,Organic Search,1,-2.079,-0.9883,-2.079,-0.9883,-0.6937,At-Risk / Inactive Customers,#EF4444
8795144.20143287,57,5,0.0,1055.2,30,3,0,0.0,0,desktop,Organic Search,3,-1.8613,3.2577,-1.8613,3.2577,-0.5938,Potential Loyalists,#3B82F6
1876651.91390906,54,1,0.0,377.4,9,1,0,0.0,0,mobile,Direct,1,-2.1764,-0.3916,-2.1764,-0.3916,-0.7711,At-Risk / Inactive Customers,#EF4444
3340338.19230209,55,1,0.0,290.0,6,2,0,0.0,0,mobile,Direct,1,-1.9928,-1.0199,-1.9928,-1.0199,-0.6967,At-Risk / Inactive Customers,#EF4444
1489663.69932311,82,3,0.0,330.3,8,3,0,0.0,0,mobile,Organic Search,1,-2.0765,0.3056,-2.0765,0.3056,-0.6189,At-Risk / Inactive Customers,#EF4444
6448448.26841280,85,1,0.0,123.9,3,2,0,0.0,0,desktop,Direct,1,-2.2438,-2.4079,-2.2438,-2.4079,-0.7046,At-Risk / Inactive Customers,#EF4444
8944191.36151078,74,4,0.0,1028.1,25,2,0,0.0,0,mobile,Organic Search,3,-2.1512,2.7979,-2.1512,2.7979,-0.6494,Potential Loyalists,#3B82F6
4738557.76029257,57,2,0.0,223.4,10,3,0,0.0,0,desktop,Referral,1,-1.8703,-0.2321,-1.8703,-0.2321,-0.633,At-Risk / Inactive Customers,#EF4444
3720950.81629480,80,1,0.0,374.1,9,1,0,0.0,0,desktop,Organic Search,1,-2.4016,-0.4043,-2.4016,-0.4043,-0.7618,At-Risk / Inactive Customers,#EF4444
2196252.33488183,54,1,0.0,188.9,4,3,0,0.0,0,desktop,Referral,1,-1.8449,-1.778,-1.8449,-1.778,-0.649,At-Risk / Inactive Customers,#EF4444
7929985.32762991,46,3,0.0,285.1,12,1,0,0.0,0,mobile,Display,1,-2.0781,0.5736,-2.0781,0.5736,-0.7704,At-Risk / Inactive Customers,#EF4444
6178295.36833775,50,4,0.0,297.7,16,2,0,0.0,0,mobile,Organic Search,1,-1.9281,1.1981,-1.9281,1.1981,-0.6811,At-Risk / Inactive Customers,#EF4444
6306677.57642890,84,6,0.0,504.6,21,2,0,0.0,0,mobile,Organic Search,3,-2.2215,2.4153,-2.2215,2.4153,-0.6557,Potential Loyalists,#3B82F6
2954119.65304173,64,2,0.0,167.6,7,3,0,0.0,0,desktop,Referral,1,-1.9374,-0.8384,-1.9374,-0.8384,-0.638,At-Risk / Inactive Customers,#EF4444
7541923.95582916,45,1,0.0,234.3,10,1,0,0.0,0,desktop,Organic Search,1,-2.0723,-0.7309,-2.0723,-0.7309,-0.781,At-Risk / Inactive Customers,#EF4444
1942928.52655414,62,4,0.0,576.5,20,2,0,0.0,0,desktop,Direct,3,-2.0504,2.0345,-2.0504,2.0345,-0.6643,Potential Loyalists,#3B82F6
6647761.26004682,88,1,0.0,188.0,5,2,0,0.0,0,desktop,Organic Search,1,-2.2628,-1.5913,-2.2628,-1.5913,-0.6933,At-Risk / Inactive Customers,#EF4444
2785614.52686365,60,2,0.0,294.6,10,2,0,0.0,0,tablet,Organic Search,1,-2.0379,0.027,-2.0379,0.027,-0.686,At-Risk / Inactive Customers,#EF4444
3198669.98407938,67,1,0.0,342.5,9,3,0,0.0,0,mobile,Referral,1,-1.9667,-0.4913,-1.9667,-0.4913,-0.6275,At-Risk / Inactive Customers,#EF4444
1249144.45462941,61,3,0.0,544.9,19,2,0,0.0,0,mobile,Organic Search,3,-2.0432,1.6262,-2.0432,1.6262,-0.6678,Potential Loyalists,#3B82F6
1324665.31118945,41,1,0.0,112.6,4,2,0,0.0,0,mobile,Organic Search,1,-1.8264,-2.2507,-1.8264,-2.2507,-0.7208,At-Risk / Inactive Customers,#EF4444
4727268.40257711,81,1,0.0,215.8,4,1,0,0.0,0,mobile,Referral,1,-2.4104,-1.6522,-2.4104,-1.6522,-0.7773,At-Risk / Inactive Customers,#EF4444
4672535.14767891,53,2,0.0,210.5,11,2,0,0.0,0,mobile,Direct,1,-1.9669,-0.191,-1.9669,-0.191,-0.6926,At-Risk / Inactive Customers,#EF4444
2877886.75264085,81,2,0.0,501.5,16,3,0,0.0,0,desktop,Direct,1,-2.0706,0.9778,-2.0706,0.9778,-0.6082,At-Risk / Inactive Customers,#EF4444
9833598.93507421,90,5,0.0,986.8,29,1,0,0.0,0,mobile,Direct,3,-2.4566,3.1623,-2.4566,3.1623,-0.724,Potential Loyalists,#3B82F6
9157700.69414053,60,2,0.0,379.0,16,1,0,0.0,0,desktop,Organic Search,1,-2.2317,0.728,-2.2317,0.728,-0.7592,At-Risk / Inactive Customers,#EF4444
6900503.86976106,63,2,0.0,363.0,8,3,0,0.0,0,desktop,Direct,1,-1.9279,0.0042,-1.9279,0.0042,-0.6262,At-Risk / Inactive Customers,#EF4444
2707842.16136184,65,3,0.0,363.4,14,2,0,0.0,0,desktop,Display,1,-2.0803,0.943,-2.0803,0.943,-0.6753,At-Risk / Inactive Customers,#EF4444
4300620.26511800,70,1,0.0,147.0,5,3,0,0.0,0,mobile,Display,1,-1.9931,-1.8195,-1.9931,-1.8195,-0.6442,At-Risk / Inactive Customers,#EF4444
6254562.59660521,82,5,0.0,332.4,14,3,0,0.0,0,mobile,Organic Search,3,-2.0717,1.4073,-2.0717,1.4073,-0.6097,Potential Loyalists,#3B82F6
1287965.60285599,77,3,0.0,408.8,12,3,0,0.0,0,mobile,Direct,1,-2.0395,0.8954,-2.0395,0.8954,-0.6132,At-Risk / Inactive Customers,#EF4444
3585850.22236397,78,1,0.0,140.0,3,2,0,0.0,0,mobile,Direct,1,-2.1944,-2.294,-2.1944,-2.294,-0.705,At-Risk / Inactive Customers,#EF4444
3130020.33975107,91,2,0.0,311.9,9,1,0,0.0,0,desktop,Organic Search,1,-2.472,-0.022,-2.472,-0.022,-0.7581,At-Risk / Inactive Customers,#EF4444
1414905.46961701,53,1,0.0,353.1,8,1,0,0.0,0,desktop,Direct,1,-2.1659,-0.5653,-2.1659,-0.5653,-0.7737,At-Risk / Inactive Customers,#EF4444
5048345.32973231,52,4,0.0,745.7,19,3,0,0.0,0,desktop,Organic Search,3,-1.8116,2.2212,-1.8116,2.2212,-0.6074,Potential Loyalists,#3B82F6
8909887.39560261,47,1,0.0,122.9,7,3,0,0.0,0,desktop,Organic Search,1,-1.7648,-1.6746,-1.7648,-1.6746,-0.6528,At-Risk / Inactive Customers,#EF4444
4472368.24956154,66,1,0.0,96.3,5,3,0,0.0,0,desktop,Affiliates,1,-1.9595,-2.2096,-1.9595,-2.2096,-0.6515,At-Risk / Inactive Customers,#EF4444
8091908.57201423,74,1,0.0,240.6,5,2,0,0.0,0,desktop,Paid Search,1,-2.1631,-1.3605,-2.1631,-1.3605,-0.694,At-Risk / Inactive Customers,#EF4444
7242785.15242104,91,2,0.0,455.2,14,3,0,0.0,0,mobile,Paid Search,1,-2.1379,0.7534,-2.1379,0.7534,-0.6082,At-Risk / Inactive Customers,#EF4444
6084763.33171832,57,1,0.0,192.5,5,2,0,0.0,0,mobile,Paid Search,1,-2.0137,-1.5644,-2.0137,-1.5644,-0.7034,At-Risk / Inactive Customers,#EF4444
4848769.76425606,68,1,0.0,142.3,4,2,0,0.0,0,desktop,Direct,1,-2.1152,-2.0401,-2.1152,-2.0401,-0.7055,At-Risk / Inactive Customers,#EF4444
3814463.17400614,67,2,0.0,465.4,14,3,0,0.0,0,desktop,Organic Search,1,-1.962,0.7775,-1.962,0.7775,-0.6153,At-Risk / Inactive Customers,#EF4444
8156187.58908273,53,1,0.0,259.0,6,2,0,0.0,0,desktop,Direct,1,-1.9717,-1.1244,-1.9717,-1.1244,-0.6992,At-Risk / Inactive Customers,#EF4444
3576687.84833215,70,3,0.0,684.8,19,2,0,0.0,0,desktop,Referral,3,-2.122,1.8372,-2.122,1.8372,-0.6613,Potential Loyalists,#3B82F6
1280707.30963590,74,1,0.0,192.5,7,1,0,0.0,0,mobile,Display,1,-2.3575,-1.2574,-2.3575,-1.2574,-0.7755,At-Risk / Inactive Customers,#EF4444
6616585.88077752,61,1,0.0,99.9,4,2,0,0.0,0,desktop,Organic Search,1,-2.053,-2.3657,-2.053,-2.3657,-0.713,At-Risk / Inactive Customers,#EF4444
9928190.10179217,64,1,0.0,255.8,5,1,0,0.0,0,mobile,Organic Search,1,-2.2748,-1.2979,-2.2748,-1.2979,-0.7784,At-Risk / Inactive Customers,#EF4444
7531659.59861781,76,1,0.0,322.8,7,2,0,0.0,0,desktop,Direct,1,-2.1778,-0.7821,-2.1778,-0.7821,-0.6859,At-Risk / Inactive Customers,#EF4444
5046845.62647791,46,2,0.0,338.0,12,1,0,0.0,0,mobile,Direct,1,-2.0807,0.3395,-2.0807,0.3395,-0.7702,At-Risk / Inactive Customers,#EF4444
8742330.10547922,82,3,0.0,213.9,13,1,0,0.0,0,desktop,Organic Search,1,-2.4088,0.379,-2.4088,0.379,-0.7597,At-Risk / Inactive Customers,#EF4444
8773926.62036194,41,2,0.0,203.7,9,1,0,0.0,0,mobile,Organic Search,1,-2.0159,-0.4082,-2.0159,-0.4082,-0.7831,At-Risk / Inactive Customers,#EF4444
5565415.65727671,66,3,0.0,541.2,14,3,0,0.0,0,mobile,Referral,3,-1.9507,1.3102,-1.9507,1.3102,-0.6113,Potential Loyalists,#3B82F6
4274568.11018136,45,3,0.0,354.9,11,3,0,0.0,0,desktop,Affiliates,1,-1.7325,0.6851,-1.7325,0.6851,-0.6289,At-Risk / Inactive Customers,#EF4444
2752437.87960004,50,1,0.0,91.1,3,2,0,0.0,0,desktop,Direct,1,-1.9399,-2.6857,-1.9399,-2.6857,-0.7216,At-Risk / Inactive Customers,#EF4444
7563219.11152493,77,1,0.0,326.5,8,2,0,0.0,0,desktop,Direct,1,-2.185,-0.6465,-2.185,-0.6465,-0.684,At-Risk / Inactive Customers,#EF4444
2461403.86117962,91,5,0.0,822.7,31,3,0,0.0,0,desktop,Direct,3,-2.1297,3.0544,-2.1297,3.0544,-0.5857,Potential Loyalists,#3B82F6
3332080.87485152,70,1,0.0,221.1,10,2,0,0.0,0,mobile,Organic Search,1,-2.13,-0.7939,-2.13,-0.7939,-0.6894,At-Risk / Inactive Customers,#EF4444
6556437.72932059,79,3,0.0,627.0,17,3,0,0.0,0,desktop,Organic Search,3,-2.0535,1.6388,-2.0535,1.6388,-0.6028,Potential Loyalists,#3B82F6
6580906.52519240,79,3,0.0,378.2,9,3,0,0.0,0,desktop,Email,1,-2.0549,0.5439,-2.0549,0.5439,-0.6167,At-Risk / Inactive Customers,#EF4444
9934841.98603152,81,3,0.0,676.5,18,2,0,0.0,0,mobile,Organic Search,3,-2.2059,1.7697,-2.2059,1.7697,-0.6585,Potential Loyalists,#3B82F6
1887969.48461839,68,4,0.0,477.8,24,1,0,0.0,0,mobile,Referral,3,-2.2978,2.0483,-2.2978,2.0483,-0.7444,Potential Loyalists,#3B82F6
6676574.22989631,76,2,0.0,255.3,7,1,0,0.0,0,mobile,Direct,1,-2.369,-0.443,-2.369,-0.443,-0.7678,At-Risk / Inactive Customers,#EF4444
6708189.10677398,77,1,0.0,165.9,6,3,0,0.0,0,desktop,Direct,1,-2.0475,-1.5447,-2.0475,-1.5447,-0.6384,At-Risk / Inactive Customers,#EF4444
5430127.44854648,87,1,0.0,429.7,9,2,0,0.0,0,desktop,Direct,1,-2.2549,-0.2806,-2.2549,-0.2806,-0.676,At-Risk / Inactive Customers,#EF4444
6336988.36517839,90,3,0.0,316.8,16,1,0,0.0,0,desktop,Direct,1,-2.4618,0.9489,-2.4618,0.9489,-0.7497,At-Risk / Inactive Customers,#EF4444
6949608.60533323,70,3,0.0,466.2,24,3,0,0.0,0,mobile,Organic Search,3,-1.9834,1.7139,-1.9834,1.7139,-0.606,Potential Loyalists,#3B82F6
9591300.77986683,77,4,0.0,353.1,20,3,0,0.0,0,tablet,Email,3,-2.0365,1.5733,-2.0365,1.5733,-0.6079,Potential Loyalists,#3B82F6
4628017.65533254,76,2,0.0,259.2,12,1,0,0.0,0,desktop,Direct,1,-2.3679,0.0872,-2.3679,0.0872,-0.7619,At-Risk / Inactive Customers,#EF4444
3864861.54190003,49,1,0.0,164.8,3,2,0,0.0,0,mobile,Organic Search,1,-1.9282,-2.1376,-1.9282,-2.1376,-0.7139,At-Risk / Inactive Customers,#EF4444
3278044.66211749,44,3,0.0,402.6,18,2,0,0.0,0,mobile,Organic Search,3,-1.857,1.294,-1.857,1.294,-0.6804,Potential Loyalists,#3B82F6
1650357.62721582,52,1,0.0,352.0,7,3,0,0.0,0,desktop,Direct,1,-1.8222,-0.7002,-1.8222,-0.7002,-0.6357,At-Risk / Inactive Customers,#EF4444
8048293.50855528,59,3,0.0,901.2,22,2,0,0.0,0,mobile,Organic Search,3,-2.0237,2.2433,-2.0237,2.2433,-0.6599,Potential Loyalists,#3B82F6
3941062.60184300,73,2,0.0,372.3,14,2,0,0.0,0,mobile,Organic Search,1,-2.1495,0.572,-2.1495,0.572,-0.6744,At-Risk / Inactive Customers,#EF4444
5838166.16903972,53,3,0.0,309.1,16,2,0,0.0,0,desktop,Referral,1,-1.9634,0.9281,-1.9634,0.9281,-0.6809,At-Risk / Inactive Customers,#EF4444
6967481.36081215,69,2,0.0,364.8,12,1,0,0.0,0,desktop,Organic Search,1,-2.3124,0.4057,-2.3124,0.4057,-0.7595,At-Risk / Inactive Customers,#EF4444
3962514.73798946,62,5,0.0,808.8,19,1,0,0.0,0,mobile,Organic Search,3,-2.2436,2.5504,-2.2436,2.5504,-0.7405,Potential Loyalists,#3B82F6
6140993.65115189,74,1,0.0,221.8,6,3,0,0.0,0,mobile,Organic Search,1,-2.0246,-1.275,-2.0246,-1.275,-0.6353,At-Risk / Inactive Customers,#EF4444
5258588.91022268,76,2,0.0,167.7,8,1,0,0.0,0,mobile,Organic Search,1,-2.3688,-0.7075,-2.3688,-0.7075,-0.7723,At-Risk / Inactive Customers,#EF4444
2950821.82681892,56,1,0.0,361.6,9,1,0,0.0,0,desktop,Organic Search,1,-2.1972,-0.4318,-2.1972,-0.4318,-0.7708,At-Risk / Inactive Customers,#EF4444
3238170.83343557,90,2,0.0,576.1,14,2,0,0.0,0,desktop,Organic Search,1,-2.2697,0.9755,-2.2697,0.9755,-0.6632,At-Risk / Inactive Customers,#EF4444
8526433.10900588,56,2,0.0,198.0,8,3,0,0.0,0,mobile,Display,1,-1.8607,-0.5572,-1.8607,-0.5572,-0.6375,At-Risk / Inactive Customers,#EF4444
5945493.55009667,91,2,0.0,477.8,14,1,0,0.0,0,tablet,Organic Search,1,-2.471,0.8055,-2.471,0.8055,-0.7474,At-Risk / Inactive Customers,#EF4444
4640164.30539926,51,3,0.0,361.9,20,1,0,0.0,0,mobile,Direct,1,-2.1358,1.3038,-2.1358,1.3038,-0.759,At-Risk / Inactive Customers,#EF4444
1891831.30430550,50,1,0.0,224.7,5,1,0,0.0,0,mobile,Organic Search,1,-2.1337,-1.4153,-2.1337,-1.4153,-0.7861,At-Risk / Inactive Customers,#EF4444
1954291.85679312,70,2,0.0,190.6,9,3,0,0.0,0,desktop,Organic Search,1,-1.9882,-0.483,-1.9882,-0.483,-0.6314,At-Risk / Inactive Customers,#EF4444
4203456.51836527,91,8,0.0,969.0,23,3,0,0.0,0,desktop,Organic Search,3,-2.1266,3.4537,-2.1266,3.4537,-0.5836,Potential Loyalists,#3B82F6
6764951.64825147,61,2,0.0,293.2,7,1,0,0.0,0,desktop,Referral,1,-2.2429,-0.312,-2.2429,-0.312,-0.7711,At-Risk / Inactive Customers,#EF4444
2102600.97787016,42,1,0.0,417.7,10,3,0,0.0,0,mobile,Referral,1,-1.6998,-0.2002,-1.6998,-0.2002,-0.6347,At-Risk / Inactive Customers,#EF4444
7112453.66344932,72,1,0.0,302.8,6,2,0,0.0,0,desktop,Direct,1,-2.147,-0.9828,-2.147,-0.9828,-0.6896,At-Risk / Inactive Customers,#EF4444
1330388.84832796,62,1,0.0,161.7,4,2,0,0.0,0,desktop,Paid Search,1,-2.0622,-1.9207,-2.0622,-1.9207,-0.7059,At-Risk / Inactive Customers,#EF4444
6314051.67216618,57,1,0.0,260.1,6,1,0,0.0,0,desktop,Referral,1,-2.2081,-1.1172,-2.2081,-1.1172,-0.7792,At-Risk / Inactive Customers,#EF4444
4206892.67074586,61,1,0.0,106.5,3,2,0,0.0,0,desktop,Referral,1,-2.0535,-2.5439,-2.0535,-2.5439,-0.7147,At-Risk / Inactive Customers,#EF4444
1357653.29965403,72,2,0.0,129.8,6,2,0,0.0,0,desktop,Direct,1,-2.1435,-1.2153,-2.1435,-1.2153,-0.6983,At-Risk / Inactive Customers,#EF4444
8693432.60308631,61,2,0.0,437.1,11,2,0,0.0,0,mobile,Organic Search,1,-2.047,0.486,-2.047,0.486,-0.679,At-Risk / Inactive Customers,#EF4444
3953991.78601726,84,3,0.0,311.0,17,1,0,0.0,0,desktop,Referral,1,-2.422,0.9933,-2.422,0.9933,-0.7509,At-Risk / Inactive Customers,#EF4444
9597654.65671232,59,1,0.0,238.8,6,2,0,0.0,0,desktop,Organic Search,1,-2.033,-1.201,-2.033,-1.201,-0.6977,At-Risk / Inactive Customers,#EF4444
1200923.73872595,65,1,0.0,389.0,10,1,0,0.0,0,mobile,Organic Search,1,-2.2822,-0.2643,-2.2822,-0.2643,-0.7651,At-Risk / Inactive Customers,#EF4444
7979918.63494431,67,1,0.0,167.5,3,2,0,0.0,0,mobile,Organic Search,1,-2.1071,-2.1262,-2.1071,-2.1262,-0.7062,At-Risk / Inactive Customers,#EF4444
9882080.65404358,69,2,0.0,504.3,11,2,0,0.0,0,desktop,Direct,1,-2.1176,0.6175,-2.1176,0.6175,-0.6741,At-Risk / Inactive Customers,#EF4444
4361798.62099142,69,1,0.0,112.9,4,1,0,0.0,0,desktop,Direct,1,-2.3185,-2.2501,-2.3185,-2.2501,-0.7901,At-Risk / Inactive Customers,#EF4444
1790400.65382949,87,1,0.0,202.0,6,3,0,0.0,0,mobile,Direct,1,-2.1176,-1.3636,-2.1176,-1.3636,-0.6327,At-Risk / Inactive Customers,#EF4444
5941503.29264013,48,6,0.0,935.2,32,1,0,0.0,0,desktop,Direct,3,-2.0949,3.431,-2.0949,3.431,-0.7375,Potential Loyalists,#3B82F6
4218127.77262594,53,2,0.0,573.8,13,3,0,0.0,0,desktop,Direct,1,-1.828,0.9016,-1.828,0.9016,-0.6188,At-Risk / Inactive Customers,#EF4444
6383315.83541856,56,5,0.0,609.8,21,2,0,0.0,0,desktop,Paid Search,3,-1.9904,2.386,-1.9904,2.386,-0.664,Potential Loyalists,#3B82F6
8786990.90658947,77,2,0.0,415.7,12,3,0,0.0,0,desktop,Affiliates,1,-2.0422,0.5188,-2.0422,0.5188,-0.6152,At-Risk / Inactive Customers,#EF4444
4828812.71997381,76,1,0.0,223.2,7,2,0,0.0,0,mobile,Organic Search,1,-2.1779,-1.1246,-2.1779,-1.1246,-0.691,At-Risk / Inactive Customers,#EF4444
4399266.22788581,60,3,0.0,660.5,17,3,0,0.0,0,desktop,Referral,3,-1.8957,1.6904,-1.8957,1.6904,-0.6087,Potential Loyalists,#3B82F6
7640268.19570272,54,3,0.0,560.8,18,2,0,0.0,0,mobile,Paid Search,3,-1.9736,1.5998,-1.9736,1.5998,-0.6709,Potential Loyalists,#3B82F6
5349140.44271212,51,1,0.0,109.8,5,1,0,0.0,0,mobile,Direct,1,-2.1452,-2.0785,-2.1452,-2.0785,-0.7956,At-Risk / Inactive Customers,#EF4444
7803307.69138366,43,2,0.0,534.9,11,3,0,0.0,0,desktop,Organic Search,1,-1.7092,0.6748,-1.7092,0.6748,-0.6265,At-Risk / Inactive Customers,#EF4444
9802109.30915954,68,2,0.0,226.3,8,2,0,0.0,0,mobile,Organic Search,1,-2.1101,-0.4326,-2.1101,-0.4326,-0.689,At-Risk / Inactive Customers,#EF4444
2403441.71052706,87,1,0.0,210.3,5,3,0,0.0,0,tablet,Affiliates,1,-2.1179,-1.4902,-2.1179,-1.4902,-0.6339,At-Risk / Inactive Customers,#EF4444
3042704.58749382,49,2,0.0,419.0,13,1,0,0.0,0,mobile,Referral,1,-2.1164,0.6172,-2.1164,0.6172,-0.7649,At-Risk / Inactive Customers,#EF4444
7309309.62187387,62,1,0.0,158.4,7,1,0,0.0,0,desktop,Organic Search,1,-2.2561,-1.436,-2.2561,-1.436,-0.7825,At-Risk / Inactive Customers,#EF4444
3948357.64888172,44,3,0.0,368.4,8,1,0,0.0,0,desktop,Organic Search,1,-2.0535,0.4213,-2.0535,0.4213,-0.7721,At-Risk / Inactive Customers,#EF4444
2421328.86802527,51,1,0.0,226.3,7,1,0,0.0,0,mobile,Direct,1,-2.1443,-1.1031,-2.1443,-1.1031,-0.7822,At-Risk / Inactive Customers,#EF4444
4887562.99897780,49,1,0.0,138.7,5,3,0,0.0,0,tablet,Affiliates,1,-1.7891,-1.8691,-1.7891,-1.8691,-0.6535,At-Risk / Inactive Customers,#EF4444
5729744.17346468,60,1,0.0,152.2,7,2,0,0.0,0,desktop,Direct,1,-2.0424,-1.4767,-2.0424,-1.4767,-0.7021,At-Risk / Inactive Customers,#EF4444
4812169.89002085,63,1,0.0,355.9,9,2,0,0.0,0,desktop,Organic Search,1,-2.0697,-0.452,-2.0697,-0.452,-0.6864,At-Risk / Inactive Customers,#EF4444
6945512.98132237,75,2,0.0,292.8,15,2,0,0.0,0,desktop,Direct,1,-2.165,0.4171,-2.165,0.4171,-0.6763,At-Risk / Inactive Customers,#EF4444
1282601.33297282,71,2,0.0,270.4,12,3,0,0.0,0,mobile,Direct,1,-1.9957,0.1202,-1.9957,0.1202,-0.6231,At-Risk / Inactive Customers,#EF4444
4850993.16742461,63,2,0.0,135.1,5,1,0,0.0,0,desktop,Paid Search,1,-2.2622,-1.3365,-2.2622,-1.3365,-0.7845,At-Risk / Inactive Customers,#EF4444
1088000.28294816,81,2,0.0,604.2,13,1,0,0.0,0,desktop,Organic Search,1,-2.4041,0.9518,-2.4041,0.9518,-0.7477,At-Risk / Inactive Customers,#EF4444
7573414.43527662,78,1,0.0,174.1,6,1,0,0.0,0,desktop,Organic Search,1,-2.388,-1.4931,-2.388,-1.4931,-0.7772,At-Risk / Inactive Customers,#EF4444
1395919.66405807,85,8,0.0,1124.1,25,3,0,0.0,0,mobile,Referral,3,-2.0871,3.6778,-2.0871,3.6778,-0.5822,Potential Loyalists,#3B82F6
4514406.57767577,67,3,0.0,502.4,18,1,0,0.0,0,mobile,Referral,1,-2.292,1.4992,-2.292,1.4992,-0.749,At-Risk / Inactive Customers,#EF4444
5183170.28526442,50,1,0.0,227.6,8,1,0,0.0,0,mobile,Direct,1,-2.1328,-0.9723,-2.1328,-0.9723,-0.7812,At-Risk / Inactive Customers,#EF4444
7517163.17154058,87,2,0.0,254.4,6,1,0,0.0,0,desktop,Paid Search,1,-2.4469,-0.5898,-2.4469,-0.5898,-0.7662,At-Risk / Inactive Customers,#EF4444
4484686.12200712,58,2,0.0,196.0,11,1,0,0.0,0,mobile,Organic Search,1,-2.2133,-0.2541,-2.2133,-0.2541,-0.7732,At-Risk / Inactive Customers,#EF4444
6137711.73573475,87,1,0.0,224.6,5,2,0,0.0,0,desktop,Direct,1,-2.2562,-1.4262,-2.2562,-1.4262,-0.6911,At-Risk / Inactive Customers,#EF4444
1860233.55229354,46,3,0.0,782.9,18,3,0,0.0,0,desktop,Direct,3,-1.7439,1.9092,-1.7439,1.9092,-0.612,Potential Loyalists,#3B82F6
6879934.35472988,40,2,0.0,442.7,17,2,0,0.0,0,desktop,Organic Search,1,-1.8056,0.9337,-1.8056,0.9337,-0.6842,At-Risk / Inactive Customers,#EF4444
1961422.55684163,67,2,0.0,514.5,15,3,0,0.0,0,mobile,Organic Search,1,-1.9618,0.9394,-1.9618,0.9394,-0.6131,At-Risk / Inactive Customers,#EF4444
8373177.27411233,71,1,0.0,232.5,7,2,0,0.0,0,desktop,Paid Search,1,-2.1388,-1.086,-2.1388,-1.086,-0.6921,At-Risk / Inactive Customers,#EF4444
9219629.70811018,90,2,0.0,370.2,13,3,0,0.0,0,desktop,Direct,1,-2.1317,0.488,-2.1317,0.488,-0.6122,At-Risk / Inactive Customers,#EF4444
2745326.42776522,48,1,0.0,138.1,7,2,0,0.0,0,mobile,Direct,1,-1.915,-1.5641,-1.915,-1.5641,-0.7087,At-Risk / Inactive Customers,#EF4444
3765768.58709219,87,1,0.0,290.1,8,3,0,0.0,0,mobile,Organic Search,1,-2.117,-0.7606,-2.117,-0.7606,-0.6247,At-Risk / Inactive Customers,#EF4444
9152245.39042715,45,1,0.0,256.3,7,1,0,0.0,0,desktop,Direct,1,-2.073,-0.9861,-2.073,-0.9861,-0.7834,At-Risk / Inactive Customers,#EF4444
3643701.77731096,47,1,0.0,118.0,6,2,0,0.0,0,desktop,Direct,1,-1.9034,-1.8513,-1.9034,-1.8513,-0.713,At-Risk / Inactive Customers,#EF4444
2174281.92084019,52,1,0.0,175.2,8,1,0,0.0,0,desktop,Organic Search,1,-2.1552,-1.2154,-2.1552,-1.2154,-0.7839,At-Risk / Inactive Customers,#EF4444
7880907.47237572,67,8,0.0,1123.3,45,3,0,0.0,0,desktop,Direct,3,-1.9494,4.2147,-1.9494,4.2147,-0.5821,Potential Loyalists,#3B82F6
1795631.75627481,71,5,0.0,767.7,20,3,0,0.0,0,desktop,Organic Search,3,-1.9881,2.5451,-1.9881,2.5451,-0.5976,Potential Loyalists,#3B82F6
1304619.39978082,44,3,0.0,769.5,21,3,0,0.0,0,desktop,Referral,3,-1.7182,2.0495,-1.7182,2.0495,-0.6116,Potential Loyalists,#3B82F6
6208836.29112979,82,2,0.0,248.7,9,2,0,0.0,0,desktop,Organic Search,1,-2.2173,-0.2351,-2.2173,-0.2351,-0.6819,At-Risk / Inactive Customers,#EF4444
1061007.20413513,47,3,0.0,361.7,17,1,0,0.0,0,mobile,Direct,1,-2.0895,1.1403,-2.0895,1.1403,-0.7627,At-Risk / Inactive Customers,#EF4444
2500713.70314696,74,1,0.0,264.5,9,2,0,0.0,0,desktop,Organic Search,1,-2.162,-0.7295,-2.162,-0.7295,-0.6867,At-Risk / Inactive Customers,#EF4444
6075540.90489659,87,1,0.0,311.0,7,1,0,0.0,0,desktop,Organic Search,1,-2.4503,-0.8141,-2.4503,-0.8141,-0.765,At-Risk / Inactive Customers,#EF4444
1855216.38046900,45,3,0.0,292.6,16,2,0,0.0,0,mobile,Organic Search,1,-1.8701,0.879,-1.8701,0.879,-0.6856,At-Risk / Inactive Customers,#EF4444
8028835.50253179,84,1,0.0,119.8,5,3,0,0.0,0,desktop,Organic Search,1,-2.0979,-2.0108,-2.0979,-2.0108,-0.6426,At-Risk / Inactive Customers,#EF4444
7925145.53780960,40,2,0.0,475.9,14,2,0,0.0,0,mobile,Paid Search,1,-1.8059,0.8071,-1.8059,0.8071,-0.6853,At-Risk / Inactive Customers,#EF4444
8871337.31518745,85,6,0.0,500.8,25,1,0,0.0,0,desktop,Display,3,-2.4228,2.5899,-2.4228,2.5899,-0.7353,Potential Loyalists,#3B82F6
6289047.88593486,65,1,0.0,207.7,7,2,0,0.0,0,mobile,Direct,1,-2.0882,-1.1896,-2.0882,-1.1896,-0.6958,At-Risk / Inactive Customers,#EF4444
9672812.65647380,48,1,0.0,188.4,9,3,0,0.0,0,desktop,Organic Search,1,-1.7762,-1.0422,-1.7762,-1.0422,-0.6438,At-Risk / Inactive Customers,#EF4444
2525662.78687770,64,2,0.0,408.4,13,3,0,0.0,0,mobile,Direct,1,-1.9359,0.5832,-1.9359,0.5832,-0.619,At-Risk / Inactive Customers,#EF4444
2842916.61515326,47,1,0.0,178.6,4,3,0,0.0,0,tablet,Organic Search,1,-1.7657,-1.8284,-1.7657,-1.8284,-0.6531,At-Risk / Inactive Customers,#EF4444
2606848.63232005,51,1,0.0,258.0,6,3,0,0.0,0,desktop,Paid Search,1,-1.8115,-1.1305,-1.8115,-1.1305,-0.6421,At-Risk / Inactive Customers,#EF4444
7422998.73424664,52,2,0.0,267.7,7,3,0,0.0,0,desktop,Organic Search,1,-1.8185,-0.4017,-1.8185,-0.4017,-0.6364,At-Risk / Inactive Customers,#EF4444
6717485.96716140,56,5,0.0,415.4,17,3,0,0.0,0,mobile,Organic Search,3,-1.8526,1.8127,-1.8526,1.8127,-0.6136,Potential Loyalists,#3B82F6
9463859.82176674,66,4,0.0,913.2,22,1,0,0.0,0,tablet,Organic Search,3,-2.2807,2.5627,-2.2807,2.5627,-0.7371,Potential Loyalists,#3B82F6
6283135.70135906,85,2,0.0,200.9,10,3,0,0.0,0,mobile,Organic Search,1,-2.0995,-0.3352,-2.0995,-0.3352,-0.6249,At-Risk / Inactive Customers,#EF4444
2282247.81234009,46,2,0.0,469.8,12,1,0,0.0,0,desktop,Email,1,-2.0806,0.6455,-2.0806,0.6455,-0.7656,At-Risk / Inactive Customers,#EF4444
3284868.50917664,46,1,0.0,171.7,7,2,0,0.0,0,desktop,Organic Search,1,-1.8907,-1.362,-1.8907,-1.362,-0.7067,At-Risk / Inactive Customers,#EF4444
6916999.93128702,63,3,0.0,390.3,19,3,0,0.0,0,mobile,Direct,3,-1.9235,1.3127,-1.9235,1.3127,-0.6136,Potential Loyalists,#3B82F6
2177110.28499040,53,3,0.0,712.6,19,3,0,0.0,0,mobile,Direct,3,-1.8245,1.8745,-1.8245,1.8745,-0.6093,Potential Loyalists,#3B82F6
9795938.61029276,74,1,0.0,185.6,4,3,0,0.0,0,desktop,Referral,1,-2.0253,-1.798,-2.0253,-1.798,-0.6417,At-Risk / Inactive Customers,#EF4444
9667080.92207819,48,1,0.0,128.7,5,2,0,0.0,0,desktop,Organic Search,1,-1.9157,-1.9352,-1.9157,-1.9352,-0.7131,At-Risk / Inactive Customers,#EF4444
7223142.19803807,48,1,0.0,133.1,5,2,0,0.0,0,desktop,Referral,1,-1.9157,-1.9041,-1.9157,-1.9041,-0.7126,At-Risk / Inactive Customers,#EF4444
2273860.29042236,83,1,0.0,208.8,8,3,0,0.0,0,desktop,Organic Search,1,-2.09,-1.0652,-2.09,-1.0652,-0.6305,At-Risk / Inactive Customers,#EF4444
9912105.50303428,66,6,0.0,778.7,20,1,0,0.0,0,desktop,Referral,3,-2.2779,2.7764,-2.2779,2.7764,-0.7377,Potential Loyalists,#3B82F6
7229044.91691896,71,2,0.0,243.8,12,1,0,0.0,0,desktop,Organic Search,1,-2.3289,0.0311,-2.3289,0.0311,-0.7644,At-Risk / Inactive Customers,#EF4444
1715976.44446207,90,2,0.0,328.5,8,1,0,0.0,0,desktop,Organic Search,1,-2.4658,-0.0857,-2.4658,-0.0857,-0.7588,At-Risk / Inactive Customers,#EF4444
1488120.50015907,60,2,0.0,313.0,12,2,0,0.0,0,mobile,Direct,1,-2.0375,0.2609,-2.0375,0.2609,-0.6832,At-Risk / Inactive Customers,#EF4444
3321901.19101366,47,2,0.0,424.8,15,3,0,0.0,0,desktop,Display,1,-1.7593,0.7653,-1.7593,0.7653,-0.6243,At-Risk / Inactive Customers,#EF4444
2996048.97825245,82,4,0.0,860.2,22,2,0,0.0,0,desktop,Organic Search,3,-2.2105,2.5004,-2.2105,2.5004,-0.6509,Potential Loyalists,#3B82F6
2710660.79435640,64,1,0.0,233.2,7,1,0,0.0,0,mobile,Paid Search,1,-2.2742,-1.0779,-2.2742,-1.0779,-0.7764,At-Risk / Inactive Customers,#EF4444
3635182.65698181,76,1,0.0,105.1,3,2,0,0.0,0,mobile,Direct,1,-2.1795,-2.5587,-2.1795,-2.5587,-0.7096,At-Risk / Inactive Customers,#EF4444
3303196.69510994,91,1,0.0,186.2,4,3,0,0.0,0,mobile,Direct,1,-2.1442,-1.7974,-2.1442,-1.7974,-0.6367,At-Risk / Inactive Customers,#EF4444
2493582.67395883,73,2,0.0,619.0,14,2,0,0.0,0,desktop,Affiliates,1,-2.1494,1.0447,-2.1494,1.0447,-0.6673,At-Risk / Inactive Customers,#EF4444
9368493.84085588,62,1,0.0,284.2,8,1,0,0.0,0,desktop,Referral,1,-2.2557,-0.7687,-2.2557,-0.7687,-0.773,At-Risk / Inactive Customers,#EF4444
7313395.50244110,46,2,0.0,502.3,15,3,0,0.0,0,desktop,Organic Search,1,-1.747,0.9214,-1.747,0.9214,-0.6224,At-Risk / Inactive Customers,#EF4444
1418831.92898682,57,1,0.0,146.5,4,3,0,0.0,0,desktop,Referral,1,-1.8759,-2.0141,-1.8759,-2.0141,-0.6513,At-Risk / Inactive Customers,#EF4444
2062588.32284426,66,2,0.0,285.3,13,2,0,0.0,0,mobile,Direct,1,-2.0919,0.2525,-2.0919,0.2525,-0.6813,At-Risk / Inactive Customers,#EF4444
3009977.28366976,49,1,0.0,240.7,6,2,0,0.0,0,mobile,Direct,1,-1.9269,-1.1915,-1.9269,-1.1915,-0.7021,At-Risk / Inactive Customers,#EF4444
1429873.86520941,62,1,0.0,416.2,8,3,0,0.0,0,desktop,Display,1,-1.9224,-0.4213,-1.9224,-0.4213,-0.6278,At-Risk / Inactive Customers,#EF4444
6754693.43297855,67,1,0.0,178.8,5,3,0,0.0,0,desktop,Direct,1,-1.968,-1.6376,-1.968,-1.6376,-0.6425,At-Risk / Inactive Customers,#EF4444
9596561.36814212,43,2,0.0,528.0,14,3,0,0.0,0,desktop,Referral,1,-1.7087,0.9,-1.7087,0.9,-0.6241,At-Risk / Inactive Customers,#EF4444
7229426.22545343,58,1,0.0,373.2,8,1,0,0.0,0,desktop,Organic Search,1,-2.2174,-0.5148,-2.2174,-0.5148,-0.7708,At-Risk / Inactive Customers,#EF4444
3744540.84364046,40,3,0.0,269.1,9,1,0,0.0,0,desktop,Organic Search,1,-1.9992,0.2426,-1.9992,0.2426,-0.7776,At-Risk / Inactive Customers,#EF4444
5989253.85992157,85,2,0.0,181.7,7,3,0,0.0,0,desktop,Direct,1,-2.1002,-0.7668,-2.1002,-0.7668,-0.63,At-Risk / Inactive Customers,#EF4444
9498561.71335134,72,2,0.0,237.8,11,1,0,0.0,0,desktop,Direct,1,-2.3371,-0.0773,-2.3371,-0.0773,-0.7654,At-Risk / Inactive Customers,#EF4444
5845766.83337614,86,1,0.0,186.1,6,2,0,0.0,0,desktop,Organic Search,1,-2.2492,-1.4366,-2.2492,-1.4366,-0.6922,At-Risk / Inactive Customers,#EF4444
2913044.86997890,87,3,0.0,541.3,19,3,0,0.0,0,desktop,Referral,3,-2.1087,1.613,-2.1087,1.613,-0.6013,Potential Loyalists,#3B82F6
8524384.13510584,67,1,0.0,112.9,5,1,0,0.0,0,desktop,Referral,1,-2.3012,-2.0559,-2.3012,-2.0559,-0.7887,At-Risk / Inactive Customers,#EF4444
4686134.59749682,68,3,0.0,296.9,8,2,0,0.0,0,desktop,Organic Search,1,-2.1074,0.2117,-2.1074,0.2117,-0.6829,At-Risk / Inactive Customers,#EF4444
2800912.81507678,51,1,0.0,113.6,7,2,0,0.0,0,desktop,Direct,1,-1.9497,-1.7454,-1.9497,-1.7454,-0.71,At-Risk / Inactive Customers,#EF4444
2379012.86926426,67,1,0.0,164.2,10,2,0,0.0,0,desktop,Organic Search,1,-2.1049,-1.0692,-2.1049,-1.0692,-0.6946,At-Risk / Inactive Customers,#EF4444
7004690.69078743,58,1,0.0,128.7,6,1,0,0.0,0,mobile,Direct,1,-2.2183,-1.7693,-2.2183,-1.7693,-0.7885,At-Risk / Inactive Customers,#EF4444
6921017.45036351,52,1,0.0,208.9,7,1,0,0.0,0,desktop,Organic Search,1,-2.1554,-1.1775,-2.1554,-1.1775,-0.7829,At-Risk / Inactive Customers,#EF4444
3524568.74844902,91,1,0.0,218.4,6,1,0,0.0,0,desktop,Email,1,-2.4766,-1.2847,-2.4766,-1.2847,-0.7704,At-Risk / Inactive Customers,#EF4444
5755989.73938998,79,1,0.0,279.7,6,3,0,0.0,0,mobile,Organic Search,1,-2.0621,-1.0605,-2.0621,-1.0605,-0.6305,At-Risk / Inactive Customers,#EF4444
9668527.25501832,75,1,0.0,250.3,7,2,0,0.0,0,mobile,Direct,1,-2.1702,-1.0181,-2.1702,-1.0181,-0.6898,At-Risk / Inactive Customers,#EF4444
8771912.32718348,83,4,0.0,321.1,17,2,0,0.0,0,desktop,Organic Search,1,-2.2182,1.3233,-2.2182,1.3233,-0.6672,At-Risk / Inactive Customers,#EF4444
2828885.50627087,47,3,0.0,500.1,13,2,0,0.0,0,desktop,Organic Search,1,-1.8951,1.1702,-1.8951,1.1702,-0.6793,At-Risk / Inactive Customers,#EF4444
7175185.90790118,44,4,0.0,612.1,18,3,0,0.0,0,mobile,Organic Search,3,-1.7166,1.9849,-1.7166,1.9849,-0.6148,Potential Loyalists,#3B82F6
2767868.41464039,60,6,0.0,1065.5,23,1,0,0.0,0,desktop,Paid Search,3,-2.2229,3.2113,-2.2229,3.2113,-0.7341,Potential Loyalists,#3B82F6
1022032.50978071,91,2,0.0,498.8,12,1,0,0.0,0,desktop,Paid Search,1,-2.4713,0.6933,-2.4713,0.6933,-0.7484,At-Risk / Inactive Customers,#EF4444
5262568.67242703,88,2,0.0,463.2,10,2,0,0.0,0,mobile,Paid Search,1,-2.2575,0.4431,-2.2575,0.4431,-0.6704,At-Risk / Inactive Customers,#EF4444
4770093.71854597,49,1,0.0,219.2,5,1,0,0.0,0,mobile,Direct,1,-2.1222,-1.4381,-2.1222,-1.4381,-0.787,At-Risk / Inactive Customers,#EF4444
7922560.35996215,57,2,0.0,593.9,15,1,0,0.0,0,desktop,Referral,1,-2.2024,1.0818,-2.2024,1.0818,-0.7548,At-Risk / Inactive Customers,#EF4444
2790664.16633066,80,1,0.0,182.1,5,3,0,0.0,0,desktop,Organic Search,1,-2.0697,-1.6227,-2.0697,-1.6227,-0.638,At-Risk / Inactive Customers,#EF4444
4501211.88349546,47,3,0.0,509.1,18,3,0,0.0,0,desktop,Organic Search,3,-1.7562,1.5085,-1.7562,1.5085,-0.6175,Potential Loyalists,#3B82F6
4641239.15435630,65,3,0.0,342.4,10,2,0,0.0,0,mobile,Direct,1,-2.081,0.558,-2.081,0.558,-0.6797,At-Risk / Inactive Customers,#EF4444
1236919.95391435,42,1,0.0,108.5,5,2,0,0.0,0,desktop,Referral,1,-1.8397,-2.0914,-1.8397,-2.0914,-0.7186,At-Risk / Inactive Customers,#EF4444
7706734.97500236,49,2,0.0,516.1,12,1,0,0.0,0,mobile,Paid Search,1,-2.1165,0.7322,-2.1165,0.7322,-0.7628,At-Risk / Inactive Customers,#EF4444
3655570.15688836,86,1,0.0,184.2,5,1,0,0.0,0,desktop,Referral,1,-2.4444,-1.6058,-2.4444,-1.6058,-0.7759,At-Risk / Inactive Customers,#EF4444
4203083.23821976,60,1,0.0,165.7,4,3,0,0.0,0,desktop,Direct,1,-1.9052,-1.9006,-1.9052,-1.9006,-0.6483,At-Risk / Inactive Customers,#EF4444
1561329.28223829,58,2,0.0,466.5,16,3,0,0.0,0,mobile,Paid Search,1,-1.8791,0.9144,-1.8791,0.9144,-0.6172,At-Risk / Inactive Customers,#EF4444
7526686.75974140,66,1,0.0,196.3,5,1,0,0.0,0,desktop,Organic Search,1,-2.2925,-1.5438,-2.2925,-1.5438,-0.7814,At-Risk / Inactive Customers,#EF4444
6900511.46056446,41,3,0.0,804.3,19,3,0,0.0,0,desktop,Organic Search,3,-1.6783,1.9901,-1.6783,1.9901,-0.6138,Potential Loyalists,#3B82F6
2463871.79876762,50,2,0.0,248.8,11,1,0,0.0,0,desktop,Organic Search,1,-2.1284,-0.0311,-2.1284,-0.0311,-0.7735,At-Risk / Inactive Customers,#EF4444
2378956.34570800,53,1,0.0,137.8,7,2,0,0.0,0,tablet,Direct,1,-1.9716,-1.5673,-1.9716,-1.5673,-0.7064,At-Risk / Inactive Customers,#EF4444
7202625.89589545,91,1,0.0,154.1,5,2,0,0.0,0,mobile,Organic Search,1,-2.2821,-1.7759,-2.2821,-1.7759,-0.6952,At-Risk / Inactive Customers,#EF4444
9385598.36613514,56,1,0.0,140.4,4,2,0,0.0,0,desktop,Organic Search,1,-2.004,-2.0503,-2.004,-2.0503,-0.7103,At-Risk / Inactive Customers,#EF4444
4050178.86028526,91,2,0.0,272.5,9,3,0,0.0,0,desktop,Referral,1,-2.1389,-0.1544,-2.1389,-0.1544,-0.6201,At-Risk / Inactive Customers,#EF4444
8180588.86142178,79,6,0.0,621.3,21,3,0,0.0,0,desktop,Organic Search,3,-2.0479,2.6066,-2.0479,2.6066,-0.5962,Potential Loyalists,#3B82F6
5774719.43788911,80,1,0.0,165.0,5,3,0,0.0,0,mobile,Organic Search,1,-2.0698,-1.714,-2.0698,-1.714,-0.6393,At-Risk / Inactive Customers,#EF4444
1789187.45484810,70,1,0.0,98.0,4,1,0,0.0,0,mobile,Direct,1,-2.3268,-2.3809,-2.3268,-2.3809,-0.7917,At-Risk / Inactive Customers,#EF4444
1171909.79537203,85,3,0.0,259.3,14,3,0,0.0,0,mobile,Organic Search,1,-2.0961,0.6235,-2.0961,0.6235,-0.6155,At-Risk / Inactive Customers,#EF4444
8001260.88341184,41,6,0.0,1283.6,35,2,0,0.0,0,mobile,Organic Search,3,-1.81,3.7926,-1.81,3.7926,-0.6544,Potential Loyalists,#3B82F6
8569698.57300037,67,1,0.0,245.5,8,2,0,0.0,0,mobile,Direct,1,-2.1053,-0.9096,-2.1053,-0.9096,-0.6914,At-Risk / Inactive Customers,#EF4444
2049273.61714169,40,1,0.0,395.6,10,1,0,0.0,0,desktop,Email,1,-2.0052,-0.2431,-2.0052,-0.2431,-0.7765,At-Risk / Inactive Customers,#EF4444
8250250.52686516,83,1,0.0,366.0,9,2,0,0.0,0,desktop,Organic Search,1,-2.2279,-0.4292,-2.2279,-0.4292,-0.6794,At-Risk / Inactive Customers,#EF4444
7702877.29337842,55,1,0.0,214.5,6,2,0,0.0,0,mobile,Organic Search,1,-1.9929,-1.2997,-1.9929,-1.2997,-0.7009,At-Risk / Inactive Customers,#EF4444
6605656.67188714,48,1,0.0,258.2,6,2,0,0.0,0,mobile,Organic Search,1,-1.9152,-1.1261,-1.9152,-1.1261,-0.7016,At-Risk / Inactive Customers,#EF4444
6928224.44200687,87,4,0.0,284.3,12,3,0,0.0,0,desktop,Referral,1,-2.1078,0.8608,-2.1078,0.8608,-0.6136,At-Risk / Inactive Customers,#EF4444
6457763.25939693,82,1,0.0,241.5,8,1,0,0.0,0,mobile,Email,1,-2.4161,-0.923,-2.4161,-0.923,-0.7685,At-Risk / Inactive Customers,#EF4444
5526831.43971748,87,3,0.0,427.6,23,2,0,0.0,0,desktop,Organic Search,3,-2.2466,1.5905,-2.2466,1.5905,-0.6605,Potential Loyalists,#3B82F6
5568297.64131910,59,3,0.0,527.2,15,1,0,0.0,0,desktop,Organic Search,1,-2.2195,1.3628,-2.2195,1.3628,-0.7534,At-Risk / Inactive Customers,#EF4444
5523026.12858335,77,5,0.0,411.7,14,3,0,0.0,0,desktop,Organic Search,3,-2.0355,1.6069,-2.0355,1.6069,-0.6082,Potential Loyalists,#3B82F6
2937283.96567826,70,1,0.0,228.6,6,2,0,0.0,0,desktop,Organic Search,1,-2.1309,-1.2435,-2.1309,-1.2435,-0.6942,At-Risk / Inactive Customers,#EF4444
9562067.48305110,86,1,0.0,197.1,7,3,0,0.0,0,mobile,Organic Search,1,-2.1107,-1.2443,-2.1107,-1.2443,-0.6318,At-Risk / Inactive Customers,#EF4444
1480662.53887132,70,1,0.0,360.5,7,3,0,0.0,0,desktop,Direct,1,-1.9923,-0.6815,-1.9923,-0.6815,-0.6283,At-Risk / Inactive Customers,#EF4444
6859058.53860044,48,1,0.0,208.1,6,2,0,0.0,0,desktop,Organic Search,1,-1.9152,-1.3263,-1.9152,-1.3263,-0.7046,At-Risk / Inactive Customers,#EF4444
7099700.29521562,42,2,0.0,163.6,7,2,0,0.0,0,desktop,Referral,1,-1.8353,-0.853,-1.8353,-0.853,-0.7064,At-Risk / Inactive Customers,#EF4444
1333198.53364792,41,4,0.0,535.1,17,1,0,0.0,0,desktop,Organic Search,3,-2.0097,1.8102,-2.0097,1.8102,-0.7588,Potential Loyalists,#3B82F6
7851781.44764111,71,1,0.0,219.0,7,2,0,0.0,0,desktop,Direct,1,-2.1388,-1.1415,-2.1388,-1.1415,-0.6929,At-Risk / Inactive Customers,#EF4444
4376236.39395038,73,2,0.0,290.2,13,3,0,0.0,0,desktop,Organic Search,1,-2.0115,0.2643,-2.0115,0.2643,-0.6206,At-Risk / Inactive Customers,#EF4444
8041384.66146846,57,1,0.0,229.2,10,2,0,0.0,0,mobile,Organic Search,1,-2.0123,-0.7581,-2.0123,-0.7581,-0.6939,At-Risk / Inactive Customers,#EF4444
3528249.66711926,59,1,0.0,181.3,7,3,0,0.0,0,desktop,Organic Search,1,-1.8945,-1.3174,-1.8945,-1.3174,-0.642,At-Risk / Inactive Customers,#EF4444
9977020.52111973,65,2,0.0,433.8,11,3,0,0.0,0,mobile,Organic Search,1,-1.9451,0.4753,-1.9451,0.4753,-0.6196,At-Risk / Inactive Customers,#EF4444
1631804.87389222,46,1,0.0,332.7,8,1,0,0.0,0,desktop,Organic Search,1,-2.0852,-0.6189,-2.0852,-0.6189,-0.7779,At-Risk / Inactive Customers,#EF4444
9980059.57519718,72,2,0.0,199.3,7,2,0,0.0,0,desktop,Referral,1,-2.1431,-0.6763,-2.1431,-0.6763,-0.6908,At-Risk / Inactive Customers,#EF4444
2930280.81861585,56,2,0.0,219.2,5,1,0,0.0,0,desktop,Organic Search,1,-2.1947,-0.8868,-2.1947,-0.8868,-0.7806,At-Risk / Inactive Customers,#EF4444
2610677.57843973,40,3,0.0,689.9,18,2,0,0.0,0,mobile,Paid Search,3,-1.8027,1.796,-1.8027,1.796,-0.6751,Potential Loyalists,#3B82F6
1698711.50728814,44,3,0.0,286.0,13,1,0,0.0,0,tablet,Direct,1,-2.0526,0.6558,-2.0526,0.6558,-0.7705,At-Risk / Inactive Customers,#EF4444
1540883.80813854,77,1,0.0,101.4,3,2,0,0.0,0,desktop,Direct,1,-2.1871,-2.5919,-2.1871,-2.5919,-0.7098,At-Risk / Inactive Customers,#EF4444
2965130.59097253,42,2,0.0,418.8,9,1,0,0.0,0,mobile,Organic Search,1,-2.0294,0.2608,-2.0294,0.2608,-0.7725,At-Risk / Inactive Customers,#EF4444
9115123.94097209,40,4,0.0,505.9,20,1,0,0.0,0,desktop,Direct,3,-1.9954,1.9222,-1.9954,1.9222,-0.7583,Potential Loyalists,#3B82F6
8972719.75656687,76,1,0.0,230.2,8,1,0,0.0,0,desktop,Organic Search,1,-2.3725,-0.9666,-2.3725,-0.9666,-0.771,At-Risk / Inactive Customers,#EF4444
6005427.88569026,54,1,0.0,242.0,6,1,0,0.0,0,desktop,Direct,1,-2.1772,-1.1835,-2.1772,-1.1835,-0.7815,At-Risk / Inactive Customers,#EF4444
2897023.70946875,69,1,0.0,227.4,5,3,0,0.0,0,desktop,Direct,1,-1.9848,-1.415,-1.9848,-1.415,-0.6384,At-Risk / Inactive Customers,#EF4444
3867722.70859029,84,1,0.0,46.8,2,1,0,0.0,0,desktop,Paid Search,1,-2.4328,-3.6045,-2.4328,-3.6045,-0.8035,At-Risk / Inactive Customers,#EF4444
7979805.45132428,60,6,0.0,915.1,20,3,0,0.0,0,desktop,Organic Search,3,-1.8901,2.9207,-1.8901,2.9207,-0.5979,Potential Loyalists,#3B82F6
7844986.82815677,74,3,0.0,652.3,14,2,0,0.0,0,desktop,Referral,3,-2.1546,1.4855,-2.1546,1.4855,-0.664,Potential Loyalists,#3B82F6
4384854.90494403,48,1,0.0,220.7,10,1,0,0.0,0,desktop,Organic Search,1,-2.1091,-0.7871,-2.1091,-0.7871,-0.7803,At-Risk / Inactive Customers,#EF4444
8871820.39470260,59,2,0.0,305.5,11,3,0,0.0,0,mobile,Organic Search,1,-1.8898,0.1505,-1.8898,0.1505,-0.6268,At-Risk / Inactive Customers,#EF4444
8707993.20254586,52,1,0.0,132.6,6,1,0,0.0,0,desktop,Organic Search,1,-2.1559,-1.7405,-2.1559,-1.7405,-0.7907,At-Risk / Inactive Customers,#EF4444
9023953.11966091,47,3,0.0,209.7,10,3,0,0.0,0,mobile,Organic Search,1,-1.7576,0.1036,-1.7576,0.1036,-0.6363,At-Risk / Inactive Customers,#EF4444
1399601.24796383,55,8,0.0,1240.4,38,1,0,0.0,0,desktop,Organic Search,3,-2.1698,4.2126,-2.1698,4.2126,-0.7264,Potential Loyalists,#3B82F6
4000687.42658157,70,1,0.0,250.2,7,1,0,0.0,0,desktop,Paid Search,1,-2.3255,-1.0136,-2.3255,-1.0136,-0.7732,At-Risk / Inactive Customers,#EF4444
2347759.22413450,71,1,0.0,231.3,6,1,0,0.0,0,desktop,Paid Search,1,-2.3339,-1.2286,-2.3339,-1.2286,-0.7755,At-Risk / Inactive Customers,#EF4444
2824748.35901557,73,3,0.0,402.2,17,1,0,0.0,0,mobile,Referral,1,-2.3413,1.2339,-2.3413,1.2339,-0.7507,At-Risk / Inactive Customers,#EF4444
9636275.66310736,45,1,0.0,188.0,7,2,0,0.0,0,desktop,Organic Search,1,-1.8782,-1.2777,-1.8782,-1.2777,-0.706,At-Risk / Inactive Customers,#EF4444
7529367.20900136,72,1,0.0,251.2,9,1,0,0.0,0,mobile,Organic Search,1,-2.3412,-0.773,-2.3412,-0.773,-0.7699,At-Risk / Inactive Customers,#EF4444
7198863.57454994,63,2,0.0,347.6,10,3,0,0.0,0,mobile,Display,1,-1.9275,0.1772,-1.9275,0.1772,-0.6245,At-Risk / Inactive Customers,#EF4444
7761302.88393158,77,6,0.0,1327.9,39,1,0,0.0,0,desktop,Organic Search,3,-2.3648,3.9014,-2.3648,3.9014,-0.7199,Potential Loyalists,#3B82F6
7201170.24788256,46,5,0.0,514.5,25,1,0,0.0,0,desktop,Display,3,-2.0727,2.4119,-2.0727,2.4119,-0.7509,Potential Loyalists,#3B82F6
3974364.10947635,74,1,0.0,161.1,6,3,0,0.0,0,desktop,Paid Search,1,-2.0247,-1.5714,-2.0247,-1.5714,-0.6398,At-Risk / Inactive Customers,#EF4444
8362964.70952796,55,1,0.0,200.0,5,2,0,0.0,0,desktop,Direct,1,-1.9932,-1.5285,-1.9932,-1.5285,-0.7037,At-Risk / Inactive Customers,#EF4444
6926147.13106424,90,3,0.0,487.8,20,3,0,0.0,0,desktop,Affiliates,3,-2.1281,1.5677,-2.1281,1.5677,-0.6014,Potential Loyalists,#3B82F6
6704341.73391452,42,3,0.0,587.8,15,3,0,0.0,0,desktop,Direct,3,-1.6926,1.4608,-1.6926,1.4608,-0.6202,Potential Loyalists,#3B82F6
9375974.66832829,56,3,0.0,464.8,10,3,0,0.0,0,desktop,Organic Search,1,-1.8574,0.8408,-1.8574,0.8408,-0.621,At-Risk / Inactive Customers,#EF4444
3861059.15513286,42,5,0.0,1386.2,32,2,0,0.0,0,mobile,Organic Search,3,-1.8253,3.4896,-1.8253,3.4896,-0.656,Potential Loyalists,#3B82F6
8557571.73462885,55,5,0.0,1333.8,30,2,0,0.0,0,desktop,Direct,3,-1.9791,3.4201,-1.9791,3.4201,-0.6503,Potential Loyalists,#3B82F6
3095756.75567417,53,1,0.0,134.1,6,2,0,0.0,0,mobile,Direct,1,-1.9719,-1.7344,-1.9719,-1.7344,-0.7083,At-Risk / Inactive Customers,#EF4444
4275104.56503042,90,4,0.0,688.3,18,2,0,0.0,0,desktop,Direct,3,-2.2645,2.0887,-2.2645,2.0887,-0.654,Potential Loyalists,#3B82F6
3279180.99733891,40,2,0.0,259.7,11,3,0,0.0,0,desktop,Organic Search,1,-1.6683,0.0042,-1.6683,0.0042,-0.6383,At-Risk / Inactive Customers,#EF4444
6525633.27298724,88,5,0.0,955.1,23,3,0,0.0,0,mobile,Paid Search,3,-2.111,2.8879,-2.111,2.8879,-0.5878,Potential Loyalists,#3B82F6
6813509.83417528,65,1,0.0,344.4,8,1,0,0.0,0,mobile,Organic Search,1,-2.2827,-0.5908,-2.2827,-0.5908,-0.7692,At-Risk / Inactive Customers,#EF4444
5032751.68596313,66,1,0.0,93.2,5,1,0,0.0,0,desktop,Organic Search,1,-2.2926,-2.2327,-2.2926,-2.2327,-0.7917,At-Risk / Inactive Customers,#EF4444
1572286.15227324,58,3,0.0,826.5,18,1,0,0.0,0,mobile,Paid Search,3,-2.2093,1.964,-2.2093,1.964,-0.7455,Potential Loyalists,#3B82F6
2708753.82602063,52,1,0.0,197.0,8,3,0,0.0,0,desktop,Display,1,-1.8221,-1.1138,-1.8221,-1.1138,-0.6425,At-Risk / Inactive Customers,#EF4444
8600251.60357118,88,3,0.0,561.5,19,3,0,0.0,0,mobile,Direct,3,-2.1153,1.647,-2.1153,1.647,-0.6005,Potential Loyalists,#3B82F6
8396849.32715411,57,1,0.0,200.8,5,1,0,0.0,0,desktop,Organic Search,1,-2.2085,-1.5211,-2.2085,-1.5211,-0.7846,At-Risk / Inactive Customers,#EF4444
2113575.94403706,58,2,0.0,329.0,13,1,0,0.0,0,desktop,Organic Search,1,-2.2128,0.3905,-2.2128,0.3905,-0.7642,At-Risk / Inactive Customers,#EF4444
1523899.67476840,82,5,0.0,721.2,19,3,0,0.0,0,desktop,Organic Search,3,-2.0709,2.4334,-2.0709,2.4334,-0.5955,Potential Loyalists,#3B82F6
1641278.46197367,49,1,0.0,251.0,7,2,0,0.0,0,mobile,Referral,1,-1.9266,-1.0106,-1.9266,-1.0106,-0.6999,At-Risk / Inactive Customers,#EF4444
9523095.81322362,58,4,0.0,862.5,19,3,0,0.0,0,desktop,Direct,3,-1.874,2.3554,-1.874,2.3554,-0.6028,Potential Loyalists,#3B82F6
3967173.59512462,71,2,0.0,357.7,14,2,0,0.0,0,desktop,Display,1,-2.1336,0.5351,-2.1336,0.5351,-0.6756,At-Risk / Inactive Customers,#EF4444
4090144.72882936,86,1,0.0,333.2,7,1,0,0.0,0,desktop,Direct,1,-2.4437,-0.75,-2.4437,-0.75,-0.7643,At-Risk / Inactive Customers,#EF4444
4991017.91050632,78,1,0.0,246.2,9,3,0,0.0,0,desktop,Organic Search,1,-2.054,-0.7996,-2.054,-0.7996,-0.6284,At-Risk / Inactive Customers,#EF4444
1243000.93783134,82,1,0.0,285.3,7,3,0,0.0,0,desktop,Organic Search,1,-2.0832,-0.9006,-2.0832,-0.9006,-0.6278,At-Risk / Inactive Customers,#EF4444
5115191.22484707,42,1,0.0,185.3,4,1,0,0.0,0,desktop,Email,1,-2.0349,-1.7859,-2.0349,-1.7859,-0.7951,At-Risk / Inactive Customers,#EF4444
4897044.62698149,84,3,0.0,294.8,12,3,0,0.0,0,mobile,Referral,1,-2.0896,0.5906,-2.0896,0.5906,-0.6157,At-Risk / Inactive Customers,#EF4444
5530505.44790986,88,3,0.0,221.4,9,2,0,0.0,0,desktop,Organic Search,1,-2.2553,0.0484,-2.2553,0.0484,-0.6796,At-Risk / Inactive Customers,#EF4444
6530442.51585073,88,1,0.0,170.5,9,2,0,0.0,0,desktop,Direct,1,-2.2617,-1.1388,-2.2617,-1.1388,-0.6887,At-Risk / Inactive Customers,#EF4444
3975859.13957371,73,1,0.0,321.1,7,3,0,0.0,0,mobile,Organic Search,1,-2.0164,-0.7895,-2.0164,-0.7895,-0.6289,At-Risk / Inactive Customers,#EF4444
6551457.21807326,88,6,0.0,1137.5,33,3,0,0.0,0,desktop,Affiliates,3,-2.1088,3.631,-2.1088,3.631,-0.5801,Potential Loyalists,#3B82F6
1492101.84598680,68,3,0.0,673.7,18,3,0,0.0,0,mobile,Organic Search,3,-1.9673,1.7649,-1.9673,1.7649,-0.6047,Potential Loyalists,#3B82F6
2360431.80073227,42,3,0.0,444.3,11,1,0,0.0,0,desktop,Organic Search,1,-2.0264,0.9018,-2.0264,0.9018,-0.7673,At-Risk / Inactive Customers,#EF4444
9748030.24712490,77,4,0.0,1022.6,28,1,0,0.0,0,desktop,Direct,3,-2.3686,2.9127,-2.3686,2.9127,-0.7291,Potential Loyalists,#3B82F6
8620571.73703386,49,3,0.0,582.8,12,3,0,0.0,0,desktop,Referral,3,-1.7807,1.2304,-1.7807,1.2304,-0.619,Potential Loyalists,#3B82F6
6258835.49926108,60,1,0.0,152.0,5,3,0,0.0,0,mobile,Email,1,-1.9048,-1.7867,-1.9048,-1.7867,-0.6474,At-Risk / Inactive Customers,#EF4444
9084180.45112291,51,1,0.0,146.0,3,1,0,0.0,0,desktop,Organic Search,1,-2.146,-2.2461,-2.146,-2.2461,-0.7964,At-Risk / Inactive Customers,#EF4444
4524396.49322522,49,4,0.0,280.1,16,3,0,0.0,0,mobile,Organic Search,1,-1.7783,1.1388,-1.7783,1.1388,-0.6244,At-Risk / Inactive Customers,#EF4444
3771158.48063100,78,2,0.0,613.6,14,2,0,0.0,0,desktop,Direct,1,-2.1874,1.0358,-2.1874,1.0358,-0.6658,At-Risk / Inactive Customers,#EF4444
1236167.34298562,48,2,0.0,522.3,11,1,0,0.0,0,desktop,Direct,1,-2.105,0.6584,-2.105,0.6584,-0.7641,At-Risk / Inactive Customers,#EF4444
3215695.28513761,46,4,0.0,777.7,25,2,0,0.0,0,mobile,Referral,3,-1.8794,2.5436,-1.8794,2.5436,-0.6647,Potential Loyalists,#3B82F6
1075396.38372302,66,1,0.0,190.2,6,2,0,0.0,0,tablet,Display,1,-2.0973,-1.4133,-2.0973,-1.4133,-0.6982,At-Risk / Inactive Customers,#EF4444
5279634.31802495,86,2,0.0,323.9,15,3,0,0.0,0,desktop,Organic Search,1,-2.1053,0.5064,-2.1053,0.5064,-0.6136,At-Risk / Inactive Customers,#EF4444
3687947.86378905,78,1,0.0,269.1,9,2,0,0.0,0,mobile,Organic Search,1,-2.1922,-0.7141,-2.1922,-0.7141,-0.6852,At-Risk / Inactive Customers,#EF4444
4743754.61052096,83,5,0.0,846.8,19,1,0,0.0,0,mobile,Organic Search,3,-2.4109,2.5897,-2.4109,2.5897,-0.7328,Potential Loyalists,#3B82F6
2552106.81021701,55,1,0.0,285.4,7,1,0,0.0,0,mobile,Organic Search,1,-2.1874,-0.8886,-2.1874,-0.8886,-0.7772,At-Risk / Inactive Customers,#EF4444
5763228.50993332,81,3,0.0,270.2,14,1,0,0.0,0,mobile,Organic Search,1,-2.4016,0.6694,-2.4016,0.6694,-0.7559,At-Risk / Inactive Customers,#EF4444
6820471.70991553,60,4,0.0,343.9,21,2,0,0.0,0,tablet,Organic Search,3,-2.0316,1.6041,-2.0316,1.6041,-0.6717,Potential Loyalists,#3B82F6
4175862.22534777,54,1,0.0,108.9,6,1,0,0.0,0,desktop,Direct,1,-2.1775,-1.9229,-2.1775,-1.9229,-0.7926,At-Risk / Inactive Customers,#EF4444
3307014.42944213,84,1,0.0,279.1,6,1,0,0.0,0,mobile,Organic Search,1,-2.4305,-1.0562,-2.4305,-1.0562,-0.7689,At-Risk / Inactive Customers,#EF4444
7271251.71759505,54,3,0.0,685.6,15,1,0,0.0,0,desktop,Referral,3,-2.1688,1.6082,-2.1688,1.6082,-0.7519,Potential Loyalists,#3B82F6
8285236.77640102,69,1,0.0,181.3,6,3,0,0.0,0,mobile,Display,1,-1.9845,-1.4612,-1.9845,-1.4612,-0.6398,At-Risk / Inactive Customers,#EF4444
4462163.59153543,47,1,0.0,133.6,4,2,0,0.0,0,desktop,Organic Search,1,-1.9041,-2.0942,-1.9041,-2.0942,-0.7152,At-Risk / Inactive Customers,#EF4444
7372519.29172331,48,2,0.0,271.0,6,1,0,0.0,0,mobile,Direct,1,-2.1063,-0.5243,-2.1063,-0.5243,-0.7795,At-Risk / Inactive Customers,#EF4444
9568785.75992162,58,1,0.0,327.4,9,3,0,0.0,0,mobile,Organic Search,1,-1.8841,-0.5315,-1.8841,-0.5315,-0.6315,At-Risk / Inactive Customers,#EF4444
6871234.40478482,47,2,0.0,744.1,16,3,0,0.0,0,desktop,Display,3,-1.759,1.3512,-1.759,1.3512,-0.6157,Potential Loyalists,#3B82F6
8442313.25726481,91,1,0.0,315.8,10,3,0,0.0,0,mobile,Organic Search,1,-2.1424,-0.4689,-2.1424,-0.4689,-0.6201,At-Risk / Inactive Customers,#EF4444
9877386.54916822,63,1,0.0,146.2,7,2,0,0.0,0,desktop,Direct,1,-2.0704,-1.5145,-2.0704,-1.5145,-0.7014,At-Risk / Inactive Customers,#EF4444
5487191.86893693,58,1,0.0,149.9,6,1,0,0.0,0,desktop,Direct,1,-2.2182,-1.6283,-2.2182,-1.6283,-0.7864,At-Risk / Inactive Customers,#EF4444
9779179.64650380,47,1,0.0,226.7,5,1,0,0.0,0,mobile,Direct,1,-2.0984,-1.4064,-2.0984,-1.4064,-0.7875,At-Risk / Inactive Customers,#EF4444
2445435.85466621,54,2,0.0,245.9,11,2,0,0.0,0,tablet,Organic Search,1,-1.9775,-0.047,-1.9775,-0.047,-0.69,At-Risk / Inactive Customers,#EF4444
6028976.68304787,75,2,0.0,651.2,14,1,0,0.0,0,desktop,Organic Search,1,-2.3598,1.0957,-2.3598,1.0957,-0.7477,At-Risk / Inactive Customers,#EF4444
5305171.51923727,46,1,0.0,376.9,9,1,0,0.0,0,desktop,Paid Search,1,-2.0849,-0.391,-2.0849,-0.391,-0.7749,At-Risk / Inactive Customers,#EF4444
5447417.42977944,51,1,0.0,186.8,4,3,0,0.0,0,desktop,Paid Search,1,-1.8123,-1.7877,-1.8123,-1.7877,-0.6505,At-Risk / Inactive Customers,#EF4444
1232755.28346573,47,5,0.0,598.5,16,1,0,0.0,0,mobile,Referral,3,-2.0858,2.1006,-2.0858,2.1006,-0.7532,Potential Loyalists,#3B82F6
9838626.74588654,72,1,0.0,205.3,5,2,0,0.0,0,desktop,Referral,1,-2.1475,-1.5074,-2.1475,-1.5074,-0.6969,At-Risk / Inactive Customers,#EF4444
2154979.23991698,82,4,0.0,943.9,21,1,0,0.0,0,desktop,Paid Search,3,-2.4054,2.5437,-2.4054,2.5437,-0.7319,Potential Loyalists,#3B82F6
1997694.36381771,88,1,0.0,171.7,6,3,0,0.0,0,desktop,Organic Search,1,-2.1242,-1.5144,-2.1242,-1.5144,-0.6347,At-Risk / Inactive Customers,#EF4444
8165136.34761230,78,1,0.0,145.1,4,2,0,0.0,0,desktop,Paid Search,1,-2.1939,-2.0236,-2.1939,-2.0236,-0.7019,At-Risk / Inactive Customers,#EF4444
8551859.31295929,75,3,0.0,411.2,12,1,0,0.0,0,tablet,Organic Search,1,-2.3576,0.9082,-2.3576,0.9082,-0.7536,At-Risk / Inactive Customers,#EF4444
4547372.45126399,86,2,0.0,612.8,13,2,0,0.0,0,desktop,Paid Search,1,-2.2437,0.9601,-2.2437,0.9601,-0.6643,At-Risk / Inactive Customers,#EF4444
6304056.84077257,53,1,0.0,85.0,2,1,0,0.0,0,mobile,Referral,1,-2.1687,-3.0519,-2.1687,-3.0519,-0.8063,At-Risk / Inactive Customers,#EF4444
8184076.42951443,89,2,0.0,379.3,14,2,0,0.0,0,mobile,Referral,1,-2.2634,0.587,-2.2634,0.587,-0.6694,At-Risk / Inactive Customers,#EF4444
9373240.45387716,47,1,0.0,167.1,5,3,0,0.0,0,mobile,Organic Search,1,-1.7653,-1.6962,-1.7653,-1.6962,-0.6519,At-Risk / Inactive Customers,#EF4444
2346998.66649066,55,1,0.0,253.6,7,2,0,0.0,0,desktop,Referral,1,-1.9926,-1.0024,-1.9926,-1.0024,-0.697,At-Risk / Inactive Customers,#EF4444
7436089.63674230,58,4,0.0,434.9,15,2,0,0.0,0,desktop,Organic Search,3,-2.0129,1.4841,-2.0129,1.4841,-0.673,Potential Loyalists,#3B82F6
5437360.20092133,80,2,0.0,519.4,13,3,0,0.0,0,mobile,Organic Search,1,-2.0639,0.8042,-2.0639,0.8042,-0.6103,At-Risk / Inactive Customers,#EF4444
9322831.74193673,87,1,0.0,214.2,8,3,0,0.0,0,desktop,Organic Search,1,-2.117,-1.0421,-2.117,-1.0421,-0.629,At-Risk / Inactive Customers,#EF4444
5756648.93184430,43,1,0.0,245.1,6,2,0,0.0,0,desktop,Organic Search,1,-1.8526,-1.1732,-1.8526,-1.1732,-0.7049,At-Risk / Inactive Customers,#EF4444
1611812.70173464,44,12,0.0,1408.6,45,2,0,0.0,0,desktop,Organic Search,3,-1.8465,4.4669,-1.8465,4.4669,-0.6478,Potential Loyalists,#3B82F6
9729776.49464373,82,12,0.0,2240.0,68,1,0,0.0,0,desktop,Referral,3,-2.3975,4.4639,-2.3975,4.4639,-0.7147,Potential Loyalists,#3B82F6
9497523.10772249,67,1,0.0,120.6,2,2,0,0.0,0,desktop,Organic Search,1,-2.1078,-2.736,-2.1078,-2.736,-0.7141,At-Risk / Inactive Customers,#EF4444
1889975.46955328,60,2,0.0,567.0,13,2,0,0.0,0,mobile,Referral,1,-2.0372,0.892,-2.0372,0.892,-0.674,At-Risk / Inactive Customers,#EF4444
2688724.43871351,62,2,0.0,234.9,5,3,0,0.0,0,mobile,Organic Search,1,-1.9197,-0.8309,-1.9197,-0.8309,-0.6374,At-Risk / Inactive Customers,#EF4444
1826178.78135632,79,1,0.0,235.1,5,3,0,0.0,0,desktop,Direct,1,-2.0624,-1.3857,-2.0624,-1.3857,-0.6347,At-Risk / Inactive Customers,#EF4444
5386018.61822523,51,1,0.0,138.0,4,3,0,0.0,0,mobile,Organic Search,1,-1.8124,-2.0681,-1.8124,-2.0681,-0.6547,At-Risk / Inactive Customers,#EF4444
2108791.80433342,60,1,0.0,132.8,3,1,0,0.0,0,mobile,Paid Search,1,-2.2389,-2.3357,-2.2389,-2.3357,-0.7938,At-Risk / Inactive Customers,#EF4444
8680232.92093433,84,2,0.0,390.4,11,2,0,0.0,0,mobile,Organic Search,1,-2.2306,0.3772,-2.2306,0.3772,-0.6729,At-Risk / Inactive Customers,#EF4444
4268777.42590273,66,1,0.0,259.9,9,2,0,0.0,0,mobile,Organic Search,1,-2.0964,-0.7445,-2.0964,-0.7445,-0.6897,At-Risk / Inactive Customers,#EF4444
6929718.94574929,65,2,0.0,473.3,15,1,0,0.0,0,desktop,Referral,1,-2.2776,0.8692,-2.2776,0.8692,-0.7548,At-Risk / Inactive Customers,#EF4444
6149564.66750154,46,1,0.0,164.6,6,2,0,0.0,0,tablet,Direct,1,-1.891,-1.5431,-1.891,-1.5431,-0.7089,At-Risk / Inactive Customers,#EF4444
9504910.83958881,46,8,0.0,1083.7,34,1,0,0.0,0,tablet,Paid Search,3,-2.0681,3.9739,-2.0681,3.9739,-0.7338,Potential Loyalists,#3B82F6
8629948.36489431,89,1,0.0,155.5,4,3,0,0.0,0,desktop,Direct,1,-2.1315,-1.964,-2.1315,-1.964,-0.6397,At-Risk / Inactive Customers,#EF4444
8018427.53234503,50,1,0.0,150.5,7,3,0,0.0,0,desktop,Organic Search,1,-1.8,-1.488,-1.8,-1.488,-0.6485,At-Risk / Inactive Customers,#EF4444
1135821.24647205,73,1,0.0,133.9,5,3,0,0.0,0,mobile,Organic Search,1,-2.0172,-1.9063,-2.0172,-1.9063,-0.6445,At-Risk / Inactive Customers,#EF4444
4720340.39949384,62,1,0.0,343.5,7,3,0,0.0,0,mobile,Direct,1,-1.9227,-0.7249,-1.9227,-0.7249,-0.6319,At-Risk / Inactive Customers,#EF4444
6963550.88906110,52,3,0.0,524.1,20,1,0,0.0,0,mobile,Paid Search,3,-2.1468,1.6478,-2.1468,1.6478,-0.7533,Potential Loyalists,#3B82F6
4945617.47754634,40,1,0.0,165.8,6,3,0,0.0,0,desktop,Referral,1,-1.6733,-1.5377,-1.6733,-1.5377,-0.6541,At-Risk / Inactive Customers,#EF4444
1954391.83819718,76,2,0.0,228.4,11,3,0,0.0,0,desktop,Referral,1,-2.035,-0.1224,-2.035,-0.1224,-0.6248,At-Risk / Inactive Customers,#EF4444
2778630.51020596,82,1,0.0,221.0,7,3,0,0.0,0,mobile,Direct,1,-2.0832,-1.1376,-2.0832,-1.1376,-0.6313,At-Risk / Inactive Customers,#EF4444
6880960.98626478,68,4,0.0,368.6,11,3,0,0.0,0,desktop,Direct,1,-1.9664,1.0198,-1.9664,1.0198,-0.6168,At-Risk / Inactive Customers,#EF4444
1185411.41037074,52,3,0.0,365.1,16,2,0,0.0,0,desktop,Organic Search,1,-1.9524,1.083,-1.9524,1.083,-0.6791,At-Risk / Inactive Customers,#EF4444
5655912.35801279,67,2,0.0,411.0,9,1,0,0.0,0,desktop,Organic Search,1,-2.2961,0.2379,-2.2961,0.2379,-0.7616,At-Risk / Inactive Customers,#EF4444
4554431.30864254,51,3,0.0,826.0,21,2,0,0.0,0,desktop,Direct,3,-1.9406,2.1166,-1.9406,2.1166,-0.6651,Potential Loyalists,#3B82F6
1946324.38098249,89,8,0.0,1004.6,42,2,0,0.0,0,mobile,Referral,3,-2.2508,4.1104,-2.2508,4.1104,-0.6349,Potential Loyalists,#3B82F6
8080913.62902875,74,1,0.0,226.3,7,2,0,0.0,0,desktop,Organic Search,1,-2.1625,-1.1115,-2.1625,-1.1115,-0.6915,At-Risk / Inactive Customers,#EF4444
6859669.17708063,80,1,0.0,183.2,10,3,0,0.0,0,mobile,Direct,1,-2.0684,-0.9727,-2.0684,-0.9727,-0.6308,At-Risk / Inactive Customers,#EF4444
9204678.79504827,47,2,0.0,354.7,14,2,0,0.0,0,mobile,Direct,1,-1.8977,0.532,-1.8977,0.532,-0.6856,At-Risk / Inactive Customers,#EF4444
7422810.86256452,68,1,0.0,141.9,6,2,0,0.0,0,desktop,Display,1,-2.1144,-1.685,-2.1144,-1.685,-0.7016,At-Risk / Inactive Customers,#EF4444
8644644.88058611,64,4,0.0,465.5,14,3,0,0.0,0,desktop,Organic Search,3,-1.9311,1.4746,-1.9311,1.4746,-0.6124,Potential Loyalists,#3B82F6
7785704.54908420,44,2,0.0,335.4,7,3,0,0.0,0,mobile,Direct,1,-1.7233,-0.1904,-1.7233,-0.1904,-0.6372,At-Risk / Inactive Customers,#EF4444
3713699.97334997,48,1,0.0,187.3,7,1,0,0.0,0,desktop,Display,1,-2.1098,-1.2778,-2.1098,-1.2778,-0.7863,At-Risk / Inactive Customers,#EF4444
6584752.12615511,42,5,0.0,605.3,23,2,0,0.0,0,desktop,Organic Search,3,-1.8262,2.4749,-1.8262,2.4749,-0.6699,Potential Loyalists,#3B82F6
7870311.62765566,86,1,0.0,142.6,6,2,0,0.0,0,desktop,Organic Search,1,-2.2493,-1.6831,-2.2493,-1.6831,-0.6959,At-Risk / Inactive Customers,#EF4444
7034161.41714557,75,1,0.0,229.6,5,2,0,0.0,0,mobile,Organic Search,1,-2.1709,-1.4041,-2.1709,-1.4041,-0.6943,At-Risk / Inactive Customers,#EF4444
2162593.24390625,45,2,0.0,634.1,14,2,0,0.0,0,desktop,Direct,1,-1.8728,1.0727,-1.8728,1.0727,-0.6785,At-Risk / Inactive Customers,#EF4444
7501335.15922275,57,5,0.0,681.2,22,3,0,0.0,0,mobile,Referral,3,-1.8621,2.5331,-1.8621,2.5331,-0.6034,Potential Loyalists,#3B82F6
9854025.35232550,46,1,0.0,310.7,8,3,0,0.0,0,mobile,Referral,1,-1.7521,-0.6895,-1.7521,-0.6895,-0.639,At-Risk / Inactive Customers,#EF4444
5305435.31655498,71,3,0.0,343.9,16,2,0,0.0,0,mobile,Organic Search,1,-2.1307,1.0238,-2.1307,1.0238,-0.6724,At-Risk / Inactive Customers,#EF4444
7276161.94672349,48,1,0.0,139.4,6,2,0,0.0,0,desktop,Paid Search,1,-1.9153,-1.6974,-1.9153,-1.6974,-0.7102,At-Risk / Inactive Customers,#EF4444
2710901.65229173,82,2,0.0,345.7,10,2,0,0.0,0,desktop,Organic Search,1,-2.217,0.172,-2.217,0.172,-0.6762,At-Risk / Inactive Customers,#EF4444
3496093.22463034,47,1,0.0,330.6,7,3,0,0.0,0,desktop,Affiliates,1,-1.7646,-0.7573,-1.7646,-0.7573,-0.639,At-Risk / Inactive Customers,#EF4444
8419776.83829295,56,2,0.0,150.2,5,2,0,0.0,0,desktop,Paid Search,1,-1.9999,-1.2412,-1.9999,-1.2412,-0.7041,At-Risk / Inactive Customers,#EF4444
3585583.43922797,87,8,0.0,2596.7,58,1,0,0.0,0,desktop,Referral,3,-2.4325,4.3195,-2.4325,4.3195,-0.7141,Potential Loyalists,#3B82F6
5123303.92058182,71,2,0.0,397.3,12,3,0,0.0,0,desktop,Direct,1,-1.9956,0.4776,-1.9956,0.4776,-0.6178,At-Risk / Inactive Customers,#EF4444
2173378.16534546,51,1,0.0,164.9,4,3,0,0.0,0,desktop,Paid Search,1,-1.8123,-1.9032,-1.8123,-1.9032,-0.6523,At-Risk / Inactive Customers,#EF4444
6248581.10793831,59,3,0.0,204.6,11,1,0,0.0,0,desktop,Organic Search,1,-2.2204,0.1777,-2.2204,0.1777,-0.77,At-Risk / Inactive Customers,#EF4444
5747669.22359098,53,1,0.0,254.6,10,3,0,0.0,0,desktop,Paid Search,1,-1.8324,-0.6627,-1.8324,-0.6627,-0.6361,At-Risk / Inactive Customers,#EF4444
6593083.88694087,71,1,0.0,252.5,6,2,0,0.0,0,mobile,Display,1,-2.1391,-1.1514,-2.1391,-1.1514,-0.6925,At-Risk / Inactive Customers,#EF4444
3867848.88425286,79,2,0.0,410.5,10,3,0,0.0,0,desktop,Organic Search,1,-2.0573,0.3292,-2.0573,0.3292,-0.6167,At-Risk / Inactive Customers,#EF4444
5408442.95836897,45,1,0.0,167.8,6,1,0,0.0,0,mobile,Direct,1,-2.0734,-1.5209,-2.0734,-1.5209,-0.7909,At-Risk / Inactive Customers,#EF4444
2020080.62376799,52,3,0.0,295.5,10,3,0,0.0,0,desktop,Organic Search,1,-1.8152,0.4208,-1.8152,0.4208,-0.6291,At-Risk / Inactive Customers,#EF4444
8861157.69897088,82,2,0.0,540.2,12,2,0,0.0,0,desktop,Referral,1,-2.2165,0.7646,-2.2165,0.7646,-0.668,At-Risk / Inactive Customers,#EF4444
4994844.58430963,72,1,0.0,155.0,5,1,0,0.0,0,mobile,Organic Search,1,-2.3424,-1.7637,-2.3424,-1.7637,-0.7826,At-Risk / Inactive Customers,#EF4444
2246549.54976823,76,8,0.0,1325.4,43,2,0,0.0,0,mobile,Affiliates,3,-2.16,4.317,-2.16,4.317,-0.6356,Potential Loyalists,#3B82F6
6543763.76680795,86,4,0.0,926.1,25,1,0,0.0,0,desktop,Organic Search,3,-2.4324,2.703,-2.4324,2.703,-0.7291,Potential Loyalists,#3B82F6
7960597.86140851,78,1,0.0,374.0,9,3,0,0.0,0,desktop,Direct,1,-2.0539,-0.4113,-2.0539,-0.4113,-0.6226,At-Risk / Inactive Customers,#EF4444
5728243.88546851,85,12,0.0,1657.0,56,1,0,0.0,0,desktop,Direct,3,-2.4182,4.4634,-2.4182,4.4634,-0.7139,Potential Loyalists,#3B82F6
8201933.67628199,48,1,0.0,267.4,8,2,0,0.0,0,desktop,Direct,1,-1.9146,-0.8264,-1.9146,-0.8264,-0.6982,At-Risk / Inactive Customers,#EF4444
2066448.84488280,86,1,0.0,126.1,5,2,0,0.0,0,mobile,Referral,1,-2.2497,-1.9608,-2.2497,-1.9608,-0.6994,At-Risk / Inactive Customers,#EF4444
9487594.42128345,82,1,0.0,168.7,8,3,0,0.0,0,desktop,Organic Search,1,-2.0831,-1.2627,-2.0831,-1.2627,-0.6337,At-Risk / Inactive Customers,#EF4444
2184201.56278928,84,3,0.0,365.4,12,1,0,0.0,0,mobile,Referral,1,-2.4227,0.7972,-2.4227,0.7972,-0.7525,At-Risk / Inactive Customers,#EF4444
5335353.93352752,78,1,0.0,100.2,3,3,0,0.0,0,mobile,Organic Search,1,-2.0562,-2.606,-2.0562,-2.606,-0.6516,At-Risk / Inactive Customers,#EF4444
7413989.17547043,49,2,0.0,427.4,10,2,0,0.0,0,desktop,Organic Search,1,-1.9221,0.3751,-1.9221,0.3751,-0.6856,At-Risk / Inactive Customers,#EF4444
6050429.74370401,89,2,0.0,370.8,13,3,0,0.0,0,mobile,Direct,1,-2.1253,0.4896,-2.1253,0.4896,-0.6124,At-Risk / Inactive Customers,#EF4444
4607172.41267317,45,4,0.0,586.6,20,2,0,0.0,0,desktop,Organic Search,3,-1.8674,2.0544,-1.8674,2.0544,-0.6717,Potential Loyalists,#3B82F6
9010265.62390124,62,2,0.0,240.4,5,2,0,0.0,0,desktop,Direct,1,-2.058,-0.8065,-2.058,-0.8065,-0.6951,At-Risk / Inactive Customers,#EF4444
2152424.29303555,48,3,0.0,366.2,13,1,0,0.0,0,desktop,Organic Search,1,-2.1021,0.8844,-2.1021,0.8844,-0.765,At-Risk / Inactive Customers,#EF4444
7740624.69084155,68,1,0.0,211.7,9,2,0,0.0,0,mobile,Referral,1,-2.1136,-0.9352,-2.1136,-0.9352,-0.6919,At-Risk / Inactive Customers,#EF4444
2570310.97699951,67,1,0.0,256.1,5,1,0,0.0,0,desktop,Affiliates,1,-2.301,-1.2973,-2.301,-1.2973,-0.7773,At-Risk / Inactive Customers,#EF4444
1947631.98221934,78,3,0.0,186.9,10,2,0,0.0,0,desktop,Organic Search,1,-2.1858,-0.006,-2.1858,-0.006,-0.6838,At-Risk / Inactive Customers,#EF4444
2496326.37335082,89,1,0.0,398.4,9,3,0,0.0,0,mobile,Organic Search,1,-2.1297,-0.3541,-2.1297,-0.3541,-0.6185,At-Risk / Inactive Customers,#EF4444
7198447.54553015,83,5,0.0,640.1,22,2,0,0.0,0,mobile,Organic Search,3,-2.2158,2.4738,-2.2158,2.4738,-0.6533,Potential Loyalists,#3B82F6
1430068.57012536,67,4,0.0,1182.9,29,3,0,0.0,0,mobile,Organic Search,3,-1.9556,3.0788,-1.9556,3.0788,-0.5902,Potential Loyalists,#3B82F6
6267452.68394649,44,3,0.0,462.9,10,1,0,0.0,0,desktop,Referral,1,-2.053,0.8469,-2.053,0.8469,-0.7666,At-Risk / Inactive Customers,#EF4444
6922857.93537285,75,2,0.0,196.5,7,2,0,0.0,0,mobile,Referral,1,-2.1666,-0.6899,-2.1666,-0.6899,-0.69,At-Risk / Inactive Customers,#EF4444
6222692.64674029,47,2,0.0,348.8,8,1,0,0.0,0,mobile,Organic Search,1,-2.0937,-0.0225,-2.0937,-0.0225,-0.7736,At-Risk / Inactive Customers,#EF4444
3661461.62911165,88,1,0.0,108.8,4,2,0,0.0,0,mobile,Referral,1,-2.2633,-2.2912,-2.2633,-2.2912,-0.703,At-Risk / Inactive Customers,#EF4444
2548243.16577804,49,1,0.0,214.7,5,3,0,0.0,0,desktop,Referral,1,-1.789,-1.4644,-1.789,-1.4644,-0.6474,At-Risk / Inactive Customers,#EF4444
4521743.22190224,76,1,0.0,195.0,5,1,0,0.0,0,mobile,Direct,1,-2.3734,-1.5516,-2.3734,-1.5516,-0.7781,At-Risk / Inactive Customers,#EF4444
9827843.84382942,41,1,0.0,258.3,6,1,0,0.0,0,desktop,Display,1,-2.0204,-1.1198,-2.0204,-1.1198,-0.7871,At-Risk / Inactive Customers,#EF4444
3328933.16442409,74,1,0.0,143.3,3,2,0,0.0,0,mobile,Organic Search,1,-2.1642,-2.2718,-2.1642,-2.2718,-0.7059,At-Risk / Inactive Customers,#EF4444
6476335.75938749,82,2,0.0,466.1,12,3,0,0.0,0,mobile,Organic Search,1,-2.0783,0.6244,-2.0783,0.6244,-0.6121,At-Risk / Inactive Customers,#EF4444
2418152.90625166,74,3,0.0,636.0,19,1,0,0.0,0,desktop,Referral,3,-2.3488,1.7719,-2.3488,1.7719,-0.7428,Potential Loyalists,#3B82F6
1915559.93964601,56,1,0.0,247.3,5,1,0,0.0,0,mobile,Organic Search,1,-2.1984,-1.3277,-2.1984,-1.3277,-0.7821,At-Risk / Inactive Customers,#EF4444
5172297.28069895,62,2,0.0,254.0,12,3,0,0.0,0,desktop,Referral,1,-1.918,0.0637,-1.918,0.0637,-0.6273,At-Risk / Inactive Customers,#EF4444
6533977.28596941,50,3,0.0,717.7,24,3,0,0.0,0,desktop,Display,3,-1.7908,2.1191,-1.7908,2.1191,-0.608,Potential Loyalists,#3B82F6
3560221.71377272,72,4,0.0,920.2,24,2,0,0.0,0,desktop,Organic Search,3,-2.1356,2.6533,-2.1356,2.6533,-0.6521,Potential Loyalists,#3B82F6
9276798.68359721,69,1,0.0,301.3,6,1,0,0.0,0,tablet,Organic Search,1,-2.3175,-0.9828,-2.3175,-0.9828,-0.7725,At-Risk / Inactive Customers,#EF4444
9276983.22071649,44,3,0.0,669.6,18,1,0,0.0,0,desktop,Referral,3,-2.0517,1.7713,-2.0517,1.7713,-0.7551,Potential Loyalists,#3B82F6
1797118.23249997,51,4,0.0,657.2,15,1,0,0.0,0,desktop,Direct,3,-2.1342,1.8737,-2.1342,1.8737,-0.7521,Potential Loyalists,#3B82F6
8325008.90201236,71,1,0.0,252.6,7,3,0,0.0,0,mobile,Direct,1,-2.0005,-1.012,-2.0005,-1.012,-0.6329,At-Risk / Inactive Customers,#EF4444
2359985.81809495,53,1,0.0,147.5,6,2,0,0.0,0,mobile,Organic Search,1,-1.9718,-1.6463,-1.9718,-1.6463,-0.707,At-Risk / Inactive Customers,#EF4444
4350261.97356327,83,2,0.0,274.0,8,1,0,0.0,0,mobile,Organic Search,1,-2.4193,-0.2532,-2.4193,-0.2532,-0.7633,At-Risk / Inactive Customers,#EF4444
7541376.90695305,58,3,0.0,634.1,17,2,0,0.0,0,desktop,Organic Search,3,-2.0146,1.6558,-2.0146,1.6558,-0.6681,Potential Loyalists,#3B82F6
4569063.74467757,69,5,0.0,845.9,20,1,0,0.0,0,mobile,Organic Search,3,-2.3048,2.6428,-2.3048,2.6428,-0.7367,Potential Loyalists,#3B82F6
7679113.51335021,88,5,0.0,335.9,15,3,0,0.0,0,desktop,Organic Search,3,-2.1122,1.4849,-2.1122,1.4849,-0.6071,Potential Loyalists,#3B82F6
6399710.33091123,42,1,0.0,180.5,4,3,0,0.0,0,mobile,Organic Search,1,-1.7017,-1.8173,-1.7017,-1.8173,-0.6556,At-Risk / Inactive Customers,#EF4444
8970145.96856450,40,1,0.0,216.9,8,3,0,0.0,0,desktop,Organic Search,1,-1.6727,-1.0215,-1.6727,-1.0215,-0.6474,At-Risk / Inactive Customers,#EF4444
2015360.85192156,82,8,0.0,1852.0,52,1,0,0.0,0,mobile,Organic Search,3,-2.3985,4.3202,-2.3985,4.3202,-0.7156,Potential Loyalists,#3B82F6
9290390.12493385,79,2,0.0,297.2,9,1,0,0.0,0,desktop,Referral,1,-2.3907,-0.0652,-2.3907,-0.0652,-0.7621,At-Risk / Inactive Customers,#EF4444
8404813.37729689,77,1,0.0,208.3,8,1,0,0.0,0,desktop,Referral,1,-2.38,-1.0595,-2.38,-1.0595,-0.7721,At-Risk / Inactive Customers,#EF4444
7088504.90847821,48,1,0.0,139.0,4,3,0,0.0,0,mobile,Paid Search,1,-1.7778,-2.0607,-1.7778,-2.0607,-0.6561,At-Risk / Inactive Customers,#EF4444
7820528.71472437,83,4,0.0,272.4,14,1,0,0.0,0,desktop,Direct,1,-2.4135,0.9808,-2.4135,0.9808,-0.7535,At-Risk / Inactive Customers,#EF4444
6807200.56269213,83,2,0.0,294.8,10,1,0,0.0,0,mobile,Organic Search,1,-2.4189,0.028,-2.4189,0.028,-0.76,At-Risk / Inactive Customers,#EF4444
1057302.20884914,81,1,0.0,225.6,9,1,0,0.0,0,desktop,Display,1,-2.4088,-0.8741,-2.4088,-0.8741,-0.7686,At-Risk / Inactive Customers,#EF4444
2744514.72451320,42,1,0.0,186.5,7,2,0,0.0,0,tablet,Referral,1,-1.839,-1.2844,-1.839,-1.2844,-0.7077,At-Risk / Inactive Customers,#EF4444
5356732.54336758,44,3,0.0,237.1,8,1,0,0.0,0,mobile,Organic Search,1,-2.0536,0.012,-2.0536,0.012,-0.7783,At-Risk / Inactive Customers,#EF4444
2931632.12876381,68,2,0.0,202.6,12,1,0,0.0,0,mobile,Organic Search,1,-2.3042,-0.1401,-2.3042,-0.1401,-0.768,At-Risk / Inactive Customers,#EF4444
4044540.73287660,51,2,0.0,456.6,15,3,0,0.0,0,desktop,Organic Search,1,-1.8058,0.8315,-1.8058,0.8315,-0.6213,At-Risk / Inactive Customers,#EF4444
1998927.83461664,84,1,0.0,198.1,6,1,0,0.0,0,desktop,Referral,1,-2.4305,-1.3743,-2.4305,-1.3743,-0.7737,At-Risk / Inactive Customers,#EF4444
5914352.41827240,59,2,0.0,161.5,9,1,0,0.0,0,mobile,Organic Search,1,-2.2235,-0.6275,-2.2235,-0.6275,-0.7777,At-Risk / Inactive Customers,#EF4444
4823905.83615237,77,2,0.0,246.2,9,3,0,0.0,0,desktop,Organic Search,1,-2.0429,-0.2467,-2.0429,-0.2467,-0.6256,At-Risk / Inactive Customers,#EF4444
7466320.12926782,47,6,0.0,743.5,24,3,0,0.0,0,mobile,Referral,3,-1.7504,2.9155,-1.7504,2.9155,-0.6046,Potential Loyalists,#3B82F6
2566989.59301512,54,1,0.0,246.8,6,1,0,0.0,0,mobile,Direct,1,-2.1772,-1.1653,-2.1772,-1.1653,-0.7812,At-Risk / Inactive Customers,#EF4444
2406883.69680885,59,1,0.0,101.2,4,3,0,0.0,0,desktop,Referral,1,-1.8957,-2.3563,-1.8957,-2.3563,-0.6556,At-Risk / Inactive Customers,#EF4444
2047147.65512082,87,2,0.0,659.7,14,2,0,0.0,0,mobile,Referral,1,-2.2502,1.1019,-2.2502,1.1019,-0.6622,At-Risk / Inactive Customers,#EF4444
9098216.24996373,89,3,0.0,255.4,9,1,0,0.0,0,mobile,Referral,1,-2.4566,0.1849,-2.4566,0.1849,-0.7592,At-Risk / Inactive Customers,#EF4444
7324549.70579800,68,4,0.0,473.3,25,3,0,0.0,0,desktop,Organic Search,3,-1.9646,2.0742,-1.9646,2.0742,-0.6043,Potential Loyalists,#3B82F6
8886807.94873130,85,4,0.0,258.7,13,3,0,0.0,0,desktop,Organic Search,1,-2.0943,0.8522,-2.0943,0.8522,-0.6146,At-Risk / Inactive Customers,#EF4444
2572033.17734198,68,3,0.0,325.5,10,1,0,0.0,0,mobile,Referral,1,-2.3018,0.5146,-2.3018,0.5146,-0.7611,At-Risk / Inactive Customers,#EF4444
3662172.63628976,59,2,0.0,610.0,13,1,0,0.0,0,mobile,Organic Search,1,-2.2224,0.9643,-2.2224,0.9643,-0.7552,At-Risk / Inactive Customers,#EF4444
7714292.15222252,74,1,0.0,264.1,8,2,0,0.0,0,mobile,Organic Search,1,-2.1622,-0.843,-2.1622,-0.843,-0.688,At-Risk / Inactive Customers,#EF4444
3513528.49921339,86,1,0.0,94.2,2,1,0,0.0,0,desktop,Organic Search,1,-2.4461,-2.9628,-2.4461,-2.9628,-0.7933,At-Risk / Inactive Customers,#EF4444
4040035.68014980,47,1,0.0,473.5,10,1,0,0.0,0,desktop,Referral,1,-2.0969,-0.0778,-2.0969,-0.0778,-0.7701,At-Risk / Inactive Customers,#EF4444
4728655.48630954,67,1,0.0,411.4,9,3,0,0.0,0,tablet,Organic Search,1,-1.9666,-0.321,-1.9666,-0.321,-0.6249,At-Risk / Inactive Customers,#EF4444
5281052.68202318,71,1,0.0,130.4,5,1,0,0.0,0,desktop,Direct,1,-2.3344,-1.9234,-2.3344,-1.9234,-0.7853,At-Risk / Inactive Customers,#EF4444
2256799.37606358,80,2,0.0,307.8,10,1,0,0.0,0,desktop,Direct,1,-2.3977,0.0686,-2.3977,0.0686,-0.7602,At-Risk / Inactive Customers,#EF4444
9460982.92994640,42,1,0.0,211.7,4,1,0,0.0,0,mobile,Direct,1,-2.0348,-1.6624,-2.0348,-1.6624,-0.7932,At-Risk / Inactive Customers,#EF4444
6455720.47586140,71,1,0.0,119.8,3,2,0,0.0,0,mobile,Organic Search,1,-2.1405,-2.437,-2.1405,-2.437,-0.7094,At-Risk / Inactive Customers,#EF4444
9091360.91873847,66,1,0.0,178.0,5,1,0,0.0,0,tablet,Organic Search,1,-2.2925,-1.6345,-2.2925,-1.6345,-0.7827,At-Risk / Inactive Customers,#EF4444
6425697.57704127,71,5,0.0,578.5,31,1,0,0.0,0,mobile,Referral,3,-2.3203,2.7367,-2.3203,2.7367,-0.7364,Potential Loyalists,#3B82F6
2278853.21612494,73,4,0.0,603.7,16,3,0,0.0,0,mobile,Organic Search,3,-2.0062,1.848,-2.0062,1.848,-0.6041,Potential Loyalists,#3B82F6
9828433.75440050,63,4,0.0,830.5,22,3,0,0.0,0,mobile,Referral,3,-1.921,2.4678,-1.921,2.4678,-0.5997,Potential Loyalists,#3B82F6
7729309.21920959,69,2,0.0,324.3,15,1,0,0.0,0,desktop,Direct,1,-2.312,0.5171,-2.312,0.5171,-0.7587,At-Risk / Inactive Customers,#EF4444
8695189.28495024,82,1,0.0,296.6,7,2,0,0.0,0,desktop,Paid Search,1,-2.2214,-0.8616,-2.2214,-0.8616,-0.6852,At-Risk / Inactive Customers,#EF4444
7129217.78041722,78,1,0.0,75.7,2,1,0,0.0,0,tablet,Organic Search,1,-2.39,-3.163,-2.39,-3.163,-0.7987,At-Risk / Inactive Customers,#EF4444
1198572.45673726,86,2,0.0,346.4,9,2,0,0.0,0,mobile,Direct,1,-2.2446,0.072,-2.2446,0.072,-0.6762,At-Risk / Inactive Customers,#EF4444
9600055.67829341,82,2,0.0,160.4,5,2,0,0.0,0,desktop,Direct,1,-2.2185,-1.1848,-2.2185,-1.1848,-0.694,At-Risk / Inactive Customers,#EF4444
1505256.17166124,45,1,0.0,216.5,6,2,0,0.0,0,desktop,Email,1,-1.8785,-1.2888,-1.8785,-1.2888,-0.7056,At-Risk / Inactive Customers,#EF4444
1517229.97781509,55,1,0.0,182.4,7,2,0,0.0,0,mobile,Direct,1,-1.9926,-1.3081,-1.9926,-1.3081,-0.7016,At-Risk / Inactive Customers,#EF4444
4243152.71724823,51,1,0.0,261.0,6,2,0,0.0,0,desktop,Organic Search,1,-1.9497,-1.1168,-1.9497,-1.1168,-0.7,At-Risk / Inactive Customers,#EF4444
4074426.31674781,40,3,0.0,354.8,11,2,0,0.0,0,desktop,Direct,1,-1.8039,0.6891,-1.8039,0.6891,-0.6898,At-Risk / Inactive Customers,#EF4444
5762293.36758808,61,1,0.0,136.3,4,1,0,0.0,0,mobile,Organic Search,1,-2.2478,-2.0746,-2.2478,-2.0746,-0.7905,At-Risk / Inactive Customers,#EF4444
6504228.86808196,48,1,0.0,193.6,4,3,0,0.0,0,desktop,Organic Search,1,-1.7777,-1.7539,-1.7777,-1.7539,-0.6515,At-Risk / Inactive Customers,#EF4444
8405258.70537014,57,4,0.0,758.5,18,3,0,0.0,0,desktop,Organic Search,3,-1.8642,2.1815,-1.8642,2.1815,-0.6056,Potential Loyalists,#3B82F6
9849301.78789625,67,2,0.0,266.5,10,1,0,0.0,0,desktop,Direct,1,-2.296,-0.0632,-2.296,-0.0632,-0.7665,At-Risk / Inactive Customers,#EF4444
8073793.70246512,49,1,0.0,258.0,7,2,0,0.0,0,desktop,Paid Search,1,-1.9266,-0.9851,-1.9266,-0.9851,-0.6995,At-Risk / Inactive Customers,#EF4444
9267724.10090995,56,18,0.0,2599.0,82,2,0,0.0,0,mobile,Direct,3,-1.984,4.4641,-1.984,4.4641,-0.6421,Potential Loyalists,#3B82F6
9574204.78941766,74,4,0.0,1033.6,29,2,0,0.0,0,mobile,Organic Search,3,-2.1509,2.955,-2.1509,2.955,-0.6477,Potential Loyalists,#3B82F6
6670036.12098781,40,18,0.0,3100.9,78,3,0,0.0,0,mobile,Direct,3,-1.6541,4.4651,-1.6541,4.4651,-0.5921,Potential Loyalists,#3B82F6
3627383.15922757,68,1,0.0,104.7,5,1,0,0.0,0,desktop,Email,1,-2.3097,-2.1257,-2.3097,-2.1257,-0.7894,At-Risk / Inactive Customers,#EF4444
2446404.69881081,54,3,0.0,898.7,20,1,0,0.0,0,desktop,Direct,3,-2.1682,2.1492,-2.1682,2.1492,-0.7449,Potential Loyalists,#3B82F6
1691554.96564961,48,6,0.0,449.7,27,1,0,0.0,0,desktop,Direct,3,-2.0954,2.5752,-2.0954,2.5752,-0.7497,Potential Loyalists,#3B82F6
6844341.96436109,45,2,0.0,533.8,12,2,0,0.0,0,desktop,Direct,1,-1.8732,0.7604,-1.8732,0.7604,-0.6826,At-Risk / Inactive Customers,#EF4444
9304633.47529282,44,1,0.0,117.4,3,2,0,0.0,0,desktop,Paid Search,1,-1.867,-2.4502,-1.867,-2.4502,-0.7211,At-Risk / Inactive Customers,#EF4444
7364654.24356951,83,1,0.0,400.1,9,2,0,0.0,0,desktop,Direct,1,-2.2278,-0.3464,-2.2278,-0.3464,-0.6782,At-Risk / Inactive Customers,#EF4444
6218535.70062613,73,1,0.0,129.1,4,2,0,0.0,0,desktop,Organic Search,1,-2.1559,-2.131,-2.1559,-2.131,-0.7051,At-Risk / Inactive Customers,#EF4444
9051232.47988383,78,3,0.0,700.1,16,3,0,0.0,0,desktop,Organic Search,3,-2.0462,1.6808,-2.0462,1.6808,-0.6022,Potential Loyalists,#3B82F6
7035925.73912010,44,1,0.0,153.3,5,3,0,0.0,0,desktop,Referral,1,-1.7278,-1.7753,-1.7278,-1.7753,-0.6547,At-Risk / Inactive Customers,#EF4444
5310119.88081470,88,1,0.0,275.6,6,2,0,0.0,0,mobile,Direct,1,-2.2623,-1.0726,-2.2623,-1.0726,-0.6861,At-Risk / Inactive Customers,#EF4444
8427914.60995322,62,2,0.0,159.5,8,1,0,0.0,0,desktop,Organic Search,1,-2.2521,-0.7516,-2.2521,-0.7516,-0.7779,At-Risk / Inactive Customers,#EF4444
7970657.31372244,64,3,0.0,846.4,19,2,0,0.0,0,desktop,Organic Search,3,-2.0706,2.0354,-2.0706,2.0354,-0.6604,Potential Loyalists,#3B82F6
9350651.33613045,88,3,0.0,429.2,9,2,0,0.0,0,mobile,Display,1,-2.2551,0.6631,-2.2551,0.6631,-0.6704,At-Risk / Inactive Customers,#EF4444
8278284.73421439,53,6,0.0,574.0,35,2,0,0.0,0,mobile,Referral,3,-1.9564,3.064,-1.9564,3.064,-0.6592,Potential Loyalists,#3B82F6
3918241.23545930,91,1,0.0,413.9,9,2,0,0.0,0,mobile,Direct,1,-2.2808,-0.316,-2.2808,-0.316,-0.6755,At-Risk / Inactive Customers,#EF4444
9497139.71450953,52,1,0.0,230.1,6,1,0,0.0,0,tablet,Organic Search,1,-2.1557,-1.2298,-2.1557,-1.2298,-0.7831,At-Risk / Inactive Customers,#EF4444
5502143.13782359,50,1,0.0,323.6,7,3,0,0.0,0,mobile,Organic Search,1,-1.7998,-0.7779,-1.7998,-0.7779,-0.6379,At-Risk / Inactive Customers,#EF4444
1271983.55103515,73,1,0.0,287.6,7,3,0,0.0,0,desktop,Organic Search,1,-2.0164,-0.8918,-2.0164,-0.8918,-0.6304,At-Risk / Inactive Customers,#EF4444
7396950.24333672,60,6,0.0,1104.2,25,2,0,0.0,0,desktop,Organic Search,3,-2.0279,3.3255,-2.0279,3.3255,-0.6508,Potential Loyalists,#3B82F6
5036182.97754318,51,1,0.0,272.3,6,1,0,0.0,0,desktop,Organic Search,1,-2.1446,-1.0733,-2.1446,-1.0733,-0.7812,At-Risk / Inactive Customers,#EF4444
5487047.25340145,71,2,0.0,311.9,7,3,0,0.0,0,desktop,Referral,1,-1.9967,-0.2634,-1.9967,-0.2634,-0.6268,At-Risk / Inactive Customers,#EF4444
8092273.59012347,66,2,0.0,423.7,11,2,0,0.0,0,desktop,Organic Search,1,-2.0922,0.4561,-2.0922,0.4561,-0.6776,At-Risk / Inactive Customers,#EF4444
6159716.64192401,87,4,0.0,457.0,23,1,0,0.0,0,mobile,Organic Search,3,-2.4394,1.9607,-2.4394,1.9607,-0.7396,Potential Loyalists,#3B82F6
4343024.91711074,55,1,0.0,161.2,3,1,0,0.0,0,desktop,Organic Search,1,-2.189,-2.1553,-2.189,-2.1553,-0.7932,At-Risk / Inactive Customers,#EF4444
2674979.40606738,46,3,0.0,491.1,20,1,0,0.0,0,desktop,Organic Search,3,-2.0769,1.5888,-2.0769,1.5888,-0.7572,Potential Loyalists,#3B82F6
6725686.98472648,64,1,0.0,109.1,3,1,0,0.0,0,desktop,Referral,1,-2.2759,-2.5181,-2.2759,-2.5181,-0.795,At-Risk / Inactive Customers,#EF4444
6399874.96639412,68,2,0.0,277.5,14,1,0,0.0,0,desktop,Direct,1,-2.3038,0.3039,-2.3038,0.3039,-0.762,At-Risk / Inactive Customers,#EF4444
1182318.88172902,75,3,0.0,572.4,18,3,0,0.0,0,desktop,Organic Search,3,-2.0235,1.6122,-2.0235,1.6122,-0.6047,Potential Loyalists,#3B82F6
4043739.55959589,48,2,0.0,228.0,9,1,0,0.0,0,mobile,Organic Search,1,-2.1056,-0.3055,-2.1056,-0.3055,-0.7778,At-Risk / Inactive Customers,#EF4444
8056072.87743861,69,3,0.0,351.2,17,1,0,0.0,0,desktop,Organic Search,1,-2.309,1.1086,-2.309,1.1086,-0.754,At-Risk / Inactive Customers,#EF4444
9189026.44267605,52,1,0.0,162.3,7,2,0,0.0,0,mobile,Direct,1,-1.9606,-1.4156,-1.9606,-1.4156,-0.7046,At-Risk / Inactive Customers,#EF4444
7126608.41930404,51,2,0.0,415.6,13,1,0,0.0,0,mobile,Referral,1,-2.1393,0.6091,-2.1393,0.6091,-0.764,At-Risk / Inactive Customers,#EF4444
8071823.50830003,65,3,0.0,549.1,13,3,0,0.0,0,desktop,Organic Search,1,-1.9421,1.2505,-1.9421,1.2505,-0.6123,At-Risk / Inactive Customers,#EF4444
7101152.94860143,61,2,0.0,433.2,13,2,0,0.0,0,desktop,Organic Search,1,-2.0467,0.6415,-2.0467,0.6415,-0.6774,At-Risk / Inactive Customers,#EF4444
4557786.63696514,44,1,0.0,200.2,6,3,0,0.0,0,desktop,Organic Search,1,-1.7274,-1.3641,-1.7274,-1.3641,-0.6492,At-Risk / Inactive Customers,#EF4444
4151150.28303362,66,1,0.0,258.7,9,1,0,0.0,0,desktop,Organic Search,1,-2.2913,-0.7447,-2.2913,-0.7447,-0.7716,At-Risk / Inactive Customers,#EF4444
7468141.17620374,74,2,0.0,472.7,15,2,0,0.0,0,desktop,Direct,1,-2.1571,0.8624,-2.1571,0.8624,-0.67,At-Risk / Inactive Customers,#EF4444
5516311.70863431,89,1,0.0,213.4,7,1,0,0.0,0,mobile,Organic Search,1,-2.4635,-1.164,-2.4635,-1.164,-0.7697,At-Risk / Inactive Customers,#EF4444
7179618.92359882,65,2,0.0,337.9,9,3,0,0.0,0,desktop,Referral,1,-1.9456,0.0492,-1.9456,0.0492,-0.6252,At-Risk / Inactive Customers,#EF4444
7885846.45200474,67,1,0.0,197.9,6,2,0,0.0,0,mobile,Organic Search,1,-2.1059,-1.3767,-2.1059,-1.3767,-0.6973,At-Risk / Inactive Customers,#EF4444
4826975.34326851,40,1,0.0,199.5,6,3,0,0.0,0,desktop,Direct,1,-1.6733,-1.3662,-1.6733,-1.3662,-0.6515,At-Risk / Inactive Customers,#EF4444
1998402.58364841,42,2,0.0,290.8,6,2,0,0.0,0,tablet,Referral,1,-1.8354,-0.4614,-1.8354,-0.4614,-0.6999,At-Risk / Inactive Customers,#EF4444
8523898.86032592,62,2,0.0,202.4,9,1,0,0.0,0,mobile,Direct,1,-2.2518,-0.4189,-2.2518,-0.4189,-0.7733,At-Risk / Inactive Customers,#EF4444
8777951.11197071,42,2,0.0,509.5,11,1,0,0.0,0,mobile,Organic Search,1,-2.029,0.6369,-2.029,0.6369,-0.7676,At-Risk / Inactive Customers,#EF4444
3668727.21621857,41,2,0.0,374.3,10,1,0,0.0,0,desktop,Organic Search,1,-2.0156,0.258,-2.0156,0.258,-0.7735,At-Risk / Inactive Customers,#EF4444
4748643.73931710,47,3,0.0,609.5,13,1,0,0.0,0,desktop,Organic Search,1,-2.09,1.3584,-2.09,1.3584,-0.7584,At-Risk / Inactive Customers,#EF4444
6280638.68298735,57,2,0.0,251.1,13,1,0,0.0,0,desktop,Organic Search,1,-2.2029,0.1398,-2.2029,0.1398,-0.7684,At-Risk / Inactive Customers,#EF4444
1516611.48345772,68,1,0.0,184.2,4,1,0,0.0,0,mobile,Direct,1,-2.31,-1.797,-2.31,-1.797,-0.7837,At-Risk / Inactive Customers,#EF4444
3896671.31626086,75,2,0.0,607.5,14,3,0,0.0,0,mobile,Organic Search,1,-2.0267,1.024,-2.0267,1.024,-0.6088,At-Risk / Inactive Customers,#EF4444
8748546.94469274,78,2,0.0,186.2,9,1,0,0.0,0,mobile,Direct,1,-2.3835,-0.4989,-2.3835,-0.4989,-0.769,At-Risk / Inactive Customers,#EF4444
4964686.49321640,51,1,0.0,72.1,2,1,0,0.0,0,mobile,Organic Search,1,-2.1468,-3.2029,-2.1468,-3.2029,-0.8095,At-Risk / Inactive Customers,#EF4444
7493775.65739452,69,1,0.0,74.2,4,2,0,0.0,0,mobile,Organic Search,1,-2.1237,-2.6411,-2.1237,-2.6411,-0.7142,At-Risk / Inactive Customers,#EF4444
2998840.17856266,42,1,0.0,197.2,8,1,0,0.0,0,desktop,Direct,1,-2.0336,-1.1033,-2.0336,-1.1033,-0.7874,At-Risk / Inactive Customers,#EF4444
9934329.86669817,83,1,0.0,141.7,5,3,0,0.0,0,mobile,Direct,1,-2.091,-1.8554,-2.091,-1.8554,-0.6406,At-Risk / Inactive Customers,#EF4444
1954537.63984538,63,3,0.0,755.3,23,3,0,0.0,0,desktop,Organic Search,3,-1.923,2.1205,-1.923,2.1205,-0.6023,Potential Loyalists,#3B82F6
7488770.93374733,45,1,0.0,275.2,6,2,0,0.0,0,desktop,Paid Search,1,-1.8784,-1.0662,-1.8784,-1.0662,-0.7022,At-Risk / Inactive Customers,#EF4444
3248599.92971529,58,2,0.0,295.5,8,3,0,0.0,0,mobile,Direct,1,-1.8806,-0.186,-1.8806,-0.186,-0.631,At-Risk / Inactive Customers,#EF4444
5248495.67392082,90,1,0.0,165.0,3,2,0,0.0,0,mobile,Organic Search,1,-2.2766,-2.1435,-2.2766,-2.1435,-0.6993,At-Risk / Inactive Customers,#EF4444
9622907.79978521,85,6,0.0,1165.6,30,2,0,0.0,0,mobile,Organic Search,3,-2.2273,3.5588,-2.2273,3.5588,-0.6397,Potential Loyalists,#3B82F6
5993075.88635294,76,1,0.0,155.6,4,1,0,0.0,0,mobile,Referral,1,-2.3738,-1.9545,-2.3738,-1.9545,-0.7833,At-Risk / Inactive Customers,#EF4444
1317383.81043432,89,3,0.0,378.9,13,1,0,0.0,0,mobile,Paid Search,1,-2.4558,0.909,-2.4558,0.909,-0.7497,At-Risk / Inactive Customers,#EF4444
7302802.77800005,47,1,0.0,238.5,8,1,0,0.0,0,desktop,Direct,1,-2.0975,-0.9282,-2.0975,-0.9282,-0.782,At-Risk / Inactive Customers,#EF4444
8986917.56410343,74,2,0.0,374.5,10,3,0,0.0,0,mobile,Paid Search,1,-2.0197,0.2446,-2.0197,0.2446,-0.6195,At-Risk / Inactive Customers,#EF4444
2820551.66273622,83,1,0.0,154.3,7,2,0,0.0,0,tablet,Referral,1,-2.2286,-1.4678,-2.2286,-1.4678,-0.6941,At-Risk / Inactive Customers,#EF4444
2640103.51239605,57,1,0.0,215.9,6,1,0,0.0,0,desktop,Organic Search,1,-2.2082,-1.29,-2.2082,-1.29,-0.7818,At-Risk / Inactive Customers,#EF4444
5860495.46821939,66,2,0.0,164.6,8,3,0,0.0,0,desktop,Direct,1,-1.9548,-0.7302,-1.9548,-0.7302,-0.6361,At-Risk / Inactive Customers,#EF4444
5925810.52777695,70,3,0.0,705.3,22,3,0,0.0,0,desktop,Organic Search,3,-1.9835,2.0103,-1.9835,2.0103,-0.6012,Potential Loyalists,#3B82F6
1870164.30802555,66,1,0.0,288.8,7,1,0,0.0,0,mobile,Direct,1,-2.2917,-0.8797,-2.2917,-0.8797,-0.7726,At-Risk / Inactive Customers,#EF4444
2481116.13085064,77,1,0.0,136.2,5,3,0,0.0,0,desktop,Direct,1,-2.0478,-1.8912,-2.0478,-1.8912,-0.6429,At-Risk / Inactive Customers,#EF4444
9662364.58608921,44,1,0.0,172.5,4,1,0,0.0,0,mobile,Display,1,-2.0613,-1.8528,-2.0613,-1.8528,-0.795,At-Risk / Inactive Customers,#EF4444
9627552.64369920,58,1,0.0,171.6,6,2,0,0.0,0,desktop,Paid Search,1,-2.0233,-1.5072,-2.0233,-1.5072,-0.7027,At-Risk / Inactive Customers,#EF4444
7526977.82570997,61,1,0.0,343.0,8,2,0,0.0,0,tablet,Organic Search,1,-2.0514,-0.598,-2.0514,-0.598,-0.6889,At-Risk / Inactive Customers,#EF4444
3516246.75692811,91,1,0.0,252.9,7,1,0,0.0,0,desktop,Organic Search,1,-2.4762,-1.0067,-2.4762,-1.0067,-0.7668,At-Risk / Inactive Customers,#EF4444
4087629.40638065,77,2,0.0,332.1,9,1,0,0.0,0,desktop,Referral,1,-2.3759,0.0383,-2.3759,0.0383,-0.7612,At-Risk / Inactive Customers,#EF4444
7131188.63080367,53,3,0.0,414.9,11,1,0,0.0,0,desktop,Direct,1,-2.1589,0.8354,-2.1589,0.8354,-0.7627,At-Risk / Inactive Customers,#EF4444
2628676.28839649,76,2,0.0,341.8,9,2,0,0.0,0,mobile,Organic Search,1,-2.1735,0.061,-2.1735,0.061,-0.6793,At-Risk / Inactive Customers,#EF4444
3341128.27777982,65,2,0.0,291.6,9,2,0,0.0,0,desktop,Organic Search,1,-2.0839,-0.0847,-2.0839,-0.0847,-0.6853,At-Risk / Inactive Customers,#EF4444
9832196.54873750,65,1,0.0,212.3,6,2,0,0.0,0,desktop,Paid Search,1,-2.0885,-1.3112,-2.0885,-1.3112,-0.6971,At-Risk / Inactive Customers,#EF4444
8780203.88163106,52,1,0.0,278.0,7,3,0,0.0,0,desktop,Direct,1,-1.8222,-0.9194,-1.8222,-0.9194,-0.639,At-Risk / Inactive Customers,#EF4444
8888302.58727915,50,2,0.0,464.4,15,3,0,0.0,0,mobile,Paid Search,1,-1.7945,0.8475,-1.7945,0.8475,-0.6216,At-Risk / Inactive Customers,#EF4444
5107589.12677392,40,1,0.0,61.0,2,1,0,0.0,0,desktop,Direct,1,-2.0085,-3.3536,-2.0085,-3.3536,-0.8176,At-Risk / Inactive Customers,#EF4444
4671807.90078073,86,3,0.0,574.9,16,3,0,0.0,0,mobile,Organic Search,3,-2.1024,1.4964,-2.1024,1.4964,-0.6026,Potential Loyalists,#3B82F6
9825824.41927419,74,1,0.0,291.1,9,1,0,0.0,0,mobile,Direct,1,-2.3569,-0.6364,-2.3569,-0.6364,-0.7672,At-Risk / Inactive Customers,#EF4444
1701950.36890748,41,3,0.0,875.2,22,2,0,0.0,0,mobile,Direct,3,-1.8162,2.2203,-1.8162,2.2203,-0.669,Potential Loyalists,#3B82F6
7002621.81497291,68,1,0.0,288.8,7,1,0,0.0,0,mobile,Organic Search,1,-2.3088,-0.8801,-2.3088,-0.8801,-0.7719,At-Risk / Inactive Customers,#EF4444
8599207.78287070,84,5,0.0,798.0,23,1,0,0.0,0,desktop,Organic Search,3,-2.4175,2.7282,-2.4175,2.7282,-0.7312,Potential Loyalists,#3B82F6
1951204.29805124,46,18,0.0,2095.7,48,2,0,0.0,0,desktop,Direct,3,-1.8718,4.4664,-1.8718,4.4664,-0.6468,Potential Loyalists,#3B82F6
6427491.35468999,48,1,0.0,107.1,2,2,0,0.0,0,mobile,Organic Search,1,-1.9172,-2.8418,-1.9172,-2.8418,-0.7237,At-Risk / Inactive Customers,#EF4444
7088833.92248021,78,4,0.0,424.5,13,2,0,0.0,0,desktop,Organic Search,1,-2.183,1.3162,-2.183,1.3162,-0.6678,At-Risk / Inactive Customers,#EF4444
7311864.60006964,75,1,0.0,226.6,7,2,0,0.0,0,desktop,Direct,1,-2.1702,-1.1105,-2.1702,-1.1105,-0.6912,At-Risk / Inactive Customers,#EF4444
2476890.39786796,51,3,0.0,714.8,20,2,0,0.0,0,mobile,Organic Search,3,-1.9407,1.9326,-1.9407,1.9326,-0.6677,Potential Loyalists,#3B82F6
1518053.42546010,79,3,0.0,239.7,10,3,0,0.0,0,mobile,Direct,1,-2.0548,0.2217,-2.0548,0.2217,-0.622,At-Risk / Inactive Customers,#EF4444
3886614.38521085,42,1,0.0,314.8,7,1,0,0.0,0,desktop,Direct,1,-2.0337,-0.7945,-2.0337,-0.7945,-0.7822,At-Risk / Inactive Customers,#EF4444
2959146.17837240,60,3,0.0,398.5,12,1,0,0.0,0,mobile,Organic Search,1,-2.2297,0.8816,-2.2297,0.8816,-0.7593,At-Risk / Inactive Customers,#EF4444
8325482.36594369,80,3,0.0,327.6,13,3,0,0.0,0,mobile,Direct,1,-2.0614,0.768,-2.0614,0.768,-0.6145,At-Risk / Inactive Customers,#EF4444
4912608.33009092,65,1,0.0,172.5,6,1,0,0.0,0,mobile,Organic Search,1,-2.2834,-1.4995,-2.2834,-1.4995,-0.7817,At-Risk / Inactive Customers,#EF4444
4790421.77329124,62,3,0.0,224.8,9,3,0,0.0,0,desktop,Affiliates,1,-1.916,0.0636,-1.916,0.0636,-0.6298,At-Risk / Inactive Customers,#EF4444
8951444.87660716,65,12,0.0,1968.1,60,2,0,0.0,0,tablet,Direct,3,-2.0693,4.4624,-2.0693,4.4624,-0.6385,Potential Loyalists,#3B82F6
7832907.90764588,86,1,0.0,107.5,6,2,0,0.0,0,mobile,Organic Search,1,-2.2494,-1.9443,-2.2494,-1.9443,-0.6998,At-Risk / Inactive Customers,#EF4444
5752447.39088345,91,2,0.0,490.6,14,2,0,0.0,0,desktop,Organic Search,1,-2.2761,0.8259,-2.2761,0.8259,-0.6652,At-Risk / Inactive Customers,#EF4444
5859333.49525092,91,1,0.0,189.9,8,1,0,0.0,0,mobile,Organic Search,1,-2.4761,-1.1472,-2.4761,-1.1472,-0.7694,At-Risk / Inactive Customers,#EF4444
5830384.27424506,48,1,0.0,80.7,3,2,0,0.0,0,desktop,Organic Search,1,-1.9167,-2.7969,-1.9167,-2.7969,-0.7243,At-Risk / Inactive Customers,#EF4444
4302231.99789656,41,2,0.0,139.7,8,1,0,0.0,0,desktop,Referral,1,-2.0162,-0.8696,-2.0162,-0.8696,-0.7896,At-Risk / Inactive Customers,#EF4444
6658406.71712793,84,1,0.0,199.7,7,1,0,0.0,0,desktop,Organic Search,1,-2.4303,-1.2248,-2.4303,-1.2248,-0.772,At-Risk / Inactive Customers,#EF4444
6863728.86352620,45,1,0.0,348.0,8,1,0,0.0,0,desktop,Direct,1,-2.0727,-0.5769,-2.0727,-0.5769,-0.7778,At-Risk / Inactive Customers,#EF4444
4273776.93390780,43,1,0.0,192.8,7,1,0,0.0,0,mobile,Organic Search,1,-2.0472,-1.2497,-2.0472,-1.2497,-0.7885,At-Risk / Inactive Customers,#EF4444
9062855.51691864,52,1,0.0,147.2,4,3,0,0.0,0,desktop,Organic Search,1,-1.8234,-2.0086,-1.8234,-2.0086,-0.6534,At-Risk / Inactive Customers,#EF4444
1470214.58249212,49,1,0.0,296.3,6,1,0,0.0,0,desktop,Direct,1,-2.1217,-0.9944,-2.1217,-0.9944,-0.7809,At-Risk / Inactive Customers,#EF4444
4650599.48531098,77,1,0.0,206.4,9,3,0,0.0,0,mobile,Direct,1,-2.0466,-0.9631,-2.0466,-0.9631,-0.6312,At-Risk / Inactive Customers,#EF4444
6818759.94038310,83,1,0.0,318.7,9,1,0,0.0,0,desktop,Direct,1,-2.4228,-0.5536,-2.4228,-0.5536,-0.7631,At-Risk / Inactive Customers,#EF4444
5953411.71925194,65,4,0.0,408.9,23,3,0,0.0,0,desktop,Paid Search,3,-1.939,1.8536,-1.939,1.8536,-0.6084,Potential Loyalists,#3B82F6
7700885.22217609,50,1,0.0,177.6,4,1,0,0.0,0,mobile,Direct,1,-2.1341,-1.8272,-2.1341,-1.8272,-0.7915,At-Risk / Inactive Customers,#EF4444
7841721.65689616,81,1,0.0,335.3,8,1,0,0.0,0,desktop,Direct,1,-2.409,-0.6182,-2.409,-0.6182,-0.7643,At-Risk / Inactive Customers,#EF4444
5653120.18879826,78,1,0.0,304.7,8,1,0,0.0,0,desktop,Organic Search,1,-2.3873,-0.7067,-2.3873,-0.7067,-0.7665,At-Risk / Inactive Customers,#EF4444
1659279.33491709,47,1,0.0,189.5,7,1,0,0.0,0,desktop,Organic Search,1,-2.0978,-1.2667,-2.0978,-1.2667,-0.7866,At-Risk / Inactive Customers,#EF4444
3672281.87095734,87,1,0.0,265.9,5,2,0,0.0,0,desktop,Organic Search,1,-2.2561,-1.2696,-2.2561,-1.2696,-0.6887,At-Risk / Inactive Customers,#EF4444
6194216.69464177,50,1,0.0,177.1,6,3,0,0.0,0,mobile,Organic Search,1,-1.8003,-1.4792,-1.8003,-1.4792,-0.6478,At-Risk / Inactive Customers,#EF4444
9001672.89556606,44,2,0.0,235.4,10,2,0,0.0,0,desktop,Paid Search,1,-1.8609,-0.1776,-1.8609,-0.1776,-0.6965,At-Risk / Inactive Customers,#EF4444
8624771.20044808,44,1,0.0,191.9,6,1,0,0.0,0,desktop,Direct,1,-2.0606,-1.3963,-2.0606,-1.3963,-0.7896,At-Risk / Inactive Customers,#EF4444
4459282.93839956,89,2,0.0,278.2,8,3,0,0.0,0,mobile,Organic Search,1,-2.1263,-0.247,-2.1263,-0.247,-0.6216,At-Risk / Inactive Customers,#EF4444
7251066.48455481,72,2,0.0,634.4,14,2,0,0.0,0,mobile,Referral,1,-2.1415,1.0677,-2.1415,1.0677,-0.6673,At-Risk / Inactive Customers,#EF4444
