event_timestamp,user_pseudo_id,transaction_id,item_id,item_name,price_in_usd
1609196088000000,1237757.67592184,tx_ga4_00001,GGOEGAAB033814,Android Classic Tee,19.99
1609196088000000,1237757.67592184,tx_ga4_00001,GGOEGAYB086814,Google Sticker Sheet,3.5
1609196088000000,1237757.67592184,tx_ga4_00001,GGOEGAAB033914,Google Charcoal Tee,21.99
1609874169000000,4289298.52054155,tx_ga4_00002,GGOEGOAA018799,Google Hard Cover Journal,12.99
1609874169000000,4289298.52054155,tx_ga4_00002,GGOEGAAX0037,Google Coaster Set,9.99
1609874169000000,4289298.52054155,tx_ga4_00002,GGOEGBJR018199,Google Metallic Pen Set,6.99
1609651834000000,1718452.43345047,tx_ga4_00003,GGOEGAAB023214,Google Sunglasses,15.99
1609651834000000,1718452.43345047,tx_ga4_00003,GGOEYAAQ015899,YouTube Twill Cap,16.5
1609651834000000,1718452.43345047,tx_ga4_00003,GGOEGFKQ016499,Google 22 oz Water Bottle,18.0
1609989378000000,6791059.41942559,tx_ga4_00004,GGOEGAAB034114,Google Zip Hoodie,49.99
1609989378000000,6791059.41942559,tx_ga4_00004,GGOEGAAB033914,Google Charcoal Tee,21.99
1609887924000000,8479548.81146641,tx_ga4_00005,GGOEGOAA018799,Google Hard Cover Journal,12.99
1609887924000000,8479548.81146641,tx_ga4_00005,GGOEGAAX0037,Google Coaster Set,9.99
1609495661000000,7339846.91462944,tx_ga4_00006,GGOEGFKQ016499,Google 22 oz Water Bottle,18.0
1609495661000000,7339846.91462944,tx_ga4_00006,GGOEGAEH028715,Google Large Canvas Tote,24.0
1609495661000000,7339846.91462944,tx_ga4_00006,GGOEGAXH035415,Google Thermal Bottle,22.0
1609919610000000,7490876.25961787,tx_ga4_00007,GGOEGFKQ016499,Google 22 oz Water Bottle,18.0
1609919610000000,7490876.25961787,tx_ga4_00007,GGOEGAEH028715,Google Large Canvas Tote,24.0
1609887890000000,8726093.68750631,tx_ga4_00008,GGOEGOAA018799,Google Hard Cover Journal,12.99
1609887890000000,8726093.68750631,tx_ga4_00008,GGOEGAAX0037,Google Coaster Set,9.99
1609697918000000,1886200.36847248,tx_ga4_00009,GGOEGAAB034114,Google Zip Hoodie,49.99
1609697918000000,1886200.36847248,tx_ga4_00009,GGOEGAAB033914,Google Charcoal Tee,21.99
1609528246000000,2491061.97026597,tx_ga4_00010,GGOEGOAA018799,Google Hard Cover Journal,12.99
1609528246000000,2491061.97026597,tx_ga4_00010,GGOEGAAX0037,Google Coaster Set,9.99
1609421828000000,7551639.92786513,tx_ga4_00011,GGOEGFKQ016499,Google 22 oz Water Bottle,18.0
1609421828000000,7551639.92786513,tx_ga4_00011,GGOEGAEH028715,Google Large Canvas Tote,24.0
1609421828000000,7551639.92786513,tx_ga4_00011,GGOEGAXH035415,Google Thermal Bottle,22.0
1609803324000000,3542491.67228371,tx_ga4_00012,GGOEGFKQ016499,Google 22 oz Water Bottle,18.0
1609803324000000,3542491.67228371,tx_ga4_00012,GGOEGAEH028715,Google Large Canvas Tote,24.0
1609803324000000,3542491.67228371,tx_ga4_00012,GGOEGAXH035415,Google Thermal Bottle,22.0
1609452281000000,6437567.77745887,tx_ga4_00013,GGOEGOAA018799,Google Hard Cover Journal,12.99
1609452281000000,6437567.77745887,tx_ga4_00013,GGOEGAAX0037,Google Coaster Set,9.99
1609452281000000,6437567.77745887,tx_ga4_00013,GGOEGBJR018199,Google Metallic Pen Set,6.99
1609341824000000,2062146.56363832,tx_ga4_00014,GGOEGFKQ016499,Google 22 oz Water Bottle,18.0
1609341824000000,2062146.56363832,tx_ga4_00014,GGOEGAEH028715,Google Large Canvas Tote,24.0
1609341824000000,2062146.56363832,tx_ga4_00014,GGOEGAXH035415,Google Thermal Bottle,22.0
1609745492000000,6800888.84330572,tx_ga4_00015,GGOEGOAA018799,Google Hard Cover Journal,12.99
1609745492000000,6800888.84330572,tx_ga4_00015,GGOEGAAX0037,Google Coaster Set,9.99
1609234219000000,6904777.50354248,tx_ga4_00016,GGOEGFKQ016499,Google 22 oz Water Bottle,18.0
1609234219000000,6904777.50354248,tx_ga4_00016,GGOEGAEH028715,Google Large Canvas Tote,24.0
1609234219000000,6904777.50354248,tx_ga4_00016,GGOEGAXH035415,Google Thermal Bottle,22.0
1609179627000000,5141209.40493120,tx_ga4_00017,GGOEGAAB034114,Google Zip Hoodie,49.99
1609179627000000,5141209.40493120,tx_ga4_00017,GGOEGAAB033914,Google Charcoal Tee,21.99
1609419153000000,2415156.35010929,tx_ga4_00018,GGOEGAAB033814,Android Classic Tee,19.99
1609419153000000,2415156.35010929,tx_ga4_00018,GGOEGAYB086814,Google Sticker Sheet,3.5
1609419153000000,2415156.35010929,tx_ga4_00018,GGOEGAAB033914,Google Charcoal Tee,21.99
1609723729000000,2315144.30369974,tx_ga4_00019,GGOEGOAA018799,Google Hard Cover Journal,12.99
1609723729000000,2315144.30369974,tx_ga4_00019,GGOEGAAX0037,Google Coaster Set,9.99
1609482865000000,8684175.57323515,tx_ga4_00020,GGOEGAAB023214,Google Sunglasses,15.99
1609482865000000,8684175.57323515,tx_ga4_00020,GGOEYAAQ015899,YouTube Twill Cap,16.5
1609170227000000,1824404.48782085,tx_ga4_00021,GGOEGAAB034114,Google Zip Hoodie,49.99
1609170227000000,1824404.48782085,tx_ga4_00021,GGOEGAAB033914,Google Charcoal Tee,21.99
1609933049000000,3437069.69686255,tx_ga4_00022,GGOEGOAA018799,Google Hard Cover Journal,12.99
1609933049000000,3437069.69686255,tx_ga4_00022,GGOEGAAX0037,Google Coaster Set,9.99
1609831947000000,8472693.11155643,tx_ga4_00023,GGOEGAAB033814,Android Classic Tee,19.99
1609831947000000,8472693.11155643,tx_ga4_00023,GGOEGAYB086814,Google Sticker Sheet,3.5
1609831947000000,8472693.11155643,tx_ga4_00023,GGOEGAAB033914,Google Charcoal Tee,21.99
1609391189000000,5192364.50293170,tx_ga4_00024,GGOEGAAB034114,Google Zip Hoodie,49.99
1609391189000000,5192364.50293170,tx_ga4_00024,GGOEGAAB033914,Google Charcoal Tee,21.99
1609925314000000,9916309.42866271,tx_ga4_00025,GGOEGFKQ016499,Google 22 oz Water Bottle,18.0
1609925314000000,9916309.42866271,tx_ga4_00025,GGOEGAEH028715,Google Large Canvas Tote,24.0
1609925314000000,9916309.42866271,tx_ga4_00025,GGOEGAXH035415,Google Thermal Bottle,22.0
1609336564000000,2486968.27585783,tx_ga4_00026,GGOEGAAB023214,Google Sunglasses,15.99
1609336564000000,2486968.27585783,tx_ga4_00026,GGOEYAAQ015899,YouTube Twill Cap,16.5
1609336564000000,2486968.27585783,tx_ga4_00026,GGOEGFKQ016499,Google 22 oz Water Bottle,18.0
1609572508000000,5297966.63537927,tx_ga4_00027,GGOEGFKQ016499,Google 22 oz Water Bottle,18.0
1609572508000000,5297966.63537927,tx_ga4_00027,GGOEGAEH028715,Google Large Canvas Tote,24.0
1609572508000000,5297966.63537927,tx_ga4_00027,GGOEGAXH035415,Google Thermal Bottle,22.0
1609655223000000,3939096.49178183,tx_ga4_00028,GGOEGAAB023214,Google Sunglasses,15.99
1609655223000000,3939096.49178183,tx_ga4_00028,GGOEYAAQ015899,YouTube Twill Cap,16.5
1609267369000000,6969519.36999235,tx_ga4_00029,GGOEGAAB023214,Google Sunglasses,15.99
1609267369000000,6969519.36999235,tx_ga4_00029,GGOEYAAQ015899,YouTube Twill Cap,16.5
1609267369000000,6969519.36999235,tx_ga4_00029,GGOEGFKQ016499,Google 22 oz Water Bottle,18.0
1609353455000000,9682609.28847450,tx_ga4_00030,GGOEGAAB034114,Google Zip Hoodie,49.99
1609353455000000,9682609.28847450,tx_ga4_00030,GGOEGAAB033914,Google Charcoal Tee,21.99
1609739797000000,9417201.88716164,tx_ga4_00031,GGOEGAAB033814,Android Classic Tee,19.99
1609739797000000,9417201.88716164,tx_ga4_00031,GGOEGAYB086814,Google Sticker Sheet,3.5
1609369495000000,9612877.81771607,tx_ga4_00032,GGOEGAAB023214,Google Sunglasses,15.99
1609369495000000,9612877.81771607,tx_ga4_00032,GGOEYAAQ015899,YouTube Twill Cap,16.5
1609450321000000,5758468.64603870,tx_ga4_00033,GGOEGAAB033814,Android Classic Tee,19.99
1609450321000000,5758468.64603870,tx_ga4_00033,GGOEGAYB086814,Google Sticker Sheet,3.5
1609450321000000,5758468.64603870,tx_ga4_00033,GGOEGAAB033914,Google Charcoal Tee,21.99
1609576765000000,2860256.41059051,tx_ga4_00034,GGOEGFKQ016499,Google 22 oz Water Bottle,18.0
1609576765000000,2860256.41059051,tx_ga4_00034,GGOEGAEH028715,Google Large Canvas Tote,24.0
1609576765000000,2860256.41059051,tx_ga4_00034,GGOEGAXH035415,Google Thermal Bottle,22.0
1609671465000000,5168313.95213780,tx_ga4_00035,GGOEGOAA018799,Google Hard Cover Journal,12.99
1609671465000000,5168313.95213780,tx_ga4_00035,GGOEGAAX0037,Google Coaster Set,9.99
1609895607000000,8152999.60703963,tx_ga4_00036,GGOEGOAA018799,Google Hard Cover Journal,12.99
1609895607000000,8152999.60703963,tx_ga4_00036,GGOEGAAX0037,Google Coaster Set,9.99
1609895607000000,8152999.60703963,tx_ga4_00036,GGOEGBJR018199,Google Metallic Pen Set,6.99
1609715747000000,6355517.48948646,tx_ga4_00037,GGOEGAAB023214,Google Sunglasses,15.99
1609715747000000,6355517.48948646,tx_ga4_00037,GGOEYAAQ015899,YouTube Twill Cap,16.5
1609638471000000,4775033.10372983,tx_ga4_00038,GGOEGOAA018799,Google Hard Cover Journal,12.99
1609638471000000,4775033.10372983,tx_ga4_00038,GGOEGAAX0037,Google Coaster Set,9.99
1609638471000000,4775033.10372983,tx_ga4_00038,GGOEGBJR018199,Google Metallic Pen Set,6.99
1609498079000000,3874075.46753001,tx_ga4_00039,GGOEGAAB023214,Google Sunglasses,15.99
1609498079000000,3874075.46753001,tx_ga4_00039,GGOEYAAQ015899,YouTube Twill Cap,16.5
1609498079000000,3874075.46753001,tx_ga4_00039,GGOEGFKQ016499,Google 22 oz Water Bottle,18.0
1609699243000000,7263953.47070706,tx_ga4_00040,GGOEGOAA018799,Google Hard Cover Journal,12.99
1609699243000000,7263953.47070706,tx_ga4_00040,GGOEGAAX0037,Google Coaster Set,9.99
1609405550000000,3824382.17051907,tx_ga4_00041,GGOEGOAA018799,Google Hard Cover Journal,12.99
1609405550000000,3824382.17051907,tx_ga4_00041,GGOEGAAX0037,Google Coaster Set,9.99
1609405550000000,3824382.17051907,tx_ga4_00041,GGOEGBJR018199,Google Metallic Pen Set,6.99
1609428076000000,3353977.19515185,tx_ga4_00042,GGOEGFKQ016499,Google 22 oz Water Bottle,18.0
1609428076000000,3353977.19515185,tx_ga4_00042,GGOEGAEH028715,Google Large Canvas Tote,24.0
1609428076000000,3353977.19515185,tx_ga4_00042,GGOEGAXH035415,Google Thermal Bottle,22.0
1609744116000000,7307567.48504114,tx_ga4_00043,GGOEGAAB023214,Google Sunglasses,15.99
1609744116000000,7307567.48504114,tx_ga4_00043,GGOEYAAQ015899,YouTube Twill Cap,16.5
1609744116000000,7307567.48504114,tx_ga4_00043,GGOEGFKQ016499,Google 22 oz Water Bottle,18.0
1609926204000000,3051027.58605438,tx_ga4_00044,GGOEGFKQ016499,Google 22 oz Water Bottle,18.0
1609926204000000,3051027.58605438,tx_ga4_00044,GGOEGAEH028715,Google Large Canvas Tote,24.0
1609926204000000,3051027.58605438,tx_ga4_00044,GGOEGAXH035415,Google Thermal Bottle,22.0
1609565992000000,5437992.52548536,tx_ga4_00045,GGOEGOAA018799,Google Hard Cover Journal,12.99
1609565992000000,5437992.52548536,tx_ga4_00045,GGOEGAAX0037,Google Coaster Set,9.99
1609565992000000,5437992.52548536,tx_ga4_00045,GGOEGBJR018199,Google Metallic Pen Set,6.99
1609285409000000,6220255.66398177,tx_ga4_00046,GGOEGAAB034114,Google Zip Hoodie,49.99
1609285409000000,6220255.66398177,tx_ga4_00046,GGOEGAAB033914,Google Charcoal Tee,21.99
1609713933000000,2700157.23952598,tx_ga4_00047,GGOEGOAA018799,Google Hard Cover Journal,12.99
1609713933000000,2700157.23952598,tx_ga4_00047,GGOEGAAX0037,Google Coaster Set,9.99
1609713933000000,2700157.23952598,tx_ga4_00047,GGOEGBJR018199,Google Metallic Pen Set,6.99
1609712127000000,7581165.97537762,tx_ga4_00048,GGOEGFKQ016499,Google 22 oz Water Bottle,18.0
1609712127000000,7581165.97537762,tx_ga4_00048,GGOEGAEH028715,Google Large Canvas Tote,24.0
1609555155000000,5936347.50571967,tx_ga4_00049,GGOEGFKQ016499,Google 22 oz Water Bottle,18.0
1609555155000000,5936347.50571967,tx_ga4_00049,GGOEGAEH028715,Google Large Canvas Tote,24.0
1609393061000000,6593528.13118352,tx_ga4_00050,GGOEGOAA018799,Google Hard Cover Journal,12.99
1609393061000000,6593528.13118352,tx_ga4_00050,GGOEGAAX0037,Google Coaster Set,9.99
1609266118000000,4349298.42287529,tx_ga4_00051,GGOEGAAB023214,Google Sunglasses,15.99
1609266118000000,4349298.42287529,tx_ga4_00051,GGOEYAAQ015899,YouTube Twill Cap,16.5
1609806141000000,4781738.76957327,tx_ga4_00052,GGOEGAAB033814,Android Classic Tee,19.99
1609806141000000,4781738.76957327,tx_ga4_00052,GGOEGAYB086814,Google Sticker Sheet,3.5
1609554057000000,5453466.87020222,tx_ga4_00053,GGOEGAAB023214,Google Sunglasses,15.99
1609554057000000,5453466.87020222,tx_ga4_00053,GGOEYAAQ015899,YouTube Twill Cap,16.5
1609928932000000,5229737.13058874,tx_ga4_00054,GGOEGOAA018799,Google Hard Cover Journal,12.99
1609928932000000,5229737.13058874,tx_ga4_00054,GGOEGAAX0037,Google Coaster Set,9.99
1609928932000000,5229737.13058874,tx_ga4_00054,GGOEGBJR018199,Google Metallic Pen Set,6.99
1609275326000000,7080752.81826169,tx_ga4_00055,GGOEGOAA018799,Google Hard Cover Journal,12.99
1609275326000000,7080752.81826169,tx_ga4_00055,GGOEGAAX0037,Google Coaster Set,9.99
1609506012000000,6194596.94378096,tx_ga4_00056,GGOEGFKQ016499,Google 22 oz Water Bottle,18.0
1609506012000000,6194596.94378096,tx_ga4_00056,GGOEGAEH028715,Google Large Canvas Tote,24.0
1609897700000000,4746435.81740407,tx_ga4_00057,GGOEGFKQ016499,Google 22 oz Water Bottle,18.0
1609897700000000,4746435.81740407,tx_ga4_00057,GGOEGAEH028715,Google Large Canvas Tote,24.0
1609897700000000,4746435.81740407,tx_ga4_00057,GGOEGAXH035415,Google Thermal Bottle,22.0
1609990512000000,1016221.13508152,tx_ga4_00058,GGOEGOAA018799,Google Hard Cover Journal,12.99
1609990512000000,1016221.13508152,tx_ga4_00058,GGOEGAAX0037,Google Coaster Set,9.99
1609990512000000,1016221.13508152,tx_ga4_00058,GGOEGBJR018199,Google Metallic Pen Set,6.99
1609977459000000,8146278.88601783,tx_ga4_00059,GGOEGFKQ016499,Google 22 oz Water Bottle,18.0
1609977459000000,8146278.88601783,tx_ga4_00059,GGOEGAEH028715,Google Large Canvas Tote,24.0
1609977459000000,8146278.88601783,tx_ga4_00059,GGOEGAXH035415,Google Thermal Bottle,22.0
1609625988000000,5674457.77744760,tx_ga4_00060,GGOEGOAA018799,Google Hard Cover Journal,12.99
1609625988000000,5674457.77744760,tx_ga4_00060,GGOEGAAX0037,Google Coaster Set,9.99
1609625988000000,5674457.77744760,tx_ga4_00060,GGOEGBJR018199,Google Metallic Pen Set,6.99
1609660628000000,3938901.75432265,tx_ga4_00061,GGOEGAAB033814,Android Classic Tee,19.99
1609660628000000,3938901.75432265,tx_ga4_00061,GGOEGAYB086814,Google Sticker Sheet,3.5
1609660628000000,3938901.75432265,tx_ga4_00061,GGOEGAAB033914,Google Charcoal Tee,21.99
1609342501000000,5499594.37321832,tx_ga4_00062,GGOEGAAB023214,Google Sunglasses,15.99
1609342501000000,5499594.37321832,tx_ga4_00062,GGOEYAAQ015899,YouTube Twill Cap,16.5
1609995049000000,1841013.25719578,tx_ga4_00063,GGOEGOAA018799,Google Hard Cover Journal,12.99
1609995049000000,1841013.25719578,tx_ga4_00063,GGOEGAAX0037,Google Coaster Set,9.99
1609995049000000,1841013.25719578,tx_ga4_00063,GGOEGBJR018199,Google Metallic Pen Set,6.99
1609652960000000,9142335.49943623,tx_ga4_00064,GGOEGOAA018799,Google Hard Cover Journal,12.99
1609652960000000,9142335.49943623,tx_ga4_00064,GGOEGAAX0037,Google Coaster Set,9.99
1609109166000000,9907624.41758780,tx_ga4_00065,GGOEGAAB033814,Android Classic Tee,19.99
1609109166000000,9907624.41758780,tx_ga4_00065,GGOEGAYB086814,Google Sticker Sheet,3.5
1609109166000000,9907624.41758780,tx_ga4_00065,GGOEGAAB033914,Google Charcoal Tee,21.99
1609342164000000,1528616.33058946,tx_ga4_00066,GGOEGAAB023214,Google Sunglasses,15.99
1609342164000000,1528616.33058946,tx_ga4_00066,GGOEYAAQ015899,YouTube Twill Cap,16.5
1609642184000000,4224080.73091003,tx_ga4_00067,GGOEGAAB033814,Android Classic Tee,19.99
1609642184000000,4224080.73091003,tx_ga4_00067,GGOEGAYB086814,Google Sticker Sheet,3.5
1609642184000000,4224080.73091003,tx_ga4_00067,GGOEGAAB033914,Google Charcoal Tee,21.99
1609746056000000,7570580.76326691,tx_ga4_00068,GGOEGOAA018799,Google Hard Cover Journal,12.99
1609746056000000,7570580.76326691,tx_ga4_00068,GGOEGAAX0037,Google Coaster Set,9.99
1609646204000000,3828142.44200969,tx_ga4_00069,GGOEGOAA018799,Google Hard Cover Journal,12.99
1609646204000000,3828142.44200969,tx_ga4_00069,GGOEGAAX0037,Google Coaster Set,9.99
1609908857000000,6103447.64567200,tx_ga4_00070,GGOEGOAA018799,Google Hard Cover Journal,12.99
1609908857000000,6103447.64567200,tx_ga4_00070,GGOEGAAX0037,Google Coaster Set,9.99
1609511011000000,4749138.27118428,tx_ga4_00071,GGOEGOAA018799,Google Hard Cover Journal,12.99
1609511011000000,4749138.27118428,tx_ga4_00071,GGOEGAAX0037,Google Coaster Set,9.99
1609511011000000,4749138.27118428,tx_ga4_00071,GGOEGBJR018199,Google Metallic Pen Set,6.99
1609199484000000,7967908.56868070,tx_ga4_00072,GGOEGAAB023214,Google Sunglasses,15.99
1609199484000000,7967908.56868070,tx_ga4_00072,GGOEYAAQ015899,YouTube Twill Cap,16.5
1609199484000000,7967908.56868070,tx_ga4_00072,GGOEGFKQ016499,Google 22 oz Water Bottle,18.0
1609521516000000,9626178.95149398,tx_ga4_00073,GGOEGFKQ016499,Google 22 oz Water Bottle,18.0
1609521516000000,9626178.95149398,tx_ga4_00073,GGOEGAEH028715,Google Large Canvas Tote,24.0
1609521516000000,9626178.95149398,tx_ga4_00073,GGOEGAXH035415,Google Thermal Bottle,22.0
1609676744000000,8995557.96468311,tx_ga4_00074,GGOEGAAB023214,Google Sunglasses,15.99
1609676744000000,8995557.96468311,tx_ga4_00074,GGOEYAAQ015899,YouTube Twill Cap,16.5
1609655906000000,6588418.36841454,tx_ga4_00075,GGOEGOAA018799,Google Hard Cover Journal,12.99
1609655906000000,6588418.36841454,tx_ga4_00075,GGOEGAAX0037,Google Coaster Set,9.99
1609655906000000,6588418.36841454,tx_ga4_00075,GGOEGBJR018199,Google Metallic Pen Set,6.99
1609892414000000,2442468.19469710,tx_ga4_00076,GGOEGAAB034114,Google Zip Hoodie,49.99
1609892414000000,2442468.19469710,tx_ga4_00076,GGOEGAAB033914,Google Charcoal Tee,21.99
1609580636000000,9523557.34329824,tx_ga4_00077,GGOEGAAB023214,Google Sunglasses,15.99
1609580636000000,9523557.34329824,tx_ga4_00077,GGOEYAAQ015899,YouTube Twill Cap,16.5
1609596961000000,1212691.13378376,tx_ga4_00078,GGOEGOAA018799,Google Hard Cover Journal,12.99
1609596961000000,1212691.13378376,tx_ga4_00078,GGOEGAAX0037,Google Coaster Set,9.99
1609164776000000,3679384.98144278,tx_ga4_00079,GGOEGOAA018799,Google Hard Cover Journal,12.99
1609164776000000,3679384.98144278,tx_ga4_00079,GGOEGAAX0037,Google Coaster Set,9.99
1609203211000000,3534521.19189940,tx_ga4_00080,GGOEGAAB034114,Google Zip Hoodie,49.99
1609203211000000,3534521.19189940,tx_ga4_00080,GGOEGAAB033914,Google Charcoal Tee,21.99
1609120617000000,7046433.15375163,tx_ga4_00081,GGOEGAAB034114,Google Zip Hoodie,49.99
1609120617000000,7046433.15375163,tx_ga4_00081,GGOEGAAB033914,Google Charcoal Tee,21.99
1609465120000000,5386267.17752391,tx_ga4_00082,GGOEGAAB034114,Google Zip Hoodie,49.99
1609465120000000,5386267.17752391,tx_ga4_00082,GGOEGAAB033914,Google Charcoal Tee,21.99
1609404283000000,1835996.42410395,tx_ga4_00083,GGOEGAAB033814,Android Classic Tee,19.99
1609404283000000,1835996.42410395,tx_ga4_00083,GGOEGAYB086814,Google Sticker Sheet,3.5
1609404283000000,1835996.42410395,tx_ga4_00083,GGOEGAAB033914,Google Charcoal Tee,21.99
1609906235000000,1115720.86553305,tx_ga4_00084,GGOEGOAA018799,Google Hard Cover Journal,12.99
1609906235000000,1115720.86553305,tx_ga4_00084,GGOEGAAX0037,Google Coaster Set,9.99
1609906235000000,1115720.86553305,tx_ga4_00084,GGOEGBJR018199,Google Metallic Pen Set,6.99
1609158409000000,6438841.94003916,tx_ga4_00085,GGOEGOAA018799,Google Hard Cover Journal,12.99
1609158409000000,6438841.94003916,tx_ga4_00085,GGOEGAAX0037,Google Coaster Set,9.99
1609127807000000,5423349.60051414,tx_ga4_00086,GGOEGFKQ016499,Google 22 oz Water Bottle,18.0
1609127807000000,5423349.60051414,tx_ga4_00086,GGOEGAEH028715,Google Large Canvas Tote,24.0
1609658463000000,6412438.51942438,tx_ga4_00087,GGOEGAAB023214,Google Sunglasses,15.99
1609658463000000,6412438.51942438,tx_ga4_00087,GGOEYAAQ015899,YouTube Twill Cap,16.5
1609250617000000,6076214.61520299,tx_ga4_00088,GGOEGFKQ016499,Google 22 oz Water Bottle,18.0
1609250617000000,6076214.61520299,tx_ga4_00088,GGOEGAEH028715,Google Large Canvas Tote,24.0
1609640516000000,9014131.37303612,tx_ga4_00089,GGOEGAAB023214,Google Sunglasses,15.99
1609640516000000,9014131.37303612,tx_ga4_00089,GGOEYAAQ015899,YouTube Twill Cap,16.5
1609535409000000,9265570.25521525,tx_ga4_00090,GGOEGAAB023214,Google Sunglasses,15.99
1609535409000000,9265570.25521525,tx_ga4_00090,GGOEYAAQ015899,YouTube Twill Cap,16.5
1609535409000000,9265570.25521525,tx_ga4_00090,GGOEGFKQ016499,Google 22 oz Water Bottle,18.0
1609966854000000,2694314.32952669,tx_ga4_00091,GGOEGAAB033814,Android Classic Tee,19.99
1609966854000000,2694314.32952669,tx_ga4_00091,GGOEGAYB086814,Google Sticker Sheet,3.5
1609966854000000,2694314.32952669,tx_ga4_00091,GGOEGAAB033914,Google Charcoal Tee,21.99
1609755716000000,9479086.32029142,tx_ga4_00092,GGOEGOAA018799,Google Hard Cover Journal,12.99
1609755716000000,9479086.32029142,tx_ga4_00092,GGOEGAAX0037,Google Coaster Set,9.99
1609755716000000,9479086.32029142,tx_ga4_00092,GGOEGBJR018199,Google Metallic Pen Set,6.99
1609941598000000,8089538.62477953,tx_ga4_00093,GGOEGFKQ016499,Google 22 oz Water Bottle,18.0
1609941598000000,8089538.62477953,tx_ga4_00093,GGOEGAEH028715,Google Large Canvas Tote,24.0
1609941598000000,8089538.62477953,tx_ga4_00093,GGOEGAXH035415,Google Thermal Bottle,22.0
1609777692000000,6751235.16979633,tx_ga4_00094,GGOEGAAB034114,Google Zip Hoodie,49.99
1609777692000000,6751235.16979633,tx_ga4_00094,GGOEGAAB033914,Google Charcoal Tee,21.99
1609992484000000,6936464.16255118,tx_ga4_00095,GGOEGOAA018799,Google Hard Cover Journal,12.99
1609992484000000,6936464.16255118,tx_ga4_00095,GGOEGAAX0037,Google Coaster Set,9.99
1609992484000000,6936464.16255118,tx_ga4_00095,GGOEGBJR018199,Google Metallic Pen Set,6.99
1609380292000000,5914541.80834438,tx_ga4_00096,GGOEGAAB033814,Android Classic Tee,19.99
1609380292000000,5914541.80834438,tx_ga4_00096,GGOEGAYB086814,Google Sticker Sheet,3.5
1609915663000000,9255368.99073058,tx_ga4_00097,GGOEGOAA018799,Google Hard Cover Journal,12.99
1609915663000000,9255368.99073058,tx_ga4_00097,GGOEGAAX0037,Google Coaster Set,9.99
1609915663000000,9255368.99073058,tx_ga4_00097,GGOEGBJR018199,Google Metallic Pen Set,6.99
1609238745000000,3099368.79087501,tx_ga4_00098,GGOEGOAA018799,Google Hard Cover Journal,12.99
1609238745000000,3099368.79087501,tx_ga4_00098,GGOEGAAX0037,Google Coaster Set,9.99
1609238745000000,3099368.79087501,tx_ga4_00098,GGOEGBJR018199,Google Metallic Pen Set,6.99
1609511413000000,6393843.76027959,tx_ga4_00099,GGOEGAAB023214,Google Sunglasses,15.99
1609511413000000,6393843.76027959,tx_ga4_00099,GGOEYAAQ015899,YouTube Twill Cap,16.5
1609242173000000,8328186.22128530,tx_ga4_00100,GGOEGAAB023214,Google Sunglasses,15.99
1609242173000000,8328186.22128530,tx_ga4_00100,GGOEYAAQ015899,YouTube Twill Cap,16.5
1609322803000000,8098563.65395744,tx_ga4_00101,GGOEGAAB034114,Google Zip Hoodie,49.99
1609322803000000,8098563.65395744,tx_ga4_00101,GGOEGAAB033914,Google Charcoal Tee,21.99
1609874401000000,2201829.46255012,tx_ga4_00102,GGOEGOAA018799,Google Hard Cover Journal,12.99
1609874401000000,2201829.46255012,tx_ga4_00102,GGOEGAAX0037,Google Coaster Set,9.99
1609166355000000,2306563.78943269,tx_ga4_00103,GGOEGOAA018799,Google Hard Cover Journal,12.99
1609166355000000,2306563.78943269,tx_ga4_00103,GGOEGAAX0037,Google Coaster Set,9.99
1609661988000000,4012952.16094292,tx_ga4_00104,GGOEGOAA018799,Google Hard Cover Journal,12.99
1609661988000000,4012952.16094292,tx_ga4_00104,GGOEGAAX0037,Google Coaster Set,9.99
1609661988000000,4012952.16094292,tx_ga4_00104,GGOEGBJR018199,Google Metallic Pen Set,6.99
1609817535000000,3559476.64613293,tx_ga4_00105,GGOEGAAB023214,Google Sunglasses,15.99
1609817535000000,3559476.64613293,tx_ga4_00105,GGOEYAAQ015899,YouTube Twill Cap,16.5
1609161789000000,6320540.87137081,tx_ga4_00106,GGOEGOAA018799,Google Hard Cover Journal,12.99
1609161789000000,6320540.87137081,tx_ga4_00106,GGOEGAAX0037,Google Coaster Set,9.99
1609100843000000,4248853.66551306,tx_ga4_00107,GGOEGAAB034114,Google Zip Hoodie,49.99
1609100843000000,4248853.66551306,tx_ga4_00107,GGOEGAAB033914,Google Charcoal Tee,21.99
1609582038000000,9503915.38920392,tx_ga4_00108,GGOEGOAA018799,Google Hard Cover Journal,12.99
1609582038000000,9503915.38920392,tx_ga4_00108,GGOEGAAX0037,Google Coaster Set,9.99
1609582038000000,9503915.38920392,tx_ga4_00108,GGOEGBJR018199,Google Metallic Pen Set,6.99
1609115812000000,1272713.69021644,tx_ga4_00109,GGOEGFKQ016499,Google 22 oz Water Bottle,18.0
1609115812000000,1272713.69021644,tx_ga4_00109,GGOEGAEH028715,Google Large Canvas Tote,24.0
1609318978000000,6405379.40433755,tx_ga4_00110,GGOEGFKQ016499,Google 22 oz Water Bottle,18.0
1609318978000000,6405379.40433755,tx_ga4_00110,GGOEGAEH028715,Google Large Canvas Tote,24.0
1609318978000000,6405379.40433755,tx_ga4_00110,GGOEGAXH035415,Google Thermal Bottle,22.0
1609412786000000,6065064.70173350,tx_ga4_00111,GGOEGAAB023214,Google Sunglasses,15.99
1609412786000000,6065064.70173350,tx_ga4_00111,GGOEYAAQ015899,YouTube Twill Cap,16.5
1609428928000000,8364836.21550995,tx_ga4_00112,GGOEGOAA018799,Google Hard Cover Journal,12.99
1609428928000000,8364836.21550995,tx_ga4_00112,GGOEGAAX0037,Google Coaster Set,9.99
1609799982000000,5242213.35199256,tx_ga4_00113,GGOEGOAA018799,Google Hard Cover Journal,12.99
1609799982000000,5242213.35199256,tx_ga4_00113,GGOEGAAX0037,Google Coaster Set,9.99
1609821731000000,4005201.12944653,tx_ga4_00114,GGOEGAAB033814,Android Classic Tee,19.99
1609821731000000,4005201.12944653,tx_ga4_00114,GGOEGAYB086814,Google Sticker Sheet,3.5
1609821731000000,4005201.12944653,tx_ga4_00114,GGOEGAAB033914,Google Charcoal Tee,21.99
1609405027000000,4798906.17551844,tx_ga4_00115,GGOEGOAA018799,Google Hard Cover Journal,12.99
1609405027000000,4798906.17551844,tx_ga4_00115,GGOEGAAX0037,Google Coaster Set,9.99
1609405027000000,4798906.17551844,tx_ga4_00115,GGOEGBJR018199,Google Metallic Pen Set,6.99
1609213859000000,9336241.59929265,tx_ga4_00116,GGOEGAAB023214,Google Sunglasses,15.99
1609213859000000,9336241.59929265,tx_ga4_00116,GGOEYAAQ015899,YouTube Twill Cap,16.5
1609213859000000,9336241.59929265,tx_ga4_00116,GGOEGFKQ016499,Google 22 oz Water Bottle,18.0
1609700119000000,4791944.30852839,tx_ga4_00117,GGOEGAAB034114,Google Zip Hoodie,49.99
1609700119000000,4791944.30852839,tx_ga4_00117,GGOEGAAB033914,Google Charcoal Tee,21.99
1609181544000000,9452008.56447432,tx_ga4_00118,GGOEGAAB023214,Google Sunglasses,15.99
1609181544000000,9452008.56447432,tx_ga4_00118,GGOEYAAQ015899,YouTube Twill Cap,16.5
1609181544000000,9452008.56447432,tx_ga4_00118,GGOEGFKQ016499,Google 22 oz Water Bottle,18.0
1609411837000000,9872584.69361257,tx_ga4_00119,GGOEGAAB034114,Google Zip Hoodie,49.99
1609411837000000,9872584.69361257,tx_ga4_00119,GGOEGAAB033914,Google Charcoal Tee,21.99
1609845320000000,9940544.89306755,tx_ga4_00120,GGOEGAAB023214,Google Sunglasses,15.99
1609845320000000,9940544.89306755,tx_ga4_00120,GGOEYAAQ015899,YouTube Twill Cap,16.5
1609845320000000,9940544.89306755,tx_ga4_00120,GGOEGFKQ016499,Google 22 oz Water Bottle,18.0
1609482105000000,7681172.41955490,tx_ga4_00121,GGOEGOAA018799,Google Hard Cover Journal,12.99
1609482105000000,7681172.41955490,tx_ga4_00121,GGOEGAAX0037,Google Coaster Set,9.99
1609482105000000,7681172.41955490,tx_ga4_00121,GGOEGBJR018199,Google Metallic Pen Set,6.99
1609353229000000,7997431.38681106,tx_ga4_00122,GGOEGOAA018799,Google Hard Cover Journal,12.99
1609353229000000,7997431.38681106,tx_ga4_00122,GGOEGAAX0037,Google Coaster Set,9.99
1609353229000000,7997431.38681106,tx_ga4_00122,GGOEGBJR018199,Google Metallic Pen Set,6.99
1609905850000000,8734956.38230006,tx_ga4_00123,GGOEGOAA018799,Google Hard Cover Journal,12.99
1609905850000000,8734956.38230006,tx_ga4_00123,GGOEGAAX0037,Google Coaster Set,9.99
1609905850000000,8734956.38230006,tx_ga4_00123,GGOEGBJR018199,Google Metallic Pen Set,6.99
1609164431000000,1697532.20606467,tx_ga4_00124,GGOEGOAA018799,Google Hard Cover Journal,12.99
1609164431000000,1697532.20606467,tx_ga4_00124,GGOEGAAX0037,Google Coaster Set,9.99
1609164431000000,1697532.20606467,tx_ga4_00124,GGOEGBJR018199,Google Metallic Pen Set,6.99
1609582132000000,5087739.69686502,tx_ga4_00125,GGOEGOAA018799,Google Hard Cover Journal,12.99
1609582132000000,5087739.69686502,tx_ga4_00125,GGOEGAAX0037,Google Coaster Set,9.99
1609685135000000,3604488.83768911,tx_ga4_00126,GGOEGFKQ016499,Google 22 oz Water Bottle,18.0
1609685135000000,3604488.83768911,tx_ga4_00126,GGOEGAEH028715,Google Large Canvas Tote,24.0
1609685135000000,3604488.83768911,tx_ga4_00126,GGOEGAXH035415,Google Thermal Bottle,22.0
1609334373000000,3300106.52570436,tx_ga4_00127,GGOEGOAA018799,Google Hard Cover Journal,12.99
1609334373000000,3300106.52570436,tx_ga4_00127,GGOEGAAX0037,Google Coaster Set,9.99
1609334373000000,3300106.52570436,tx_ga4_00127,GGOEGBJR018199,Google Metallic Pen Set,6.99
1609130167000000,4023473.60246765,tx_ga4_00128,GGOEGOAA018799,Google Hard Cover Journal,12.99
1609130167000000,4023473.60246765,tx_ga4_00128,GGOEGAAX0037,Google Coaster Set,9.99
1609218694000000,2701386.96263209,tx_ga4_00129,GGOEGOAA018799,Google Hard Cover Journal,12.99
1609218694000000,2701386.96263209,tx_ga4_00129,GGOEGAAX0037,Google Coaster Set,9.99
1609218694000000,2701386.96263209,tx_ga4_00129,GGOEGBJR018199,Google Metallic Pen Set,6.99
1609434432000000,9330985.72902364,tx_ga4_00130,GGOEGAAB023214,Google Sunglasses,15.99
1609434432000000,9330985.72902364,tx_ga4_00130,GGOEYAAQ015899,YouTube Twill Cap,16.5
1609434432000000,9330985.72902364,tx_ga4_00130,GGOEGFKQ016499,Google 22 oz Water Bottle,18.0
1609534794000000,5776584.77053139,tx_ga4_00131,GGOEGAAB034114,Google Zip Hoodie,49.99
1609534794000000,5776584.77053139,tx_ga4_00131,GGOEGAAB033914,Google Charcoal Tee,21.99
1609702008000000,5218050.90054851,tx_ga4_00132,GGOEGAAB023214,Google Sunglasses,15.99
1609702008000000,5218050.90054851,tx_ga4_00132,GGOEYAAQ015899,YouTube Twill Cap,16.5
1609316377000000,1596617.29421151,tx_ga4_00133,GGOEGAAB033814,Android Classic Tee,19.99
1609316377000000,1596617.29421151,tx_ga4_00133,GGOEGAYB086814,Google Sticker Sheet,3.5
1609316377000000,1596617.29421151,tx_ga4_00133,GGOEGAAB033914,Google Charcoal Tee,21.99
1609793104000000,5109356.68514944,tx_ga4_00134,GGOEGAAB023214,Google Sunglasses,15.99
1609793104000000,5109356.68514944,tx_ga4_00134,GGOEYAAQ015899,YouTube Twill Cap,16.5
1609793104000000,5109356.68514944,tx_ga4_00134,GGOEGFKQ016499,Google 22 oz Water Bottle,18.0
1609585609000000,7362624.74565504,tx_ga4_00135,GGOEGAAB023214,Google Sunglasses,15.99
1609585609000000,7362624.74565504,tx_ga4_00135,GGOEYAAQ015899,YouTube Twill Cap,16.5
1609585609000000,7362624.74565504,tx_ga4_00135,GGOEGFKQ016499,Google 22 oz Water Bottle,18.0
1609682095000000,9462969.85800512,tx_ga4_00136,GGOEGOAA018799,Google Hard Cover Journal,12.99
1609682095000000,9462969.85800512,tx_ga4_00136,GGOEGAAX0037,Google Coaster Set,9.99
1609682095000000,9462969.85800512,tx_ga4_00136,GGOEGBJR018199,Google Metallic Pen Set,6.99
1609600129000000,9240760.40940698,tx_ga4_00137,GGOEGAAB033814,Android Classic Tee,19.99
1609600129000000,9240760.40940698,tx_ga4_00137,GGOEGAYB086814,Google Sticker Sheet,3.5
1609600129000000,9240760.40940698,tx_ga4_00137,GGOEGAAB033914,Google Charcoal Tee,21.99
1609839546000000,7259360.71991522,tx_ga4_00138,GGOEGOAA018799,Google Hard Cover Journal,12.99
1609839546000000,7259360.71991522,tx_ga4_00138,GGOEGAAX0037,Google Coaster Set,9.99
1609304151000000,6443019.64396053,tx_ga4_00139,GGOEGAAB023214,Google Sunglasses,15.99
1609304151000000,6443019.64396053,tx_ga4_00139,GGOEYAAQ015899,YouTube Twill Cap,16.5
1609113629000000,5725879.46842492,tx_ga4_00140,GGOEGAAB023214,Google Sunglasses,15.99
1609113629000000,5725879.46842492,tx_ga4_00140,GGOEYAAQ015899,YouTube Twill Cap,16.5
1609463124000000,2232028.19151718,tx_ga4_00141,GGOEGAAB033814,Android Classic Tee,19.99
1609463124000000,2232028.19151718,tx_ga4_00141,GGOEGAYB086814,Google Sticker Sheet,3.5
1609275132000000,1023488.41774358,tx_ga4_00142,GGOEGFKQ016499,Google 22 oz Water Bottle,18.0
1609275132000000,1023488.41774358,tx_ga4_00142,GGOEGAEH028715,Google Large Canvas Tote,24.0
1609275132000000,1023488.41774358,tx_ga4_00142,GGOEGAXH035415,Google Thermal Bottle,22.0
1609125807000000,4350285.96713626,tx_ga4_00143,GGOEGAAB033814,Android Classic Tee,19.99
1609125807000000,4350285.96713626,tx_ga4_00143,GGOEGAYB086814,Google Sticker Sheet,3.5
1609125807000000,4350285.96713626,tx_ga4_00143,GGOEGAAB033914,Google Charcoal Tee,21.99
1609575535000000,3181360.29487114,tx_ga4_00144,GGOEGAAB034114,Google Zip Hoodie,49.99
1609575535000000,3181360.29487114,tx_ga4_00144,GGOEGAAB033914,Google Charcoal Tee,21.99
1609454389000000,1398448.20227419,tx_ga4_00145,GGOEGAAB033814,Android Classic Tee,19.99
1609454389000000,1398448.20227419,tx_ga4_00145,GGOEGAYB086814,Google Sticker Sheet,3.5
1609454389000000,1398448.20227419,tx_ga4_00145,GGOEGAAB033914,Google Charcoal Tee,21.99
1609228924000000,6917875.43091147,tx_ga4_00146,GGOEGFKQ016499,Google 22 oz Water Bottle,18.0
1609228924000000,6917875.43091147,tx_ga4_00146,GGOEGAEH028715,Google Large Canvas Tote,24.0
1609228924000000,6917875.43091147,tx_ga4_00146,GGOEGAXH035415,Google Thermal Bottle,22.0
1609362165000000,6574314.19088271,tx_ga4_00147,GGOEGFKQ016499,Google 22 oz Water Bottle,18.0
1609362165000000,6574314.19088271,tx_ga4_00147,GGOEGAEH028715,Google Large Canvas Tote,24.0
1609362165000000,6574314.19088271,tx_ga4_00147,GGOEGAXH035415,Google Thermal Bottle,22.0
1609772198000000,7866271.34047903,tx_ga4_00148,GGOEGOAA018799,Google Hard Cover Journal,12.99
1609772198000000,7866271.34047903,tx_ga4_00148,GGOEGAAX0037,Google Coaster Set,9.99
1609835940000000,1531394.92301050,tx_ga4_00149,GGOEGAAB033814,Android Classic Tee,19.99
1609835940000000,1531394.92301050,tx_ga4_00149,GGOEGAYB086814,Google Sticker Sheet,3.5
1609414261000000,4236152.14313983,tx_ga4_00150,GGOEGOAA018799,Google Hard Cover Journal,12.99
1609414261000000,4236152.14313983,tx_ga4_00150,GGOEGAAX0037,Google Coaster Set,9.99
1609607232000000,6273005.35132172,tx_ga4_00151,GGOEGOAA018799,Google Hard Cover Journal,12.99
1609607232000000,6273005.35132172,tx_ga4_00151,GGOEGAAX0037,Google Coaster Set,9.99
1609746411000000,3148702.70851803,tx_ga4_00152,GGOEGOAA018799,Google Hard Cover Journal,12.99
1609746411000000,3148702.70851803,tx_ga4_00152,GGOEGAAX0037,Google Coaster Set,9.99
1609967927000000,7011818.23155159,tx_ga4_00153,GGOEGAAB033814,Android Classic Tee,19.99
1609967927000000,7011818.23155159,tx_ga4_00153,GGOEGAYB086814,Google Sticker Sheet,3.5
1609967927000000,7011818.23155159,tx_ga4_00153,GGOEGAAB033914,Google Charcoal Tee,21.99
1609159966000000,2148907.31800072,tx_ga4_00154,GGOEGOAA018799,Google Hard Cover Journal,12.99
1609159966000000,2148907.31800072,tx_ga4_00154,GGOEGAAX0037,Google Coaster Set,9.99
1609159966000000,2148907.31800072,tx_ga4_00154,GGOEGBJR018199,Google Metallic Pen Set,6.99
1609917780000000,8108283.33988904,tx_ga4_00155,GGOEGOAA018799,Google Hard Cover Journal,12.99
1609917780000000,8108283.33988904,tx_ga4_00155,GGOEGAAX0037,Google Coaster Set,9.99
1609917780000000,8108283.33988904,tx_ga4_00155,GGOEGBJR018199,Google Metallic Pen Set,6.99
1609111101000000,4806513.21555820,tx_ga4_00156,GGOEGAAB034114,Google Zip Hoodie,49.99
1609111101000000,4806513.21555820,tx_ga4_00156,GGOEGAAB033914,Google Charcoal Tee,21.99
1609579297000000,2652943.69982687,tx_ga4_00157,GGOEGFKQ016499,Google 22 oz Water Bottle,18.0
1609579297000000,2652943.69982687,tx_ga4_00157,GGOEGAEH028715,Google Large Canvas Tote,24.0
1609279154000000,7824245.87922804,tx_ga4_00158,GGOEGAAB034114,Google Zip Hoodie,49.99
1609279154000000,7824245.87922804,tx_ga4_00158,GGOEGAAB033914,Google Charcoal Tee,21.99
1609701601000000,5988542.34938517,tx_ga4_00159,GGOEGAAB023214,Google Sunglasses,15.99
1609701601000000,5988542.34938517,tx_ga4_00159,GGOEYAAQ015899,YouTube Twill Cap,16.5
1609348040000000,4943304.24047648,tx_ga4_00160,GGOEGFKQ016499,Google 22 oz Water Bottle,18.0
1609348040000000,4943304.24047648,tx_ga4_00160,GGOEGAEH028715,Google Large Canvas Tote,24.0
1609348040000000,4943304.24047648,tx_ga4_00160,GGOEGAXH035415,Google Thermal Bottle,22.0
1609665725000000,3165634.53302760,tx_ga4_00161,GGOEGAAB033814,Android Classic Tee,19.99
1609665725000000,3165634.53302760,tx_ga4_00161,GGOEGAYB086814,Google Sticker Sheet,3.5
1609665725000000,3165634.53302760,tx_ga4_00161,GGOEGAAB033914,Google Charcoal Tee,21.99
1609634920000000,8032292.33298224,tx_ga4_00162,GGOEGFKQ016499,Google 22 oz Water Bottle,18.0
1609634920000000,8032292.33298224,tx_ga4_00162,GGOEGAEH028715,Google Large Canvas Tote,24.0
1609634920000000,8032292.33298224,tx_ga4_00162,GGOEGAXH035415,Google Thermal Bottle,22.0
1609261194000000,4287565.13387803,tx_ga4_00163,GGOEGAAB023214,Google Sunglasses,15.99
1609261194000000,4287565.13387803,tx_ga4_00163,GGOEYAAQ015899,YouTube Twill Cap,16.5
1609261194000000,4287565.13387803,tx_ga4_00163,GGOEGFKQ016499,Google 22 oz Water Bottle,18.0
1609383688000000,1387816.59166962,tx_ga4_00164,GGOEGAAB023214,Google Sunglasses,15.99
1609383688000000,1387816.59166962,tx_ga4_00164,GGOEYAAQ015899,YouTube Twill Cap,16.5
1609822083000000,9688322.61780564,tx_ga4_00165,GGOEGOAA018799,Google Hard Cover Journal,12.99
1609822083000000,9688322.61780564,tx_ga4_00165,GGOEGAAX0037,Google Coaster Set,9.99
1609765446000000,1274183.61644276,tx_ga4_00166,GGOEGAAB034114,Google Zip Hoodie,49.99
1609765446000000,1274183.61644276,tx_ga4_00166,GGOEGAAB033914,Google Charcoal Tee,21.99
1609827694000000,2084221.72292653,tx_ga4_00167,GGOEGOAA018799,Google Hard Cover Journal,12.99
1609827694000000,2084221.72292653,tx_ga4_00167,GGOEGAAX0037,Google Coaster Set,9.99
1609144469000000,5192312.42710189,tx_ga4_00168,GGOEGFKQ016499,Google 22 oz Water Bottle,18.0
1609144469000000,5192312.42710189,tx_ga4_00168,GGOEGAEH028715,Google Large Canvas Tote,24.0
1609267219000000,2870694.25840954,tx_ga4_00169,GGOEGAAB033814,Android Classic Tee,19.99
1609267219000000,2870694.25840954,tx_ga4_00169,GGOEGAYB086814,Google Sticker Sheet,3.5
1609896071000000,4016215.50502351,tx_ga4_00170,GGOEGOAA018799,Google Hard Cover Journal,12.99
1609896071000000,4016215.50502351,tx_ga4_00170,GGOEGAAX0037,Google Coaster Set,9.99
1609896071000000,4016215.50502351,tx_ga4_00170,GGOEGBJR018199,Google Metallic Pen Set,6.99
1609846083000000,6108086.72009776,tx_ga4_00171,GGOEGFKQ016499,Google 22 oz Water Bottle,18.0
1609846083000000,6108086.72009776,tx_ga4_00171,GGOEGAEH028715,Google Large Canvas Tote,24.0
1609846083000000,6108086.72009776,tx_ga4_00171,GGOEGAXH035415,Google Thermal Bottle,22.0
1609669313000000,9620576.12921507,tx_ga4_00172,GGOEGOAA018799,Google Hard Cover Journal,12.99
1609669313000000,9620576.12921507,tx_ga4_00172,GGOEGAAX0037,Google Coaster Set,9.99
1609669313000000,9620576.12921507,tx_ga4_00172,GGOEGBJR018199,Google Metallic Pen Set,6.99
1609659873000000,9426809.60516216,tx_ga4_00173,GGOEGAAB023214,Google Sunglasses,15.99
1609659873000000,9426809.60516216,tx_ga4_00173,GGOEYAAQ015899,YouTube Twill Cap,16.5
1609659873000000,9426809.60516216,tx_ga4_00173,GGOEGFKQ016499,Google 22 oz Water Bottle,18.0
1609258940000000,1665063.88019486,tx_ga4_00174,GGOEGOAA018799,Google Hard Cover Journal,12.99
1609258940000000,1665063.88019486,tx_ga4_00174,GGOEGAAX0037,Google Coaster Set,9.99
1609258940000000,1665063.88019486,tx_ga4_00174,GGOEGBJR018199,Google Metallic Pen Set,6.99
1609852247000000,8679822.35935814,tx_ga4_00175,GGOEGOAA018799,Google Hard Cover Journal,12.99
1609852247000000,8679822.35935814,tx_ga4_00175,GGOEGAAX0037,Google Coaster Set,9.99
1609759156000000,2510412.37065324,tx_ga4_00176,GGOEGAAB033814,Android Classic Tee,19.99
1609759156000000,2510412.37065324,tx_ga4_00176,GGOEGAYB086814,Google Sticker Sheet,3.5
1609759156000000,2510412.37065324,tx_ga4_00176,GGOEGAAB033914,Google Charcoal Tee,21.99
1609785852000000,8302895.92674337,tx_ga4_00177,GGOEGOAA018799,Google Hard Cover Journal,12.99
1609785852000000,8302895.92674337,tx_ga4_00177,GGOEGAAX0037,Google Coaster Set,9.99
1609785852000000,8302895.92674337,tx_ga4_00177,GGOEGBJR018199,Google Metallic Pen Set,6.99
1609288515000000,3667124.52770443,tx_ga4_00178,GGOEGAAB034114,Google Zip Hoodie,49.99
1609288515000000,3667124.52770443,tx_ga4_00178,GGOEGAAB033914,Google Charcoal Tee,21.99
1609185145000000,7460508.26222553,tx_ga4_00179,GGOEGAAB033814,Android Classic Tee,19.99
1609185145000000,7460508.26222553,tx_ga4_00179,GGOEGAYB086814,Google Sticker Sheet,3.5
1609185145000000,7460508.26222553,tx_ga4_00179,GGOEGAAB033914,Google Charcoal Tee,21.99
1609564394000000,7469138.30263143,tx_ga4_00180,GGOEGAAB023214,Google Sunglasses,15.99
1609564394000000,7469138.30263143,tx_ga4_00180,GGOEYAAQ015899,YouTube Twill Cap,16.5
1609564394000000,7469138.30263143,tx_ga4_00180,GGOEGFKQ016499,Google 22 oz Water Bottle,18.0
1609495758000000,8654960.22006343,tx_ga4_00181,GGOEGAAB023214,Google Sunglasses,15.99
1609495758000000,8654960.22006343,tx_ga4_00181,GGOEYAAQ015899,YouTube Twill Cap,16.5
1609495758000000,8654960.22006343,tx_ga4_00181,GGOEGFKQ016499,Google 22 oz Water Bottle,18.0
1609706846000000,9816631.74870274,tx_ga4_00182,GGOEGFKQ016499,Google 22 oz Water Bottle,18.0
1609706846000000,9816631.74870274,tx_ga4_00182,GGOEGAEH028715,Google Large Canvas Tote,24.0
1609706846000000,9816631.74870274,tx_ga4_00182,GGOEGAXH035415,Google Thermal Bottle,22.0
1609261923000000,3479327.82600973,tx_ga4_00183,GGOEGAAB034114,Google Zip Hoodie,49.99
1609261923000000,3479327.82600973,tx_ga4_00183,GGOEGAAB033914,Google Charcoal Tee,21.99
1609674140000000,6654775.52840149,tx_ga4_00184,GGOEGAAB034114,Google Zip Hoodie,49.99
1609674140000000,6654775.52840149,tx_ga4_00184,GGOEGAAB033914,Google Charcoal Tee,21.99
1609658701000000,7653346.72043756,tx_ga4_00185,GGOEGOAA018799,Google Hard Cover Journal,12.99
1609658701000000,7653346.72043756,tx_ga4_00185,GGOEGAAX0037,Google Coaster Set,9.99
1609658701000000,7653346.72043756,tx_ga4_00185,GGOEGBJR018199,Google Metallic Pen Set,6.99
1609383068000000,1716663.30665426,tx_ga4_00186,GGOEGOAA018799,Google Hard Cover Journal,12.99
1609383068000000,1716663.30665426,tx_ga4_00186,GGOEGAAX0037,Google Coaster Set,9.99
1609353996000000,6966651.46496113,tx_ga4_00187,GGOEGFKQ016499,Google 22 oz Water Bottle,18.0
1609353996000000,6966651.46496113,tx_ga4_00187,GGOEGAEH028715,Google Large Canvas Tote,24.0
1609353996000000,6966651.46496113,tx_ga4_00187,GGOEGAXH035415,Google Thermal Bottle,22.0
1609778226000000,3893639.59069178,tx_ga4_00188,GGOEGAAB033814,Android Classic Tee,19.99
1609778226000000,3893639.59069178,tx_ga4_00188,GGOEGAYB086814,Google Sticker Sheet,3.5
1609778226000000,3893639.59069178,tx_ga4_00188,GGOEGAAB033914,Google Charcoal Tee,21.99
1609950547000000,2453221.98421662,tx_ga4_00189,GGOEGAAB034114,Google Zip Hoodie,49.99
1609950547000000,2453221.98421662,tx_ga4_00189,GGOEGAAB033914,Google Charcoal Tee,21.99
1609854912000000,5945243.10629506,tx_ga4_00190,GGOEGAAB023214,Google Sunglasses,15.99
1609854912000000,5945243.10629506,tx_ga4_00190,GGOEYAAQ015899,YouTube Twill Cap,16.5
1609854912000000,5945243.10629506,tx_ga4_00190,GGOEGFKQ016499,Google 22 oz Water Bottle,18.0
1609833442000000,5156951.76954579,tx_ga4_00191,GGOEGAAB023214,Google Sunglasses,15.99
1609833442000000,5156951.76954579,tx_ga4_00191,GGOEYAAQ015899,YouTube Twill Cap,16.5
1609713917000000,6193717.55858732,tx_ga4_00192,GGOEGAAB033814,Android Classic Tee,19.99
1609713917000000,6193717.55858732,tx_ga4_00192,GGOEGAYB086814,Google Sticker Sheet,3.5
1609222200000000,6777257.12283611,tx_ga4_00193,GGOEGOAA018799,Google Hard Cover Journal,12.99
1609222200000000,6777257.12283611,tx_ga4_00193,GGOEGAAX0037,Google Coaster Set,9.99
1609241171000000,5488019.46211841,tx_ga4_00194,GGOEGAAB023214,Google Sunglasses,15.99
1609241171000000,5488019.46211841,tx_ga4_00194,GGOEYAAQ015899,YouTube Twill Cap,16.5
1609241171000000,5488019.46211841,tx_ga4_00194,GGOEGFKQ016499,Google 22 oz Water Bottle,18.0
1609788590000000,9146355.62507792,tx_ga4_00195,GGOEGOAA018799,Google Hard Cover Journal,12.99
1609788590000000,9146355.62507792,tx_ga4_00195,GGOEGAAX0037,Google Coaster Set,9.99
1609788590000000,9146355.62507792,tx_ga4_00195,GGOEGBJR018199,Google Metallic Pen Set,6.99
1609467828000000,2601227.86805393,tx_ga4_00196,GGOEGOAA018799,Google Hard Cover Journal,12.99
1609467828000000,2601227.86805393,tx_ga4_00196,GGOEGAAX0037,Google Coaster Set,9.99
1609467828000000,2601227.86805393,tx_ga4_00196,GGOEGBJR018199,Google Metallic Pen Set,6.99
1609777792000000,3599124.99632098,tx_ga4_00197,GGOEGFKQ016499,Google 22 oz Water Bottle,18.0
1609777792000000,3599124.99632098,tx_ga4_00197,GGOEGAEH028715,Google Large Canvas Tote,24.0
1609141203000000,4205994.86343805,tx_ga4_00198,GGOEGOAA018799,Google Hard Cover Journal,12.99
1609141203000000,4205994.86343805,tx_ga4_00198,GGOEGAAX0037,Google Coaster Set,9.99
1609129476000000,7969437.75021455,tx_ga4_00199,GGOEGFKQ016499,Google 22 oz Water Bottle,18.0
1609129476000000,7969437.75021455,tx_ga4_00199,GGOEGAEH028715,Google Large Canvas Tote,24.0
1609820300000000,6868882.12020202,tx_ga4_00200,GGOEGOAA018799,Google Hard Cover Journal,12.99
1609820300000000,6868882.12020202,tx_ga4_00200,GGOEGAAX0037,Google Coaster Set,9.99
1609434851000000,2857803.88595161,tx_ga4_00201,GGOEGOAA018799,Google Hard Cover Journal,12.99
1609434851000000,2857803.88595161,tx_ga4_00201,GGOEGAAX0037,Google Coaster Set,9.99
1609434851000000,2857803.88595161,tx_ga4_00201,GGOEGBJR018199,Google Metallic Pen Set,6.99
1609846850000000,7699976.51596085,tx_ga4_00202,GGOEGAAB034114,Google Zip Hoodie,49.99
1609846850000000,7699976.51596085,tx_ga4_00202,GGOEGAAB033914,Google Charcoal Tee,21.99
1609249176000000,7943832.69111295,tx_ga4_00203,GGOEGOAA018799,Google Hard Cover Journal,12.99
1609249176000000,7943832.69111295,tx_ga4_00203,GGOEGAAX0037,Google Coaster Set,9.99
1609249176000000,7943832.69111295,tx_ga4_00203,GGOEGBJR018199,Google Metallic Pen Set,6.99
1609761055000000,7932172.57997646,tx_ga4_00204,GGOEGFKQ016499,Google 22 oz Water Bottle,18.0
1609761055000000,7932172.57997646,tx_ga4_00204,GGOEGAEH028715,Google Large Canvas Tote,24.0
1609761055000000,7932172.57997646,tx_ga4_00204,GGOEGAXH035415,Google Thermal Bottle,22.0
1609247661000000,1705356.46717315,tx_ga4_00205,GGOEGOAA018799,Google Hard Cover Journal,12.99
1609247661000000,1705356.46717315,tx_ga4_00205,GGOEGAAX0037,Google Coaster Set,9.99
1609812328000000,2909252.87641178,tx_ga4_00206,GGOEGAAB033814,Android Classic Tee,19.99
1609812328000000,2909252.87641178,tx_ga4_00206,GGOEGAYB086814,Google Sticker Sheet,3.5
1609812328000000,2909252.87641178,tx_ga4_00206,GGOEGAAB033914,Google Charcoal Tee,21.99
1609525177000000,9058464.28262049,tx_ga4_00207,GGOEGOAA018799,Google Hard Cover Journal,12.99
1609525177000000,9058464.28262049,tx_ga4_00207,GGOEGAAX0037,Google Coaster Set,9.99
1609525177000000,9058464.28262049,tx_ga4_00207,GGOEGBJR018199,Google Metallic Pen Set,6.99
1609330634000000,8914887.39656390,tx_ga4_00208,GGOEGOAA018799,Google Hard Cover Journal,12.99
1609330634000000,8914887.39656390,tx_ga4_00208,GGOEGAAX0037,Google Coaster Set,9.99
1609330634000000,8914887.39656390,tx_ga4_00208,GGOEGBJR018199,Google Metallic Pen Set,6.99
1609767542000000,2850153.34495774,tx_ga4_00209,GGOEGAAB033814,Android Classic Tee,19.99
1609767542000000,2850153.34495774,tx_ga4_00209,GGOEGAYB086814,Google Sticker Sheet,3.5
1609704021000000,5962380.31555564,tx_ga4_00210,GGOEGFKQ016499,Google 22 oz Water Bottle,18.0
1609704021000000,5962380.31555564,tx_ga4_00210,GGOEGAEH028715,Google Large Canvas Tote,24.0
1609925720000000,3364149.72942659,tx_ga4_00211,GGOEGOAA018799,Google Hard Cover Journal,12.99
1609925720000000,3364149.72942659,tx_ga4_00211,GGOEGAAX0037,Google Coaster Set,9.99
1609925720000000,3364149.72942659,tx_ga4_00211,GGOEGBJR018199,Google Metallic Pen Set,6.99
1609848834000000,4746562.72761555,tx_ga4_00212,GGOEGAAB033814,Android Classic Tee,19.99
1609848834000000,4746562.72761555,tx_ga4_00212,GGOEGAYB086814,Google Sticker Sheet,3.5
1609844480000000,1188503.18781016,tx_ga4_00213,GGOEGFKQ016499,Google 22 oz Water Bottle,18.0
1609844480000000,1188503.18781016,tx_ga4_00213,GGOEGAEH028715,Google Large Canvas Tote,24.0
1609844480000000,1188503.18781016,tx_ga4_00213,GGOEGAXH035415,Google Thermal Bottle,22.0
1609739162000000,3535841.42578497,tx_ga4_00214,GGOEGOAA018799,Google Hard Cover Journal,12.99
1609739162000000,3535841.42578497,tx_ga4_00214,GGOEGAAX0037,Google Coaster Set,9.99
1609983551000000,3436127.45602408,tx_ga4_00215,GGOEGAAB034114,Google Zip Hoodie,49.99
1609983551000000,3436127.45602408,tx_ga4_00215,GGOEGAAB033914,Google Charcoal Tee,21.99
1609729738000000,9272173.51401871,tx_ga4_00216,GGOEGOAA018799,Google Hard Cover Journal,12.99
1609729738000000,9272173.51401871,tx_ga4_00216,GGOEGAAX0037,Google Coaster Set,9.99
1609729738000000,9272173.51401871,tx_ga4_00216,GGOEGBJR018199,Google Metallic Pen Set,6.99
1609568409000000,6291731.81044985,tx_ga4_00217,GGOEGAAB033814,Android Classic Tee,19.99
1609568409000000,6291731.81044985,tx_ga4_00217,GGOEGAYB086814,Google Sticker Sheet,3.5
1609568409000000,6291731.81044985,tx_ga4_00217,GGOEGAAB033914,Google Charcoal Tee,21.99
1609388147000000,2597648.22982978,tx_ga4_00218,GGOEGOAA018799,Google Hard Cover Journal,12.99
1609388147000000,2597648.22982978,tx_ga4_00218,GGOEGAAX0037,Google Coaster Set,9.99
1609419169000000,4848080.65944421,tx_ga4_00219,GGOEGAAB033814,Android Classic Tee,19.99
1609419169000000,4848080.65944421,tx_ga4_00219,GGOEGAYB086814,Google Sticker Sheet,3.5
1609701322000000,5436424.20766892,tx_ga4_00220,GGOEGAAB023214,Google Sunglasses,15.99
1609701322000000,5436424.20766892,tx_ga4_00220,GGOEYAAQ015899,YouTube Twill Cap,16.5
1609772932000000,6736240.93179751,tx_ga4_00221,GGOEGOAA018799,Google Hard Cover Journal,12.99
1609772932000000,6736240.93179751,tx_ga4_00221,GGOEGAAX0037,Google Coaster Set,9.99
1609752201000000,5792030.90860866,tx_ga4_00222,GGOEGFKQ016499,Google 22 oz Water Bottle,18.0
1609752201000000,5792030.90860866,tx_ga4_00222,GGOEGAEH028715,Google Large Canvas Tote,24.0
1609476690000000,4788933.46024805,tx_ga4_00223,GGOEGFKQ016499,Google 22 oz Water Bottle,18.0
1609476690000000,4788933.46024805,tx_ga4_00223,GGOEGAEH028715,Google Large Canvas Tote,24.0
1609817018000000,3797136.56815509,tx_ga4_00224,GGOEGAAB023214,Google Sunglasses,15.99
1609817018000000,3797136.56815509,tx_ga4_00224,GGOEYAAQ015899,YouTube Twill Cap,16.5
1609239351000000,6174995.19504595,tx_ga4_00225,GGOEGFKQ016499,Google 22 oz Water Bottle,18.0
1609239351000000,6174995.19504595,tx_ga4_00225,GGOEGAEH028715,Google Large Canvas Tote,24.0
1609239351000000,6174995.19504595,tx_ga4_00225,GGOEGAXH035415,Google Thermal Bottle,22.0
1609228967000000,9782487.23780436,tx_ga4_00226,GGOEGFKQ016499,Google 22 oz Water Bottle,18.0
1609228967000000,9782487.23780436,tx_ga4_00226,GGOEGAEH028715,Google Large Canvas Tote,24.0
1609228967000000,9782487.23780436,tx_ga4_00226,GGOEGAXH035415,Google Thermal Bottle,22.0
1609386060000000,5976882.89831092,tx_ga4_00227,GGOEGOAA018799,Google Hard Cover Journal,12.99
1609386060000000,5976882.89831092,tx_ga4_00227,GGOEGAAX0037,Google Coaster Set,9.99
1609904582000000,6796475.11374519,tx_ga4_00228,GGOEGAAB034114,Google Zip Hoodie,49.99
1609904582000000,6796475.11374519,tx_ga4_00228,GGOEGAAB033914,Google Charcoal Tee,21.99
1609127461000000,1245777.28278766,tx_ga4_00229,GGOEGOAA018799,Google Hard Cover Journal,12.99
1609127461000000,1245777.28278766,tx_ga4_00229,GGOEGAAX0037,Google Coaster Set,9.99
1609127461000000,1245777.28278766,tx_ga4_00229,GGOEGBJR018199,Google Metallic Pen Set,6.99
1609171860000000,8384452.87829117,tx_ga4_00230,GGOEGFKQ016499,Google 22 oz Water Bottle,18.0
1609171860000000,8384452.87829117,tx_ga4_00230,GGOEGAEH028715,Google Large Canvas Tote,24.0
1609171860000000,8384452.87829117,tx_ga4_00230,GGOEGAXH035415,Google Thermal Bottle,22.0
1609895170000000,5958202.61252560,tx_ga4_00231,GGOEGOAA018799,Google Hard Cover Journal,12.99
1609895170000000,5958202.61252560,tx_ga4_00231,GGOEGAAX0037,Google Coaster Set,9.99
1609168292000000,6820096.53880226,tx_ga4_00232,GGOEGAAB023214,Google Sunglasses,15.99
1609168292000000,6820096.53880226,tx_ga4_00232,GGOEYAAQ015899,YouTube Twill Cap,16.5
1609168292000000,6820096.53880226,tx_ga4_00232,GGOEGFKQ016499,Google 22 oz Water Bottle,18.0
1609523135000000,5597646.43192385,tx_ga4_00233,GGOEGOAA018799,Google Hard Cover Journal,12.99
1609523135000000,5597646.43192385,tx_ga4_00233,GGOEGAAX0037,Google Coaster Set,9.99
1609946114000000,5414780.36573913,tx_ga4_00234,GGOEGOAA018799,Google Hard Cover Journal,12.99
1609946114000000,5414780.36573913,tx_ga4_00234,GGOEGAAX0037,Google Coaster Set,9.99
1609946114000000,5414780.36573913,tx_ga4_00234,GGOEGBJR018199,Google Metallic Pen Set,6.99
1609541504000000,7730459.71094680,tx_ga4_00235,GGOEGAAB023214,Google Sunglasses,15.99
1609541504000000,7730459.71094680,tx_ga4_00235,GGOEYAAQ015899,YouTube Twill Cap,16.5
1609250740000000,7451594.42916154,tx_ga4_00236,GGOEGAAB023214,Google Sunglasses,15.99
1609250740000000,7451594.42916154,tx_ga4_00236,GGOEYAAQ015899,YouTube Twill Cap,16.5
1609250740000000,7451594.42916154,tx_ga4_00236,GGOEGFKQ016499,Google 22 oz Water Bottle,18.0
1609783078000000,4559862.49171123,tx_ga4_00237,GGOEGAAB033814,Android Classic Tee,19.99
1609783078000000,4559862.49171123,tx_ga4_00237,GGOEGAYB086814,Google Sticker Sheet,3.5
1609783078000000,4559862.49171123,tx_ga4_00237,GGOEGAAB033914,Google Charcoal Tee,21.99
1609303726000000,6423179.79916345,tx_ga4_00238,GGOEGAAB023214,Google Sunglasses,15.99
1609303726000000,6423179.79916345,tx_ga4_00238,GGOEYAAQ015899,YouTube Twill Cap,16.5
1609303726000000,6423179.79916345,tx_ga4_00238,GGOEGFKQ016499,Google 22 oz Water Bottle,18.0
1609203564000000,1079938.95156466,tx_ga4_00239,GGOEGAAB023214,Google Sunglasses,15.99
1609203564000000,1079938.95156466,tx_ga4_00239,GGOEYAAQ015899,YouTube Twill Cap,16.5
1609147503000000,8759515.99429115,tx_ga4_00240,GGOEGAAB023214,Google Sunglasses,15.99
1609147503000000,8759515.99429115,tx_ga4_00240,GGOEYAAQ015899,YouTube Twill Cap,16.5
1609147503000000,8759515.99429115,tx_ga4_00240,GGOEGFKQ016499,Google 22 oz Water Bottle,18.0
1609730419000000,3499526.53642370,tx_ga4_00241,GGOEGOAA018799,Google Hard Cover Journal,12.99
1609730419000000,3499526.53642370,tx_ga4_00241,GGOEGAAX0037,Google Coaster Set,9.99
1609730419000000,3499526.53642370,tx_ga4_00241,GGOEGBJR018199,Google Metallic Pen Set,6.99
1609566450000000,5917623.22435214,tx_ga4_00242,GGOEGAAB033814,Android Classic Tee,19.99
1609566450000000,5917623.22435214,tx_ga4_00242,GGOEGAYB086814,Google Sticker Sheet,3.5
1609712983000000,4215549.12243124,tx_ga4_00243,GGOEGAAB033814,Android Classic Tee,19.99
1609712983000000,4215549.12243124,tx_ga4_00243,GGOEGAYB086814,Google Sticker Sheet,3.5
1609443241000000,2071816.38425841,tx_ga4_00244,GGOEGOAA018799,Google Hard Cover Journal,12.99
1609443241000000,2071816.38425841,tx_ga4_00244,GGOEGAAX0037,Google Coaster Set,9.99
1609266325000000,1687194.85204196,tx_ga4_00245,GGOEGAAB033814,Android Classic Tee,19.99
1609266325000000,1687194.85204196,tx_ga4_00245,GGOEGAYB086814,Google Sticker Sheet,3.5
1609266325000000,1687194.85204196,tx_ga4_00245,GGOEGAAB033914,Google Charcoal Tee,21.99
1609667424000000,2059417.30848503,tx_ga4_00246,GGOEGOAA018799,Google Hard Cover Journal,12.99
1609667424000000,2059417.30848503,tx_ga4_00246,GGOEGAAX0037,Google Coaster Set,9.99
1609289208000000,3113551.56481240,tx_ga4_00247,GGOEGAAB023214,Google Sunglasses,15.99
1609289208000000,3113551.56481240,tx_ga4_00247,GGOEYAAQ015899,YouTube Twill Cap,16.5
1609289208000000,3113551.56481240,tx_ga4_00247,GGOEGFKQ016499,Google 22 oz Water Bottle,18.0
1609688795000000,9927936.12527696,tx_ga4_00248,GGOEGOAA018799,Google Hard Cover Journal,12.99
1609688795000000,9927936.12527696,tx_ga4_00248,GGOEGAAX0037,Google Coaster Set,9.99
1609730310000000,2460056.39977398,tx_ga4_00249,GGOEGOAA018799,Google Hard Cover Journal,12.99
1609730310000000,2460056.39977398,tx_ga4_00249,GGOEGAAX0037,Google Coaster Set,9.99
1609802535000000,1991188.10664879,tx_ga4_00250,GGOEGAAB033814,Android Classic Tee,19.99
1609802535000000,1991188.10664879,tx_ga4_00250,GGOEGAYB086814,Google Sticker Sheet,3.5
1609802535000000,1991188.10664879,tx_ga4_00250,GGOEGAAB033914,Google Charcoal Tee,21.99
1609277375000000,9243313.30127107,tx_ga4_00251,GGOEGAAB033814,Android Classic Tee,19.99
1609277375000000,9243313.30127107,tx_ga4_00251,GGOEGAYB086814,Google Sticker Sheet,3.5
1609277375000000,9243313.30127107,tx_ga4_00251,GGOEGAAB033914,Google Charcoal Tee,21.99
1609918321000000,6598627.89585565,tx_ga4_00252,GGOEGOAA018799,Google Hard Cover Journal,12.99
1609918321000000,6598627.89585565,tx_ga4_00252,GGOEGAAX0037,Google Coaster Set,9.99
1609918321000000,6598627.89585565,tx_ga4_00252,GGOEGBJR018199,Google Metallic Pen Set,6.99
1609175823000000,7659105.13805916,tx_ga4_00253,GGOEGOAA018799,Google Hard Cover Journal,12.99
1609175823000000,7659105.13805916,tx_ga4_00253,GGOEGAAX0037,Google Coaster Set,9.99
1609175823000000,7659105.13805916,tx_ga4_00253,GGOEGBJR018199,Google Metallic Pen Set,6.99
1609912520000000,4192600.14519449,tx_ga4_00254,GGOEGAAB033814,Android Classic Tee,19.99
1609912520000000,4192600.14519449,tx_ga4_00254,GGOEGAYB086814,Google Sticker Sheet,3.5
1609912520000000,4192600.14519449,tx_ga4_00254,GGOEGAAB033914,Google Charcoal Tee,21.99
1609938483000000,9404491.51708700,tx_ga4_00255,GGOEGOAA018799,Google Hard Cover Journal,12.99
1609938483000000,9404491.51708700,tx_ga4_00255,GGOEGAAX0037,Google Coaster Set,9.99
1609938483000000,9404491.51708700,tx_ga4_00255,GGOEGBJR018199,Google Metallic Pen Set,6.99
1609221766000000,9784904.60261012,tx_ga4_00256,GGOEGFKQ016499,Google 22 oz Water Bottle,18.0
1609221766000000,9784904.60261012,tx_ga4_00256,GGOEGAEH028715,Google Large Canvas Tote,24.0
1609420699000000,1565845.98815623,tx_ga4_00257,GGOEGOAA018799,Google Hard Cover Journal,12.99
1609420699000000,1565845.98815623,tx_ga4_00257,GGOEGAAX0037,Google Coaster Set,9.99
1609420699000000,1565845.98815623,tx_ga4_00257,GGOEGBJR018199,Google Metallic Pen Set,6.99
1609560436000000,8722420.55521491,tx_ga4_00258,GGOEGOAA018799,Google Hard Cover Journal,12.99
1609560436000000,8722420.55521491,tx_ga4_00258,GGOEGAAX0037,Google Coaster Set,9.99
1609560436000000,8722420.55521491,tx_ga4_00258,GGOEGBJR018199,Google Metallic Pen Set,6.99
1609102665000000,3089007.49576625,tx_ga4_00259,GGOEGOAA018799,Google Hard Cover Journal,12.99
1609102665000000,3089007.49576625,tx_ga4_00259,GGOEGAAX0037,Google Coaster Set,9.99
1609102665000000,3089007.49576625,tx_ga4_00259,GGOEGBJR018199,Google Metallic Pen Set,6.99
1609471128000000,4930239.80689059,tx_ga4_00260,GGOEGAAB023214,Google Sunglasses,15.99
1609471128000000,4930239.80689059,tx_ga4_00260,GGOEYAAQ015899,YouTube Twill Cap,16.5
1609471128000000,4930239.80689059,tx_ga4_00260,GGOEGFKQ016499,Google 22 oz Water Bottle,18.0
1609993144000000,3682247.67982289,tx_ga4_00261,GGOEGAAB023214,Google Sunglasses,15.99
1609993144000000,3682247.67982289,tx_ga4_00261,GGOEYAAQ015899,YouTube Twill Cap,16.5
1609993144000000,3682247.67982289,tx_ga4_00261,GGOEGFKQ016499,Google 22 oz Water Bottle,18.0
1609294407000000,8287413.28047731,tx_ga4_00262,GGOEGFKQ016499,Google 22 oz Water Bottle,18.0
1609294407000000,8287413.28047731,tx_ga4_00262,GGOEGAEH028715,Google Large Canvas Tote,24.0
1609294407000000,8287413.28047731,tx_ga4_00262,GGOEGAXH035415,Google Thermal Bottle,22.0
1609199933000000,7993355.56344535,tx_ga4_00263,GGOEGFKQ016499,Google 22 oz Water Bottle,18.0
1609199933000000,7993355.56344535,tx_ga4_00263,GGOEGAEH028715,Google Large Canvas Tote,24.0
1609541677000000,2838600.11481351,tx_ga4_00264,GGOEGOAA018799,Google Hard Cover Journal,12.99
1609541677000000,2838600.11481351,tx_ga4_00264,GGOEGAAX0037,Google Coaster Set,9.99
1609214169000000,8956606.88809385,tx_ga4_00265,GGOEGOAA018799,Google Hard Cover Journal,12.99
1609214169000000,8956606.88809385,tx_ga4_00265,GGOEGAAX0037,Google Coaster Set,9.99
1609214169000000,8956606.88809385,tx_ga4_00265,GGOEGBJR018199,Google Metallic Pen Set,6.99
1609545488000000,1568366.58820129,tx_ga4_00266,GGOEGAAB033814,Android Classic Tee,19.99
1609545488000000,1568366.58820129,tx_ga4_00266,GGOEGAYB086814,Google Sticker Sheet,3.5
1609291440000000,1841100.14156832,tx_ga4_00267,GGOEGAAB023214,Google Sunglasses,15.99
1609291440000000,1841100.14156832,tx_ga4_00267,GGOEYAAQ015899,YouTube Twill Cap,16.5
1609291440000000,1841100.14156832,tx_ga4_00267,GGOEGFKQ016499,Google 22 oz Water Bottle,18.0
1609927769000000,1519817.94398302,tx_ga4_00268,GGOEGAAB033814,Android Classic Tee,19.99
1609927769000000,1519817.94398302,tx_ga4_00268,GGOEGAYB086814,Google Sticker Sheet,3.5
1609927769000000,1519817.94398302,tx_ga4_00268,GGOEGAAB033914,Google Charcoal Tee,21.99
1609687766000000,5562966.99949281,tx_ga4_00269,GGOEGAAB023214,Google Sunglasses,15.99
1609687766000000,5562966.99949281,tx_ga4_00269,GGOEYAAQ015899,YouTube Twill Cap,16.5
1609687766000000,5562966.99949281,tx_ga4_00269,GGOEGFKQ016499,Google 22 oz Water Bottle,18.0
1609435290000000,7949397.76357487,tx_ga4_00270,GGOEGAAB023214,Google Sunglasses,15.99
1609435290000000,7949397.76357487,tx_ga4_00270,GGOEYAAQ015899,YouTube Twill Cap,16.5
1609827318000000,1961073.48819110,tx_ga4_00271,GGOEGAAB023214,Google Sunglasses,15.99
1609827318000000,1961073.48819110,tx_ga4_00271,GGOEYAAQ015899,YouTube Twill Cap,16.5
1609136795000000,6069410.63227734,tx_ga4_00272,GGOEGOAA018799,Google Hard Cover Journal,12.99
1609136795000000,6069410.63227734,tx_ga4_00272,GGOEGAAX0037,Google Coaster Set,9.99
1609136795000000,6069410.63227734,tx_ga4_00272,GGOEGBJR018199,Google Metallic Pen Set,6.99
1609912084000000,2248934.10920871,tx_ga4_00273,GGOEGAAB033814,Android Classic Tee,19.99
1609912084000000,2248934.10920871,tx_ga4_00273,GGOEGAYB086814,Google Sticker Sheet,3.5
1609587702000000,6516524.19760438,tx_ga4_00274,GGOEGFKQ016499,Google 22 oz Water Bottle,18.0
1609587702000000,6516524.19760438,tx_ga4_00274,GGOEGAEH028715,Google Large Canvas Tote,24.0
1609587702000000,6516524.19760438,tx_ga4_00274,GGOEGAXH035415,Google Thermal Bottle,22.0
1609647178000000,9429582.39789949,tx_ga4_00275,GGOEGOAA018799,Google Hard Cover Journal,12.99
1609647178000000,9429582.39789949,tx_ga4_00275,GGOEGAAX0037,Google Coaster Set,9.99
1609647178000000,9429582.39789949,tx_ga4_00275,GGOEGBJR018199,Google Metallic Pen Set,6.99
1609839594000000,9347073.47014181,tx_ga4_00276,GGOEGAAB023214,Google Sunglasses,15.99
1609839594000000,9347073.47014181,tx_ga4_00276,GGOEYAAQ015899,YouTube Twill Cap,16.5
1609378769000000,4803497.78035394,tx_ga4_00277,GGOEGAAB034114,Google Zip Hoodie,49.99
1609378769000000,4803497.78035394,tx_ga4_00277,GGOEGAAB033914,Google Charcoal Tee,21.99
1609782547000000,9099448.25365679,tx_ga4_00278,GGOEGFKQ016499,Google 22 oz Water Bottle,18.0
1609782547000000,9099448.25365679,tx_ga4_00278,GGOEGAEH028715,Google Large Canvas Tote,24.0
1609365488000000,4983839.20449426,tx_ga4_00279,GGOEGAAB023214,Google Sunglasses,15.99
1609365488000000,4983839.20449426,tx_ga4_00279,GGOEYAAQ015899,YouTube Twill Cap,16.5
1609879078000000,7301170.72771753,tx_ga4_00280,GGOEGAAB034114,Google Zip Hoodie,49.99
1609879078000000,7301170.72771753,tx_ga4_00280,GGOEGAAB033914,Google Charcoal Tee,21.99
1609844449000000,2274033.89922889,tx_ga4_00281,GGOEGAAB023214,Google Sunglasses,15.99
1609844449000000,2274033.89922889,tx_ga4_00281,GGOEYAAQ015899,YouTube Twill Cap,16.5
1609334273000000,9822340.89170051,tx_ga4_00282,GGOEGOAA018799,Google Hard Cover Journal,12.99
1609334273000000,9822340.89170051,tx_ga4_00282,GGOEGAAX0037,Google Coaster Set,9.99
1609979095000000,8222157.76772457,tx_ga4_00283,GGOEGAAB023214,Google Sunglasses,15.99
1609979095000000,8222157.76772457,tx_ga4_00283,GGOEYAAQ015899,YouTube Twill Cap,16.5
1609670134000000,3508116.98521056,tx_ga4_00284,GGOEGAAB033814,Android Classic Tee,19.99
1609670134000000,3508116.98521056,tx_ga4_00284,GGOEGAYB086814,Google Sticker Sheet,3.5
1609670134000000,3508116.98521056,tx_ga4_00284,GGOEGAAB033914,Google Charcoal Tee,21.99
1609217557000000,3764230.56988289,tx_ga4_00285,GGOEGOAA018799,Google Hard Cover Journal,12.99
1609217557000000,3764230.56988289,tx_ga4_00285,GGOEGAAX0037,Google Coaster Set,9.99
1609462613000000,7326390.79702188,tx_ga4_00286,GGOEGOAA018799,Google Hard Cover Journal,12.99
1609462613000000,7326390.79702188,tx_ga4_00286,GGOEGAAX0037,Google Coaster Set,9.99
1609462613000000,7326390.79702188,tx_ga4_00286,GGOEGBJR018199,Google Metallic Pen Set,6.99
1609792823000000,3934313.47545968,tx_ga4_00287,GGOEGAAB034114,Google Zip Hoodie,49.99
1609792823000000,3934313.47545968,tx_ga4_00287,GGOEGAAB033914,Google Charcoal Tee,21.99
1609717286000000,5276089.41793009,tx_ga4_00288,GGOEGOAA018799,Google Hard Cover Journal,12.99
1609717286000000,5276089.41793009,tx_ga4_00288,GGOEGAAX0037,Google Coaster Set,9.99
1609717286000000,5276089.41793009,tx_ga4_00288,GGOEGBJR018199,Google Metallic Pen Set,6.99
1609802739000000,3944114.91973987,tx_ga4_00289,GGOEGAAB034114,Google Zip Hoodie,49.99
1609802739000000,3944114.91973987,tx_ga4_00289,GGOEGAAB033914,Google Charcoal Tee,21.99
1609703996000000,3178699.48763629,tx_ga4_00290,GGOEGFKQ016499,Google 22 oz Water Bottle,18.0
1609703996000000,3178699.48763629,tx_ga4_00290,GGOEGAEH028715,Google Large Canvas Tote,24.0
1609391155000000,2340812.77182392,tx_ga4_00291,GGOEGFKQ016499,Google 22 oz Water Bottle,18.0
1609391155000000,2340812.77182392,tx_ga4_00291,GGOEGAEH028715,Google Large Canvas Tote,24.0
1609391155000000,2340812.77182392,tx_ga4_00291,GGOEGAXH035415,Google Thermal Bottle,22.0
1609216744000000,8251024.54732034,tx_ga4_00292,GGOEGOAA018799,Google Hard Cover Journal,12.99
1609216744000000,8251024.54732034,tx_ga4_00292,GGOEGAAX0037,Google Coaster Set,9.99
1609824906000000,1557613.20099163,tx_ga4_00293,GGOEGOAA018799,Google Hard Cover Journal,12.99
1609824906000000,1557613.20099163,tx_ga4_00293,GGOEGAAX0037,Google Coaster Set,9.99
1609824906000000,1557613.20099163,tx_ga4_00293,GGOEGBJR018199,Google Metallic Pen Set,6.99
1609204536000000,3280824.21418846,tx_ga4_00294,GGOEGFKQ016499,Google 22 oz Water Bottle,18.0
1609204536000000,3280824.21418846,tx_ga4_00294,GGOEGAEH028715,Google Large Canvas Tote,24.0
1609146559000000,3028626.55911032,tx_ga4_00295,GGOEGOAA018799,Google Hard Cover Journal,12.99
1609146559000000,3028626.55911032,tx_ga4_00295,GGOEGAAX0037,Google Coaster Set,9.99
1609146559000000,3028626.55911032,tx_ga4_00295,GGOEGBJR018199,Google Metallic Pen Set,6.99
1609990833000000,6257059.73691010,tx_ga4_00296,GGOEGFKQ016499,Google 22 oz Water Bottle,18.0
1609990833000000,6257059.73691010,tx_ga4_00296,GGOEGAEH028715,Google Large Canvas Tote,24.0
1609990833000000,6257059.73691010,tx_ga4_00296,GGOEGAXH035415,Google Thermal Bottle,22.0
1609349263000000,9396182.76823578,tx_ga4_00297,GGOEGFKQ016499,Google 22 oz Water Bottle,18.0
1609349263000000,9396182.76823578,tx_ga4_00297,GGOEGAEH028715,Google Large Canvas Tote,24.0
1609349263000000,9396182.76823578,tx_ga4_00297,GGOEGAXH035415,Google Thermal Bottle,22.0
1609400339000000,5263864.40212737,tx_ga4_00298,GGOEGFKQ016499,Google 22 oz Water Bottle,18.0
1609400339000000,5263864.40212737,tx_ga4_00298,GGOEGAEH028715,Google Large Canvas Tote,24.0
1609400339000000,5263864.40212737,tx_ga4_00298,GGOEGAXH035415,Google Thermal Bottle,22.0
1609507532000000,8829227.10828959,tx_ga4_00299,GGOEGOAA018799,Google Hard Cover Journal,12.99
1609507532000000,8829227.10828959,tx_ga4_00299,GGOEGAAX0037,Google Coaster Set,9.99
1609933310000000,7580103.58002077,tx_ga4_00300,GGOEGAAB034114,Google Zip Hoodie,49.99
1609933310000000,7580103.58002077,tx_ga4_00300,GGOEGAAB033914,Google Charcoal Tee,21.99
1609822219000000,5429968.27061029,tx_ga4_00301,GGOEGOAA018799,Google Hard Cover Journal,12.99
1609822219000000,5429968.27061029,tx_ga4_00301,GGOEGAAX0037,Google Coaster Set,9.99
1609822219000000,5429968.27061029,tx_ga4_00301,GGOEGBJR018199,Google Metallic Pen Set,6.99
1609589087000000,3559691.38810796,tx_ga4_00302,GGOEGAAB023214,Google Sunglasses,15.99
1609589087000000,3559691.38810796,tx_ga4_00302,GGOEYAAQ015899,YouTube Twill Cap,16.5
1609589087000000,3559691.38810796,tx_ga4_00302,GGOEGFKQ016499,Google 22 oz Water Bottle,18.0
1609793882000000,1372448.60980421,tx_ga4_00303,GGOEGAAB023214,Google Sunglasses,15.99
1609793882000000,1372448.60980421,tx_ga4_00303,GGOEYAAQ015899,YouTube Twill Cap,16.5
1609834268000000,6124150.45264967,tx_ga4_00304,GGOEGFKQ016499,Google 22 oz Water Bottle,18.0
1609834268000000,6124150.45264967,tx_ga4_00304,GGOEGAEH028715,Google Large Canvas Tote,24.0
1609834268000000,6124150.45264967,tx_ga4_00304,GGOEGAXH035415,Google Thermal Bottle,22.0
1609966066000000,9110470.51310146,tx_ga4_00305,GGOEGAAB023214,Google Sunglasses,15.99
1609966066000000,9110470.51310146,tx_ga4_00305,GGOEYAAQ015899,YouTube Twill Cap,16.5
1609966066000000,9110470.51310146,tx_ga4_00305,GGOEGFKQ016499,Google 22 oz Water Bottle,18.0
1609503626000000,1652198.14541305,tx_ga4_00306,GGOEGAAB023214,Google Sunglasses,15.99
1609503626000000,1652198.14541305,tx_ga4_00306,GGOEYAAQ015899,YouTube Twill Cap,16.5
1609170689000000,4309493.26471387,tx_ga4_00307,GGOEGAAB034114,Google Zip Hoodie,49.99
1609170689000000,4309493.26471387,tx_ga4_00307,GGOEGAAB033914,Google Charcoal Tee,21.99
1609927492000000,8752131.85770601,tx_ga4_00308,GGOEGFKQ016499,Google 22 oz Water Bottle,18.0
1609927492000000,8752131.85770601,tx_ga4_00308,GGOEGAEH028715,Google Large Canvas Tote,24.0
1609927492000000,8752131.85770601,tx_ga4_00308,GGOEGAXH035415,Google Thermal Bottle,22.0
1609955164000000,9673665.56069327,tx_ga4_00309,GGOEGAAB023214,Google Sunglasses,15.99
1609955164000000,9673665.56069327,tx_ga4_00309,GGOEYAAQ015899,YouTube Twill Cap,16.5
1609905809000000,5397025.89660592,tx_ga4_00310,GGOEGFKQ016499,Google 22 oz Water Bottle,18.0
1609905809000000,5397025.89660592,tx_ga4_00310,GGOEGAEH028715,Google Large Canvas Tote,24.0
1609905809000000,5397025.89660592,tx_ga4_00310,GGOEGAXH035415,Google Thermal Bottle,22.0
1609527015000000,6724007.87157089,tx_ga4_00311,GGOEGFKQ016499,Google 22 oz Water Bottle,18.0
1609527015000000,6724007.87157089,tx_ga4_00311,GGOEGAEH028715,Google Large Canvas Tote,24.0
1609527015000000,6724007.87157089,tx_ga4_00311,GGOEGAXH035415,Google Thermal Bottle,22.0
1609968198000000,2753715.27385297,tx_ga4_00312,GGOEGAAB023214,Google Sunglasses,15.99
1609968198000000,2753715.27385297,tx_ga4_00312,GGOEYAAQ015899,YouTube Twill Cap,16.5
1609621719000000,1508273.45963715,tx_ga4_00313,GGOEGOAA018799,Google Hard Cover Journal,12.99
1609621719000000,1508273.45963715,tx_ga4_00313,GGOEGAAX0037,Google Coaster Set,9.99
1609621719000000,1508273.45963715,tx_ga4_00313,GGOEGBJR018199,Google Metallic Pen Set,6.99
1609737836000000,8094030.57320046,tx_ga4_00314,GGOEGFKQ016499,Google 22 oz Water Bottle,18.0
1609737836000000,8094030.57320046,tx_ga4_00314,GGOEGAEH028715,Google Large Canvas Tote,24.0
1609737836000000,8094030.57320046,tx_ga4_00314,GGOEGAXH035415,Google Thermal Bottle,22.0
1609884285000000,5935537.18776363,tx_ga4_00315,GGOEGFKQ016499,Google 22 oz Water Bottle,18.0
1609884285000000,5935537.18776363,tx_ga4_00315,GGOEGAEH028715,Google Large Canvas Tote,24.0
1609884285000000,5935537.18776363,tx_ga4_00315,GGOEGAXH035415,Google Thermal Bottle,22.0
1609658670000000,2146045.17682054,tx_ga4_00316,GGOEGFKQ016499,Google 22 oz Water Bottle,18.0
1609658670000000,2146045.17682054,tx_ga4_00316,GGOEGAEH028715,Google Large Canvas Tote,24.0
1609722073000000,4306675.85733789,tx_ga4_00317,GGOEGAAB023214,Google Sunglasses,15.99
1609722073000000,4306675.85733789,tx_ga4_00317,GGOEYAAQ015899,YouTube Twill Cap,16.5
1609722073000000,4306675.85733789,tx_ga4_00317,GGOEGFKQ016499,Google 22 oz Water Bottle,18.0
1609937961000000,7658899.84404224,tx_ga4_00318,GGOEGAAB023214,Google Sunglasses,15.99
1609937961000000,7658899.84404224,tx_ga4_00318,GGOEYAAQ015899,YouTube Twill Cap,16.5
1609937961000000,7658899.84404224,tx_ga4_00318,GGOEGFKQ016499,Google 22 oz Water Bottle,18.0
1609769679000000,3678725.44496042,tx_ga4_00319,GGOEGAAB033814,Android Classic Tee,19.99
1609769679000000,3678725.44496042,tx_ga4_00319,GGOEGAYB086814,Google Sticker Sheet,3.5
1609769679000000,3678725.44496042,tx_ga4_00319,GGOEGAAB033914,Google Charcoal Tee,21.99
1609223638000000,9629757.73592620,tx_ga4_00320,GGOEGFKQ016499,Google 22 oz Water Bottle,18.0
1609223638000000,9629757.73592620,tx_ga4_00320,GGOEGAEH028715,Google Large Canvas Tote,24.0
1609907033000000,7203304.56613979,tx_ga4_00321,GGOEGAAB033814,Android Classic Tee,19.99
1609907033000000,7203304.56613979,tx_ga4_00321,GGOEGAYB086814,Google Sticker Sheet,3.5
1609907033000000,7203304.56613979,tx_ga4_00321,GGOEGAAB033914,Google Charcoal Tee,21.99
1609361328000000,1954719.77288816,tx_ga4_00322,GGOEGFKQ016499,Google 22 oz Water Bottle,18.0
1609361328000000,1954719.77288816,tx_ga4_00322,GGOEGAEH028715,Google Large Canvas Tote,24.0
1609424553000000,4327651.38366658,tx_ga4_00323,GGOEGOAA018799,Google Hard Cover Journal,12.99
1609424553000000,4327651.38366658,tx_ga4_00323,GGOEGAAX0037,Google Coaster Set,9.99
1609424553000000,4327651.38366658,tx_ga4_00323,GGOEGBJR018199,Google Metallic Pen Set,6.99
1609632745000000,7515084.52663259,tx_ga4_00324,GGOEGOAA018799,Google Hard Cover Journal,12.99
1609632745000000,7515084.52663259,tx_ga4_00324,GGOEGAAX0037,Google Coaster Set,9.99
1609632745000000,7515084.52663259,tx_ga4_00324,GGOEGBJR018199,Google Metallic Pen Set,6.99
1609857813000000,2521320.90366068,tx_ga4_00325,GGOEGOAA018799,Google Hard Cover Journal,12.99
1609857813000000,2521320.90366068,tx_ga4_00325,GGOEGAAX0037,Google Coaster Set,9.99
1609857813000000,2521320.90366068,tx_ga4_00325,GGOEGBJR018199,Google Metallic Pen Set,6.99
1609368848000000,4552167.83497965,tx_ga4_00326,GGOEGAAB023214,Google Sunglasses,15.99
1609368848000000,4552167.83497965,tx_ga4_00326,GGOEYAAQ015899,YouTube Twill Cap,16.5
1609368848000000,4552167.83497965,tx_ga4_00326,GGOEGFKQ016499,Google 22 oz Water Bottle,18.0
1609551305000000,4650959.37896737,tx_ga4_00327,GGOEGAAB034114,Google Zip Hoodie,49.99
1609551305000000,4650959.37896737,tx_ga4_00327,GGOEGAAB033914,Google Charcoal Tee,21.99
1609351663000000,8218622.89359396,tx_ga4_00328,GGOEGOAA018799,Google Hard Cover Journal,12.99
1609351663000000,8218622.89359396,tx_ga4_00328,GGOEGAAX0037,Google Coaster Set,9.99
1609689327000000,3826116.45884703,tx_ga4_00329,GGOEGAAB023214,Google Sunglasses,15.99
1609689327000000,3826116.45884703,tx_ga4_00329,GGOEYAAQ015899,YouTube Twill Cap,16.5
1609805104000000,5976741.71414194,tx_ga4_00330,GGOEGAAB033814,Android Classic Tee,19.99
1609805104000000,5976741.71414194,tx_ga4_00330,GGOEGAYB086814,Google Sticker Sheet,3.5
1609805104000000,5976741.71414194,tx_ga4_00330,GGOEGAAB033914,Google Charcoal Tee,21.99
1609203262000000,5518617.74035948,tx_ga4_00331,GGOEGFKQ016499,Google 22 oz Water Bottle,18.0
1609203262000000,5518617.74035948,tx_ga4_00331,GGOEGAEH028715,Google Large Canvas Tote,24.0
1609203262000000,5518617.74035948,tx_ga4_00331,GGOEGAXH035415,Google Thermal Bottle,22.0
1609113814000000,8449254.46151646,tx_ga4_00332,GGOEGAAB033814,Android Classic Tee,19.99
1609113814000000,8449254.46151646,tx_ga4_00332,GGOEGAYB086814,Google Sticker Sheet,3.5
1609752836000000,8618622.84438441,tx_ga4_00333,GGOEGFKQ016499,Google 22 oz Water Bottle,18.0
1609752836000000,8618622.84438441,tx_ga4_00333,GGOEGAEH028715,Google Large Canvas Tote,24.0
1609233062000000,9799054.51881654,tx_ga4_00334,GGOEGAAB023214,Google Sunglasses,15.99
1609233062000000,9799054.51881654,tx_ga4_00334,GGOEYAAQ015899,YouTube Twill Cap,16.5
1609946381000000,8612412.96461982,tx_ga4_00335,GGOEGOAA018799,Google Hard Cover Journal,12.99
1609946381000000,8612412.96461982,tx_ga4_00335,GGOEGAAX0037,Google Coaster Set,9.99
1609946381000000,8612412.96461982,tx_ga4_00335,GGOEGBJR018199,Google Metallic Pen Set,6.99
1609704965000000,9467719.94302903,tx_ga4_00336,GGOEGAAB023214,Google Sunglasses,15.99
1609704965000000,9467719.94302903,tx_ga4_00336,GGOEYAAQ015899,YouTube Twill Cap,16.5
1609508481000000,4522052.91023886,tx_ga4_00337,GGOEGAAB023214,Google Sunglasses,15.99
1609508481000000,4522052.91023886,tx_ga4_00337,GGOEYAAQ015899,YouTube Twill Cap,16.5
1609813571000000,4930531.91751810,tx_ga4_00338,GGOEGFKQ016499,Google 22 oz Water Bottle,18.0
1609813571000000,4930531.91751810,tx_ga4_00338,GGOEGAEH028715,Google Large Canvas Tote,24.0
1609813571000000,4930531.91751810,tx_ga4_00338,GGOEGAXH035415,Google Thermal Bottle,22.0
1609178359000000,8285887.23234188,tx_ga4_00339,GGOEGOAA018799,Google Hard Cover Journal,12.99
1609178359000000,8285887.23234188,tx_ga4_00339,GGOEGAAX0037,Google Coaster Set,9.99
1609178359000000,8285887.23234188,tx_ga4_00339,GGOEGBJR018199,Google Metallic Pen Set,6.99
1609771248000000,2150770.68350068,tx_ga4_00340,GGOEGAAB023214,Google Sunglasses,15.99
1609771248000000,2150770.68350068,tx_ga4_00340,GGOEYAAQ015899,YouTube Twill Cap,16.5
1609224070000000,3208330.76700307,tx_ga4_00341,GGOEGAAB033814,Android Classic Tee,19.99
1609224070000000,3208330.76700307,tx_ga4_00341,GGOEGAYB086814,Google Sticker Sheet,3.5
1609224070000000,3208330.76700307,tx_ga4_00341,GGOEGAAB033914,Google Charcoal Tee,21.99
1609646030000000,8027750.57588324,tx_ga4_00342,GGOEGOAA018799,Google Hard Cover Journal,12.99
1609646030000000,8027750.57588324,tx_ga4_00342,GGOEGAAX0037,Google Coaster Set,9.99
1609646030000000,8027750.57588324,tx_ga4_00342,GGOEGBJR018199,Google Metallic Pen Set,6.99
1609860251000000,8006174.57629888,tx_ga4_00343,GGOEGAAB023214,Google Sunglasses,15.99
1609860251000000,8006174.57629888,tx_ga4_00343,GGOEYAAQ015899,YouTube Twill Cap,16.5
1609506013000000,6127914.28128781,tx_ga4_00344,GGOEGFKQ016499,Google 22 oz Water Bottle,18.0
1609506013000000,6127914.28128781,tx_ga4_00344,GGOEGAEH028715,Google Large Canvas Tote,24.0
1609506013000000,6127914.28128781,tx_ga4_00344,GGOEGAXH035415,Google Thermal Bottle,22.0
1609271273000000,6277607.24470785,tx_ga4_00345,GGOEGOAA018799,Google Hard Cover Journal,12.99
1609271273000000,6277607.24470785,tx_ga4_00345,GGOEGAAX0037,Google Coaster Set,9.99
1609778383000000,6582326.80482088,tx_ga4_00346,GGOEGAAB033814,Android Classic Tee,19.99
1609778383000000,6582326.80482088,tx_ga4_00346,GGOEGAYB086814,Google Sticker Sheet,3.5
1609778383000000,6582326.80482088,tx_ga4_00346,GGOEGAAB033914,Google Charcoal Tee,21.99
1609501504000000,7906757.23464501,tx_ga4_00347,GGOEGAAB034114,Google Zip Hoodie,49.99
1609501504000000,7906757.23464501,tx_ga4_00347,GGOEGAAB033914,Google Charcoal Tee,21.99
1609602791000000,8102343.75537726,tx_ga4_00348,GGOEGFKQ016499,Google 22 oz Water Bottle,18.0
1609602791000000,8102343.75537726,tx_ga4_00348,GGOEGAEH028715,Google Large Canvas Tote,24.0
1609627568000000,2340160.16936163,tx_ga4_00349,GGOEGFKQ016499,Google 22 oz Water Bottle,18.0
1609627568000000,2340160.16936163,tx_ga4_00349,GGOEGAEH028715,Google Large Canvas Tote,24.0
1609731139000000,6859202.47102689,tx_ga4_00350,GGOEGOAA018799,Google Hard Cover Journal,12.99
1609731139000000,6859202.47102689,tx_ga4_00350,GGOEGAAX0037,Google Coaster Set,9.99
1609673253000000,5484142.12161019,tx_ga4_00351,GGOEGAAB023214,Google Sunglasses,15.99
1609673253000000,5484142.12161019,tx_ga4_00351,GGOEYAAQ015899,YouTube Twill Cap,16.5
1609673253000000,5484142.12161019,tx_ga4_00351,GGOEGFKQ016499,Google 22 oz Water Bottle,18.0
1609360513000000,3148663.69433539,tx_ga4_00352,GGOEGAAB023214,Google Sunglasses,15.99
1609360513000000,3148663.69433539,tx_ga4_00352,GGOEYAAQ015899,YouTube Twill Cap,16.5
1609360513000000,3148663.69433539,tx_ga4_00352,GGOEGFKQ016499,Google 22 oz Water Bottle,18.0
1609540227000000,6695917.36362428,tx_ga4_00353,GGOEGAAB033814,Android Classic Tee,19.99
1609540227000000,6695917.36362428,tx_ga4_00353,GGOEGAYB086814,Google Sticker Sheet,3.5
1609540227000000,6695917.36362428,tx_ga4_00353,GGOEGAAB033914,Google Charcoal Tee,21.99
1609399754000000,4080695.52093007,tx_ga4_00354,GGOEGAAB023214,Google Sunglasses,15.99
1609399754000000,4080695.52093007,tx_ga4_00354,GGOEYAAQ015899,YouTube Twill Cap,16.5
1609399754000000,4080695.52093007,tx_ga4_00354,GGOEGFKQ016499,Google 22 oz Water Bottle,18.0
1609111508000000,4061347.35780384,tx_ga4_00355,GGOEGAAB034114,Google Zip Hoodie,49.99
1609111508000000,4061347.35780384,tx_ga4_00355,GGOEGAAB033914,Google Charcoal Tee,21.99
1609923711000000,3818226.56419698,tx_ga4_00356,GGOEGOAA018799,Google Hard Cover Journal,12.99
1609923711000000,3818226.56419698,tx_ga4_00356,GGOEGAAX0037,Google Coaster Set,9.99
1609923711000000,3818226.56419698,tx_ga4_00356,GGOEGBJR018199,Google Metallic Pen Set,6.99
1609115416000000,5991612.69188207,tx_ga4_00357,GGOEGOAA018799,Google Hard Cover Journal,12.99
1609115416000000,5991612.69188207,tx_ga4_00357,GGOEGAAX0037,Google Coaster Set,9.99
1609115416000000,5991612.69188207,tx_ga4_00357,GGOEGBJR018199,Google Metallic Pen Set,6.99
1609809200000000,3242188.25022202,tx_ga4_00358,GGOEGAAB023214,Google Sunglasses,15.99
1609809200000000,3242188.25022202,tx_ga4_00358,GGOEYAAQ015899,YouTube Twill Cap,16.5
1609684370000000,3822215.79934411,tx_ga4_00359,GGOEGAAB023214,Google Sunglasses,15.99
1609684370000000,3822215.79934411,tx_ga4_00359,GGOEYAAQ015899,YouTube Twill Cap,16.5
1609605569000000,8526204.80426382,tx_ga4_00360,GGOEGOAA018799,Google Hard Cover Journal,12.99
1609605569000000,8526204.80426382,tx_ga4_00360,GGOEGAAX0037,Google Coaster Set,9.99
1609389385000000,4528792.94794905,tx_ga4_00361,GGOEGAAB033814,Android Classic Tee,19.99
1609389385000000,4528792.94794905,tx_ga4_00361,GGOEGAYB086814,Google Sticker Sheet,3.5
1609389385000000,4528792.94794905,tx_ga4_00361,GGOEGAAB033914,Google Charcoal Tee,21.99
1609639178000000,6140422.44262571,tx_ga4_00362,GGOEGOAA018799,Google Hard Cover Journal,12.99
1609639178000000,6140422.44262571,tx_ga4_00362,GGOEGAAX0037,Google Coaster Set,9.99
1609639178000000,6140422.44262571,tx_ga4_00362,GGOEGBJR018199,Google Metallic Pen Set,6.99
1609362284000000,6254515.88581812,tx_ga4_00363,GGOEGAAB023214,Google Sunglasses,15.99
1609362284000000,6254515.88581812,tx_ga4_00363,GGOEYAAQ015899,YouTube Twill Cap,16.5
1609362284000000,6254515.88581812,tx_ga4_00363,GGOEGFKQ016499,Google 22 oz Water Bottle,18.0
1609280611000000,4908904.18431694,tx_ga4_00364,GGOEGFKQ016499,Google 22 oz Water Bottle,18.0
1609280611000000,4908904.18431694,tx_ga4_00364,GGOEGAEH028715,Google Large Canvas Tote,24.0
1609510897000000,3759565.99451566,tx_ga4_00365,GGOEGOAA018799,Google Hard Cover Journal,12.99
1609510897000000,3759565.99451566,tx_ga4_00365,GGOEGAAX0037,Google Coaster Set,9.99
1609510897000000,3759565.99451566,tx_ga4_00365,GGOEGBJR018199,Google Metallic Pen Set,6.99
1609170891000000,5180841.29098672,tx_ga4_00366,GGOEGFKQ016499,Google 22 oz Water Bottle,18.0
1609170891000000,5180841.29098672,tx_ga4_00366,GGOEGAEH028715,Google Large Canvas Tote,24.0
1609977720000000,8931399.43646422,tx_ga4_00367,GGOEGAAB033814,Android Classic Tee,19.99
1609977720000000,8931399.43646422,tx_ga4_00367,GGOEGAYB086814,Google Sticker Sheet,3.5
1609977720000000,8931399.43646422,tx_ga4_00367,GGOEGAAB033914,Google Charcoal Tee,21.99
1609918205000000,3878992.18415310,tx_ga4_00368,GGOEGAAB034114,Google Zip Hoodie,49.99
1609918205000000,3878992.18415310,tx_ga4_00368,GGOEGAAB033914,Google Charcoal Tee,21.99
1609796229000000,9515655.85162755,tx_ga4_00369,GGOEGOAA018799,Google Hard Cover Journal,12.99
1609796229000000,9515655.85162755,tx_ga4_00369,GGOEGAAX0037,Google Coaster Set,9.99
1609825564000000,4500966.53733967,tx_ga4_00370,GGOEGAAB023214,Google Sunglasses,15.99
1609825564000000,4500966.53733967,tx_ga4_00370,GGOEYAAQ015899,YouTube Twill Cap,16.5
1609512727000000,3287079.96616128,tx_ga4_00371,GGOEGOAA018799,Google Hard Cover Journal,12.99
1609512727000000,3287079.96616128,tx_ga4_00371,GGOEGAAX0037,Google Coaster Set,9.99
1609512727000000,3287079.96616128,tx_ga4_00371,GGOEGBJR018199,Google Metallic Pen Set,6.99
1609736602000000,9271221.23015413,tx_ga4_00372,GGOEGAAB034114,Google Zip Hoodie,49.99
1609736602000000,9271221.23015413,tx_ga4_00372,GGOEGAAB033914,Google Charcoal Tee,21.99
1609386934000000,3184336.90263957,tx_ga4_00373,GGOEGOAA018799,Google Hard Cover Journal,12.99
1609386934000000,3184336.90263957,tx_ga4_00373,GGOEGAAX0037,Google Coaster Set,9.99
1609386934000000,3184336.90263957,tx_ga4_00373,GGOEGBJR018199,Google Metallic Pen Set,6.99
1609907758000000,2963201.42359150,tx_ga4_00374,GGOEGFKQ016499,Google 22 oz Water Bottle,18.0
1609907758000000,2963201.42359150,tx_ga4_00374,GGOEGAEH028715,Google Large Canvas Tote,24.0
1609907758000000,2963201.42359150,tx_ga4_00374,GGOEGAXH035415,Google Thermal Bottle,22.0
1609539467000000,8277454.31266161,tx_ga4_00375,GGOEGAAB033814,Android Classic Tee,19.99
1609539467000000,8277454.31266161,tx_ga4_00375,GGOEGAYB086814,Google Sticker Sheet,3.5
1609539467000000,8277454.31266161,tx_ga4_00375,GGOEGAAB033914,Google Charcoal Tee,21.99
1609840058000000,8615517.69141083,tx_ga4_00376,GGOEGAAB023214,Google Sunglasses,15.99
1609840058000000,8615517.69141083,tx_ga4_00376,GGOEYAAQ015899,YouTube Twill Cap,16.5
1609666797000000,2672284.12716962,tx_ga4_00377,GGOEGFKQ016499,Google 22 oz Water Bottle,18.0
1609666797000000,2672284.12716962,tx_ga4_00377,GGOEGAEH028715,Google Large Canvas Tote,24.0
1609540300000000,2548146.57292274,tx_ga4_00378,GGOEGOAA018799,Google Hard Cover Journal,12.99
1609540300000000,2548146.57292274,tx_ga4_00378,GGOEGAAX0037,Google Coaster Set,9.99
1609540300000000,2548146.57292274,tx_ga4_00378,GGOEGBJR018199,Google Metallic Pen Set,6.99
1609996839000000,9639908.52624466,tx_ga4_00379,GGOEGAAB033814,Android Classic Tee,19.99
1609996839000000,9639908.52624466,tx_ga4_00379,GGOEGAYB086814,Google Sticker Sheet,3.5
1609996839000000,9639908.52624466,tx_ga4_00379,GGOEGAAB033914,Google Charcoal Tee,21.99
1609759615000000,2155098.14365461,tx_ga4_00380,GGOEGAAB034114,Google Zip Hoodie,49.99
1609759615000000,2155098.14365461,tx_ga4_00380,GGOEGAAB033914,Google Charcoal Tee,21.99
1609466853000000,2687784.49076400,tx_ga4_00381,GGOEGAAB033814,Android Classic Tee,19.99
1609466853000000,2687784.49076400,tx_ga4_00381,GGOEGAYB086814,Google Sticker Sheet,3.5
1609580706000000,4976535.37442726,tx_ga4_00382,GGOEGAAB023214,Google Sunglasses,15.99
1609580706000000,4976535.37442726,tx_ga4_00382,GGOEYAAQ015899,YouTube Twill Cap,16.5
1609976165000000,6593298.32378337,tx_ga4_00383,GGOEGAAB023214,Google Sunglasses,15.99
1609976165000000,6593298.32378337,tx_ga4_00383,GGOEYAAQ015899,YouTube Twill Cap,16.5
1609911583000000,3294147.93726436,tx_ga4_00384,GGOEGOAA018799,Google Hard Cover Journal,12.99
1609911583000000,3294147.93726436,tx_ga4_00384,GGOEGAAX0037,Google Coaster Set,9.99
1609911583000000,3294147.93726436,tx_ga4_00384,GGOEGBJR018199,Google Metallic Pen Set,6.99
1609176252000000,5807684.63846715,tx_ga4_00385,GGOEGAAB023214,Google Sunglasses,15.99
1609176252000000,5807684.63846715,tx_ga4_00385,GGOEYAAQ015899,YouTube Twill Cap,16.5
1609154593000000,6149455.23874175,tx_ga4_00386,GGOEGAAB033814,Android Classic Tee,19.99
1609154593000000,6149455.23874175,tx_ga4_00386,GGOEGAYB086814,Google Sticker Sheet,3.5
1609716433000000,6238790.78141845,tx_ga4_00387,GGOEGAAB034114,Google Zip Hoodie,49.99
1609716433000000,6238790.78141845,tx_ga4_00387,GGOEGAAB033914,Google Charcoal Tee,21.99
1609911378000000,1380889.43261001,tx_ga4_00388,GGOEGAAB033814,Android Classic Tee,19.99
1609911378000000,1380889.43261001,tx_ga4_00388,GGOEGAYB086814,Google Sticker Sheet,3.5
1609935775000000,3510060.63896559,tx_ga4_00389,GGOEGAAB033814,Android Classic Tee,19.99
1609935775000000,3510060.63896559,tx_ga4_00389,GGOEGAYB086814,Google Sticker Sheet,3.5
1609481127000000,9154185.44194143,tx_ga4_00390,GGOEGAAB023214,Google Sunglasses,15.99
1609481127000000,9154185.44194143,tx_ga4_00390,GGOEYAAQ015899,YouTube Twill Cap,16.5
1609481127000000,9154185.44194143,tx_ga4_00390,GGOEGFKQ016499,Google 22 oz Water Bottle,18.0
1609857968000000,1585532.67469126,tx_ga4_00391,GGOEGAAB034114,Google Zip Hoodie,49.99
1609857968000000,1585532.67469126,tx_ga4_00391,GGOEGAAB033914,Google Charcoal Tee,21.99
1609385655000000,3787849.71374332,tx_ga4_00392,GGOEGAAB033814,Android Classic Tee,19.99
1609385655000000,3787849.71374332,tx_ga4_00392,GGOEGAYB086814,Google Sticker Sheet,3.5
1609583598000000,2261899.35518083,tx_ga4_00393,GGOEGAAB034114,Google Zip Hoodie,49.99
1609583598000000,2261899.35518083,tx_ga4_00393,GGOEGAAB033914,Google Charcoal Tee,21.99
1609114476000000,4494866.84795191,tx_ga4_00394,GGOEGOAA018799,Google Hard Cover Journal,12.99
1609114476000000,4494866.84795191,tx_ga4_00394,GGOEGAAX0037,Google Coaster Set,9.99
1609381918000000,5951302.65631766,tx_ga4_00395,GGOEGOAA018799,Google Hard Cover Journal,12.99
1609381918000000,5951302.65631766,tx_ga4_00395,GGOEGAAX0037,Google Coaster Set,9.99
1609112626000000,7348619.64474172,tx_ga4_00396,GGOEGAAB033814,Android Classic Tee,19.99
1609112626000000,7348619.64474172,tx_ga4_00396,GGOEGAYB086814,Google Sticker Sheet,3.5
1609112626000000,7348619.64474172,tx_ga4_00396,GGOEGAAB033914,Google Charcoal Tee,21.99
1609531577000000,8945071.29620533,tx_ga4_00397,GGOEGAAB033814,Android Classic Tee,19.99
1609531577000000,8945071.29620533,tx_ga4_00397,GGOEGAYB086814,Google Sticker Sheet,3.5
1609531577000000,8945071.29620533,tx_ga4_00397,GGOEGAAB033914,Google Charcoal Tee,21.99
1609748164000000,6740697.32856628,tx_ga4_00398,GGOEGAAB023214,Google Sunglasses,15.99
1609748164000000,6740697.32856628,tx_ga4_00398,GGOEYAAQ015899,YouTube Twill Cap,16.5
1609559296000000,6014243.45583934,tx_ga4_00399,GGOEGOAA018799,Google Hard Cover Journal,12.99
1609559296000000,6014243.45583934,tx_ga4_00399,GGOEGAAX0037,Google Coaster Set,9.99
1609559296000000,6014243.45583934,tx_ga4_00399,GGOEGBJR018199,Google Metallic Pen Set,6.99
1609143550000000,9259588.13048542,tx_ga4_00400,GGOEGAAB034114,Google Zip Hoodie,49.99
1609143550000000,9259588.13048542,tx_ga4_00400,GGOEGAAB033914,Google Charcoal Tee,21.99
1609283873000000,5943638.14925802,tx_ga4_00401,GGOEGAAB023214,Google Sunglasses,15.99
1609283873000000,5943638.14925802,tx_ga4_00401,GGOEYAAQ015899,YouTube Twill Cap,16.5
1609283873000000,5943638.14925802,tx_ga4_00401,GGOEGFKQ016499,Google 22 oz Water Bottle,18.0
1609959240000000,4280569.69641385,tx_ga4_00402,GGOEGOAA018799,Google Hard Cover Journal,12.99
1609959240000000,4280569.69641385,tx_ga4_00402,GGOEGAAX0037,Google Coaster Set,9.99
1609959240000000,4280569.69641385,tx_ga4_00402,GGOEGBJR018199,Google Metallic Pen Set,6.99
1609190608000000,3146774.38483070,tx_ga4_00403,GGOEGOAA018799,Google Hard Cover Journal,12.99
1609190608000000,3146774.38483070,tx_ga4_00403,GGOEGAAX0037,Google Coaster Set,9.99
1609504634000000,7080764.74822002,tx_ga4_00404,GGOEGAAB033814,Android Classic Tee,19.99
1609504634000000,7080764.74822002,tx_ga4_00404,GGOEGAYB086814,Google Sticker Sheet,3.5
1609504634000000,7080764.74822002,tx_ga4_00404,GGOEGAAB033914,Google Charcoal Tee,21.99
1609375547000000,6817652.16734379,tx_ga4_00405,GGOEGAAB034114,Google Zip Hoodie,49.99
1609375547000000,6817652.16734379,tx_ga4_00405,GGOEGAAB033914,Google Charcoal Tee,21.99
1609680016000000,4045469.76611811,tx_ga4_00406,GGOEGOAA018799,Google Hard Cover Journal,12.99
1609680016000000,4045469.76611811,tx_ga4_00406,GGOEGAAX0037,Google Coaster Set,9.99
1609680016000000,4045469.76611811,tx_ga4_00406,GGOEGBJR018199,Google Metallic Pen Set,6.99
1609336883000000,8769288.29276094,tx_ga4_00407,GGOEGAAB023214,Google Sunglasses,15.99
1609336883000000,8769288.29276094,tx_ga4_00407,GGOEYAAQ015899,YouTube Twill Cap,16.5
1609336883000000,8769288.29276094,tx_ga4_00407,GGOEGFKQ016499,Google 22 oz Water Bottle,18.0
1609726298000000,4554440.88259639,tx_ga4_00408,GGOEGAAB034114,Google Zip Hoodie,49.99
1609726298000000,4554440.88259639,tx_ga4_00408,GGOEGAAB033914,Google Charcoal Tee,21.99
1609208629000000,2120496.91587900,tx_ga4_00409,GGOEGOAA018799,Google Hard Cover Journal,12.99
1609208629000000,2120496.91587900,tx_ga4_00409,GGOEGAAX0037,Google Coaster Set,9.99
1609661547000000,4387125.72038196,tx_ga4_00410,GGOEGFKQ016499,Google 22 oz Water Bottle,18.0
1609661547000000,4387125.72038196,tx_ga4_00410,GGOEGAEH028715,Google Large Canvas Tote,24.0
1609661547000000,4387125.72038196,tx_ga4_00410,GGOEGAXH035415,Google Thermal Bottle,22.0
1609841024000000,4959906.43819714,tx_ga4_00411,GGOEGAAB033814,Android Classic Tee,19.99
1609841024000000,4959906.43819714,tx_ga4_00411,GGOEGAYB086814,Google Sticker Sheet,3.5
1609841024000000,4959906.43819714,tx_ga4_00411,GGOEGAAB033914,Google Charcoal Tee,21.99
1609489324000000,1230831.91941660,tx_ga4_00412,GGOEGFKQ016499,Google 22 oz Water Bottle,18.0
1609489324000000,1230831.91941660,tx_ga4_00412,GGOEGAEH028715,Google Large Canvas Tote,24.0
1609489324000000,1230831.91941660,tx_ga4_00412,GGOEGAXH035415,Google Thermal Bottle,22.0
1609680037000000,7850017.93090455,tx_ga4_00413,GGOEGFKQ016499,Google 22 oz Water Bottle,18.0
1609680037000000,7850017.93090455,tx_ga4_00413,GGOEGAEH028715,Google Large Canvas Tote,24.0
1609491882000000,6065357.96480854,tx_ga4_00414,GGOEGAAB033814,Android Classic Tee,19.99
1609491882000000,6065357.96480854,tx_ga4_00414,GGOEGAYB086814,Google Sticker Sheet,3.5
1609447389000000,1740621.42220205,tx_ga4_00415,GGOEGFKQ016499,Google 22 oz Water Bottle,18.0
1609447389000000,1740621.42220205,tx_ga4_00415,GGOEGAEH028715,Google Large Canvas Tote,24.0
1609447389000000,1740621.42220205,tx_ga4_00415,GGOEGAXH035415,Google Thermal Bottle,22.0
1609562844000000,6136634.53204833,tx_ga4_00416,GGOEGAAB023214,Google Sunglasses,15.99
1609562844000000,6136634.53204833,tx_ga4_00416,GGOEYAAQ015899,YouTube Twill Cap,16.5
1609562844000000,6136634.53204833,tx_ga4_00416,GGOEGFKQ016499,Google 22 oz Water Bottle,18.0
1609945658000000,1055401.19196115,tx_ga4_00417,GGOEGAAB033814,Android Classic Tee,19.99
1609945658000000,1055401.19196115,tx_ga4_00417,GGOEGAYB086814,Google Sticker Sheet,3.5
1609544874000000,5062389.84426174,tx_ga4_00418,GGOEGOAA018799,Google Hard Cover Journal,12.99
1609544874000000,5062389.84426174,tx_ga4_00418,GGOEGAAX0037,Google Coaster Set,9.99
1609544874000000,5062389.84426174,tx_ga4_00418,GGOEGBJR018199,Google Metallic Pen Set,6.99
1609509761000000,6519309.35778400,tx_ga4_00419,GGOEGOAA018799,Google Hard Cover Journal,12.99
1609509761000000,6519309.35778400,tx_ga4_00419,GGOEGAAX0037,Google Coaster Set,9.99
1609843867000000,8223926.90009523,tx_ga4_00420,GGOEGAAB033814,Android Classic Tee,19.99
1609843867000000,8223926.90009523,tx_ga4_00420,GGOEGAYB086814,Google Sticker Sheet,3.5
1609286978000000,3615452.92689685,tx_ga4_00421,GGOEGOAA018799,Google Hard Cover Journal,12.99
1609286978000000,3615452.92689685,tx_ga4_00421,GGOEGAAX0037,Google Coaster Set,9.99
1609286978000000,3615452.92689685,tx_ga4_00421,GGOEGBJR018199,Google Metallic Pen Set,6.99
1609907525000000,3088409.61891341,tx_ga4_00422,GGOEGAAB033814,Android Classic Tee,19.99
1609907525000000,3088409.61891341,tx_ga4_00422,GGOEGAYB086814,Google Sticker Sheet,3.5
1609793915000000,3979842.74747708,tx_ga4_00423,GGOEGFKQ016499,Google 22 oz Water Bottle,18.0
1609793915000000,3979842.74747708,tx_ga4_00423,GGOEGAEH028715,Google Large Canvas Tote,24.0
1609793915000000,3979842.74747708,tx_ga4_00423,GGOEGAXH035415,Google Thermal Bottle,22.0
1609902477000000,1532751.14825032,tx_ga4_00424,GGOEGAAB033814,Android Classic Tee,19.99
1609902477000000,1532751.14825032,tx_ga4_00424,GGOEGAYB086814,Google Sticker Sheet,3.5
1609902477000000,1532751.14825032,tx_ga4_00424,GGOEGAAB033914,Google Charcoal Tee,21.99
1609740276000000,9383494.25911495,tx_ga4_00425,GGOEGAAB023214,Google Sunglasses,15.99
1609740276000000,9383494.25911495,tx_ga4_00425,GGOEYAAQ015899,YouTube Twill Cap,16.5
1609740276000000,9383494.25911495,tx_ga4_00425,GGOEGFKQ016499,Google 22 oz Water Bottle,18.0
1609381602000000,8925714.70067592,tx_ga4_00426,GGOEGOAA018799,Google Hard Cover Journal,12.99
1609381602000000,8925714.70067592,tx_ga4_00426,GGOEGAAX0037,Google Coaster Set,9.99
1609381602000000,8925714.70067592,tx_ga4_00426,GGOEGBJR018199,Google Metallic Pen Set,6.99
1609863765000000,6419224.75359226,tx_ga4_00427,GGOEGAAB023214,Google Sunglasses,15.99
1609863765000000,6419224.75359226,tx_ga4_00427,GGOEYAAQ015899,YouTube Twill Cap,16.5
1609863765000000,6419224.75359226,tx_ga4_00427,GGOEGFKQ016499,Google 22 oz Water Bottle,18.0
1609283101000000,1671286.14554072,tx_ga4_00428,GGOEGAAB023214,Google Sunglasses,15.99
1609283101000000,1671286.14554072,tx_ga4_00428,GGOEYAAQ015899,YouTube Twill Cap,16.5
1609283101000000,1671286.14554072,tx_ga4_00428,GGOEGFKQ016499,Google 22 oz Water Bottle,18.0
1609373757000000,1752648.11839744,tx_ga4_00429,GGOEGOAA018799,Google Hard Cover Journal,12.99
1609373757000000,1752648.11839744,tx_ga4_00429,GGOEGAAX0037,Google Coaster Set,9.99
1609373757000000,1752648.11839744,tx_ga4_00429,GGOEGBJR018199,Google Metallic Pen Set,6.99
1609639688000000,9388740.50267953,tx_ga4_00430,GGOEGAAB034114,Google Zip Hoodie,49.99
1609639688000000,9388740.50267953,tx_ga4_00430,GGOEGAAB033914,Google Charcoal Tee,21.99
1609577842000000,2124995.23110186,tx_ga4_00431,GGOEGAAB034114,Google Zip Hoodie,49.99
1609577842000000,2124995.23110186,tx_ga4_00431,GGOEGAAB033914,Google Charcoal Tee,21.99
1609656700000000,9138781.80692317,tx_ga4_00432,GGOEGOAA018799,Google Hard Cover Journal,12.99
1609656700000000,9138781.80692317,tx_ga4_00432,GGOEGAAX0037,Google Coaster Set,9.99
1609656700000000,9138781.80692317,tx_ga4_00432,GGOEGBJR018199,Google Metallic Pen Set,6.99
1609447067000000,1065805.37137825,tx_ga4_00433,GGOEGAAB023214,Google Sunglasses,15.99
1609447067000000,1065805.37137825,tx_ga4_00433,GGOEYAAQ015899,YouTube Twill Cap,16.5
1609604765000000,6908513.47039876,tx_ga4_00434,GGOEGOAA018799,Google Hard Cover Journal,12.99
1609604765000000,6908513.47039876,tx_ga4_00434,GGOEGAAX0037,Google Coaster Set,9.99
1609563344000000,3012057.46902108,tx_ga4_00435,GGOEGAAB023214,Google Sunglasses,15.99
1609563344000000,3012057.46902108,tx_ga4_00435,GGOEYAAQ015899,YouTube Twill Cap,16.5
1609563344000000,3012057.46902108,tx_ga4_00435,GGOEGFKQ016499,Google 22 oz Water Bottle,18.0
1609980650000000,4835956.73005944,tx_ga4_00436,GGOEGOAA018799,Google Hard Cover Journal,12.99
1609980650000000,4835956.73005944,tx_ga4_00436,GGOEGAAX0037,Google Coaster Set,9.99
1609980650000000,4835956.73005944,tx_ga4_00436,GGOEGBJR018199,Google Metallic Pen Set,6.99
1609930883000000,5987399.52509902,tx_ga4_00437,GGOEGAAB034114,Google Zip Hoodie,49.99
1609930883000000,5987399.52509902,tx_ga4_00437,GGOEGAAB033914,Google Charcoal Tee,21.99
1609654350000000,6529698.83098450,tx_ga4_00438,GGOEGOAA018799,Google Hard Cover Journal,12.99
1609654350000000,6529698.83098450,tx_ga4_00438,GGOEGAAX0037,Google Coaster Set,9.99
1609654350000000,6529698.83098450,tx_ga4_00438,GGOEGBJR018199,Google Metallic Pen Set,6.99
1609456491000000,1830662.54634522,tx_ga4_00439,GGOEGFKQ016499,Google 22 oz Water Bottle,18.0
1609456491000000,1830662.54634522,tx_ga4_00439,GGOEGAEH028715,Google Large Canvas Tote,24.0
1609871401000000,7808924.36141365,tx_ga4_00440,GGOEGOAA018799,Google Hard Cover Journal,12.99
1609871401000000,7808924.36141365,tx_ga4_00440,GGOEGAAX0037,Google Coaster Set,9.99
1609508996000000,8805733.27511919,tx_ga4_00441,GGOEGOAA018799,Google Hard Cover Journal,12.99
1609508996000000,8805733.27511919,tx_ga4_00441,GGOEGAAX0037,Google Coaster Set,9.99
1609418127000000,1311843.77951191,tx_ga4_00442,GGOEGAAB033814,Android Classic Tee,19.99
1609418127000000,1311843.77951191,tx_ga4_00442,GGOEGAYB086814,Google Sticker Sheet,3.5
1609418127000000,1311843.77951191,tx_ga4_00442,GGOEGAAB033914,Google Charcoal Tee,21.99
1609464258000000,7875192.99453107,tx_ga4_00443,GGOEGOAA018799,Google Hard Cover Journal,12.99
1609464258000000,7875192.99453107,tx_ga4_00443,GGOEGAAX0037,Google Coaster Set,9.99
1609106196000000,6480169.13259447,tx_ga4_00444,GGOEGFKQ016499,Google 22 oz Water Bottle,18.0
1609106196000000,6480169.13259447,tx_ga4_00444,GGOEGAEH028715,Google Large Canvas Tote,24.0
1609374191000000,6412637.41412544,tx_ga4_00445,GGOEGAAB023214,Google Sunglasses,15.99
1609374191000000,6412637.41412544,tx_ga4_00445,GGOEYAAQ015899,YouTube Twill Cap,16.5
1609374191000000,6412637.41412544,tx_ga4_00445,GGOEGFKQ016499,Google 22 oz Water Bottle,18.0
1609664738000000,9669227.34718370,tx_ga4_00446,GGOEGFKQ016499,Google 22 oz Water Bottle,18.0
1609664738000000,9669227.34718370,tx_ga4_00446,GGOEGAEH028715,Google Large Canvas Tote,24.0
1609533450000000,1806586.88866393,tx_ga4_00447,GGOEGAAB023214,Google Sunglasses,15.99
1609533450000000,1806586.88866393,tx_ga4_00447,GGOEYAAQ015899,YouTube Twill Cap,16.5
1609533450000000,1806586.88866393,tx_ga4_00447,GGOEGFKQ016499,Google 22 oz Water Bottle,18.0
1609850222000000,2867683.39512883,tx_ga4_00448,GGOEGOAA018799,Google Hard Cover Journal,12.99
1609850222000000,2867683.39512883,tx_ga4_00448,GGOEGAAX0037,Google Coaster Set,9.99
1609850222000000,2867683.39512883,tx_ga4_00448,GGOEGBJR018199,Google Metallic Pen Set,6.99
1609151288000000,6953976.39543848,tx_ga4_00449,GGOEGFKQ016499,Google 22 oz Water Bottle,18.0
1609151288000000,6953976.39543848,tx_ga4_00449,GGOEGAEH028715,Google Large Canvas Tote,24.0
1609516236000000,3978095.54579965,tx_ga4_00450,GGOEGAAB033814,Android Classic Tee,19.99
1609516236000000,3978095.54579965,tx_ga4_00450,GGOEGAYB086814,Google Sticker Sheet,3.5
1609516236000000,3978095.54579965,tx_ga4_00450,GGOEGAAB033914,Google Charcoal Tee,21.99
1609910483000000,2157245.58799338,tx_ga4_00451,GGOEGFKQ016499,Google 22 oz Water Bottle,18.0
1609910483000000,2157245.58799338,tx_ga4_00451,GGOEGAEH028715,Google Large Canvas Tote,24.0
1609852318000000,9058316.99393861,tx_ga4_00452,GGOEGAAB023214,Google Sunglasses,15.99
1609852318000000,9058316.99393861,tx_ga4_00452,GGOEYAAQ015899,YouTube Twill Cap,16.5
1609852318000000,9058316.99393861,tx_ga4_00452,GGOEGFKQ016499,Google 22 oz Water Bottle,18.0
1609523216000000,7583286.63443095,tx_ga4_00453,GGOEGAAB034114,Google Zip Hoodie,49.99
1609523216000000,7583286.63443095,tx_ga4_00453,GGOEGAAB033914,Google Charcoal Tee,21.99
1609873505000000,3002969.88537192,tx_ga4_00454,GGOEGAAB023214,Google Sunglasses,15.99
1609873505000000,3002969.88537192,tx_ga4_00454,GGOEYAAQ015899,YouTube Twill Cap,16.5
1609873505000000,3002969.88537192,tx_ga4_00454,GGOEGFKQ016499,Google 22 oz Water Bottle,18.0
1609923381000000,1856892.73934844,tx_ga4_00455,GGOEGFKQ016499,Google 22 oz Water Bottle,18.0
1609923381000000,1856892.73934844,tx_ga4_00455,GGOEGAEH028715,Google Large Canvas Tote,24.0
1609923381000000,1856892.73934844,tx_ga4_00455,GGOEGAXH035415,Google Thermal Bottle,22.0
1609238256000000,8581709.51789642,tx_ga4_00456,GGOEGAAB023214,Google Sunglasses,15.99
1609238256000000,8581709.51789642,tx_ga4_00456,GGOEYAAQ015899,YouTube Twill Cap,16.5
1609238256000000,8581709.51789642,tx_ga4_00456,GGOEGFKQ016499,Google 22 oz Water Bottle,18.0
1609523881000000,6129656.83025588,tx_ga4_00457,GGOEGAAB023214,Google Sunglasses,15.99
1609523881000000,6129656.83025588,tx_ga4_00457,GGOEYAAQ015899,YouTube Twill Cap,16.5
1609972048000000,9366206.12961917,tx_ga4_00458,GGOEGAAB023214,Google Sunglasses,15.99
1609972048000000,9366206.12961917,tx_ga4_00458,GGOEYAAQ015899,YouTube Twill Cap,16.5
1609673927000000,5654633.46888139,tx_ga4_00459,GGOEGOAA018799,Google Hard Cover Journal,12.99
1609673927000000,5654633.46888139,tx_ga4_00459,GGOEGAAX0037,Google Coaster Set,9.99
1609673927000000,5654633.46888139,tx_ga4_00459,GGOEGBJR018199,Google Metallic Pen Set,6.99
1609834364000000,3077905.87825242,tx_ga4_00460,GGOEGFKQ016499,Google 22 oz Water Bottle,18.0
1609834364000000,3077905.87825242,tx_ga4_00460,GGOEGAEH028715,Google Large Canvas Tote,24.0
1609834364000000,3077905.87825242,tx_ga4_00460,GGOEGAXH035415,Google Thermal Bottle,22.0
1609931971000000,2202058.40241818,tx_ga4_00461,GGOEGOAA018799,Google Hard Cover Journal,12.99
1609931971000000,2202058.40241818,tx_ga4_00461,GGOEGAAX0037,Google Coaster Set,9.99
1609910986000000,4761215.30419634,tx_ga4_00462,GGOEGOAA018799,Google Hard Cover Journal,12.99
1609910986000000,4761215.30419634,tx_ga4_00462,GGOEGAAX0037,Google Coaster Set,9.99
1609910986000000,4761215.30419634,tx_ga4_00462,GGOEGBJR018199,Google Metallic Pen Set,6.99
1609471038000000,7156156.67590656,tx_ga4_00463,GGOEGAAB023214,Google Sunglasses,15.99
1609471038000000,7156156.67590656,tx_ga4_00463,GGOEYAAQ015899,YouTube Twill Cap,16.5
1609785672000000,1038701.24013555,tx_ga4_00464,GGOEGOAA018799,Google Hard Cover Journal,12.99
1609785672000000,1038701.24013555,tx_ga4_00464,GGOEGAAX0037,Google Coaster Set,9.99
1609785672000000,1038701.24013555,tx_ga4_00464,GGOEGBJR018199,Google Metallic Pen Set,6.99
1609855407000000,4558165.89214949,tx_ga4_00465,GGOEGOAA018799,Google Hard Cover Journal,12.99
1609855407000000,4558165.89214949,tx_ga4_00465,GGOEGAAX0037,Google Coaster Set,9.99
1609886605000000,4634455.48293917,tx_ga4_00466,GGOEGOAA018799,Google Hard Cover Journal,12.99
1609886605000000,4634455.48293917,tx_ga4_00466,GGOEGAAX0037,Google Coaster Set,9.99
1609909349000000,7039101.80941110,tx_ga4_00467,GGOEGFKQ016499,Google 22 oz Water Bottle,18.0
1609909349000000,7039101.80941110,tx_ga4_00467,GGOEGAEH028715,Google Large Canvas Tote,24.0
1609909349000000,7039101.80941110,tx_ga4_00467,GGOEGAXH035415,Google Thermal Bottle,22.0
1609157989000000,2754657.70308407,tx_ga4_00468,GGOEGOAA018799,Google Hard Cover Journal,12.99
1609157989000000,2754657.70308407,tx_ga4_00468,GGOEGAAX0037,Google Coaster Set,9.99
1609742648000000,8884642.90060519,tx_ga4_00469,GGOEGOAA018799,Google Hard Cover Journal,12.99
1609742648000000,8884642.90060519,tx_ga4_00469,GGOEGAAX0037,Google Coaster Set,9.99
1609742648000000,8884642.90060519,tx_ga4_00469,GGOEGBJR018199,Google Metallic Pen Set,6.99
1609811272000000,3925792.79192665,tx_ga4_00470,GGOEGOAA018799,Google Hard Cover Journal,12.99
1609811272000000,3925792.79192665,tx_ga4_00470,GGOEGAAX0037,Google Coaster Set,9.99
1609811272000000,3925792.79192665,tx_ga4_00470,GGOEGBJR018199,Google Metallic Pen Set,6.99
1609949138000000,8441270.23752410,tx_ga4_00471,GGOEGAAB023214,Google Sunglasses,15.99
1609949138000000,8441270.23752410,tx_ga4_00471,GGOEYAAQ015899,YouTube Twill Cap,16.5
1609949138000000,8441270.23752410,tx_ga4_00471,GGOEGFKQ016499,Google 22 oz Water Bottle,18.0
1609987424000000,8448602.93407267,tx_ga4_00472,GGOEGFKQ016499,Google 22 oz Water Bottle,18.0
1609987424000000,8448602.93407267,tx_ga4_00472,GGOEGAEH028715,Google Large Canvas Tote,24.0
1609987424000000,8448602.93407267,tx_ga4_00472,GGOEGAXH035415,Google Thermal Bottle,22.0
1609357541000000,8963919.88427832,tx_ga4_00473,GGOEGFKQ016499,Google 22 oz Water Bottle,18.0
1609357541000000,8963919.88427832,tx_ga4_00473,GGOEGAEH028715,Google Large Canvas Tote,24.0
1609357541000000,8963919.88427832,tx_ga4_00473,GGOEGAXH035415,Google Thermal Bottle,22.0
1609758141000000,3329461.54850960,tx_ga4_00474,GGOEGAAB023214,Google Sunglasses,15.99
1609758141000000,3329461.54850960,tx_ga4_00474,GGOEYAAQ015899,YouTube Twill Cap,16.5
1609871433000000,8558791.17972870,tx_ga4_00475,GGOEGAAB023214,Google Sunglasses,15.99
1609871433000000,8558791.17972870,tx_ga4_00475,GGOEYAAQ015899,YouTube Twill Cap,16.5
1609871433000000,8558791.17972870,tx_ga4_00475,GGOEGFKQ016499,Google 22 oz Water Bottle,18.0
1609590204000000,3074566.28679862,tx_ga4_00476,GGOEGAAB034114,Google Zip Hoodie,49.99
1609590204000000,3074566.28679862,tx_ga4_00476,GGOEGAAB033914,Google Charcoal Tee,21.99
1609523698000000,4594986.20332404,tx_ga4_00477,GGOEGAAB033814,Android Classic Tee,19.99
1609523698000000,4594986.20332404,tx_ga4_00477,GGOEGAYB086814,Google Sticker Sheet,3.5
1609523698000000,4594986.20332404,tx_ga4_00477,GGOEGAAB033914,Google Charcoal Tee,21.99
1609581546000000,2599147.98692463,tx_ga4_00478,GGOEGAAB023214,Google Sunglasses,15.99
1609581546000000,2599147.98692463,tx_ga4_00478,GGOEYAAQ015899,YouTube Twill Cap,16.5
1609581546000000,2599147.98692463,tx_ga4_00478,GGOEGFKQ016499,Google 22 oz Water Bottle,18.0
1609416110000000,5357177.83393493,tx_ga4_00479,GGOEGAAB034114,Google Zip Hoodie,49.99
1609416110000000,5357177.83393493,tx_ga4_00479,GGOEGAAB033914,Google Charcoal Tee,21.99
1609579361000000,1676749.14518872,tx_ga4_00480,GGOEGAAB023214,Google Sunglasses,15.99
1609579361000000,1676749.14518872,tx_ga4_00480,GGOEYAAQ015899,YouTube Twill Cap,16.5
1609579361000000,1676749.14518872,tx_ga4_00480,GGOEGFKQ016499,Google 22 oz Water Bottle,18.0
