user_pseudo_id,recency_days,total_sessions,monetary_value,total_engagement_sec,total_pageviews,items_viewed_count,items_added_to_cart_count,cart_to_view_ratio,purchase_count,primary_device,primary_channel
8666667.26104133,21,1,181.3,120.4,2,42,5,0.119,1,desktop,Organic Search
1237757.67592184,20,2,201.21,308.4,12,32,4,0.125,1,tablet,Paid Search
4289298.52054155,22,1,685.94,176.4,4,17,4,0.235,5,desktop,Referral
1718452.43345047,4,1,558.68,162.7,4,31,5,0.161,4,desktop,Organic Search
6791059.41942559,2,2,339.91,191.7,7,22,5,0.227,4,desktop,Paid Search
8479548.81146641,6,3,349.14,602.3,14,34,3,0.088,4,mobile,Paid Search
7339846.91462944,22,4,302.6,614.3,18,10,6,0.6,3,mobile,Referral
7490876.25961787,22,2,391.66,417.6,13,34,11,0.324,3,mobile,Referral
8726093.68750631,3,1,752.57,310.1,7,30,11,0.367,5,mobile,Organic Search
1886200.36847248,20,1,257.56,236.6,6,37,6,0.162,2,tablet,Direct
2491061.97026597,16,1,388.45,357.1,9,34,8,0.235,3,mobile,Organic Search
7551639.92786513,1,1,294.24,261.1,9,14,11,0.786,2,desktop,Organic Search
3542491.67228371,9,1,447.27,432.2,9,27,9,0.333,4,mobile,Direct
6437567.77745887,18,1,389.15,107.0,3,17,5,0.294,5,mobile,Referral
2062146.56363832,1,3,311.89,845.9,21,15,11,0.733,2,desktop,Organic Search
6800888.84330572,6,1,565.72,258.3,5,25,9,0.36,5,mobile,Organic Search
6904777.50354248,11,1,156.33,264.3,9,24,4,0.167,2,desktop,Affiliates
5141209.40493120,13,4,398.64,918.2,21,17,6,0.353,5,desktop,Organic Search
2415156.35010929,13,2,544.62,181.4,6,27,6,0.222,4,desktop,Organic Search
2315144.30369974,8,3,557.44,496.6,12,31,11,0.355,4,desktop,Organic Search
8684175.57323515,17,2,604.42,298.3,8,38,5,0.132,5,desktop,Organic Search
1824404.48782085,6,5,545.62,463.0,17,17,11,0.647,4,desktop,Direct
3437069.69686255,14,5,192.76,349.8,16,35,6,0.171,1,mobile,Paid Search
8472693.11155643,4,1,230.15,209.6,8,29,8,0.276,3,desktop,Direct
5192364.50293170,21,3,273.7,240.0,13,17,4,0.235,2,desktop,Paid Search
9916309.42866271,6,4,177.78,760.8,16,23,10,0.435,1,mobile,Direct
2486968.27585783,6,6,650.33,1363.3,44,31,5,0.161,4,desktop,Organic Search
5297966.63537927,8,1,366.45,193.1,6,39,4,0.103,2,desktop,Organic Search
3939096.49178183,20,3,465.27,228.7,12,37,10,0.27,3,desktop,Affiliates
6969519.36999235,13,1,164.06,148.2,7,22,3,0.136,1,mobile,Direct
9682609.28847450,7,2,368.49,576.9,13,38,3,0.079,3,mobile,Organic Search
9417201.88716164,19,2,210.49,307.6,12,10,6,0.6,2,desktop,Organic Search
9612877.81771607,10,2,278.8,266.6,11,17,9,0.529,2,mobile,Direct
5758468.64603870,21,3,295.92,284.0,10,14,11,0.786,3,desktop,Paid Search
2860256.41059051,2,2,135.36,557.0,14,27,9,0.333,1,desktop,Direct
5168313.95213780,9,2,787.57,168.8,8,13,9,0.692,4,desktop,Paid Search
8152999.60703963,10,4,312.16,575.6,24,14,8,0.571,2,mobile,Organic Search
6355517.48948646,17,5,154.08,658.0,36,23,10,0.435,1,mobile,Organic Search
4775033.10372983,8,2,553.65,225.5,11,21,11,0.524,3,desktop,Organic Search
3874075.46753001,18,2,76.68,294.1,9,44,11,0.25,1,mobile,Direct
7263953.47070706,18,12,557.83,2226.2,67,14,3,0.214,3,mobile,Organic Search
3824382.17051907,5,1,484.74,177.6,9,16,8,0.5,4,mobile,Display
3353977.19515185,10,3,114.63,635.5,14,23,4,0.174,1,mobile,Organic Search
7307567.48504114,2,2,342.08,420.8,10,43,11,0.256,3,desktop,Organic Search
3051027.58605438,11,5,311.55,653.9,26,24,10,0.417,2,desktop,Organic Search
5437992.52548536,20,1,420.75,165.6,4,41,10,0.244,2,desktop,Paid Search
6220255.66398177,8,2,726.88,276.6,15,17,9,0.529,4,desktop,Direct
2700157.23952598,11,3,184.42,228.8,9,14,4,0.286,1,desktop,Direct
7581165.97537762,16,2,664.27,402.4,10,43,3,0.07,5,desktop,Organic Search
5936347.50571967,23,2,791.8,507.2,14,33,5,0.152,5,mobile,Direct
6593528.13118352,11,18,583.17,2652.1,123,33,11,0.333,3,mobile,Organic Search
4349298.42287529,19,1,513.5,114.8,4,18,10,0.556,5,desktop,Organic Search
4781738.76957327,17,1,406.66,162.6,3,14,5,0.357,4,desktop,Referral
5453466.87020222,4,2,477.72,126.4,6,35,8,0.229,3,mobile,Direct
5229737.13058874,16,1,128.99,192.3,5,32,8,0.25,1,desktop,Organic Search
7080752.81826169,20,3,675.73,908.0,20,36,9,0.25,4,desktop,Organic Search
6194596.94378096,5,1,127.33,156.7,4,25,6,0.24,1,desktop,Direct
4746435.81740407,3,1,274.97,188.1,4,14,8,0.571,2,mobile,Display
1016221.13508152,22,1,381.12,167.7,5,20,6,0.3,2,mobile,Organic Search
8146278.88601783,4,3,225.83,456.0,11,41,11,0.268,2,mobile,Referral
5674457.77744760,18,2,194.83,320.8,15,36,9,0.25,1,mobile,Direct
3938901.75432265,11,1,515.84,239.5,6,10,8,0.8,3,desktop,Referral
5499594.37321832,19,2,268.54,495.7,12,44,8,0.182,2,desktop,Organic Search
1841013.25719578,2,1,799.78,379.0,9,36,8,0.222,5,mobile,Organic Search
9142335.49943623,3,2,238.13,342.4,12,43,11,0.256,3,mobile,Referral
9907624.41758780,4,5,380.06,1304.1,34,16,3,0.188,4,mobile,Direct
1528616.33058946,18,4,161.71,527.7,15,22,5,0.227,2,desktop,Display
4224080.73091003,19,1,236.87,186.4,7,31,11,0.355,2,mobile,Paid Search
7570580.76326691,15,2,379.43,176.5,7,30,8,0.267,2,mobile,Direct
3828142.44200969,14,1,565.35,276.4,7,16,11,0.688,4,mobile,Organic Search
6103447.64567200,6,1,274.99,190.5,6,30,4,0.133,2,desktop,Direct
4749138.27118428,23,1,540.81,181.0,5,30,10,0.333,4,desktop,Direct
7967908.56868070,14,1,203.94,201.2,4,10,11,1.0,1,mobile,Direct
9626178.95149398,22,1,754.5,97.5,4,21,7,0.333,4,desktop,Organic Search
8995557.96468311,7,1,219.71,313.6,7,36,8,0.222,1,desktop,Direct
6588418.36841454,19,4,338.65,433.3,12,14,7,0.5,4,desktop,Organic Search
2442468.19469710,5,2,494.72,156.3,6,44,10,0.227,5,desktop,Organic Search
9523557.34329824,8,2,134.77,393.9,14,38,4,0.105,2,desktop,Direct
1212691.13378376,23,2,246.2,204.3,9,43,11,0.256,3,mobile,Organic Search
3679384.98144278,7,1,236.12,139.4,3,36,11,0.306,2,mobile,Organic Search
3534521.19189940,24,12,136.78,3216.2,80,33,5,0.152,1,mobile,Organic Search
7046433.15375163,24,1,253.81,414.7,9,43,5,0.116,2,mobile,Referral
5386267.17752391,6,3,684.23,784.7,19,19,5,0.263,4,desktop,Affiliates
1835996.42410395,11,5,288.72,825.1,29,37,3,0.081,2,desktop,Organic Search
1115720.86553305,20,1,169.67,194.2,5,44,4,0.091,1,desktop,Organic Search
6438841.94003916,11,5,152.54,725.4,37,10,4,0.4,1,desktop,Organic Search
5423349.60051414,23,1,584.17,231.7,6,29,6,0.207,4,desktop,Referral
6412438.51942438,17,1,58.65,252.9,7,25,11,0.44,1,desktop,Organic Search
6076214.61520299,17,3,924.86,574.6,16,29,9,0.31,5,tablet,Organic Search
9014131.37303612,19,3,745.95,515.0,19,21,7,0.333,5,desktop,Paid Search
9265570.25521525,14,2,138.15,209.2,5,22,6,0.273,1,desktop,Direct
2694314.32952669,12,2,444.72,243.3,12,31,8,0.258,4,mobile,Paid Search
9479086.32029142,5,5,275.16,776.6,18,36,4,0.111,5,desktop,Organic Search
8089538.62477953,19,1,528.25,251.1,6,17,11,0.647,3,desktop,Direct
6751235.16979633,14,2,157.5,370.3,12,18,6,0.333,1,desktop,Organic Search
6936464.16255118,11,1,293.56,166.2,6,43,7,0.163,2,mobile,Direct
5914541.80834438,9,3,788.7,670.5,21,22,3,0.136,5,desktop,Display
9255368.99073058,3,4,357.57,962.3,31,21,5,0.238,2,desktop,Referral
3099368.79087501,9,3,210.42,514.3,17,27,6,0.222,2,mobile,Organic Search
6393843.76027959,13,1,203.62,163.2,6,18,7,0.389,1,mobile,Direct
8328186.22128530,22,5,358.53,398.4,22,12,6,0.5,2,desktop,Organic Search
8098563.65395744,10,5,339.06,326.0,21,38,11,0.289,2,desktop,Direct
2201829.46255012,3,5,207.19,578.8,18,44,3,0.068,1,desktop,Direct
2306563.78943269,14,1,234.17,143.5,7,36,5,0.139,1,mobile,Display
4012952.16094292,11,1,552.49,197.9,6,24,9,0.375,4,mobile,Referral
3559476.64613293,17,2,663.6,274.3,7,15,5,0.333,4,mobile,Referral
6320540.87137081,7,2,609.58,189.5,8,24,5,0.208,5,desktop,Direct
4248853.66551306,10,1,319.32,160.3,6,20,4,0.2,2,desktop,Organic Search
9503915.38920392,11,1,243.31,185.8,7,27,3,0.111,1,mobile,Organic Search
1272713.69021644,11,1,615.69,292.1,7,24,3,0.125,4,mobile,Organic Search
6405379.40433755,7,2,188.92,240.1,12,30,10,0.333,1,mobile,Organic Search
6065064.70173350,16,1,78.04,164.5,7,37,5,0.135,1,desktop,Organic Search
8364836.21550995,5,1,369.8,99.3,5,43,4,0.093,5,mobile,Direct
5242213.35199256,20,1,133.15,97.3,3,26,9,0.346,1,mobile,Direct
4005201.12944653,9,1,429.51,53.9,3,44,3,0.068,5,tablet,Referral
4798906.17551844,23,1,207.83,194.7,6,24,5,0.208,2,desktop,Direct
9336241.59929265,10,1,338.47,214.9,7,33,8,0.242,2,desktop,Display
4791944.30852839,3,4,225.43,1117.4,25,29,8,0.276,2,mobile,Direct
9452008.56447432,1,5,451.84,323.1,16,11,3,0.273,3,mobile,Referral
9872584.69361257,9,2,126.25,218.3,6,43,6,0.14,1,desktop,Organic Search
9940544.89306755,23,2,105.63,195.0,9,32,4,0.125,1,desktop,Organic Search
7681172.41955490,15,3,185.33,729.8,17,44,6,0.136,1,mobile,Direct
7997431.38681106,1,2,272.88,338.0,13,29,11,0.379,4,desktop,Organic Search
8734956.38230006,2,2,424.03,485.6,14,25,3,0.12,3,desktop,Referral
1697532.20606467,22,1,192.6,299.8,7,20,3,0.15,1,desktop,Organic Search
5087739.69686502,6,5,171.09,631.4,19,39,7,0.179,1,mobile,Organic Search
3604488.83768911,11,5,448.5,1183.9,26,43,6,0.14,3,desktop,Referral
3300106.52570436,12,2,576.96,338.3,11,43,5,0.116,5,mobile,Referral
4023473.60246765,12,1,406.04,235.8,5,12,4,0.333,2,desktop,Organic Search
2701386.96263209,18,2,860.39,338.0,10,25,3,0.12,5,desktop,Organic Search
9330985.72902364,14,3,816.61,259.4,12,12,6,0.5,5,desktop,Referral
5776584.77053139,16,2,267.87,510.5,16,38,11,0.289,2,desktop,Referral
5218050.90054851,16,8,490.35,1065.8,46,14,9,0.643,4,desktop,Organic Search
1596617.29421151,1,1,503.37,161.2,7,15,6,0.4,5,desktop,Display
5109356.68514944,14,2,722.98,378.4,12,40,6,0.15,5,mobile,Paid Search
7362624.74565504,23,2,658.73,357.1,13,19,3,0.158,4,desktop,Organic Search
9462969.85800512,19,3,334.42,306.5,8,18,3,0.167,4,desktop,Direct
9240760.40940698,24,1,372.71,162.1,8,42,7,0.167,2,tablet,Referral
7259360.71991522,18,1,332.65,126.1,7,33,10,0.303,2,mobile,Organic Search
6443019.64396053,17,2,577.51,577.2,12,32,10,0.312,3,desktop,Referral
5725879.46842492,8,1,171.28,172.2,5,25,6,0.24,1,desktop,Display
2232028.19151718,13,2,170.33,276.1,9,14,4,0.286,2,desktop,Direct
1023488.41774358,21,1,253.31,236.0,9,23,5,0.217,2,mobile,Referral
4350285.96713626,9,1,70.72,168.7,4,29,5,0.172,1,desktop,Organic Search
3181360.29487114,24,3,504.39,653.2,16,21,4,0.19,3,mobile,Referral
1398448.20227419,16,4,918.71,599.3,21,21,6,0.286,5,desktop,Organic Search
6917875.43091147,5,1,521.33,152.7,5,35,9,0.257,3,desktop,Organic Search
6574314.19088271,19,2,104.18,276.9,7,13,10,0.769,1,desktop,Organic Search
7866271.34047903,1,2,305.54,663.2,16,10,4,0.4,3,mobile,Direct
1531394.92301050,11,2,498.03,500.4,13,42,6,0.143,4,desktop,Direct
4236152.14313983,19,2,294.04,474.6,11,35,3,0.086,2,desktop,Organic Search
6273005.35132172,12,5,249.3,1146.1,27,26,5,0.192,4,mobile,Direct
3148702.70851803,1,4,520.86,343.6,21,17,11,0.647,3,mobile,Direct
7011818.23155159,12,3,107.37,989.4,21,33,9,0.273,1,desktop,Direct
2148907.31800072,16,3,211.75,406.2,19,38,8,0.211,1,mobile,Direct
8108283.33988904,23,5,181.19,838.2,18,24,8,0.333,2,mobile,Referral
4806513.21555820,1,3,169.28,195.4,8,15,5,0.333,1,mobile,Organic Search
2652943.69982687,4,4,477.07,1079.1,29,32,3,0.094,4,desktop,Paid Search
7824245.87922804,9,3,150.36,378.7,15,15,9,0.6,1,mobile,Referral
5988542.34938517,4,1,271.59,264.5,5,29,4,0.138,4,mobile,Organic Search
4943304.24047648,17,2,265.0,395.9,14,44,6,0.136,2,desktop,Direct
3165634.53302760,10,1,335.32,269.6,7,13,11,0.846,3,mobile,Direct
8032292.33298224,7,1,209.69,148.9,7,39,7,0.179,1,mobile,Direct
4287565.13387803,4,1,232.83,178.7,4,18,8,0.444,2,mobile,Direct
1387816.59166962,12,4,143.06,429.3,26,22,6,0.273,1,desktop,Organic Search
9688322.61780564,22,2,457.67,330.7,7,23,7,0.304,3,desktop,Display
1274183.61644276,2,4,199.62,720.1,28,20,9,0.45,1,mobile,Organic Search
2084221.72292653,1,2,288.01,347.9,8,35,7,0.2,2,desktop,Organic Search
5192312.42710189,16,4,174.93,709.3,15,14,8,0.571,2,desktop,Direct
2870694.25840954,7,2,92.95,410.6,9,26,5,0.192,1,tablet,Direct
4016215.50502351,3,1,288.61,189.8,7,39,4,0.103,4,desktop,Referral
6108086.72009776,14,1,200.48,182.8,4,25,10,0.4,1,desktop,Referral
9620576.12921507,23,3,153.68,615.8,20,44,10,0.227,1,desktop,Organic Search
9426809.60516216,22,2,302.65,432.5,13,27,11,0.407,5,tablet,Organic Search
1665063.88019486,12,2,555.46,455.4,14,36,5,0.139,4,desktop,Organic Search
8679822.35935814,3,1,298.4,117.8,4,36,7,0.194,2,mobile,Direct
2510412.37065324,21,1,341.38,266.0,9,41,10,0.244,3,desktop,Organic Search
8302895.92674337,20,2,214.91,390.5,14,33,11,0.333,1,mobile,Paid Search
3667124.52770443,6,12,363.16,1543.3,49,26,5,0.192,2,desktop,Paid Search
7460508.26222553,12,3,128.74,493.7,18,40,7,0.175,1,desktop,Paid Search
7469138.30263143,9,3,292.29,385.3,23,25,5,0.2,4,desktop,Referral
8654960.22006343,22,2,211.23,369.6,10,41,11,0.268,1,mobile,Direct
9816631.74870274,13,1,359.35,281.5,6,31,9,0.29,2,mobile,Direct
3479327.82600973,19,1,337.43,223.7,5,32,5,0.156,5,desktop,Organic Search
6654775.52840149,15,2,601.79,616.0,15,38,8,0.211,3,desktop,Organic Search
7653346.72043756,10,1,158.24,250.3,6,39,4,0.103,1,mobile,Organic Search
1716663.30665426,8,2,177.43,392.2,15,29,10,0.345,1,desktop,Direct
6966651.46496113,15,2,178.09,396.5,11,21,10,0.476,1,mobile,Referral
3893639.59069178,6,2,493.35,303.9,7,39,7,0.179,5,desktop,Display
2453221.98421662,3,1,350.28,235.1,6,12,6,0.5,3,desktop,Referral
5945243.10629506,17,1,436.06,255.0,8,29,7,0.241,4,desktop,Referral
5156951.76954579,22,2,336.71,402.8,17,41,5,0.122,2,desktop,Paid Search
6193717.55858732,18,3,369.54,621.2,20,41,5,0.122,4,desktop,Organic Search
6777257.12283611,12,1,173.09,128.5,7,13,6,0.462,1,desktop,Direct
5488019.46211841,15,1,191.72,310.8,8,29,9,0.31,2,desktop,Paid Search
9146355.62507792,8,1,402.68,379.7,10,34,3,0.088,5,desktop,Paid Search
2601227.86805393,13,1,305.81,166.9,5,36,7,0.194,2,desktop,Organic Search
3599124.99632098,23,2,369.85,269.8,8,34,7,0.206,5,desktop,Referral
4205994.86343805,20,3,488.25,616.4,18,44,9,0.205,3,mobile,Organic Search
7969437.75021455,2,2,172.53,321.2,16,34,3,0.088,2,desktop,Direct
6868882.12020202,19,2,346.27,623.4,17,15,11,0.733,2,mobile,Affiliates
2857803.88595161,9,1,643.9,267.2,7,14,3,0.214,5,desktop,Paid Search
7699976.51596085,18,2,364.49,378.3,11,19,10,0.526,5,desktop,Email
7943832.69111295,9,2,514.73,282.1,13,29,11,0.379,3,mobile,Direct
7932172.57997646,1,2,307.86,371.5,8,43,4,0.093,3,desktop,Organic Search
1705356.46717315,15,1,483.11,220.9,6,26,8,0.308,4,desktop,Organic Search
2909252.87641178,17,1,494.08,208.4,9,12,6,0.5,5,desktop,Paid Search
9058464.28262049,1,2,265.31,509.8,12,39,6,0.154,3,desktop,Organic Search
8914887.39656390,11,3,225.31,319.9,8,43,6,0.14,3,mobile,Organic Search
2850153.34495774,5,2,761.93,420.6,10,39,5,0.128,5,mobile,Direct
5962380.31555564,24,1,564.98,164.1,5,14,4,0.286,5,desktop,Organic Search
3364149.72942659,9,3,127.7,457.4,13,42,8,0.19,1,desktop,Organic Search
4746562.72761555,22,1,859.39,62.0,3,27,5,0.185,5,mobile,Organic Search
1188503.18781016,18,1,603.64,227.7,5,42,9,0.214,4,desktop,Display
3535841.42578497,18,1,543.08,210.0,7,27,7,0.259,4,mobile,Organic Search
3436127.45602408,3,1,539.42,181.9,5,27,3,0.111,4,desktop,Organic Search
9272173.51401871,18,3,193.65,410.0,12,41,8,0.195,1,mobile,Direct
6291731.81044985,16,1,536.92,202.6,7,43,9,0.209,5,desktop,Direct
2597648.22982978,6,1,268.09,314.1,6,15,5,0.333,2,desktop,Email
4848080.65944421,9,1,330.72,261.7,5,31,5,0.161,2,desktop,Organic Search
5436424.20766892,7,2,493.22,323.2,9,32,6,0.188,4,desktop,Direct
6736240.93179751,23,1,204.5,110.4,4,24,11,0.458,2,mobile,Organic Search
5792030.90860866,3,2,687.77,373.5,11,15,4,0.267,5,mobile,Affiliates
4788933.46024805,20,2,579.72,422.3,9,29,9,0.31,3,mobile,Direct
3797136.56815509,14,12,281.62,1331.4,44,39,10,0.256,3,desktop,Organic Search
6174995.19504595,15,1,483.29,130.5,5,40,10,0.25,3,desktop,Email
9782487.23780436,20,1,882.85,279.5,8,31,4,0.129,5,mobile,Direct
5976882.89831092,22,2,368.7,148.8,8,21,5,0.238,2,mobile,Direct
6796475.11374519,18,2,319.37,253.0,11,10,6,0.6,2,mobile,Direct
1245777.28278766,2,1,692.14,234.5,9,18,10,0.556,5,desktop,Referral
8384452.87829117,3,3,595.46,463.7,20,42,4,0.095,5,mobile,Display
5958202.61252560,19,1,152.6,321.5,8,30,3,0.1,1,tablet,Direct
6820096.53880226,20,3,184.73,199.9,8,17,11,0.647,1,desktop,Email
5597646.43192385,12,1,581.83,141.8,4,28,6,0.214,4,mobile,Display
5414780.36573913,24,1,209.19,260.0,5,23,10,0.435,2,desktop,Organic Search
7730459.71094680,15,5,699.14,1270.2,34,15,6,0.4,4,mobile,Referral
7451594.42916154,23,1,648.24,330.5,8,23,3,0.13,4,mobile,Paid Search
4559862.49171123,13,12,178.85,1779.1,80,28,10,0.357,1,mobile,Organic Search
6423179.79916345,8,1,164.49,91.9,4,33,4,0.121,1,desktop,Organic Search
1079938.95156466,5,6,179.6,553.9,32,35,3,0.086,1,mobile,Organic Search
8759515.99429115,8,1,329.55,178.7,5,36,3,0.083,2,desktop,Direct
3499526.53642370,21,1,105.84,244.0,6,27,5,0.185,1,desktop,Organic Search
5917623.22435214,19,1,445.99,185.7,6,37,8,0.216,4,desktop,Organic Search
4215549.12243124,18,2,97.4,507.7,16,43,8,0.186,1,desktop,Organic Search
2071816.38425841,5,2,340.24,448.3,12,29,11,0.379,2,desktop,Referral
1687194.85204196,5,3,694.41,318.5,10,17,10,0.588,4,desktop,Organic Search
2059417.30848503,14,5,237.36,755.6,18,43,9,0.209,1,mobile,Paid Search
3113551.56481240,24,1,202.26,248.6,7,28,7,0.25,1,desktop,Organic Search
9927936.12527696,24,1,862.02,218.7,8,41,9,0.22,5,mobile,Direct
2460056.39977398,11,2,404.12,278.0,6,22,7,0.318,3,desktop,Direct
1991188.10664879,17,2,144.27,420.9,15,23,3,0.13,1,desktop,Organic Search
9243313.30127107,14,1,141.45,224.1,6,37,10,0.27,1,mobile,Organic Search
6598627.89585565,15,2,534.04,362.1,14,39,4,0.103,5,desktop,Direct
7659105.13805916,7,4,233.4,380.3,14,17,5,0.294,2,desktop,Direct
4192600.14519449,1,1,512.65,167.0,4,22,7,0.318,4,tablet,Organic Search
9404491.51708700,15,3,392.96,730.0,24,44,6,0.136,3,desktop,Direct
9784904.60261012,17,1,509.91,77.3,3,11,3,0.273,3,mobile,Organic Search
1565845.98815623,17,5,611.58,539.9,12,27,9,0.333,4,mobile,Organic Search
8722420.55521491,23,2,229.03,644.1,14,28,4,0.143,2,mobile,Organic Search
3089007.49576625,8,1,578.88,198.0,6,17,11,0.647,4,desktop,Organic Search
4930239.80689059,2,2,309.08,227.3,11,39,4,0.103,3,desktop,Organic Search
3682247.67982289,23,5,293.47,334.3,16,22,6,0.273,3,desktop,Referral
8287413.28047731,12,1,454.71,369.8,8,11,10,0.909,4,mobile,Organic Search
7993355.56344535,3,2,295.66,226.1,11,18,5,0.278,2,mobile,Direct
2838600.11481351,23,2,423.09,354.5,10,10,8,0.8,2,mobile,Organic Search
8956606.88809385,12,1,642.11,173.7,6,16,5,0.312,4,desktop,Affiliates
1568366.58820129,5,4,419.96,776.2,20,10,3,0.3,5,mobile,Organic Search
1841100.14156832,1,2,229.27,527.4,11,18,5,0.278,2,desktop,Direct
1519817.94398302,11,4,420.47,717.9,21,12,5,0.417,3,desktop,Referral
5562966.99949281,11,1,511.43,114.9,4,19,11,0.579,4,tablet,Organic Search
7949397.76357487,9,1,741.51,95.7,3,33,11,0.333,4,mobile,Organic Search
1961073.48819110,5,1,705.39,226.9,9,43,3,0.07,5,mobile,Direct
6069410.63227734,24,2,308.13,505.6,16,12,5,0.417,4,desktop,Referral
2248934.10920871,23,1,256.04,224.8,4,15,11,0.733,2,mobile,Organic Search
6516524.19760438,9,1,423.09,122.4,6,12,6,0.5,5,mobile,Organic Search
9429582.39789949,5,1,782.86,348.9,8,38,5,0.132,5,desktop,Referral
9347073.47014181,1,1,494.5,188.8,5,27,7,0.259,3,desktop,Organic Search
4803497.78035394,19,1,339.53,263.2,8,37,6,0.162,2,desktop,Referral
9099448.25365679,20,2,112.01,691.5,16,24,9,0.375,1,desktop,Organic Search
4983839.20449426,15,1,534.05,247.1,5,35,9,0.257,3,desktop,Direct
7301170.72771753,11,1,321.08,283.5,7,33,11,0.333,4,desktop,Organic Search
2274033.89922889,9,4,283.27,518.3,16,29,11,0.379,4,mobile,Organic Search
9822340.89170051,2,1,522.7,241.9,6,31,5,0.161,3,mobile,Direct
8222157.76772457,6,2,242.74,263.4,11,24,8,0.333,4,desktop,Direct
3508116.98521056,1,1,509.69,154.2,4,37,5,0.135,5,desktop,Paid Search
3764230.56988289,9,5,524.94,1017.1,25,11,11,1.0,5,mobile,Direct
7326390.79702188,9,2,323.36,418.4,12,42,3,0.071,4,desktop,Direct
3934313.47545968,11,2,500.84,183.5,9,27,10,0.37,5,mobile,Organic Search
5276089.41793009,16,1,713.84,214.4,8,29,4,0.138,5,mobile,Organic Search
3944114.91973987,1,1,138.49,85.4,3,11,11,1.0,1,mobile,Organic Search
3178699.48763629,18,6,528.33,750.0,22,34,11,0.324,5,desktop,Paid Search
2340812.77182392,5,2,554.4,366.0,12,19,5,0.263,5,desktop,Organic Search
8251024.54732034,17,2,273.48,259.6,7,31,10,0.323,2,desktop,Direct
1557613.20099163,15,2,694.6,248.6,10,33,8,0.242,4,mobile,Direct
3280824.21418846,12,2,490.5,458.0,10,43,5,0.116,3,desktop,Organic Search
3028626.55911032,16,2,245.95,430.7,10,26,4,0.154,4,desktop,Direct
6257059.73691010,18,3,134.6,319.9,20,19,11,0.579,1,desktop,Referral
9396182.76823578,10,1,320.97,235.1,5,26,6,0.231,2,mobile,Direct
5263864.40212737,3,5,332.51,541.1,14,16,11,0.688,4,desktop,Direct
8829227.10828959,19,1,94.28,122.1,5,21,10,0.476,1,desktop,Display
7580103.58002077,11,1,96.83,210.0,5,37,11,0.297,1,mobile,Direct
5429968.27061029,17,1,128.85,217.3,7,14,11,0.786,1,tablet,Organic Search
3559691.38810796,13,4,734.23,1004.7,25,16,7,0.438,5,mobile,Organic Search
1372448.60980421,2,3,767.84,398.3,16,35,6,0.171,4,desktop,Organic Search
6124150.45264967,12,1,177.49,208.8,4,22,9,0.409,1,mobile,Direct
9110470.51310146,20,2,375.24,285.3,8,41,5,0.122,4,mobile,Paid Search
1652198.14541305,7,2,418.13,277.7,14,26,6,0.231,5,mobile,Organic Search
4309493.26471387,1,8,328.49,988.6,44,32,6,0.188,2,mobile,Organic Search
8752131.85770601,7,1,330.13,91.2,4,23,8,0.348,5,desktop,Organic Search
9673665.56069327,1,1,404.04,276.9,7,34,9,0.265,5,tablet,Organic Search
5397025.89660592,6,1,191.44,207.7,5,28,5,0.179,1,desktop,Organic Search
6724007.87157089,15,3,198.02,606.6,14,19,8,0.421,4,desktop,Organic Search
2753715.27385297,18,1,482.65,282.5,8,31,7,0.226,5,mobile,Direct
1508273.45963715,22,2,263.61,258.6,11,39,4,0.103,3,mobile,Organic Search
8094030.57320046,14,8,351.42,1079.5,54,13,11,0.846,2,desktop,Referral
5935537.18776363,21,1,297.33,371.0,9,33,5,0.152,2,desktop,Direct
2146045.17682054,1,2,587.64,282.4,9,24,11,0.458,5,desktop,Organic Search
4306675.85733789,20,1,184.3,224.4,5,14,4,0.286,1,mobile,Paid Search
7658899.84404224,13,4,229.03,458.2,16,12,5,0.417,4,desktop,Organic Search
3678725.44496042,18,2,910.24,541.5,13,33,9,0.273,5,mobile,Referral
9629757.73592620,17,3,148.59,398.2,9,41,4,0.098,1,mobile,Direct
7203304.56613979,3,1,146.64,104.8,3,16,5,0.312,1,mobile,Organic Search
1954719.77288816,11,4,169.91,502.3,12,36,10,0.278,1,desktop,Direct
4327651.38366658,20,1,216.15,373.6,9,15,6,0.4,1,desktop,Organic Search
7515084.52663259,19,2,200.8,355.9,14,43,3,0.07,2,desktop,Organic Search
2521320.90366068,10,5,143.0,890.9,26,16,11,0.688,1,mobile,Paid Search
4552167.83497965,15,3,266.8,512.3,12,39,3,0.077,3,desktop,Organic Search
4650959.37896737,6,3,407.45,271.7,14,16,9,0.562,2,mobile,Referral
8218622.89359396,4,1,266.68,375.6,9,23,10,0.435,4,desktop,Paid Search
3826116.45884703,4,4,292.19,589.2,19,44,11,0.25,4,desktop,Direct
5976741.71414194,8,3,538.55,425.7,17,21,8,0.381,3,desktop,Organic Search
5518617.74035948,23,1,89.89,212.6,8,26,6,0.231,1,mobile,Paid Search
8449254.46151646,1,1,463.07,236.6,7,26,9,0.346,4,desktop,Referral
8618622.84438441,13,1,320.09,307.1,6,31,9,0.29,2,desktop,Direct
9799054.51881654,5,1,671.99,352.0,7,41,11,0.268,4,desktop,Organic Search
8612412.96461982,22,1,183.83,62.1,3,13,11,0.846,1,mobile,Referral
9467719.94302903,6,3,521.84,299.4,11,38,7,0.184,5,desktop,Referral
4522052.91023886,5,2,248.13,544.2,13,10,10,1.0,2,mobile,Organic Search
4930531.91751810,10,1,192.35,279.8,6,26,3,0.115,1,desktop,Organic Search
8285887.23234188,16,3,125.93,990.6,23,21,8,0.381,2,mobile,Referral
2150770.68350068,9,2,97.0,228.5,8,17,4,0.235,1,desktop,Paid Search
3208330.76700307,5,2,503.73,421.4,9,26,9,0.346,3,mobile,Direct
8027750.57588324,11,2,200.67,294.3,14,43,6,0.14,3,desktop,Organic Search
8006174.57629888,24,1,589.3,201.5,9,33,7,0.212,5,mobile,Direct
6127914.28128781,9,1,107.74,250.3,6,35,8,0.229,2,desktop,Direct
6277607.24470785,10,6,344.96,513.4,23,12,11,0.917,3,desktop,Direct
6582326.80482088,19,5,527.34,438.9,23,36,3,0.083,4,mobile,Organic Search
7906757.23464501,12,3,372.06,508.0,23,23,3,0.13,3,desktop,Organic Search
8102343.75537726,1,1,218.44,270.9,8,37,11,0.297,1,mobile,Organic Search
2340160.16936163,2,5,666.92,1342.5,30,13,5,0.385,5,desktop,Organic Search
6859202.47102689,23,1,161.98,314.3,9,25,7,0.28,1,desktop,Referral
5484142.12161019,7,2,195.28,389.6,10,13,10,0.769,2,mobile,Paid Search
3148663.69433539,23,1,422.07,274.1,6,24,8,0.333,5,desktop,Organic Search
6695917.36362428,18,1,646.2,170.1,5,30,7,0.233,4,desktop,Referral
4080695.52093007,7,3,309.32,329.6,17,21,6,0.286,2,desktop,Organic Search
4061347.35780384,17,1,181.54,196.5,4,39,11,0.282,1,mobile,Organic Search
3818226.56419698,8,2,151.36,447.5,11,24,6,0.25,1,desktop,Organic Search
5991612.69188207,6,1,423.51,299.0,7,20,9,0.45,5,desktop,Direct
3242188.25022202,11,1,341.21,135.1,6,36,3,0.083,3,mobile,Paid Search
3822215.79934411,15,4,398.8,335.7,13,20,4,0.2,3,tablet,Organic Search
8526204.80426382,17,1,0.0,404.1,10,8,5,0.625,0,desktop,Referral
4528792.94794905,31,2,54.05,268.8,14,9,2,0.222,1,desktop,Referral
6140422.44262571,43,1,0.0,302.1,6,18,4,0.222,0,mobile,Direct
6254515.88581812,42,1,0.0,97.4,5,20,4,0.2,0,mobile,Direct
4908904.18431694,43,3,61.16,496.5,22,7,3,0.429,1,mobile,Organic Search
3759565.99451566,19,2,0.0,257.2,14,6,4,0.667,0,desktop,Paid Search
5180841.29098672,39,1,57.58,178.5,7,22,3,0.136,1,desktop,Direct
8931399.43646422,25,1,58.96,188.8,5,13,3,0.231,1,mobile,Email
3878992.18415310,22,2,22.66,216.6,10,18,5,0.278,1,mobile,Direct
9515655.85162755,13,2,0.0,485.8,14,8,4,0.5,0,mobile,Organic Search
4500966.53733967,37,1,0.0,333.2,9,21,3,0.143,0,desktop,Direct
3287079.96616128,7,2,0.0,200.2,8,11,4,0.364,0,desktop,Organic Search
9271221.23015413,23,2,21.69,405.3,11,19,2,0.105,1,mobile,Organic Search
3184336.90263957,12,3,27.25,390.6,16,16,5,0.312,1,mobile,Organic Search
2963201.42359150,40,1,46.21,187.3,7,23,3,0.13,1,mobile,Organic Search
8277454.31266161,31,1,0.0,150.3,6,12,5,0.417,0,desktop,Referral
8615517.69141083,11,4,50.43,544.2,24,21,5,0.238,1,mobile,Organic Search
2672284.12716962,16,12,60.44,2384.0,61,8,2,0.25,1,desktop,Referral
2548146.57292274,34,6,29.61,1315.4,30,24,4,0.167,1,desktop,Direct
9639908.52624466,34,1,0.0,255.0,7,16,5,0.312,0,desktop,Referral
2155098.14365461,30,3,63.55,833.3,20,12,3,0.25,1,mobile,Direct
2687784.49076400,28,1,0.0,174.8,8,14,2,0.143,0,desktop,Organic Search
4976535.37442726,32,2,0.0,212.8,6,20,2,0.1,0,desktop,Direct
6593298.32378337,32,3,28.04,901.7,23,20,3,0.15,1,desktop,Direct
3294147.93726436,26,1,0.0,124.1,5,11,2,0.182,0,desktop,Organic Search
5807684.63846715,42,2,0.0,195.9,8,6,5,0.833,0,mobile,Organic Search
6149455.23874175,10,3,0.0,394.7,19,22,2,0.091,0,mobile,Organic Search
6238790.78141845,6,3,36.98,755.5,21,20,3,0.15,1,mobile,Organic Search
1380889.43261001,31,2,25.11,193.6,7,20,5,0.25,1,mobile,Organic Search
3510060.63896559,30,2,0.0,402.3,13,19,3,0.158,0,desktop,Paid Search
9154185.44194143,38,1,0.0,137.1,4,13,5,0.385,0,desktop,Direct
1585532.67469126,33,3,50.8,905.5,20,21,2,0.095,1,desktop,Organic Search
3787849.71374332,22,1,55.68,122.8,3,6,3,0.5,1,mobile,Direct
2261899.35518083,43,3,0.0,154.0,8,7,2,0.286,0,desktop,Affiliates
4494866.84795191,14,1,22.65,132.1,4,16,5,0.312,1,desktop,Direct
5951302.65631766,11,2,57.08,467.9,14,11,2,0.182,1,desktop,Organic Search
7348619.64474172,36,4,31.09,619.2,15,12,4,0.333,1,mobile,Organic Search
8945071.29620533,7,1,0.0,216.0,8,21,3,0.143,0,desktop,Direct
6740697.32856628,25,3,30.21,214.3,11,19,5,0.263,1,desktop,Organic Search
6014243.45583934,44,1,50.27,135.2,4,10,5,0.5,1,desktop,Organic Search
9259588.13048542,37,1,42.5,50.8,3,16,3,0.188,1,desktop,Organic Search
5943638.14925802,25,3,0.0,453.9,11,24,4,0.167,0,desktop,Organic Search
4280569.69641385,43,1,48.05,127.4,2,23,5,0.217,1,desktop,Display
3146774.38483070,12,1,41.01,149.8,4,8,5,0.625,1,mobile,Direct
7080764.74822002,31,2,29.38,630.8,15,18,4,0.222,1,mobile,Organic Search
6817652.16734379,44,2,37.62,271.0,8,6,4,0.667,1,desktop,Display
4045469.76611811,13,1,41.48,182.8,5,24,2,0.083,1,mobile,Paid Search
8769288.29276094,19,1,29.56,171.8,6,9,5,0.556,1,desktop,Affiliates
4554440.88259639,14,2,0.0,344.1,9,15,3,0.2,0,desktop,Referral
2120496.91587900,14,4,50.86,283.9,14,17,4,0.235,1,mobile,Organic Search
4387125.72038196,26,2,0.0,335.6,9,22,3,0.136,0,mobile,Direct
4959906.43819714,32,1,23.56,96.6,3,9,5,0.556,1,desktop,Organic Search
1230831.91941660,30,5,58.34,1060.6,32,16,3,0.188,1,desktop,Referral
7850017.93090455,9,6,0.0,992.3,37,12,2,0.167,0,desktop,Organic Search
6065357.96480854,30,2,45.23,333.8,8,6,2,0.333,1,desktop,Referral
1740621.42220205,13,1,0.0,230.6,8,8,2,0.25,0,tablet,Paid Search
6136634.53204833,23,1,0.0,121.8,7,14,4,0.286,0,desktop,Paid Search
1055401.19196115,41,1,0.0,396.5,9,24,2,0.083,0,mobile,Organic Search
5062389.84426174,14,3,43.69,271.5,15,15,2,0.133,1,desktop,Organic Search
6519309.35778400,24,1,23.45,89.2,2,5,5,1.0,1,desktop,Referral
8223926.90009523,22,1,21.85,138.7,5,14,5,0.357,1,mobile,Referral
3615452.92689685,23,2,0.0,222.8,12,21,2,0.095,0,mobile,Direct
3088409.61891341,20,1,43.01,143.6,6,5,5,1.0,1,mobile,Referral
3979842.74747708,34,1,0.0,127.5,5,16,4,0.25,0,tablet,Referral
1532751.14825032,18,2,49.48,278.1,6,11,3,0.273,1,desktop,Organic Search
9383494.25911495,21,1,0.0,82.8,4,10,2,0.2,0,mobile,Paid Search
8925714.70067592,14,5,0.0,1180.5,31,20,2,0.1,0,desktop,Organic Search
6419224.75359226,35,2,63.84,298.3,13,9,3,0.333,1,desktop,Organic Search
1671286.14554072,17,8,47.69,1306.8,47,13,3,0.231,1,desktop,Referral
1752648.11839744,11,1,0.0,197.3,8,21,2,0.095,0,desktop,Paid Search
9388740.50267953,32,5,0.0,1033.4,33,21,3,0.143,0,desktop,Referral
2124995.23110186,10,1,61.21,227.2,5,10,3,0.3,1,desktop,Affiliates
9138781.80692317,7,1,0.0,321.9,9,14,4,0.286,0,desktop,Referral
1065805.37137825,8,5,39.65,666.1,17,10,2,0.2,1,mobile,Organic Search
6908513.47039876,14,2,0.0,387.7,11,23,3,0.13,0,mobile,Direct
3012057.46902108,12,3,37.63,312.9,11,9,5,0.556,1,desktop,Organic Search
4835956.73005944,12,4,32.66,511.9,15,17,5,0.294,1,mobile,Referral
5987399.52509902,35,1,0.0,238.9,6,10,5,0.5,0,mobile,Organic Search
6529698.83098450,38,1,52.68,178.5,6,18,4,0.222,1,desktop,Organic Search
1830662.54634522,18,2,63.51,258.7,12,19,5,0.263,1,mobile,Direct
7808924.36141365,18,1,37.43,142.5,4,14,2,0.143,1,mobile,Organic Search
8805733.27511919,29,1,28.74,309.2,8,16,4,0.25,1,desktop,Direct
1311843.77951191,17,1,0.0,405.8,10,17,5,0.294,0,desktop,Paid Search
7875192.99453107,11,1,24.34,100.1,3,20,2,0.1,1,mobile,Organic Search
6480169.13259447,43,1,58.7,316.5,7,21,2,0.095,1,mobile,Direct
6412637.41412544,42,1,0.0,229.3,5,22,2,0.091,0,desktop,Organic Search
9669227.34718370,39,1,0.0,133.1,3,15,4,0.267,0,mobile,Direct
1806586.88866393,30,1,0.0,271.0,7,10,2,0.2,0,desktop,Paid Search
2867683.39512883,31,1,0.0,317.6,7,21,3,0.143,0,desktop,Organic Search
6953976.39543848,41,2,57.69,301.9,10,8,4,0.5,1,mobile,Organic Search
3978095.54579965,37,1,0.0,210.1,9,17,2,0.118,0,desktop,Organic Search
2157245.58799338,16,2,43.21,313.2,12,16,5,0.312,1,mobile,Direct
9058316.99393861,31,6,51.62,1037.6,33,10,4,0.4,1,desktop,Organic Search
7583286.63443095,24,1,58.4,212.3,5,16,2,0.125,1,desktop,Direct
3002969.88537192,40,3,53.26,473.6,12,20,2,0.1,1,desktop,Direct
1856892.73934844,36,1,0.0,268.1,6,13,4,0.308,0,desktop,Organic Search
8581709.51789642,40,3,23.1,298.1,9,7,4,0.571,1,tablet,Organic Search
6129656.83025588,36,3,41.76,434.3,14,16,5,0.312,1,mobile,Direct
9366206.12961917,6,2,0.0,191.7,9,7,3,0.429,0,mobile,Organic Search
5654633.46888139,22,2,0.0,433.5,11,7,5,0.714,0,mobile,Referral
3077905.87825242,5,4,0.0,558.8,14,13,2,0.154,0,mobile,Direct
2202058.40241818,33,1,0.0,170.5,4,9,4,0.444,0,desktop,Direct
4761215.30419634,11,1,0.0,401.7,10,23,5,0.217,0,mobile,Organic Search
7156156.67590656,30,2,0.0,296.8,9,23,2,0.087,0,desktop,Display
1038701.24013555,14,1,0.0,295.5,7,5,2,0.4,0,mobile,Affiliates
4558165.89214949,16,1,32.29,307.0,7,8,5,0.625,1,desktop,Direct
4634455.48293917,27,1,37.79,376.5,10,23,5,0.217,1,desktop,Organic Search
7039101.80941110,15,6,34.73,1655.0,38,23,4,0.174,1,desktop,Referral
2754657.70308407,44,1,21.6,194.1,8,14,2,0.143,1,desktop,Organic Search
8884642.90060519,17,1,0.0,219.9,6,23,5,0.217,0,mobile,Direct
3925792.79192665,18,3,31.39,304.6,13,16,5,0.312,1,desktop,Organic Search
8441270.23752410,35,1,0.0,319.1,8,13,2,0.154,0,mobile,Direct
8448602.93407267,42,1,62.37,167.5,5,17,2,0.118,1,desktop,Paid Search
8963919.88427832,28,2,0.0,523.8,12,9,4,0.444,0,desktop,Organic Search
3329461.54850960,14,1,45.81,237.3,7,7,3,0.429,1,desktop,Direct
8558791.17972870,13,1,0.0,228.4,4,16,4,0.25,0,desktop,Organic Search
3074566.28679862,19,1,0.0,178.4,8,13,3,0.231,0,desktop,Paid Search
4594986.20332404,18,1,30.52,201.1,8,7,4,0.571,1,desktop,Display
2599147.98692463,18,3,0.0,312.4,12,12,2,0.167,0,desktop,Organic Search
5357177.83393493,19,6,47.62,1004.8,25,7,4,0.571,1,desktop,Referral
1676749.14518872,35,1,0.0,155.4,4,15,2,0.133,0,desktop,Organic Search
9611578.96524836,29,3,41.05,363.9,18,5,4,0.8,1,desktop,Direct
1116969.31973138,30,2,25.41,283.0,8,6,3,0.5,1,desktop,Direct
5469364.67797364,22,1,38.7,283.9,7,13,3,0.231,1,desktop,Referral
8542856.10879489,17,3,39.4,430.7,20,9,2,0.222,1,mobile,Display
2192634.11992186,44,2,42.89,350.3,11,15,5,0.333,1,desktop,Direct
6373915.58636710,34,3,44.33,485.6,11,11,3,0.273,1,mobile,Direct
5779742.28119367,42,5,0.0,575.4,16,5,3,0.6,0,desktop,Direct
7817828.92242238,28,1,22.18,138.5,5,19,4,0.211,1,mobile,Organic Search
7287351.98605469,31,1,55.09,263.1,9,20,4,0.2,1,mobile,Display
8425120.17555244,13,1,0.0,206.8,4,7,2,0.286,0,mobile,Referral
8139552.65651448,11,5,51.57,805.0,17,9,3,0.333,1,desktop,Direct
6245738.28055168,35,1,0.0,246.1,8,12,2,0.167,0,desktop,Direct
4149677.42068218,39,1,0.0,248.7,6,12,2,0.167,0,desktop,Organic Search
1966855.40035927,36,1,48.64,363.1,7,9,5,0.556,1,desktop,Direct
2474359.50968733,40,5,0.0,1027.5,27,18,4,0.222,0,desktop,Paid Search
8840867.76880046,41,3,25.44,949.7,21,19,4,0.211,1,mobile,Referral
3398505.62456952,39,1,0.0,135.1,7,8,4,0.5,0,desktop,Direct
9046275.95453079,14,2,0.0,235.3,9,13,5,0.385,0,mobile,Display
3754776.37685953,11,2,0.0,526.8,13,19,4,0.211,0,desktop,Direct
1515313.78986878,24,2,61.04,330.7,11,22,5,0.227,1,tablet,Referral
3609977.42084184,40,1,28.33,205.3,6,5,4,0.8,1,mobile,Paid Search
4461854.18884080,27,1,0.0,362.5,9,9,5,0.556,0,desktop,Organic Search
1933120.62387669,23,1,50.53,142.1,4,14,3,0.214,1,mobile,Referral
4867851.39607252,17,3,40.17,200.8,11,5,4,0.8,1,mobile,Direct
8181485.29432971,33,5,0.0,714.1,17,8,4,0.5,0,desktop,Paid Search
4724378.38409277,43,3,49.87,846.8,24,24,4,0.167,1,desktop,Paid Search
5443606.21877890,29,3,49.51,695.9,24,21,5,0.238,1,mobile,Paid Search
9988955.36393056,26,2,0.0,348.3,11,18,4,0.222,0,desktop,Organic Search
2937875.72936007,13,1,55.82,158.2,4,16,4,0.25,1,mobile,Organic Search
5895231.77023370,42,1,38.32,169.6,5,7,2,0.286,1,desktop,Referral
9889805.72718109,11,1,37.93,202.6,5,5,2,0.4,1,mobile,Organic Search
5461519.39025596,35,1,54.14,145.0,8,18,5,0.278,1,desktop,Referral
6322773.92001740,8,1,21.13,170.1,9,19,2,0.105,1,desktop,Organic Search
5920357.59724273,39,1,46.25,275.6,6,24,2,0.083,1,mobile,Direct
2037422.49529467,19,1,0.0,276.5,9,6,3,0.5,0,desktop,Referral
7445219.83908670,20,4,24.12,329.6,20,12,3,0.25,1,mobile,Paid Search
9208661.68468507,18,2,20.67,413.2,13,14,3,0.214,1,desktop,Organic Search
9339186.15622057,12,1,26.03,165.0,5,7,4,0.571,1,desktop,Affiliates
6280018.33227421,16,1,27.76,90.6,3,21,2,0.095,1,mobile,Direct
4172601.95126673,23,6,45.76,383.5,19,16,4,0.25,1,mobile,Display
7079592.49924052,5,1,0.0,209.8,6,21,4,0.19,0,desktop,Organic Search
9501552.45744553,19,6,0.0,957.6,34,6,4,0.667,0,desktop,Organic Search
9803221.36360121,42,1,51.89,192.6,6,18,3,0.167,1,desktop,Organic Search
3546595.67890560,42,1,0.0,228.2,5,5,3,0.6,0,desktop,Direct
9421178.17085720,15,12,60.21,1529.3,39,6,2,0.333,1,mobile,Organic Search
7572601.47257433,14,5,30.16,1309.4,30,18,5,0.278,1,mobile,Organic Search
8846533.80164826,11,1,20.58,315.9,7,5,4,0.8,1,desktop,Paid Search
2507328.70400557,29,1,0.0,343.6,9,7,5,0.714,0,tablet,Organic Search
9786219.23349677,37,1,61.43,174.8,4,14,5,0.357,1,desktop,Organic Search
7781658.19792984,8,1,20.96,160.0,3,20,5,0.25,1,mobile,Organic Search
2498656.33427666,26,1,0.0,109.8,2,11,4,0.364,0,desktop,Organic Search
5861086.80601101,40,1,0.0,93.0,5,15,5,0.333,0,desktop,Organic Search
2003800.13555686,23,1,0.0,428.2,9,21,2,0.095,0,desktop,Affiliates
7521289.39123771,44,1,0.0,242.0,6,20,2,0.1,0,desktop,Organic Search
6356625.48184769,41,1,22.39,201.8,5,16,3,0.188,1,desktop,Organic Search
6204583.39758166,14,1,59.22,68.8,3,10,2,0.2,1,tablet,Organic Search
8625062.20417226,37,1,0.0,248.9,5,16,4,0.25,0,desktop,Direct
7927561.48516568,28,1,0.0,287.0,8,9,4,0.444,0,mobile,Organic Search
1825438.91113083,18,1,27.47,175.6,9,24,5,0.208,1,mobile,Organic Search
7859251.23863236,43,2,0.0,428.8,11,24,3,0.125,0,desktop,Direct
5873190.24053565,38,1,22.81,157.3,4,11,4,0.364,1,desktop,Direct
2699025.36693288,27,5,0.0,731.1,28,13,5,0.385,0,mobile,Paid Search
4124613.98606526,41,1,26.44,118.5,4,9,3,0.333,1,desktop,Organic Search
5582746.47703300,16,2,57.43,736.6,16,12,5,0.417,1,desktop,Direct
8729611.13382716,44,5,28.46,614.7,16,12,4,0.333,1,desktop,Organic Search
8937124.13302167,29,4,20.8,672.3,21,17,3,0.176,1,desktop,Direct
1918919.12960142,37,2,0.0,190.3,9,11,4,0.364,0,desktop,Paid Search
4979389.98118804,22,3,0.0,824.6,21,6,4,0.667,0,desktop,Organic Search
8591761.16426777,37,5,0.0,521.5,19,22,4,0.182,0,mobile,Affiliates
6421272.94398073,17,1,0.0,190.5,4,8,2,0.25,0,mobile,Direct
8696456.35347443,29,2,0.0,527.3,11,16,5,0.312,0,desktop,Organic Search
6375340.41703833,19,18,30.97,2294.6,52,20,4,0.2,1,mobile,Direct
3007322.89410177,18,3,23.23,683.7,20,9,5,0.556,1,mobile,Organic Search
5525672.52767624,12,1,59.98,138.2,4,9,5,0.556,1,mobile,Direct
5636393.29024911,15,2,48.25,315.2,11,10,3,0.3,1,mobile,Organic Search
9046700.63753780,34,1,0.0,135.4,4,12,3,0.25,0,desktop,Display
4201770.63869654,44,5,39.17,419.9,26,17,3,0.176,1,mobile,Referral
3114906.53834596,38,1,0.0,192.0,7,5,4,0.8,0,desktop,Paid Search
7739720.84604220,8,1,41.07,189.0,5,9,2,0.222,1,desktop,Direct
4776227.74430654,31,3,46.23,201.0,10,10,3,0.3,1,mobile,Paid Search
5359155.16984783,30,2,37.19,296.7,16,19,3,0.158,1,desktop,Organic Search
9789277.88232337,15,1,22.13,129.3,5,22,2,0.091,1,desktop,Organic Search
7071807.14634250,13,3,30.87,723.2,23,22,5,0.227,1,mobile,Organic Search
7046639.31411992,23,1,0.0,219.6,6,9,5,0.556,0,mobile,Direct
9404994.18054178,30,3,49.54,914.6,21,8,2,0.25,1,mobile,Organic Search
7446652.45203316,10,1,43.49,209.1,10,8,5,0.625,1,mobile,Organic Search
9592950.80444008,6,2,58.35,120.5,6,20,2,0.1,1,desktop,Direct
6699726.56846099,43,3,0.0,560.5,20,5,4,0.8,0,desktop,Organic Search
6286733.65094370,28,2,0.0,495.8,11,9,4,0.444,0,desktop,Organic Search
3558037.58189669,6,1,52.08,41.8,2,17,5,0.294,1,desktop,Direct
3077164.34748527,12,4,0.0,579.8,25,16,3,0.188,0,desktop,Direct
5783520.67051011,32,2,0.0,753.4,16,7,4,0.571,0,desktop,Organic Search
1531506.98374818,43,2,0.0,382.5,16,18,4,0.222,0,mobile,Direct
2514591.59676222,44,2,36.42,221.2,7,10,3,0.3,1,desktop,Direct
7375322.34230925,22,3,47.8,399.0,15,24,5,0.208,1,desktop,Referral
7111100.55634996,37,1,0.0,221.1,7,17,3,0.176,0,tablet,Direct
1255088.88248554,28,3,0.0,454.0,16,5,4,0.8,0,mobile,Referral
2468486.20852448,39,2,0.0,468.5,15,6,4,0.667,0,desktop,Organic Search
6560418.27127216,21,1,0.0,273.0,8,19,4,0.211,0,mobile,Direct
4668886.13140394,41,1,0.0,192.7,4,15,3,0.2,0,mobile,Organic Search
6300692.88807307,8,1,64.03,147.0,7,17,5,0.294,1,desktop,Referral
2158315.61593410,14,1,51.89,204.1,6,5,4,0.8,1,desktop,Organic Search
8762370.29254606,19,3,0.0,594.9,16,11,5,0.455,0,mobile,Direct
3330416.51341994,7,1,41.76,289.6,9,14,4,0.286,1,mobile,Affiliates
4369637.17595828,10,2,49.49,259.6,6,10,5,0.5,1,mobile,Organic Search
5044329.92411259,9,1,0.0,339.1,8,14,3,0.214,0,desktop,Organic Search
6335462.38635147,26,2,0.0,220.3,9,17,5,0.294,0,desktop,Referral
9824666.17924052,32,5,0.0,802.2,19,17,4,0.235,0,tablet,Organic Search
2884862.98832681,44,2,61.28,559.3,12,12,4,0.333,1,desktop,Organic Search
2461466.83238323,20,2,35.88,383.1,9,17,3,0.176,1,mobile,Organic Search
2308029.30113624,44,1,0.0,328.4,9,10,4,0.4,0,mobile,Organic Search
7972596.68775903,17,1,45.16,207.5,4,15,3,0.2,1,desktop,Referral
4442100.34140311,29,5,29.99,613.2,34,17,4,0.235,1,desktop,Referral
9342699.51675218,18,1,0.0,200.1,7,14,2,0.143,0,desktop,Direct
1599033.80999022,9,1,41.13,62.5,3,15,3,0.2,1,desktop,Organic Search
5784007.25150323,15,1,0.0,83.5,4,12,2,0.167,0,desktop,Paid Search
7815126.56382950,29,1,21.16,127.0,5,9,5,0.556,1,mobile,Organic Search
5563768.86316212,39,1,0.0,235.1,8,23,2,0.087,0,desktop,Organic Search
4659389.13818545,29,3,41.99,274.4,14,10,3,0.3,1,desktop,Referral
8303642.28574701,12,2,53.79,172.2,8,7,3,0.429,1,desktop,Organic Search
5581934.48774353,18,2,0.0,172.4,9,23,4,0.174,0,mobile,Direct
9158828.11911381,9,2,60.31,313.3,12,21,5,0.238,1,desktop,Display
3147424.44129999,12,1,44.03,347.2,7,6,3,0.5,1,mobile,Organic Search
6386100.29547922,29,1,0.0,357.4,10,24,4,0.167,0,mobile,Organic Search
6710312.25895060,26,1,55.89,95.6,3,17,5,0.294,1,desktop,Referral
9164176.94220460,34,1,23.16,180.7,5,10,5,0.5,1,mobile,Organic Search
1839300.64860554,13,1,20.61,207.7,6,23,3,0.13,1,desktop,Organic Search
8251482.41710359,34,1,57.93,141.0,4,18,5,0.278,1,desktop,Organic Search
7151406.82034859,13,1,46.92,181.9,4,20,4,0.2,1,tablet,Organic Search
8745483.62460050,43,3,33.74,506.4,11,16,3,0.188,1,desktop,Direct
6479726.22814171,39,1,0.0,187.2,7,18,3,0.167,0,desktop,Paid Search
5083953.75197256,23,1,48.66,218.2,8,7,3,0.429,1,desktop,Organic Search
8166936.41262343,31,1,0.0,213.6,6,11,4,0.364,0,desktop,Direct
3557659.14987638,22,2,0.0,343.6,10,24,5,0.208,0,mobile,Email
2920561.77496856,40,4,0.0,324.0,16,23,5,0.217,0,mobile,Affiliates
7074550.83113647,7,1,0.0,204.6,6,5,2,0.4,0,mobile,Organic Search
7973137.84581126,27,2,0.0,240.8,12,11,2,0.182,0,desktop,Referral
3899897.50292006,15,1,40.64,187.7,8,18,3,0.167,1,mobile,Paid Search
6466562.75940650,12,2,0.0,251.0,15,10,5,0.5,0,mobile,Direct
4391773.74227836,35,1,0.0,243.7,9,5,4,0.8,0,desktop,Paid Search
2617350.35969430,25,1,0.0,104.8,5,5,3,0.6,0,mobile,Affiliates
7029185.78898512,38,1,56.77,185.3,7,18,4,0.222,1,desktop,Paid Search
1684298.96777181,11,1,0.0,133.1,4,9,5,0.556,0,desktop,Paid Search
8109116.41689383,37,4,0.0,363.7,15,5,5,1.0,0,desktop,Referral
6868582.34610095,12,2,47.98,303.1,11,17,3,0.176,1,desktop,Organic Search
2019393.62547254,17,2,28.06,163.8,7,15,4,0.267,1,desktop,Organic Search
9059762.89002915,31,1,22.6,188.3,5,10,2,0.2,1,tablet,Direct
1713942.64746243,13,6,0.0,1140.7,43,10,4,0.4,0,desktop,Direct
1662225.97304328,29,1,31.02,292.5,6,6,2,0.333,1,desktop,Organic Search
4707292.93035249,32,1,50.45,452.5,10,13,5,0.385,1,mobile,Referral
5594246.73964780,14,2,26.93,246.5,11,8,3,0.375,1,desktop,Paid Search
1146715.73620446,42,1,0.0,237.8,7,22,5,0.227,0,desktop,Direct
6381277.26024834,40,6,0.0,670.2,20,9,4,0.444,0,desktop,Paid Search
5038416.40694449,34,1,29.34,286.0,6,17,2,0.118,1,mobile,Direct
1276488.82913114,23,3,0.0,305.9,9,14,2,0.143,0,mobile,Email
7084493.46041070,30,2,0.0,303.0,7,18,3,0.167,0,desktop,Direct
3754248.30525102,10,2,30.89,449.1,10,7,4,0.571,1,desktop,Referral
7847937.15681095,38,2,0.0,364.6,14,9,5,0.556,0,desktop,Organic Search
5628308.30074183,19,3,0.0,502.5,17,9,4,0.444,0,mobile,Organic Search
1695270.61940171,23,1,0.0,212.6,6,5,5,1.0,0,mobile,Organic Search
3510275.93172317,21,1,0.0,197.0,6,12,4,0.333,0,mobile,Direct
7389036.45236915,26,1,27.03,114.9,3,6,4,0.667,1,desktop,Direct
9866422.81058173,17,2,64.09,439.5,10,22,5,0.227,1,mobile,Direct
5483113.21591585,43,2,0.0,416.6,14,18,5,0.278,0,desktop,Direct
1695573.84046268,20,5,0.0,538.0,17,6,2,0.333,0,mobile,Email
5230202.93477970,16,1,63.73,410.9,8,14,5,0.357,1,desktop,Organic Search
5335627.55230454,10,2,0.0,423.7,9,18,3,0.167,0,desktop,Organic Search
8429554.50929753,10,1,0.0,228.8,5,12,5,0.417,0,desktop,Organic Search
5677860.91729857,30,2,0.0,335.9,10,19,4,0.211,0,desktop,Organic Search
3150077.30503734,15,1,33.1,170.3,7,20,2,0.1,1,desktop,Referral
9366216.98443734,26,1,60.68,87.8,3,22,4,0.182,1,mobile,Referral
9257501.11706811,22,1,0.0,239.4,6,5,2,0.4,0,desktop,Direct
9617910.24067618,36,12,34.12,2970.3,74,14,5,0.357,1,mobile,Organic Search
9020144.72109009,21,1,21.19,194.2,8,14,2,0.143,1,mobile,Organic Search
5731611.50867914,21,2,0.0,276.8,11,20,2,0.1,0,mobile,Organic Search
7135906.68730254,13,1,34.75,170.9,7,7,4,0.571,1,mobile,Direct
5796967.17337058,23,6,0.0,474.0,19,18,2,0.111,0,mobile,Organic Search
3715722.25979067,44,6,53.97,1394.4,40,11,4,0.364,1,mobile,Organic Search
9915755.85747240,35,2,37.81,500.4,11,5,3,0.6,1,desktop,Organic Search
1224739.66163321,34,2,33.23,199.4,6,10,2,0.2,1,desktop,Direct
3263750.55560752,35,1,53.18,140.8,4,19,3,0.158,1,desktop,Direct
9357807.63001787,29,6,0.0,1267.8,31,20,3,0.15,0,desktop,Direct
9570775.39156154,36,5,48.14,1203.7,32,23,3,0.13,1,tablet,Organic Search
3509337.85635114,33,2,32.72,469.0,12,14,5,0.357,1,desktop,Organic Search
9998048.68936853,36,1,50.9,409.6,10,20,3,0.15,1,mobile,Direct
8313794.46060121,31,1,63.92,203.6,4,11,4,0.364,1,desktop,Organic Search
7991726.25956728,36,2,63.81,251.4,13,19,5,0.263,1,tablet,Direct
6146608.45484507,23,1,34.88,491.6,10,15,5,0.333,1,tablet,Organic Search
3481474.10831682,43,1,0.0,261.3,6,14,5,0.357,0,desktop,Organic Search
5143441.42902248,16,2,50.25,622.3,15,20,2,0.1,1,tablet,Direct
6938641.43730528,6,1,45.56,128.3,5,21,4,0.19,1,desktop,Organic Search
7420211.17333906,6,3,36.0,502.9,11,17,4,0.235,1,desktop,Display
9913135.17605379,31,1,52.7,302.7,7,22,5,0.227,1,mobile,Organic Search
4201334.33703179,41,2,36.46,237.7,13,12,3,0.25,1,desktop,Organic Search
8177838.54491772,16,1,34.9,193.5,5,9,2,0.222,1,desktop,Direct
7750113.79670755,6,4,0.0,1142.9,29,7,2,0.286,0,mobile,Direct
6829831.62999115,11,2,0.0,315.1,10,7,4,0.571,0,desktop,Organic Search
5595615.58686626,24,1,0.0,119.6,3,12,4,0.333,0,desktop,Organic Search
7982931.81693742,32,1,0.0,469.3,10,23,3,0.13,0,desktop,Organic Search
5103543.86320111,28,2,24.03,330.9,7,13,2,0.154,1,desktop,Organic Search
1177720.49585952,25,3,40.93,366.6,22,9,4,0.444,1,mobile,Organic Search
7184015.64645002,27,2,58.11,268.3,7,18,4,0.222,1,desktop,Direct
4660069.92914608,24,1,59.22,303.4,8,13,4,0.308,1,desktop,Email
1593461.17182934,9,3,46.8,901.0,21,10,5,0.5,1,mobile,Organic Search
5200041.64801590,10,1,62.96,213.2,7,9,4,0.444,1,mobile,Organic Search
4690445.79886131,28,2,0.0,258.4,14,6,4,0.667,0,mobile,Organic Search
6798467.48460009,28,2,0.0,382.3,16,19,4,0.211,0,desktop,Organic Search
3586261.77494736,6,3,0.0,421.6,9,10,2,0.2,0,desktop,Email
5416639.85603312,9,2,23.31,491.1,11,18,5,0.278,1,desktop,Organic Search
2840448.78790956,14,1,0.0,181.5,4,20,3,0.15,0,mobile,Paid Search
7342562.58312622,11,2,28.27,214.4,9,15,4,0.267,1,mobile,Direct
9560957.75193309,22,4,0.0,505.6,21,5,5,1.0,0,desktop,Organic Search
9341765.73840228,19,2,32.58,502.6,15,13,2,0.154,1,mobile,Organic Search
3615477.44502944,14,3,0.0,436.8,12,10,5,0.5,0,desktop,Organic Search
8967245.11914019,5,2,0.0,481.1,13,8,3,0.375,0,desktop,Direct
9228470.95474491,25,1,30.61,318.1,10,16,2,0.125,1,mobile,Organic Search
8559244.52092563,20,4,0.0,937.3,20,13,3,0.231,0,desktop,Paid Search
7183265.36865627,18,2,0.0,428.7,10,20,2,0.1,0,mobile,Direct
2624465.32547856,37,1,61.1,157.1,6,8,5,0.625,1,mobile,Organic Search
9053085.45954409,5,1,0.0,192.7,6,15,4,0.267,0,mobile,Organic Search
7445345.62009225,17,1,0.0,160.3,5,24,3,0.125,0,mobile,Organic Search
9895861.56598086,24,1,31.11,425.5,9,24,3,0.125,1,tablet,Organic Search
4986378.44397515,15,3,64.6,245.9,14,15,2,0.133,1,desktop,Organic Search
7063431.16999239,21,2,40.43,402.7,8,19,3,0.158,1,desktop,Referral
9680228.98268175,28,2,49.57,404.5,9,9,3,0.333,1,desktop,Referral
1908244.11414072,21,2,33.69,214.5,12,12,2,0.167,1,mobile,Organic Search
8917352.92778969,27,1,0.0,226.2,6,9,5,0.556,0,mobile,Referral
5146909.12860778,12,1,0.0,263.7,7,8,4,0.5,0,desktop,Organic Search
1923684.55488422,43,4,52.03,403.3,19,14,2,0.143,1,mobile,Organic Search
9513005.80692099,10,2,40.06,357.4,10,16,2,0.125,1,desktop,Organic Search
1268305.69721801,11,2,0.0,312.3,9,24,4,0.167,0,mobile,Organic Search
8288663.73516813,37,2,21.63,333.8,13,14,5,0.357,1,desktop,Referral
4924361.18774299,7,1,61.34,387.9,8,19,3,0.158,1,desktop,Referral
7592028.87764686,14,1,24.9,253.2,7,19,5,0.263,1,desktop,Affiliates
5918615.68484346,28,4,34.81,517.9,13,16,2,0.125,1,desktop,Direct
1906028.94757893,19,1,62.46,157.3,4,20,5,0.25,1,desktop,Organic Search
4216581.99572387,37,1,49.19,360.4,9,14,3,0.214,1,mobile,Paid Search
2386423.77917736,31,2,0.0,278.3,11,17,5,0.294,0,desktop,Referral
7764600.82463853,22,2,0.0,433.2,13,5,4,0.8,0,desktop,Direct
3428597.96492744,6,12,0.0,1473.5,76,7,5,0.714,0,desktop,Organic Search
4690175.74739034,44,1,0.0,252.7,6,24,4,0.167,0,mobile,Organic Search
1738562.65052975,33,3,0.0,701.0,22,20,4,0.2,0,tablet,Direct
3297298.57426001,27,2,34.19,351.3,14,15,5,0.333,1,mobile,Referral
7633354.57054915,44,1,0.0,178.8,7,24,2,0.083,0,mobile,Direct
1633657.67595761,38,3,0.0,496.0,16,16,3,0.188,0,desktop,Organic Search
4239237.66221079,35,1,0.0,239.1,6,23,2,0.087,0,mobile,Organic Search
7177186.10127296,18,2,43.4,527.3,15,20,3,0.15,1,desktop,Organic Search
3508030.23433060,22,1,56.05,167.5,5,6,3,0.5,1,tablet,Paid Search
7224020.47508587,7,1,62.22,275.3,7,6,3,0.5,1,mobile,Display
1896726.35883301,23,1,0.0,350.0,8,17,3,0.176,0,tablet,Direct
9600395.70706569,40,3,0.0,557.1,22,6,2,0.333,0,desktop,Direct
4554010.99159881,23,6,26.52,763.0,42,7,2,0.286,1,desktop,Organic Search
7060241.33925539,9,1,49.8,196.3,5,11,4,0.364,1,mobile,Direct
2435693.82962551,5,4,0.0,825.4,24,18,2,0.111,0,desktop,Direct
3787494.43422735,11,2,0.0,262.5,11,12,2,0.167,0,mobile,Organic Search
3270670.75141485,28,3,0.0,510.9,12,9,5,0.556,0,desktop,Paid Search
2310416.17986673,14,3,20.9,590.7,16,7,4,0.571,1,desktop,Organic Search
6266013.66153973,26,1,0.0,236.1,7,9,3,0.333,0,desktop,Organic Search
6737147.56851546,42,1,59.8,236.9,9,12,2,0.167,1,desktop,Organic Search
3231998.84617167,10,2,0.0,182.0,7,5,4,0.8,0,desktop,Organic Search
9820064.20670775,21,3,41.71,430.6,15,17,5,0.294,1,desktop,Direct
3770262.56956448,23,2,0.0,283.2,10,12,5,0.417,0,desktop,Organic Search
4755499.87702851,7,1,64.75,332.5,7,24,2,0.083,1,desktop,Display
9685741.72527519,14,2,57.14,492.9,15,15,3,0.2,1,mobile,Referral
4582297.24467674,30,3,0.0,543.5,21,16,2,0.125,0,mobile,Organic Search
7722498.86802566,13,2,0.0,189.3,6,6,3,0.5,0,desktop,Referral
9666099.30789063,12,1,0.0,403.7,10,16,5,0.312,0,mobile,Paid Search
6602092.95717815,26,1,48.11,219.4,7,19,3,0.158,1,mobile,Organic Search
1763939.81101658,41,5,62.09,762.1,36,5,3,0.6,1,tablet,Referral
8058264.51364452,20,1,30.67,154.2,6,19,3,0.158,1,mobile,Direct
8563259.15518229,31,1,0.0,424.6,9,10,2,0.2,0,desktop,Referral
8925737.42342480,33,1,21.17,233.7,10,19,5,0.263,1,mobile,Organic Search
7789513.21188413,6,1,45.61,228.5,5,9,5,0.556,1,mobile,Referral
9046255.23839448,27,2,0.0,321.3,12,17,5,0.294,0,desktop,Organic Search
9348415.36644870,14,4,49.8,280.5,14,22,4,0.182,1,mobile,Referral
5834466.71931079,29,1,0.0,79.5,3,9,5,0.556,0,mobile,Direct
6690330.60155465,26,1,0.0,279.1,6,16,3,0.188,0,tablet,Organic Search
9580938.64239147,35,2,50.3,287.2,9,13,4,0.308,1,desktop,Organic Search
5627783.16643745,33,3,0.0,433.2,19,18,4,0.222,0,desktop,Direct
3166711.51259054,38,1,20.92,142.0,2,22,4,0.182,1,desktop,Email
9447562.57009138,32,1,47.65,297.6,6,23,3,0.13,1,desktop,Organic Search
1456088.28713281,17,2,25.27,163.4,7,21,5,0.238,1,desktop,Organic Search
6250117.22776896,18,1,29.16,163.6,6,19,4,0.211,1,mobile,Organic Search
9365105.28393926,40,3,0.0,424.9,13,15,5,0.333,0,mobile,Direct
7699261.77822128,37,2,48.63,362.6,8,13,4,0.308,1,mobile,Organic Search
6449334.62157433,17,2,0.0,185.7,7,21,4,0.19,0,desktop,Organic Search
5377933.27907394,6,1,60.87,309.7,6,17,2,0.118,1,mobile,Affiliates
3453134.50639770,18,2,31.95,465.8,16,5,2,0.4,1,mobile,Organic Search
6070019.87652675,7,2,22.96,315.0,15,14,3,0.214,1,desktop,Direct
7647260.98533284,19,2,0.0,168.6,6,7,5,0.714,0,desktop,Direct
6050922.50352635,30,1,30.47,316.4,8,13,5,0.385,1,mobile,Display
7897527.53617969,27,2,0.0,349.3,10,11,4,0.364,0,desktop,Referral
9704038.58856031,22,2,32.01,263.4,7,16,5,0.312,1,desktop,Organic Search
6754762.94212572,16,1,25.7,158.7,8,21,2,0.095,1,mobile,Display
7370902.43370108,20,2,28.97,373.2,9,19,3,0.158,1,desktop,Organic Search
8643560.93499559,15,1,45.43,296.9,8,8,4,0.5,1,tablet,Organic Search
5978513.85864823,12,1,33.51,309.6,7,24,3,0.125,1,mobile,Direct
3595147.53696830,25,1,38.68,249.0,6,23,2,0.087,1,tablet,Paid Search
8141447.27105775,13,3,0.0,206.8,7,19,3,0.158,0,desktop,Email
8423481.92649773,11,12,43.06,1188.2,41,6,4,0.667,1,mobile,Organic Search
9818855.23517450,27,1,0.0,110.3,5,17,2,0.118,0,mobile,Paid Search
1190732.42644207,29,3,46.27,421.8,23,11,4,0.364,1,desktop,Organic Search
5563278.56717049,42,1,38.92,355.1,8,22,5,0.227,1,mobile,Referral
1551164.69683712,19,1,35.68,165.9,3,9,5,0.556,1,desktop,Direct
5466569.41058276,29,1,48.69,251.9,7,17,5,0.294,1,mobile,Direct
5297070.60663019,20,2,0.0,604.7,15,19,3,0.158,0,desktop,Organic Search
2977926.77897915,29,3,0.0,366.1,11,12,5,0.417,0,mobile,Organic Search
9992626.42065055,38,2,62.83,266.1,11,13,4,0.308,1,desktop,Organic Search
7685518.15547951,8,5,0.0,429.7,23,11,2,0.182,0,mobile,Affiliates
4474737.60094136,22,3,59.45,966.2,22,7,5,0.714,1,desktop,Organic Search
8153798.37944973,37,5,59.7,649.1,36,7,2,0.286,1,desktop,Organic Search
3221334.87947871,25,1,43.93,276.4,9,20,5,0.25,1,mobile,Organic Search
3560943.79874948,13,2,0.0,332.6,9,14,5,0.357,0,desktop,Direct
1799602.72566456,38,3,49.12,168.9,8,13,4,0.308,1,desktop,Paid Search
5207871.80633376,25,1,57.82,399.7,9,14,3,0.214,1,desktop,Referral
8683684.45040317,20,1,0.0,158.2,5,5,3,0.6,0,mobile,Organic Search
3232394.26632081,33,1,0.0,118.9,4,23,3,0.13,0,mobile,Organic Search
7486018.49106879,22,1,0.0,252.5,7,9,4,0.444,0,desktop,Referral
8229500.76661425,38,1,0.0,144.7,4,7,2,0.286,0,mobile,Paid Search
9975701.86169627,8,3,36.46,549.6,12,15,4,0.267,1,desktop,Direct
9246824.91201180,28,1,31.93,204.2,5,24,4,0.167,1,desktop,Organic Search
9191995.99340411,34,2,30.83,292.2,15,15,3,0.2,1,mobile,Referral
4403438.38191581,39,1,60.0,131.3,4,23,3,0.13,1,mobile,Organic Search
6366716.85424499,20,2,32.82,324.7,16,22,3,0.136,1,desktop,Organic Search
2626956.99865180,20,1,0.0,251.8,6,20,5,0.25,0,mobile,Direct
3712787.35165072,19,2,61.67,198.1,6,6,5,0.833,1,desktop,Direct
4571873.10455465,36,1,0.0,118.5,5,18,5,0.278,0,desktop,Organic Search
4565255.22823346,13,2,0.0,286.3,8,6,3,0.5,0,mobile,Organic Search
8212774.79991410,34,2,28.91,743.5,17,13,5,0.385,1,desktop,Direct
6692604.82348603,24,2,0.0,261.5,13,14,5,0.357,0,mobile,Paid Search
2484538.33377660,8,5,39.98,622.2,34,7,3,0.429,1,tablet,Direct
8937002.94619428,15,18,53.07,3357.2,99,9,4,0.444,1,desktop,Organic Search
3431844.31281434,15,1,0.0,255.6,6,17,3,0.176,0,desktop,Direct
2041882.75570443,19,2,0.0,287.3,16,21,4,0.19,0,mobile,Paid Search
6946942.26603831,8,2,41.6,310.4,12,14,3,0.214,1,mobile,Affiliates
6538621.78151629,34,2,0.0,188.7,9,22,5,0.227,0,desktop,Referral
3675549.14573714,29,1,0.0,177.6,8,16,5,0.312,0,desktop,Referral
2984612.63114967,23,1,0.0,334.5,7,13,5,0.385,0,mobile,Organic Search
5655174.41407469,43,2,0.0,382.6,10,20,4,0.2,0,mobile,Organic Search
5997114.69319123,28,5,0.0,906.8,33,13,3,0.231,0,mobile,Referral
9553979.89811402,10,1,63.06,256.2,5,12,3,0.25,1,tablet,Organic Search
7143659.38991570,7,1,34.84,226.2,6,19,5,0.263,1,desktop,Organic Search
4589853.95596315,36,1,0.0,78.1,2,19,2,0.105,0,mobile,Direct
3972718.50668320,25,1,0.0,310.7,7,13,5,0.385,0,mobile,Organic Search
9909999.45990055,40,4,47.35,373.4,12,13,3,0.231,1,desktop,Paid Search
8091147.28407336,41,2,0.0,460.5,11,19,3,0.158,0,mobile,Display
4591043.15008566,37,1,34.67,221.1,6,8,3,0.375,1,desktop,Direct
8586340.15497761,36,1,23.85,133.0,3,8,4,0.5,1,desktop,Affiliates
8419692.86513051,26,1,21.79,164.4,6,14,2,0.143,1,desktop,Direct
2460258.10657910,7,4,39.54,665.3,16,13,5,0.385,1,desktop,Direct
9656288.68347038,12,2,0.0,210.6,8,20,5,0.25,0,desktop,Paid Search
6248189.64866846,30,1,55.88,307.5,9,15,3,0.2,1,mobile,Display
7797839.62851174,10,2,0.0,634.2,14,24,2,0.083,0,mobile,Referral
7835747.51388373,27,1,64.91,352.7,10,6,2,0.333,1,mobile,Direct
1208838.15753991,33,12,46.68,1629.6,40,19,4,0.211,1,desktop,Display
7792518.27317835,10,2,61.21,446.6,10,9,5,0.556,1,mobile,Display
1914308.72512278,29,3,26.15,726.7,18,10,3,0.3,1,mobile,Direct
2435180.90188940,6,2,38.26,393.5,8,24,5,0.208,1,mobile,Organic Search
3807094.53398077,22,1,36.76,390.9,8,10,5,0.5,1,desktop,Direct
4900737.45137031,31,1,47.49,179.5,8,16,3,0.188,1,desktop,Organic Search
6547634.85007580,10,12,22.48,1929.5,46,20,5,0.25,1,desktop,Organic Search
3194136.13616016,13,1,25.08,317.0,9,16,3,0.188,1,desktop,Direct
7551304.63871824,25,1,53.53,199.2,9,13,2,0.154,1,mobile,Organic Search
5041203.97410708,29,1,0.0,189.3,4,22,3,0.136,0,mobile,Paid Search
4031563.48703542,10,1,38.83,189.1,3,7,2,0.286,1,mobile,Affiliates
8741931.37166592,34,1,29.8,184.3,4,19,5,0.263,1,tablet,Organic Search
9924417.43518706,13,2,55.96,409.5,17,12,4,0.333,1,desktop,Organic Search
7602666.61711647,33,1,31.08,270.2,7,24,5,0.208,1,desktop,Organic Search
7997807.89357629,37,2,26.99,174.1,7,19,5,0.263,1,desktop,Organic Search
2398658.75632738,29,3,0.0,616.6,23,12,4,0.333,0,tablet,Direct
4766696.40821797,9,5,0.0,962.5,21,6,5,0.833,0,mobile,Affiliates
7886944.44433139,37,1,0.0,337.4,10,21,5,0.238,0,desktop,Organic Search
2486346.67152455,25,3,0.0,511.3,21,20,3,0.15,0,desktop,Organic Search
9526405.66525474,35,4,42.13,498.6,13,14,4,0.286,1,desktop,Organic Search
3834065.20250024,23,12,54.1,1001.4,35,24,4,0.167,1,mobile,Referral
3364995.61921831,18,2,50.42,207.9,9,15,3,0.2,1,mobile,Organic Search
3419833.77231266,7,3,0.0,571.2,13,22,4,0.182,0,desktop,Referral
4359120.21448962,41,1,36.1,175.8,5,11,3,0.273,1,desktop,Referral
6829213.79828878,24,2,48.38,285.9,9,18,5,0.278,1,desktop,Organic Search
9006057.23372263,27,1,0.0,193.7,10,17,5,0.294,0,tablet,Organic Search
8271729.17782938,43,5,57.89,304.8,16,6,4,0.667,1,desktop,Organic Search
9384179.60148706,43,3,0.0,451.6,15,5,5,1.0,0,desktop,Referral
2457845.82884179,6,1,63.97,178.9,8,16,3,0.188,1,mobile,Direct
6547364.50401981,16,2,0.0,344.1,15,13,5,0.385,0,mobile,Display
6460508.78619141,22,1,34.93,131.8,6,19,5,0.263,1,desktop,Direct
1830534.11021026,11,3,46.38,430.9,11,22,3,0.136,1,desktop,Organic Search
6211565.85240729,31,4,0.0,600.6,25,16,5,0.312,0,mobile,Organic Search
5633939.11744399,10,2,0.0,237.8,13,6,5,0.833,0,mobile,Organic Search
1128760.64516038,27,2,27.29,251.3,8,16,2,0.125,1,mobile,Direct
7893582.58163871,34,2,0.0,297.9,8,12,3,0.25,0,mobile,Paid Search
2976646.33546440,5,5,29.54,981.8,35,15,4,0.267,1,desktop,Direct
5172102.22424196,43,1,0.0,119.1,5,19,5,0.263,0,desktop,Paid Search
5113161.24176123,41,2,0.0,380.1,12,6,4,0.667,0,mobile,Organic Search
7122603.75723994,34,4,49.43,235.1,11,19,3,0.158,1,desktop,Organic Search
8759249.28291487,23,1,61.54,272.3,8,20,3,0.15,1,desktop,Direct
8020225.84131491,8,2,0.0,273.5,14,7,3,0.429,0,mobile,Organic Search
2908707.89864716,14,4,57.73,935.1,24,13,2,0.154,1,mobile,Direct
3058770.35698490,26,1,0.0,263.1,5,8,4,0.5,0,mobile,Paid Search
4856554.83376530,6,3,0.0,610.5,17,5,2,0.4,0,desktop,Referral
4288757.82556214,10,1,22.82,374.3,9,7,4,0.571,1,mobile,Direct
7469607.62478660,41,1,51.34,342.1,7,20,3,0.15,1,desktop,Referral
5930500.54510237,11,1,0.0,353.9,9,5,3,0.6,0,mobile,Direct
5053887.64396325,34,5,39.88,584.2,23,21,3,0.143,1,mobile,Organic Search
1497054.44287978,31,2,0.0,269.3,9,22,3,0.136,0,desktop,Referral
5022078.87230176,7,1,0.0,289.5,9,13,4,0.308,0,desktop,Direct
9019605.77284838,28,2,43.08,227.5,9,6,5,0.833,1,mobile,Direct
2609320.81641256,33,12,0.0,1366.8,31,5,4,0.8,0,mobile,Direct
8098938.99221882,27,1,53.33,220.6,9,12,2,0.167,1,desktop,Direct
6455929.71839700,33,4,0.0,483.6,12,8,2,0.25,0,desktop,Direct
3845507.68685878,11,2,0.0,306.4,11,10,5,0.5,0,desktop,Direct
5502442.78963591,40,2,25.18,194.3,6,13,3,0.231,1,mobile,Direct
1536350.66945285,40,1,54.63,305.4,7,9,2,0.222,1,desktop,Direct
6303740.95954030,18,1,0.0,407.8,8,19,4,0.211,0,desktop,Organic Search
9920871.46595591,13,3,57.98,671.5,19,9,2,0.222,1,desktop,Referral
5725576.43234874,22,1,60.8,416.8,9,17,2,0.118,1,desktop,Referral
1435616.17716641,7,1,23.24,230.3,6,16,3,0.188,1,desktop,Organic Search
1839901.94858633,7,1,23.36,133.1,7,22,4,0.182,1,desktop,Direct
4722723.17371951,10,3,34.4,250.6,11,12,3,0.25,1,desktop,Organic Search
3465788.91917650,43,2,32.29,174.1,6,24,5,0.208,1,mobile,Organic Search
7721152.41915262,33,2,0.0,250.0,10,5,3,0.6,0,mobile,Organic Search
4136240.99224895,43,2,0.0,349.9,9,8,2,0.25,0,mobile,Organic Search
4764345.21821657,42,2,21.12,201.5,9,20,4,0.2,1,desktop,Organic Search
7044222.31766481,10,2,0.0,136.5,6,17,5,0.294,0,mobile,Organic Search
6721795.81149769,39,5,0.0,470.4,19,5,5,1.0,0,desktop,Organic Search
6110550.45025358,8,2,0.0,372.7,11,6,2,0.333,0,desktop,Organic Search
6496161.49686080,15,1,59.53,145.6,3,13,2,0.154,1,mobile,Organic Search
6449129.28089982,5,2,51.43,460.5,11,12,5,0.417,1,tablet,Direct
7848966.24065762,34,1,0.0,222.1,5,8,5,0.625,0,mobile,Paid Search
3572015.87279028,41,3,35.43,651.9,17,18,5,0.278,1,desktop,Paid Search
5770926.63261673,27,5,24.42,963.0,26,7,5,0.714,1,desktop,Affiliates
7203687.80759711,17,2,0.0,561.6,14,9,5,0.556,0,mobile,Referral
1729950.42992488,8,1,63.75,117.2,4,16,5,0.312,1,desktop,Organic Search
7615699.53801909,25,6,28.97,789.9,41,22,2,0.091,1,mobile,Display
5122684.92423663,6,1,0.0,307.2,8,14,4,0.286,0,mobile,Organic Search
9694881.91471926,19,1,45.25,107.4,3,5,5,1.0,1,mobile,Paid Search
1470413.63601971,42,4,59.2,461.0,21,11,4,0.364,1,mobile,Paid Search
2203793.71327272,33,4,36.56,435.6,17,5,3,0.6,1,mobile,Organic Search
3240684.16733756,9,3,36.62,314.4,9,18,4,0.222,1,tablet,Direct
6852339.40963755,41,2,57.37,280.7,13,16,3,0.188,1,desktop,Paid Search
9364496.61058060,29,2,0.0,421.0,13,16,3,0.188,0,mobile,Direct
1910086.49776850,33,2,40.3,265.6,12,13,4,0.308,1,desktop,Direct
8519399.37670197,15,1,36.71,102.3,4,10,4,0.4,1,mobile,Organic Search
7019415.73253525,27,3,53.33,737.2,19,18,5,0.278,1,mobile,Referral
3639506.31210975,28,1,0.0,199.5,4,20,2,0.1,0,mobile,Organic Search
7682395.91908899,12,3,59.18,310.6,17,20,2,0.1,1,desktop,Paid Search
4616716.28637966,34,2,49.1,398.7,10,23,5,0.217,1,desktop,Organic Search
5682478.74611583,39,1,0.0,169.4,5,7,2,0.286,0,desktop,Organic Search
6355318.54489517,17,1,29.74,298.6,9,13,4,0.308,1,mobile,Display
2775801.75970692,42,3,0.0,699.4,22,9,4,0.444,0,mobile,Direct
6055443.46500740,30,2,35.63,169.6,10,11,2,0.182,1,desktop,Organic Search
6963617.41836095,17,2,63.91,433.3,17,13,5,0.385,1,desktop,Organic Search
2519367.67993848,32,2,22.03,183.0,9,14,2,0.143,1,desktop,Organic Search
3433704.96687771,23,2,33.06,512.2,12,22,3,0.136,1,mobile,Organic Search
3919100.71966026,29,3,0.0,665.9,22,12,2,0.167,0,mobile,Organic Search
2763426.11449351,27,5,51.76,285.3,14,24,5,0.208,1,desktop,Organic Search
9862678.12782242,25,3,57.24,264.0,16,8,4,0.5,1,desktop,Referral
1051658.29197672,43,1,0.0,196.9,7,11,3,0.273,0,desktop,Organic Search
1706917.41793224,20,1,62.55,167.6,3,16,5,0.312,1,mobile,Affiliates
7817047.24352667,43,3,24.59,677.5,20,13,3,0.231,1,desktop,Organic Search
9979119.95814623,14,1,57.11,244.8,7,7,3,0.429,1,desktop,Organic Search
4551254.33920098,8,1,0.0,200.1,7,15,4,0.267,0,desktop,Display
1908383.51278903,44,1,0.0,202.4,5,9,3,0.333,0,mobile,Referral
6065788.22662155,43,1,60.23,484.8,10,13,5,0.385,1,tablet,Direct
9713270.37458129,25,4,64.24,927.9,31,6,3,0.5,1,desktop,Organic Search
6427501.59123195,15,1,53.61,290.8,8,23,3,0.13,1,mobile,Display
7201199.47670240,37,2,22.25,367.6,8,23,4,0.174,1,desktop,Direct
8725104.17997725,31,1,0.0,166.4,5,16,3,0.188,0,mobile,Direct
6824577.77304294,43,4,25.21,666.8,27,19,2,0.105,1,mobile,Organic Search
8011441.97263352,17,6,0.0,669.6,31,16,5,0.312,0,desktop,Paid Search
9263093.31198587,11,2,46.68,194.2,6,13,3,0.231,1,desktop,Organic Search
4362797.29941889,40,2,28.32,215.8,8,23,5,0.217,1,desktop,Referral
1934996.77969438,32,1,45.0,170.9,8,5,2,0.4,1,mobile,Organic Search
9298570.50878454,42,1,0.0,192.5,4,12,2,0.167,0,desktop,Organic Search
9101988.13633363,14,1,47.35,200.9,5,13,4,0.308,1,mobile,Organic Search
7833192.14332584,11,1,54.72,151.5,4,13,4,0.308,1,mobile,Paid Search
6717541.98323951,11,4,0.0,721.3,27,12,4,0.333,0,mobile,Direct
4548827.75100982,20,6,54.29,607.1,26,12,5,0.417,1,desktop,Direct
8021458.56378344,6,2,0.0,544.5,13,5,5,1.0,0,mobile,Organic Search
4777214.24234919,36,2,43.61,441.4,17,14,4,0.286,1,mobile,Paid Search
7332709.91930895,32,2,30.67,400.2,9,21,4,0.19,1,mobile,Referral
4386861.43765390,29,1,32.33,239.4,6,13,2,0.154,1,desktop,Direct
2608575.39531741,23,3,55.26,459.4,13,13,3,0.231,1,mobile,Referral
6633764.81105276,13,1,49.78,212.6,6,18,2,0.111,1,desktop,Organic Search
9416063.83635428,5,4,0.0,455.5,20,17,5,0.294,0,desktop,Referral
5568102.11733028,7,8,0.0,1092.2,26,6,5,0.833,0,desktop,Referral
2727752.59518506,18,2,0.0,223.1,14,24,4,0.167,0,mobile,Organic Search
6642920.41592323,25,6,47.67,1557.5,42,23,5,0.217,1,mobile,Direct
6254050.97325371,30,6,0.0,500.2,26,15,5,0.333,0,tablet,Display
7680000.38309303,22,3,0.0,447.6,17,24,4,0.167,0,desktop,Organic Search
9834469.37059428,21,3,35.24,818.2,19,14,2,0.143,1,desktop,Paid Search
2281127.69254785,12,6,0.0,482.9,25,24,4,0.167,0,mobile,Referral
7595097.91336624,14,1,0.0,280.2,9,9,4,0.444,0,mobile,Referral
1812350.67784365,11,3,52.59,689.7,15,6,4,0.667,1,desktop,Affiliates
9675257.60384212,15,6,0.0,539.4,21,7,2,0.286,0,desktop,Referral
8774551.20870681,41,3,0.0,807.1,18,13,2,0.154,0,desktop,Referral
1109664.33137457,43,2,51.08,173.7,5,8,4,0.5,1,mobile,Direct
9202230.81894810,23,3,0.0,244.4,12,10,2,0.2,0,desktop,Paid Search
7604450.22249429,40,2,0.0,214.1,8,7,3,0.429,0,mobile,Organic Search
9449533.94620917,26,1,28.01,52.6,3,15,3,0.2,1,desktop,Organic Search
4382486.95260990,33,2,61.52,699.9,16,21,4,0.19,1,mobile,Organic Search
3238576.67514794,10,1,0.0,318.8,9,7,2,0.286,0,mobile,Referral
5568097.37199717,18,1,30.03,312.6,7,9,3,0.333,1,desktop,Organic Search
2829012.93169400,23,3,51.2,539.0,19,24,4,0.167,1,mobile,Affiliates
8613583.81783764,6,2,52.92,425.5,11,9,2,0.222,1,mobile,Organic Search
4178822.76329059,21,1,47.6,208.9,5,7,2,0.286,1,desktop,Direct
9578106.22748563,34,1,0.0,360.6,8,8,3,0.375,0,mobile,Organic Search
7994144.64941814,20,4,0.0,798.7,19,12,5,0.417,0,tablet,Organic Search
5310930.64132239,37,1,59.31,156.3,5,14,3,0.214,1,desktop,Organic Search
3086312.70956527,21,1,42.42,220.4,5,19,2,0.105,1,mobile,Direct
3326629.42930256,23,1,33.86,126.6,4,9,2,0.222,1,desktop,Organic Search
5027681.55659271,12,4,0.0,1111.3,26,15,3,0.2,0,desktop,Referral
8231559.32576607,6,3,55.61,351.8,19,21,3,0.143,1,mobile,Organic Search
1868377.71111193,44,1,28.96,172.7,8,16,4,0.25,1,desktop,Organic Search
7320233.22602401,17,1,48.49,263.1,10,9,2,0.222,1,mobile,Organic Search
6189575.53510855,29,2,44.46,207.7,5,21,2,0.095,1,desktop,Organic Search
7383802.17131204,33,1,60.29,109.6,4,8,2,0.25,1,mobile,Direct
2387733.19140677,25,1,30.69,129.7,3,15,5,0.333,1,mobile,Paid Search
9686952.71607651,5,3,27.8,393.1,9,17,2,0.118,1,desktop,Direct
2399190.10463812,27,1,35.15,133.0,4,14,2,0.143,1,mobile,Direct
8419205.53361277,12,1,64.27,206.8,4,14,5,0.357,1,tablet,Direct
1082558.69350454,28,1,39.77,48.2,2,19,3,0.158,1,desktop,Organic Search
7475503.46736419,15,1,0.0,201.8,4,19,5,0.263,0,desktop,Organic Search
3741910.23851548,16,1,41.97,377.3,8,13,3,0.231,1,desktop,Direct
4405857.79003544,32,1,0.0,159.4,8,24,5,0.208,0,desktop,Organic Search
8917079.29053041,15,1,27.21,263.9,6,24,4,0.167,1,mobile,Paid Search
4541434.51116120,16,1,62.35,217.9,6,7,3,0.429,1,mobile,Paid Search
5805445.45609143,20,3,0.0,895.2,20,7,4,0.571,0,desktop,Organic Search
6546713.68642194,7,1,0.0,129.1,5,5,5,1.0,0,mobile,Organic Search
1104336.11337327,34,3,33.05,518.2,16,20,5,0.25,1,desktop,Referral
7222990.82501798,18,3,58.74,795.0,18,10,3,0.3,1,mobile,Referral
9539151.57741556,7,5,0.0,629.3,14,10,3,0.3,0,mobile,Display
4615298.26888764,28,2,0.0,427.1,12,8,3,0.375,0,desktop,Referral
8581408.20648152,44,1,0.0,169.8,5,14,3,0.214,0,mobile,Direct
3063240.52815658,40,1,0.0,281.2,7,18,2,0.111,0,desktop,Organic Search
5914248.61096611,40,1,38.31,188.2,6,11,4,0.364,1,mobile,Organic Search
3206433.32014593,19,2,0.0,203.8,7,21,5,0.238,0,mobile,Organic Search
2870243.37693080,42,4,0.0,447.6,22,10,4,0.4,0,desktop,Referral
6731101.29381218,35,1,43.55,137.5,8,12,2,0.167,1,mobile,Display
1257045.68401597,16,1,0.0,227.9,5,16,5,0.312,0,desktop,Direct
9908138.77070398,14,2,61.87,580.1,16,5,4,0.8,1,mobile,Organic Search
7310139.45929899,43,1,64.52,314.2,10,10,2,0.2,1,mobile,Organic Search
3421630.68951284,43,3,28.78,329.4,17,11,4,0.364,1,desktop,Referral
6440280.77917556,7,12,23.23,3416.0,81,15,2,0.133,1,mobile,Organic Search
1494945.31378367,22,1,55.65,199.8,5,5,2,0.4,1,mobile,Organic Search
6983298.92044094,44,3,63.02,811.0,22,5,5,1.0,1,mobile,Organic Search
8590241.77150819,26,1,0.0,338.5,7,17,3,0.176,0,mobile,Direct
8270398.94241263,44,1,0.0,259.2,7,23,2,0.087,0,mobile,Organic Search
2161035.80539429,32,3,53.7,327.8,8,14,3,0.214,1,desktop,Organic Search
2331366.50203249,30,1,37.61,212.1,9,10,4,0.4,1,desktop,Display
6923905.40892097,43,1,0.0,203.8,6,16,4,0.25,0,mobile,Referral
3565662.31190816,34,3,0.0,466.3,18,6,2,0.333,0,mobile,Organic Search
9367755.12641641,34,1,60.21,207.0,8,12,3,0.25,1,desktop,Paid Search
6138584.20691210,41,1,34.23,284.1,6,22,4,0.182,1,desktop,Organic Search
6070778.76387233,37,1,45.79,263.1,6,9,4,0.444,1,desktop,Paid Search
7835294.27395667,29,2,45.18,329.7,12,16,5,0.312,1,mobile,Referral
8944781.39646116,18,8,47.27,1261.3,28,18,5,0.278,1,desktop,Organic Search
5157135.91701250,40,1,35.74,233.8,6,14,5,0.357,1,mobile,Organic Search
6057000.86022392,7,2,0.0,263.8,7,23,3,0.13,0,mobile,Organic Search
1698549.85879177,38,3,53.81,690.5,22,12,3,0.25,1,desktop,Organic Search
9320075.22346978,27,1,35.79,120.1,5,14,3,0.214,1,desktop,Paid Search
9049765.60009040,15,4,44.4,594.9,20,19,5,0.263,1,desktop,Direct
1493105.75353726,13,1,0.0,390.3,9,11,3,0.273,0,mobile,Organic Search
4163419.31425950,40,1,56.03,212.7,8,14,2,0.143,1,mobile,Referral
9036130.35863736,35,1,49.64,275.6,7,7,4,0.571,1,desktop,Organic Search
6279757.37522968,22,3,0.0,553.9,23,24,2,0.083,0,desktop,Direct
3876799.60216606,25,1,0.0,219.7,8,10,4,0.4,0,mobile,Referral
4178796.56307145,23,3,0.0,970.8,23,8,5,0.625,0,desktop,Organic Search
6982359.57027416,19,2,21.06,204.1,11,17,5,0.294,1,desktop,Organic Search
7203396.83637449,31,2,0.0,388.4,11,15,2,0.133,0,desktop,Direct
2331384.20389507,17,1,58.42,242.4,7,15,2,0.133,1,mobile,Direct
5023015.74039095,41,1,0.0,127.1,3,18,4,0.222,0,mobile,Organic Search
8512835.50640566,29,3,47.62,573.7,14,19,3,0.158,1,desktop,Referral
8502879.26975916,5,3,64.24,494.7,18,24,4,0.167,1,desktop,Organic Search
7289806.71365262,42,1,34.51,356.3,8,6,5,0.833,1,mobile,Organic Search
8275690.10736045,28,6,0.0,725.5,38,22,5,0.227,0,mobile,Organic Search
7180051.57620461,20,3,0.0,331.3,12,22,5,0.227,0,mobile,Referral
8527157.85193632,37,1,33.58,269.8,6,16,2,0.125,1,mobile,Organic Search
4200290.60775561,17,5,0.0,1635.0,36,19,4,0.211,0,mobile,Organic Search
1639494.19377980,42,2,22.64,293.2,11,12,4,0.333,1,desktop,Direct
1855801.67409616,28,3,22.03,534.5,24,21,5,0.238,1,desktop,Organic Search
6342230.92671350,33,1,49.21,250.4,7,6,4,0.667,1,desktop,Direct
1112830.85671205,30,1,20.81,126.0,4,10,3,0.3,1,mobile,Organic Search
8569234.23892478,9,1,45.29,259.5,6,20,4,0.2,1,desktop,Referral
2708236.83933055,15,1,53.32,88.8,4,20,5,0.25,1,mobile,Referral
8351662.83813320,27,6,49.37,589.4,29,14,4,0.286,1,desktop,Paid Search
4201703.82706077,42,3,62.83,578.2,14,6,4,0.667,1,desktop,Direct
1959393.99946189,15,2,0.0,298.6,10,15,4,0.267,0,desktop,Organic Search
4328142.25519451,44,2,51.95,284.2,8,19,5,0.263,1,desktop,Organic Search
1081836.77391586,44,1,0.0,134.9,5,15,2,0.133,0,tablet,Display
2807741.10652526,31,1,48.23,170.5,5,10,4,0.4,1,desktop,Direct
2316731.49438123,5,3,25.11,382.6,13,9,2,0.222,1,mobile,Referral
9780940.62948225,13,1,49.33,239.7,6,10,3,0.3,1,mobile,Direct
4898520.58836633,23,3,50.11,836.6,20,21,4,0.19,1,mobile,Direct
5939582.24819212,34,2,28.04,570.7,16,10,5,0.5,1,desktop,Direct
1504244.24106270,21,2,0.0,212.2,9,11,3,0.273,0,mobile,Organic Search
1531962.75809147,25,2,62.28,384.4,8,7,3,0.429,1,mobile,Organic Search
6413043.76436469,36,3,54.85,836.0,19,21,2,0.095,1,desktop,Referral
4040674.55776290,33,2,63.0,671.0,15,21,3,0.143,1,desktop,Organic Search
3671005.66202709,6,2,31.95,377.6,12,22,3,0.136,1,mobile,Paid Search
2469331.16163463,39,3,0.0,289.2,9,14,2,0.143,0,mobile,Organic Search
7824163.28893869,13,2,0.0,191.1,8,18,2,0.111,0,desktop,Direct
9478761.35597305,7,1,29.82,208.1,5,13,3,0.231,1,mobile,Direct
4319806.79052089,16,1,50.51,163.0,4,7,2,0.286,1,desktop,Organic Search
4386009.28490216,25,1,0.0,227.8,10,16,2,0.125,0,desktop,Organic Search
3629890.79892004,23,3,20.02,564.2,18,13,5,0.385,1,mobile,Direct
2574695.51351263,28,3,40.5,486.6,16,23,4,0.174,1,desktop,Organic Search
3830371.45925816,34,1,0.0,263.8,7,23,3,0.13,0,desktop,Direct
8395046.67204655,43,1,57.35,326.7,7,23,5,0.217,1,mobile,Organic Search
1750353.72632627,22,3,34.78,655.5,17,6,2,0.333,1,desktop,Organic Search
8377279.68512197,21,3,60.86,380.8,16,10,2,0.2,1,mobile,Organic Search
1495378.55973950,23,3,0.0,382.1,15,10,5,0.5,0,mobile,Display
5839569.12706501,20,3,33.97,1072.2,23,19,3,0.158,1,desktop,Organic Search
7898680.23221030,33,2,38.1,202.3,6,18,5,0.278,1,desktop,Organic Search
4053841.38731970,19,5,41.6,850.9,35,17,2,0.118,1,mobile,Organic Search
8886321.94936228,20,2,0.0,235.5,10,8,3,0.375,0,desktop,Organic Search
7861488.41956797,37,2,57.99,276.6,11,5,5,1.0,1,desktop,Display
6769885.68514543,35,1,53.88,150.9,7,7,3,0.429,1,tablet,Referral
4236667.33066545,34,2,58.73,357.2,10,13,5,0.385,1,desktop,Organic Search
2226132.51058054,15,2,38.75,390.2,13,10,2,0.2,1,desktop,Organic Search
6356761.74962807,44,2,0.0,332.8,10,8,4,0.5,0,desktop,Organic Search
2837253.67682992,16,1,60.92,278.8,9,11,4,0.364,1,desktop,Organic Search
8913079.79341288,30,1,59.05,202.4,8,7,2,0.286,1,desktop,Display
8912639.81696699,13,3,25.06,429.9,13,13,5,0.385,1,desktop,Organic Search
5455094.99405527,7,1,21.52,133.4,4,22,5,0.227,1,desktop,Organic Search
7209176.51451220,14,1,0.0,207.5,9,22,5,0.227,0,tablet,Organic Search
7542792.94673604,12,1,42.72,190.1,7,6,5,0.833,1,mobile,Organic Search
4088126.11134279,27,2,0.0,343.0,10,20,5,0.25,0,desktop,Referral
2382084.75702088,18,1,0.0,152.3,3,19,2,0.105,0,desktop,Organic Search
4858714.12888207,43,1,32.41,197.3,9,21,4,0.19,1,desktop,Organic Search
5530549.91416771,25,1,52.76,256.1,6,18,2,0.111,1,desktop,Direct
7238951.94430760,17,1,0.0,125.9,6,15,4,0.267,0,desktop,Direct
7157938.15806978,37,1,0.0,380.1,9,17,4,0.235,0,desktop,Organic Search
1498877.81388521,32,1,0.0,110.2,3,20,4,0.2,0,desktop,Organic Search
9297887.58258697,33,1,0.0,244.0,6,5,4,0.8,0,mobile,Direct
2846093.86176052,31,2,0.0,182.3,9,16,3,0.188,0,desktop,Direct
3103052.80523827,6,2,0.0,489.9,11,8,3,0.375,0,desktop,Organic Search
1801895.49852568,29,1,0.0,236.6,6,23,2,0.087,0,desktop,Direct
5464592.61055202,6,3,52.25,338.7,12,9,4,0.444,1,mobile,Organic Search
9319255.66586672,16,1,0.0,262.4,7,21,3,0.143,0,desktop,Organic Search
6963883.84246738,17,2,0.0,258.9,7,19,4,0.211,0,desktop,Referral
5422146.74798854,5,3,28.42,530.0,21,6,2,0.333,1,mobile,Direct
8733530.12209557,18,1,55.19,175.1,7,17,2,0.118,1,desktop,Organic Search
9546077.87858539,5,2,41.45,127.6,5,16,5,0.312,1,mobile,Organic Search
6050048.67862766,27,2,27.08,243.5,9,12,3,0.25,1,tablet,Organic Search
8136940.65679639,23,4,0.0,842.6,24,5,5,1.0,0,desktop,Direct
9845055.68517969,44,1,0.0,107.5,2,23,5,0.217,0,desktop,Organic Search
1264701.35800172,42,1,0.0,167.5,5,6,3,0.5,0,mobile,Display
6265767.67232537,6,2,0.0,231.4,8,14,2,0.143,0,mobile,Direct
7196291.76269972,44,1,57.82,166.7,6,14,3,0.214,1,desktop,Referral
5900156.19130311,10,1,0.0,130.0,3,18,5,0.278,0,desktop,Organic Search
3732552.59167667,24,2,31.57,201.8,8,24,2,0.083,1,tablet,Organic Search
3404661.53134095,20,1,26.74,170.7,5,10,3,0.3,1,tablet,Organic Search
8966138.33779196,6,1,0.0,101.4,4,17,5,0.294,0,mobile,Direct
8926649.97848654,20,3,41.81,207.2,12,6,5,0.833,1,desktop,Email
2238777.91675298,35,3,53.41,572.0,15,9,5,0.556,1,desktop,Organic Search
7698838.45165052,20,1,0.0,124.8,6,6,4,0.667,0,mobile,Organic Search
7291869.20767930,11,2,40.45,180.0,7,24,2,0.083,1,desktop,Organic Search
5157293.43484682,31,1,0.0,412.9,10,8,4,0.5,0,mobile,Direct
4577578.83674027,22,1,47.75,269.3,9,13,2,0.154,1,mobile,Organic Search
3916595.62044195,24,2,0.0,229.4,8,13,4,0.308,0,desktop,Organic Search
7456474.81077950,9,1,60.14,261.5,9,14,2,0.143,1,desktop,Organic Search
5072259.80366765,19,8,61.04,713.0,44,9,5,0.556,1,desktop,Organic Search
7099771.25812273,5,1,0.0,121.2,6,19,2,0.105,0,mobile,Organic Search
7290523.42556148,23,2,53.41,392.6,9,21,5,0.238,1,tablet,Organic Search
9830757.82549615,12,3,34.31,772.6,18,22,5,0.227,1,desktop,Direct
7151873.72610373,10,1,30.93,305.2,8,17,3,0.176,1,mobile,Paid Search
1709889.83744295,44,2,0.0,383.4,12,20,4,0.2,0,desktop,Referral
2995042.77908135,12,1,22.48,232.2,9,22,3,0.136,1,mobile,Direct
6298443.98727325,33,1,0.0,259.1,8,22,2,0.091,0,desktop,Organic Search
1223960.69374571,13,1,25.27,84.4,4,14,2,0.143,1,desktop,Referral
5081333.60848418,24,2,0.0,697.1,16,16,2,0.125,0,mobile,Direct
3754373.71271420,24,5,27.78,535.8,23,9,4,0.444,1,mobile,Organic Search
2610421.22774038,14,2,0.0,556.2,14,14,3,0.214,0,desktop,Referral
1410531.18480808,31,1,52.58,158.9,6,14,5,0.357,1,desktop,Direct
1151282.41248038,29,1,0.0,347.0,7,19,2,0.105,0,desktop,Direct
2529050.71323571,39,2,0.0,302.2,10,16,5,0.312,0,mobile,Organic Search
9446022.98500389,13,1,0.0,443.1,9,11,5,0.455,0,desktop,Organic Search
3946323.89434968,41,1,0.0,155.0,9,13,3,0.231,0,desktop,Paid Search
9436228.63213188,22,1,0.0,170.9,5,11,2,0.182,0,desktop,Organic Search
1883826.15260538,17,3,0.0,309.0,10,16,5,0.312,0,desktop,Organic Search
6436139.64976711,25,2,30.92,360.1,12,23,2,0.087,1,desktop,Direct
5760923.62560351,11,1,55.06,127.7,4,6,3,0.5,1,mobile,Referral
6713088.42967886,22,1,56.14,103.3,5,5,4,0.8,1,desktop,Organic Search
8627325.75408550,15,5,0.0,1147.3,30,15,2,0.133,0,desktop,Organic Search
4509007.75176362,30,2,64.63,544.4,16,12,4,0.333,1,desktop,Paid Search
6987953.36610379,14,3,36.01,806.3,19,16,2,0.125,1,mobile,Direct
2901731.36520887,7,1,55.41,338.7,7,20,4,0.2,1,mobile,Organic Search
8072068.23781536,39,1,47.36,166.9,6,7,3,0.429,1,desktop,Organic Search
5810154.96338600,24,1,42.01,166.7,7,24,5,0.208,1,mobile,Direct
1723372.59259775,25,1,0.0,208.1,5,21,2,0.095,0,desktop,Organic Search
3636898.85147256,16,1,0.0,172.9,7,9,5,0.556,0,desktop,Organic Search
2213392.63780495,34,3,0.0,544.4,14,5,5,1.0,0,desktop,Organic Search
7706837.21713303,44,1,39.01,233.4,6,9,2,0.222,1,mobile,Organic Search
4634267.22959812,22,1,22.07,131.1,5,9,2,0.222,1,desktop,Organic Search
5710139.10219411,10,2,0.0,420.4,9,14,3,0.214,0,mobile,Organic Search
6485410.36824214,29,18,42.61,3736.2,113,21,2,0.095,1,mobile,Direct
4355028.81010572,26,1,39.42,140.9,3,15,4,0.267,1,desktop,Organic Search
9873620.54027445,5,5,0.0,818.8,24,5,5,1.0,0,mobile,Organic Search
7776747.44967374,32,2,56.41,566.7,12,19,3,0.158,1,mobile,Organic Search
6836472.45161306,33,2,22.66,164.1,9,12,4,0.333,1,desktop,Referral
2368432.88072892,24,1,56.34,351.3,7,13,3,0.231,1,mobile,Organic Search
4338885.42259403,9,1,22.51,177.3,6,23,2,0.087,1,desktop,Referral
4412394.82875291,30,4,31.99,873.1,24,18,4,0.222,1,desktop,Organic Search
7333683.25797623,22,3,57.72,280.2,14,18,2,0.111,1,desktop,Direct
1732330.65925850,36,1,49.83,287.1,9,13,2,0.154,1,desktop,Direct
2259642.24561175,38,1,58.54,338.3,7,21,3,0.143,1,desktop,Organic Search
8147015.75321770,43,1,31.02,217.0,4,9,2,0.222,1,mobile,Direct
4441234.75599426,38,2,26.32,532.6,14,9,2,0.222,1,desktop,Direct
3694704.52013091,16,1,60.9,162.3,4,7,4,0.571,1,desktop,Referral
1945455.83916162,13,5,60.86,547.1,32,10,4,0.4,1,mobile,Direct
1761427.94712138,31,3,0.0,249.0,12,12,3,0.25,0,mobile,Direct
4770767.36756231,35,1,0.0,188.3,7,12,3,0.25,0,mobile,Display
5139772.66212168,24,1,0.0,170.0,5,5,4,0.8,0,desktop,Paid Search
9729204.95617748,19,4,43.78,802.1,19,22,2,0.091,1,desktop,Display
6979774.97874852,42,18,0.0,1748.4,58,13,5,0.385,0,mobile,Direct
2998366.11812024,27,4,49.98,1234.1,31,15,5,0.333,1,mobile,Referral
7149251.11151088,26,1,0.0,171.0,6,17,3,0.176,0,desktop,Direct
8968074.77239761,14,2,0.0,703.3,15,10,4,0.4,0,mobile,Organic Search
3814314.84124655,8,1,25.66,188.6,9,24,3,0.125,1,desktop,Organic Search
7115041.83828766,20,1,44.64,161.7,3,9,5,0.556,1,desktop,Direct
9598350.56850628,40,2,20.06,225.8,11,18,3,0.167,1,tablet,Organic Search
9901769.40075502,36,1,39.58,226.5,7,23,5,0.217,1,mobile,Organic Search
5995224.92620354,32,1,59.29,298.4,7,8,2,0.25,1,desktop,Organic Search
1628395.33275759,14,1,35.11,124.2,4,23,2,0.087,1,desktop,Organic Search
1555931.73513231,14,1,0.0,452.5,9,11,5,0.455,0,mobile,Referral
3441299.24498214,30,2,20.81,383.6,10,13,4,0.308,1,mobile,Direct
1848205.76481340,26,2,34.19,576.8,14,18,5,0.278,1,desktop,Organic Search
3590745.94602437,6,4,48.18,987.3,29,23,4,0.174,1,desktop,Organic Search
8970409.40579754,18,12,0.0,755.1,35,12,5,0.417,0,desktop,Display
3766940.89487429,15,1,48.92,148.9,7,10,4,0.4,1,mobile,Organic Search
3964527.62308105,27,1,0.0,328.1,8,20,5,0.25,0,desktop,Affiliates
8479219.87162052,10,3,31.01,545.0,15,9,5,0.556,1,desktop,Direct
7848444.64894314,11,4,0.0,780.4,19,11,4,0.364,0,desktop,Direct
3903773.31749458,42,3,0.0,776.8,19,24,2,0.083,0,desktop,Direct
5521338.99120707,28,4,36.33,412.1,13,12,3,0.25,1,desktop,Direct
6040989.45899538,31,2,27.77,197.3,10,5,2,0.4,1,desktop,Direct
7505967.23607280,10,8,0.0,1058.3,46,8,3,0.375,0,mobile,Display
2205514.43124634,18,1,20.89,129.3,4,16,2,0.125,1,desktop,Direct
7781293.86089445,16,2,22.79,513.6,13,22,3,0.136,1,desktop,Direct
1873700.22660797,28,1,0.0,229.8,5,13,3,0.231,0,desktop,Organic Search
6283994.76551264,35,1,22.19,230.6,7,10,5,0.5,1,desktop,Organic Search
9506847.47201432,23,3,0.0,375.9,11,5,3,0.6,0,desktop,Organic Search
2543011.32781190,20,3,34.34,781.6,21,5,5,1.0,1,desktop,Organic Search
7971078.69146583,7,3,0.0,257.8,14,20,5,0.25,0,desktop,Referral
4522519.30971068,37,2,23.63,190.2,9,18,3,0.167,1,mobile,Organic Search
6077957.56231986,10,4,25.49,284.9,16,16,3,0.188,1,tablet,Referral
2465395.27149771,31,1,0.0,122.1,5,9,3,0.333,0,desktop,Organic Search
8245720.50068667,9,1,36.98,321.4,8,18,3,0.167,1,mobile,Organic Search
2210820.62734868,8,1,32.36,348.5,10,8,5,0.625,1,desktop,Organic Search
5489792.79370967,5,3,0.0,526.6,16,5,3,0.6,0,desktop,Referral
2356192.91814055,18,3,0.0,340.7,13,8,3,0.375,0,desktop,Referral
8995454.23847958,34,4,40.01,408.5,24,24,5,0.208,1,desktop,Direct
5375131.41488742,27,2,0.0,212.8,10,21,3,0.143,0,desktop,Paid Search
9230322.90630640,29,1,0.0,403.4,10,5,3,0.6,0,desktop,Direct
9065316.87832390,36,2,0.0,663.1,16,20,5,0.25,0,tablet,Paid Search
5398351.11801768,17,4,47.87,407.0,15,17,2,0.118,1,mobile,Paid Search
1985717.30001634,35,1,0.0,181.1,6,17,4,0.235,0,mobile,Paid Search
4281959.56772028,35,1,20.29,147.9,5,23,2,0.087,1,mobile,Direct
7712274.30938045,43,1,0.0,133.9,4,9,3,0.333,0,desktop,Organic Search
6043740.53304616,39,2,30.77,439.2,13,11,5,0.455,1,desktop,Direct
2685311.32097366,15,1,26.32,141.8,4,19,2,0.105,1,desktop,Paid Search
8750401.53300152,30,1,0.0,165.5,4,5,5,1.0,0,mobile,Organic Search
6813230.41546397,41,1,0.0,341.5,7,11,4,0.364,0,desktop,Direct
2156243.34823877,10,1,0.0,267.1,7,15,4,0.267,0,desktop,Direct
8380975.89067363,12,3,60.49,640.8,16,23,2,0.087,1,desktop,Organic Search
5631710.68222541,24,4,38.98,378.0,10,9,5,0.556,1,desktop,Organic Search
4217883.90808232,31,2,0.0,517.5,15,12,5,0.417,0,mobile,Referral
5712987.68084341,19,8,38.64,1141.7,46,22,5,0.227,1,mobile,Direct
5861942.59318647,23,2,54.39,539.1,12,7,2,0.286,1,tablet,Organic Search
9802492.57116087,24,2,24.82,188.5,8,18,2,0.111,1,mobile,Referral
7161208.47939741,39,3,61.37,229.9,11,21,2,0.095,1,mobile,Paid Search
3463007.23269293,43,2,40.02,393.4,11,21,3,0.143,1,desktop,Organic Search
4753427.62046361,30,3,62.98,560.0,12,17,5,0.294,1,desktop,Referral
2006960.95607541,16,3,0.0,750.9,20,6,2,0.333,0,mobile,Paid Search
4194473.95238503,33,1,51.5,73.1,2,19,4,0.211,1,desktop,Organic Search
8266345.20023064,25,3,0.0,239.9,10,6,5,0.833,0,desktop,Organic Search
4638417.22049024,40,2,55.89,419.0,10,20,4,0.2,1,desktop,Direct
8286563.40341545,36,2,0.0,305.1,9,8,5,0.625,0,tablet,Organic Search
3834165.80435142,14,1,34.36,488.7,10,15,3,0.2,1,mobile,Display
6607066.11026457,34,1,60.94,314.6,6,15,4,0.267,1,desktop,Organic Search
1661709.12447472,40,3,64.74,525.9,11,24,3,0.125,1,mobile,Organic Search
2202483.48755024,41,1,0.0,91.8,3,22,4,0.182,0,desktop,Organic Search
4679236.41880671,36,2,29.12,209.2,9,17,4,0.235,1,desktop,Organic Search
9250904.60752850,5,5,21.3,364.5,15,18,3,0.167,1,mobile,Display
7407894.25741109,33,2,0.0,696.7,17,10,5,0.5,0,desktop,Referral
2983218.32639005,10,1,0.0,186.5,5,12,2,0.167,0,desktop,Referral
3677745.75309865,12,1,0.0,186.4,6,20,3,0.15,0,desktop,Direct
1403679.16640283,14,3,0.0,684.0,16,22,4,0.182,0,mobile,Referral
6772609.22253017,20,1,41.17,293.9,7,9,3,0.333,1,desktop,Direct
9525091.12460838,15,3,0.0,250.5,10,16,5,0.312,0,desktop,Direct
6780307.45900697,12,1,56.24,298.6,7,6,4,0.667,1,desktop,Display
7799090.91590323,28,1,54.7,187.0,7,21,2,0.095,1,tablet,Organic Search
4417932.65345443,35,3,0.0,514.0,18,5,3,0.6,0,desktop,Referral
8020555.52127355,8,1,22.57,215.0,8,5,5,1.0,1,mobile,Direct
5406967.44048462,17,1,0.0,126.0,5,15,4,0.267,0,desktop,Organic Search
7392335.97023466,34,2,0.0,505.0,13,11,4,0.364,0,desktop,Organic Search
3328113.34950925,7,1,0.0,151.8,6,21,2,0.095,0,mobile,Organic Search
7342489.43613542,40,2,55.92,292.0,10,5,4,0.8,1,desktop,Organic Search
3103550.15875335,40,2,32.29,277.4,9,14,2,0.143,1,desktop,Direct
4022142.55368792,43,3,0.0,387.4,17,10,4,0.4,0,desktop,Organic Search
3560013.74324709,27,1,0.0,447.0,9,18,3,0.167,0,desktop,Organic Search
4941307.39572443,38,1,53.44,240.5,6,5,5,1.0,1,mobile,Organic Search
2939211.46325768,11,8,0.0,500.6,29,16,5,0.312,0,mobile,Referral
6437193.63766182,11,1,0.0,254.1,8,10,2,0.2,0,desktop,Direct
6810606.44105399,42,2,60.02,246.8,13,22,3,0.136,1,mobile,Organic Search
3049651.99270067,35,1,0.0,214.6,4,22,5,0.227,0,desktop,Direct
7945469.90993678,17,4,40.89,999.4,29,9,5,0.556,1,desktop,Direct
6976939.82882234,6,1,0.0,281.5,9,22,5,0.227,0,desktop,Paid Search
9624125.38073627,43,2,43.79,164.7,5,13,5,0.385,1,desktop,Paid Search
8790471.62108670,25,2,35.02,280.5,10,17,3,0.176,1,desktop,Referral
9519920.94952438,28,6,0.0,1569.6,38,23,5,0.217,0,desktop,Organic Search
9297146.93135832,26,2,51.9,423.7,14,21,3,0.143,1,desktop,Referral
9155046.70202915,13,6,51.93,772.0,40,16,3,0.188,1,mobile,Direct
9853545.92461997,12,2,63.82,492.5,15,16,3,0.188,1,desktop,Paid Search
9598571.56454346,40,2,0.0,223.7,8,20,3,0.15,0,desktop,Referral
4208948.25320437,32,2,0.0,415.5,12,9,4,0.444,0,mobile,Referral
2192276.93720391,10,1,37.55,83.6,2,13,2,0.154,1,mobile,Direct
6914204.38146508,13,1,23.24,358.0,8,18,3,0.167,1,tablet,Organic Search
2684779.87893011,33,2,24.27,416.6,17,6,5,0.833,1,mobile,Organic Search
1370088.99600032,31,1,47.95,217.7,10,19,3,0.158,1,desktop,Display
2590952.65907478,22,2,34.91,307.6,14,16,2,0.125,1,desktop,Paid Search
8565374.35784196,42,1,31.11,154.0,5,21,3,0.143,1,desktop,Organic Search
1603466.69762240,36,2,43.58,406.0,13,23,2,0.087,1,desktop,Referral
9088288.86045029,33,3,56.36,216.5,11,23,5,0.217,1,desktop,Direct
4811588.25322775,42,3,22.43,193.6,9,9,4,0.444,1,mobile,Direct
2728792.88935766,37,1,0.0,193.8,7,14,2,0.143,0,desktop,Organic Search
5776915.74687197,26,1,0.0,285.1,8,12,5,0.417,0,mobile,Organic Search
8254374.93087548,10,2,62.53,301.0,8,20,5,0.25,1,desktop,Display
3556667.41125587,22,4,49.69,623.0,21,8,2,0.25,1,desktop,Referral
6401345.91932847,38,2,57.33,332.5,10,19,4,0.211,1,desktop,Organic Search
8529915.26575448,40,3,31.99,308.8,15,22,2,0.091,1,mobile,Organic Search
8957191.75354563,41,1,0.0,144.7,7,7,4,0.571,0,desktop,Organic Search
8438974.93783607,21,1,35.83,255.9,6,19,5,0.263,1,desktop,Direct
1485793.59702466,29,1,57.88,355.8,7,22,3,0.136,1,desktop,Direct
1282900.23554015,18,4,21.44,456.8,11,5,5,1.0,1,desktop,Referral
3994058.96532094,23,2,0.0,490.1,13,11,5,0.455,0,desktop,Referral
6862991.62851446,6,2,0.0,387.6,10,20,5,0.25,0,tablet,Paid Search
1766453.34781828,38,5,20.96,363.4,19,10,2,0.2,1,mobile,Organic Search
1125370.46503542,30,1,24.51,396.3,8,23,5,0.217,1,mobile,Email
8438633.14467023,13,1,50.44,162.5,4,9,3,0.333,1,mobile,Display
9445152.58569107,8,2,0.0,300.7,11,18,2,0.111,0,desktop,Organic Search
6823888.75244009,10,1,44.58,137.0,3,14,2,0.143,1,mobile,Direct
2969190.53009387,17,2,64.55,491.6,11,18,3,0.167,1,desktop,Organic Search
6384608.55727512,29,1,54.47,291.5,6,8,5,0.625,1,desktop,Direct
6270761.55689822,33,8,35.67,569.2,22,22,2,0.091,1,desktop,Organic Search
3868524.11291610,26,1,0.0,315.0,7,13,3,0.231,0,desktop,Direct
8224725.33155635,19,1,0.0,320.6,7,5,5,1.0,0,tablet,Organic Search
4521452.34240620,30,1,35.42,146.9,4,8,3,0.375,1,mobile,Organic Search
7260189.17924084,30,3,0.0,593.7,20,21,4,0.19,0,desktop,Direct
5135367.44084239,39,12,0.0,1319.6,53,14,4,0.286,0,desktop,Direct
6402851.50389458,11,1,0.0,152.1,7,8,4,0.5,0,mobile,Organic Search
2928313.71739549,9,1,60.07,387.6,8,19,4,0.211,1,desktop,Paid Search
8107637.56768341,16,2,0.0,442.9,14,14,4,0.286,0,mobile,Organic Search
7404744.50839531,29,1,0.0,138.0,3,18,4,0.222,0,tablet,Paid Search
5932709.23158593,38,3,0.0,874.3,22,6,4,0.667,0,desktop,Organic Search
6320434.31243949,7,1,35.23,131.0,5,11,2,0.182,1,desktop,Display
8818958.38826071,12,1,62.01,83.7,2,9,3,0.333,1,mobile,Display
2608417.23364555,33,1,59.6,358.3,10,21,4,0.19,1,mobile,Direct
1128252.33147492,38,2,20.8,662.5,16,14,3,0.214,1,mobile,Paid Search
3173721.46377694,33,2,20.68,172.4,9,8,2,0.25,1,mobile,Organic Search
1188362.30756118,8,2,0.0,155.0,6,11,5,0.455,0,mobile,Referral
8875082.32965261,5,1,60.99,239.1,7,21,3,0.143,1,desktop,Direct
9129700.80531142,38,1,0.0,98.3,4,20,4,0.2,0,mobile,Organic Search
1723865.42643957,6,1,0.0,205.4,5,15,5,0.333,0,desktop,Direct
1285039.44416449,41,5,64.38,933.6,30,17,3,0.176,1,mobile,Organic Search
4629413.80390131,14,1,0.0,192.9,6,6,2,0.333,0,mobile,Direct
4168120.79141464,23,3,22.32,408.0,11,20,3,0.15,1,desktop,Direct
5640836.74474738,12,2,0.0,238.3,8,12,4,0.333,0,desktop,Organic Search
3961886.62315041,7,5,56.26,837.6,19,24,3,0.125,1,desktop,Direct
1267652.76433926,70,1,0.0,403.3,8,4,2,0.5,0,tablet,Referral
8740186.17110115,17,1,0.0,246.3,9,11,4,0.364,0,mobile,Direct
6642424.20309015,44,1,0.0,195.2,5,9,3,0.333,0,mobile,Organic Search
9463023.15950125,44,2,0.0,316.8,8,19,3,0.158,0,desktop,Direct
2629838.84099685,12,1,0.0,130.3,3,14,3,0.214,0,desktop,Referral
2052627.24891118,26,2,0.0,509.4,14,19,4,0.211,0,mobile,Organic Search
9119147.17197039,51,1,0.0,308.1,7,12,4,0.333,0,desktop,Direct
3837906.88664408,19,3,0.0,597.3,18,11,4,0.364,0,mobile,Display
9638002.21463246,45,1,0.0,134.3,6,4,3,0.75,0,desktop,Direct
7806457.94590849,50,1,0.0,132.3,3,6,3,0.5,0,mobile,Referral
3024651.56700341,66,1,0.0,184.6,8,4,4,1.0,0,mobile,Referral
6639279.41527358,59,2,0.0,553.2,13,18,2,0.111,0,mobile,Organic Search
4072111.43112232,18,3,0.0,608.5,21,14,1,0.071,0,mobile,Referral
8383464.12320519,27,2,0.0,229.7,12,9,3,0.333,0,mobile,Organic Search
6789474.57389901,57,2,0.0,338.0,16,14,1,0.071,0,mobile,Organic Search
7564378.75564521,26,1,0.0,277.8,10,8,4,0.5,0,desktop,Direct
3576526.50601661,19,1,0.0,314.5,7,7,2,0.286,0,desktop,Organic Search
1197910.52836384,44,1,0.0,182.3,5,11,3,0.273,0,desktop,Display
4718327.83108074,50,2,0.0,465.5,12,12,2,0.167,0,desktop,Display
7452308.43617403,30,1,0.0,380.3,10,13,4,0.308,0,desktop,Organic Search
9211628.55187334,65,1,0.0,274.2,7,17,4,0.235,0,desktop,Direct
3772029.67494380,21,1,0.0,176.6,4,13,3,0.231,0,desktop,Direct
5130415.96526658,72,2,0.0,319.4,9,17,2,0.118,0,desktop,Referral
8934448.10863789,57,5,0.0,464.5,22,13,1,0.077,0,mobile,Organic Search
3259606.46417247,13,2,0.0,278.1,13,15,2,0.133,0,desktop,Display
7130262.65045928,28,1,0.0,162.6,6,5,4,0.8,0,desktop,Organic Search
8950251.24146147,11,2,0.0,243.0,12,11,3,0.273,0,mobile,Referral
6673341.92053753,46,1,0.0,295.3,6,4,2,0.5,0,desktop,Organic Search
2040901.70588662,12,1,0.0,237.2,8,4,1,0.25,0,mobile,Paid Search
6870560.13640424,12,1,0.0,201.6,7,5,4,0.8,0,mobile,Organic Search
1374360.14924784,11,3,0.0,520.8,14,11,3,0.273,0,mobile,Direct
3535784.71835510,72,1,0.0,180.9,5,13,3,0.231,0,desktop,Organic Search
8959167.71591908,51,5,0.0,362.0,17,17,3,0.176,0,desktop,Direct
7428506.45828796,44,1,0.0,114.5,4,4,3,0.75,0,desktop,Organic Search
2935980.60063244,47,5,0.0,1202.5,37,11,4,0.364,0,mobile,Paid Search
7225140.87734003,70,1,0.0,299.3,8,16,1,0.062,0,desktop,Display
6162379.97549592,26,1,0.0,360.8,10,13,1,0.077,0,tablet,Paid Search
8281198.95072065,23,1,0.0,269.7,7,8,2,0.25,0,desktop,Organic Search
7048993.31347680,24,1,0.0,359.9,9,4,3,0.75,0,mobile,Referral
8429320.66900992,47,1,0.0,70.7,2,10,4,0.4,0,desktop,Direct
7566707.35536784,59,2,0.0,200.4,9,9,2,0.222,0,mobile,Organic Search
1744029.97277080,21,8,0.0,491.1,29,9,2,0.222,0,desktop,Organic Search
5265303.63622032,22,3,0.0,525.9,23,13,3,0.231,0,desktop,Organic Search
1550832.88109023,28,2,0.0,481.5,13,6,4,0.667,0,desktop,Organic Search
3572346.11069169,57,1,0.0,262.7,6,13,4,0.308,0,desktop,Organic Search
3528251.23890931,49,2,0.0,328.7,15,6,3,0.5,0,mobile,Referral
5213466.69443154,53,2,0.0,344.6,16,15,2,0.133,0,desktop,Organic Search
3963328.25860802,10,4,0.0,489.1,19,6,2,0.333,0,desktop,Paid Search
3090528.24054275,70,3,0.0,312.7,16,10,1,0.1,0,desktop,Paid Search
8739906.56287786,19,1,0.0,131.9,3,11,1,0.091,0,mobile,Paid Search
1488424.47655887,54,4,0.0,725.2,29,15,1,0.067,0,mobile,Organic Search
5166257.74134562,52,3,0.0,394.7,13,12,3,0.25,0,mobile,Email
6796734.74972315,15,2,0.0,388.5,10,4,2,0.5,0,mobile,Direct
2714112.51172447,11,2,0.0,393.7,11,4,1,0.25,0,mobile,Paid Search
3926241.40777492,52,2,0.0,560.9,12,17,1,0.059,0,desktop,Direct
9131108.87613785,35,8,0.0,1189.4,38,8,1,0.125,0,desktop,Organic Search
8023494.14548067,32,4,0.0,1081.6,25,14,1,0.071,0,mobile,Organic Search
2853013.15469007,36,2,0.0,612.1,13,17,1,0.059,0,mobile,Direct
3456969.52341573,74,3,0.0,164.8,8,4,3,0.75,0,desktop,Organic Search
3659439.73709878,30,1,0.0,217.2,6,5,4,0.8,0,desktop,Paid Search
1801629.88595158,31,1,0.0,76.8,3,13,3,0.231,0,desktop,Direct
2117439.55644889,56,2,0.0,169.0,7,4,4,1.0,0,mobile,Paid Search
6382478.96829726,17,2,0.0,438.4,14,4,3,0.75,0,desktop,Referral
1163287.70375493,14,1,0.0,157.2,4,16,4,0.25,0,desktop,Paid Search
8740224.95744719,11,1,0.0,174.6,9,8,3,0.375,0,mobile,Direct
8053528.86962877,18,3,0.0,651.0,16,10,2,0.2,0,mobile,Paid Search
1115030.90587035,56,1,0.0,119.3,5,14,2,0.143,0,tablet,Organic Search
3933102.12763477,33,6,0.0,407.6,18,15,2,0.133,0,desktop,Direct
1018692.89232173,50,12,0.0,1451.4,65,11,3,0.273,0,desktop,Organic Search
4488753.69183809,52,1,0.0,130.7,5,11,4,0.364,0,desktop,Organic Search
5844148.22844483,73,1,0.0,306.9,7,14,4,0.286,0,desktop,Organic Search
9273331.17526911,43,6,0.0,706.0,37,10,2,0.2,0,desktop,Organic Search
1407712.20603077,40,1,0.0,179.0,6,14,3,0.214,0,desktop,Direct
4951989.54039860,51,1,0.0,219.1,8,17,4,0.235,0,mobile,Organic Search
7969063.16097394,57,3,0.0,465.4,13,6,4,0.667,0,desktop,Organic Search
9875410.47517008,29,1,0.0,168.3,5,11,3,0.273,0,desktop,Paid Search
9035040.24610660,47,3,0.0,534.3,20,12,2,0.167,0,desktop,Direct
4302836.13975969,43,1,0.0,125.6,4,6,4,0.667,0,tablet,Organic Search
5137939.19807112,49,1,0.0,165.3,6,18,2,0.111,0,desktop,Organic Search
4938046.17915040,62,1,0.0,472.7,10,16,4,0.25,0,desktop,Direct
5005667.91051770,57,1,0.0,321.3,6,6,2,0.333,0,desktop,Referral
1193854.69298050,40,1,0.0,249.9,8,6,1,0.167,0,mobile,Organic Search
5935617.67474606,69,3,0.0,700.1,15,11,1,0.091,0,mobile,Direct
2173712.98204686,50,5,0.0,1066.9,23,8,3,0.375,0,desktop,Direct
7481379.60273430,18,2,0.0,223.3,6,8,3,0.375,0,mobile,Referral
2447848.93993193,30,3,0.0,602.2,18,13,2,0.154,0,desktop,Organic Search
3016125.68786764,33,2,0.0,324.4,9,16,2,0.125,0,tablet,Organic Search
2697291.50265206,15,1,0.0,259.5,6,17,3,0.176,0,tablet,Organic Search
1224986.72926442,72,1,0.0,134.6,8,13,2,0.154,0,mobile,Direct
8520462.48855969,48,12,0.0,2290.5,73,8,1,0.125,0,mobile,Organic Search
8352730.27320446,26,1,0.0,238.9,5,19,3,0.158,0,desktop,Direct
1440259.14978131,54,8,0.0,1556.3,45,4,1,0.25,0,mobile,Paid Search
1315929.59073716,52,1,0.0,188.5,7,4,3,0.75,0,mobile,Organic Search
4302827.32188757,71,3,0.0,362.1,12,11,2,0.182,0,desktop,Display
8539364.51074808,46,3,0.0,687.6,18,11,3,0.273,0,mobile,Direct
4906125.34205580,63,1,0.0,327.8,8,11,3,0.273,0,desktop,Referral
1603860.62282417,62,4,0.0,842.6,19,5,1,0.2,0,desktop,Organic Search
6007439.17962560,37,1,0.0,126.2,5,4,4,1.0,0,desktop,Referral
8912300.75340226,56,2,0.0,454.6,10,14,1,0.071,0,desktop,Organic Search
7533038.45261514,69,1,0.0,355.6,7,9,3,0.333,0,desktop,Paid Search
5196754.81956085,17,1,0.0,209.2,5,7,3,0.429,0,desktop,Referral
4362694.19321055,19,5,0.0,782.8,23,5,2,0.4,0,mobile,Organic Search
3996036.12379753,28,3,0.0,363.7,14,7,4,0.571,0,mobile,Referral
2461509.21070775,45,3,0.0,624.5,14,18,4,0.222,0,mobile,Email
7837240.94779086,71,3,0.0,262.4,14,11,1,0.091,0,mobile,Referral
4131809.34703241,53,1,0.0,324.6,7,17,4,0.235,0,desktop,Organic Search
7992259.62996106,26,8,0.0,540.4,27,14,1,0.071,0,desktop,Direct
4241924.45121276,72,1,0.0,213.8,8,6,2,0.333,0,desktop,Email
9706654.29457053,65,5,0.0,685.0,36,4,4,1.0,0,mobile,Referral
5459086.24315511,33,1,0.0,234.1,5,8,2,0.25,0,desktop,Referral
6927701.63452151,19,1,0.0,296.1,7,17,2,0.118,0,mobile,Organic Search
3127057.51760557,70,1,0.0,111.3,2,19,4,0.211,0,mobile,Direct
1778392.96343359,56,3,0.0,645.1,14,9,4,0.444,0,mobile,Organic Search
8580378.84653126,29,4,0.0,693.8,24,6,1,0.167,0,mobile,Referral
3868147.83786309,36,1,0.0,193.7,6,12,4,0.333,0,mobile,Direct
3493547.15952609,31,2,0.0,362.5,14,16,2,0.125,0,desktop,Paid Search
2508962.50640662,63,2,0.0,592.9,14,15,2,0.133,0,desktop,Organic Search
5656627.10296669,14,1,0.0,281.3,10,16,4,0.25,0,mobile,Organic Search
9207344.86393056,25,1,0.0,264.3,7,14,1,0.071,0,mobile,Referral
4717344.33047106,23,1,0.0,223.2,6,11,2,0.182,0,mobile,Organic Search
6502246.48574979,43,2,0.0,306.1,9,15,3,0.2,0,mobile,Organic Search
6764395.31250905,73,1,0.0,213.6,5,14,4,0.286,0,desktop,Direct
3392999.17924709,27,1,0.0,326.5,8,6,1,0.167,0,desktop,Organic Search
6494081.96274615,69,2,0.0,399.4,9,15,1,0.067,0,desktop,Referral
9082632.22162001,25,3,0.0,265.1,11,4,4,1.0,0,mobile,Direct
5135558.48962126,17,2,0.0,482.3,11,10,4,0.4,0,mobile,Display
7985662.34987434,45,2,0.0,380.8,8,18,1,0.056,0,mobile,Organic Search
5402845.54515763,16,2,0.0,196.7,7,13,3,0.231,0,desktop,Direct
8621693.95180216,60,4,0.0,405.4,13,10,1,0.1,0,mobile,Paid Search
8292578.37631141,27,1,0.0,235.3,7,6,3,0.5,0,desktop,Direct
1206803.64830629,23,2,0.0,249.7,8,15,3,0.2,0,desktop,Direct
5403925.94233361,40,1,0.0,88.6,3,16,3,0.188,0,desktop,Organic Search
1326248.67388752,14,5,0.0,551.4,19,6,2,0.333,0,desktop,Direct
4482672.56377721,51,1,0.0,242.2,5,4,4,1.0,0,desktop,Organic Search
4329322.17031068,48,1,0.0,166.1,9,6,4,0.667,0,mobile,Referral
8189583.11071690,14,1,0.0,159.7,4,9,2,0.222,0,mobile,Referral
3063041.73376077,64,1,0.0,309.3,7,7,2,0.286,0,desktop,Paid Search
6290310.61002884,10,2,0.0,248.9,9,10,3,0.3,0,desktop,Paid Search
5197353.45420717,29,2,0.0,223.1,9,19,4,0.211,0,desktop,Organic Search
8436743.63599825,38,1,0.0,272.3,6,5,3,0.6,0,desktop,Direct
8310492.51947887,11,1,0.0,176.9,5,14,2,0.143,0,mobile,Organic Search
1596330.62484299,47,1,0.0,304.5,7,14,1,0.071,0,desktop,Organic Search
8179894.70456836,23,4,0.0,626.9,27,11,4,0.364,0,desktop,Referral
2344454.71542218,19,2,0.0,367.6,16,14,3,0.214,0,mobile,Organic Search
6934191.15299625,19,2,0.0,449.0,9,13,2,0.154,0,mobile,Direct
1598852.68390788,32,1,0.0,317.9,8,4,2,0.5,0,mobile,Direct
1724930.95347215,10,1,0.0,428.7,9,5,3,0.6,0,tablet,Organic Search
9435288.35852906,61,1,0.0,277.6,7,13,2,0.154,0,mobile,Organic Search
8741721.28600722,25,1,0.0,174.9,6,4,2,0.5,0,mobile,Organic Search
5106427.19720834,17,1,0.0,183.9,8,7,4,0.571,0,mobile,Organic Search
2876254.74632155,49,4,0.0,400.6,19,9,3,0.333,0,mobile,Direct
3019348.29923664,68,3,0.0,249.1,12,15,4,0.267,0,desktop,Organic Search
3613992.30307579,11,2,0.0,458.7,12,18,3,0.167,0,mobile,Display
4160377.49223333,64,2,0.0,325.1,9,5,4,0.8,0,mobile,Organic Search
1616850.92483411,27,4,0.0,715.1,18,15,4,0.267,0,mobile,Direct
3928618.48990538,22,2,0.0,237.4,10,17,2,0.118,0,desktop,Paid Search
1441266.52281175,21,2,0.0,725.4,16,7,4,0.571,0,mobile,Direct
1494681.88086403,61,1,0.0,167.5,3,9,1,0.111,0,mobile,Organic Search
2106498.71173047,42,5,0.0,526.1,15,10,1,0.1,0,desktop,Organic Search
7793025.78564049,58,1,0.0,362.7,7,9,2,0.222,0,desktop,Direct
1844510.71322378,31,1,0.0,226.8,9,19,3,0.158,0,desktop,Organic Search
9759545.38351097,39,2,0.0,184.6,9,13,1,0.077,0,mobile,Paid Search
8323802.69907904,13,5,0.0,1130.6,24,17,3,0.176,0,mobile,Organic Search
8896762.89272332,68,4,0.0,508.0,22,5,2,0.4,0,desktop,Organic Search
2976893.93401481,71,2,0.0,511.2,14,13,4,0.308,0,mobile,Referral
5319563.46976622,33,1,0.0,168.4,5,4,3,0.75,0,mobile,Direct
1110347.89375436,10,8,0.0,846.5,27,5,1,0.2,0,desktop,Referral
1373194.77023541,50,3,0.0,372.0,9,14,2,0.143,0,mobile,Organic Search
9551119.29283413,35,3,0.0,441.8,12,18,1,0.056,0,desktop,Organic Search
1193092.60699447,68,4,0.0,713.3,27,13,2,0.154,0,desktop,Direct
9006703.35354572,27,2,0.0,139.4,5,9,3,0.333,0,mobile,Organic Search
7169973.28767051,67,3,0.0,473.7,16,12,3,0.25,0,desktop,Affiliates
4061333.54771478,27,1,0.0,179.9,8,11,2,0.182,0,desktop,Organic Search
5383051.66473139,10,3,0.0,228.7,8,18,4,0.222,0,mobile,Paid Search
1943819.12309920,25,1,0.0,172.3,9,17,1,0.059,0,desktop,Organic Search
3516511.37915698,64,2,0.0,272.5,10,6,4,0.667,0,mobile,Organic Search
7668411.44800293,50,1,0.0,245.0,6,19,3,0.158,0,mobile,Organic Search
8010531.30518183,26,3,0.0,323.7,14,17,2,0.118,0,mobile,Organic Search
1089793.74536663,23,2,0.0,291.1,7,16,2,0.125,0,mobile,Display
5466129.30277075,29,2,0.0,297.1,15,8,4,0.5,0,mobile,Direct
6814933.63129143,56,1,0.0,285.7,10,13,1,0.077,0,mobile,Organic Search
4637526.84516464,35,2,0.0,97.6,5,14,4,0.286,0,desktop,Paid Search
9045926.93488310,64,1,0.0,290.4,9,13,2,0.154,0,desktop,Referral
3980104.25814644,14,1,0.0,170.6,6,19,4,0.211,0,mobile,Direct
4614097.30449743,16,1,0.0,398.7,9,18,3,0.167,0,mobile,Organic Search
5290434.34498916,19,4,0.0,1009.0,24,18,2,0.111,0,mobile,Organic Search
9413584.40716137,61,3,0.0,999.9,24,4,2,0.5,0,mobile,Paid Search
5536310.35325083,24,1,0.0,107.9,3,15,1,0.067,0,mobile,Organic Search
3073299.73323145,41,1,0.0,287.6,6,17,1,0.059,0,desktop,Organic Search
4274320.52448758,12,1,0.0,155.6,5,6,1,0.167,0,desktop,Organic Search
8813608.14566429,63,1,0.0,176.4,6,4,2,0.5,0,desktop,Display
2485583.28172618,36,3,0.0,299.4,9,9,1,0.111,0,desktop,Organic Search
2579664.12900323,46,1,0.0,155.1,4,11,1,0.091,0,desktop,Organic Search
7949342.68400623,68,4,0.0,926.3,24,18,1,0.056,0,desktop,Direct
2179823.81491010,74,1,0.0,253.8,8,6,1,0.167,0,desktop,Organic Search
1851203.27478162,52,12,0.0,1321.1,57,10,1,0.1,0,desktop,Organic Search
6714313.82123028,51,1,0.0,174.0,6,15,2,0.133,0,mobile,Affiliates
1765643.10157203,73,3,0.0,537.3,14,7,4,0.571,0,desktop,Referral
7325188.85260683,40,1,0.0,227.0,8,18,2,0.111,0,desktop,Organic Search
2609258.69549419,55,2,0.0,171.7,8,7,1,0.143,0,mobile,Referral
6691173.13882303,34,1,0.0,281.5,8,6,2,0.333,0,mobile,Organic Search
4132976.10354973,10,1,0.0,255.8,9,8,4,0.5,0,mobile,Organic Search
1695577.72877382,31,1,0.0,109.0,5,8,3,0.375,0,desktop,Direct
6368819.10285221,59,1,0.0,181.6,5,9,2,0.222,0,mobile,Organic Search
9863671.77792250,12,2,0.0,450.3,10,12,1,0.083,0,mobile,Affiliates
1101412.91314841,63,5,0.0,995.4,36,10,3,0.3,0,desktop,Direct
9849035.28890240,41,1,0.0,271.9,5,13,1,0.077,0,mobile,Organic Search
4871464.53483375,58,1,0.0,212.1,4,6,4,0.667,0,desktop,Organic Search
6753435.74744491,49,2,0.0,353.7,10,8,3,0.375,0,desktop,Direct
7393477.37085176,54,1,0.0,131.9,7,9,4,0.444,0,desktop,Direct
3797340.63810700,42,1,0.0,193.7,8,16,4,0.25,0,desktop,Paid Search
3102761.12684485,72,2,0.0,216.3,11,5,3,0.6,0,desktop,Paid Search
4930349.38928938,56,1,0.0,319.8,6,4,1,0.25,0,desktop,Direct
7844322.36431561,65,1,0.0,133.9,7,17,3,0.176,0,desktop,Direct
9955639.70309755,30,6,0.0,790.6,23,13,2,0.154,0,desktop,Organic Search
7806417.66235059,13,3,0.0,344.0,10,5,3,0.6,0,mobile,Organic Search
9363196.71486620,69,5,0.0,869.4,28,11,1,0.091,0,mobile,Paid Search
9288760.89016551,29,3,0.0,612.0,22,8,3,0.375,0,mobile,Organic Search
7573668.94226480,41,1,0.0,274.5,9,7,1,0.143,0,desktop,Direct
1259088.19362596,26,1,0.0,331.5,7,10,1,0.1,0,mobile,Organic Search
7426023.67393423,49,1,0.0,203.8,6,4,3,0.75,0,desktop,Direct
1877537.40597630,61,2,0.0,206.6,7,14,3,0.214,0,mobile,Organic Search
6796263.38600524,33,3,0.0,317.4,15,13,2,0.154,0,desktop,Display
9077095.84390224,18,6,0.0,665.2,38,12,2,0.167,0,desktop,Paid Search
3176075.57597276,59,1,0.0,98.0,3,13,4,0.308,0,desktop,Organic Search
5213602.49892519,26,1,0.0,247.3,7,18,3,0.167,0,mobile,Organic Search
6965451.27291782,23,1,0.0,317.7,9,5,3,0.6,0,tablet,Organic Search
4692784.76617361,55,2,0.0,338.0,17,9,1,0.111,0,mobile,Referral
3387512.88082895,68,1,0.0,209.5,10,7,2,0.286,0,mobile,Organic Search
1420494.70017555,53,2,0.0,245.8,14,13,1,0.077,0,tablet,Organic Search
7036587.74899525,74,2,0.0,242.0,10,9,3,0.333,0,mobile,Direct
6685122.19854625,13,1,0.0,275.2,6,14,3,0.214,0,desktop,Referral
3838400.38467458,67,2,0.0,270.5,13,11,1,0.091,0,desktop,Referral
3341977.52201552,63,2,0.0,219.1,10,4,1,0.25,0,mobile,Referral
4377372.80314930,56,1,0.0,197.0,5,7,4,0.571,0,desktop,Direct
2621092.18830471,25,2,0.0,411.3,14,15,4,0.267,0,mobile,Organic Search
4658108.28648389,48,2,0.0,272.5,15,6,2,0.333,0,desktop,Direct
9980523.95652970,25,3,0.0,426.2,15,8,4,0.5,0,desktop,Direct
6108738.22861234,55,2,0.0,345.7,7,18,4,0.222,0,desktop,Organic Search
8379039.75923957,54,3,0.0,592.3,19,10,2,0.2,0,desktop,Referral
6589408.46924677,40,1,0.0,271.0,6,13,4,0.308,0,desktop,Direct
7276257.88899481,25,2,0.0,93.8,5,9,2,0.222,0,desktop,Organic Search
2769581.16163047,37,4,0.0,621.6,23,4,4,1.0,0,tablet,Referral
4536785.76273166,18,1,0.0,177.7,7,5,3,0.6,0,mobile,Direct
5255429.95498999,26,1,0.0,346.1,7,18,1,0.056,0,mobile,Direct
4741279.73083010,32,1,0.0,182.0,6,17,2,0.118,0,mobile,Organic Search
7138549.42745495,23,3,0.0,553.8,12,8,4,0.5,0,mobile,Organic Search
7532560.97038155,13,1,0.0,220.8,6,11,3,0.273,0,mobile,Organic Search
8462277.82227961,48,5,0.0,1255.7,35,13,2,0.154,0,desktop,Organic Search
6395896.71057739,41,1,0.0,323.7,7,4,2,0.5,0,mobile,Organic Search
7243474.34086356,73,2,0.0,402.7,12,17,1,0.059,0,mobile,Paid Search
9048126.77795178,21,1,0.0,166.0,4,13,2,0.154,0,mobile,Organic Search
5258656.91585666,13,2,0.0,277.4,7,15,2,0.133,0,desktop,Organic Search
6129260.67484588,20,1,0.0,224.0,6,17,2,0.118,0,desktop,Direct
3709377.44517785,57,1,0.0,135.9,3,15,4,0.267,0,mobile,Referral
9245829.98219581,66,3,0.0,410.5,12,7,3,0.429,0,mobile,Organic Search
4670215.15277832,20,1,0.0,375.0,8,4,2,0.5,0,mobile,Display
3248087.38960474,73,1,0.0,195.4,9,5,1,0.2,0,desktop,Organic Search
6857312.96592225,52,1,0.0,312.1,7,19,2,0.105,0,desktop,Direct
2311180.65730614,63,1,0.0,134.5,6,10,4,0.4,0,mobile,Paid Search
5788000.18790466,20,1,0.0,171.5,6,12,4,0.333,0,desktop,Direct
8868268.60515276,53,2,0.0,293.4,10,4,1,0.25,0,mobile,Referral
3246631.99842719,35,1,0.0,100.7,3,17,4,0.235,0,mobile,Organic Search
1100249.93637796,40,1,0.0,224.5,6,17,4,0.235,0,mobile,Paid Search
2457040.37812386,53,2,0.0,224.2,10,15,3,0.2,0,mobile,Organic Search
5105070.32432259,26,18,0.0,2524.8,65,16,1,0.062,0,desktop,Referral
3784921.34165980,52,5,0.0,414.2,23,19,4,0.211,0,desktop,Organic Search
2342759.29649794,20,2,0.0,541.6,12,17,4,0.235,0,mobile,Organic Search
2089521.27434340,41,1,0.0,173.2,5,17,1,0.059,0,mobile,Organic Search
3671280.37312981,29,1,0.0,349.4,8,10,1,0.1,0,mobile,Organic Search
9731782.80712238,58,1,0.0,113.0,4,8,1,0.125,0,desktop,Referral
7125467.57453519,12,1,0.0,237.4,7,13,1,0.077,0,desktop,Organic Search
6444813.30150773,21,3,0.0,825.4,20,6,2,0.333,0,mobile,Direct
7428986.85262504,18,6,0.0,681.9,20,9,1,0.111,0,mobile,Display
6070831.49219793,37,1,0.0,156.5,4,6,3,0.5,0,desktop,Direct
9399161.23830109,16,2,0.0,298.2,8,12,3,0.25,0,desktop,Organic Search
6674727.66440710,36,3,0.0,762.4,18,13,4,0.308,0,mobile,Organic Search
5274148.14813451,74,2,0.0,413.9,12,10,4,0.4,0,desktop,Organic Search
1965544.12011461,62,1,0.0,267.0,9,18,1,0.056,0,desktop,Direct
5464126.80241197,14,1,0.0,216.4,4,16,2,0.125,0,desktop,Direct
6257585.37722251,44,1,0.0,134.7,6,13,4,0.308,0,desktop,Organic Search
6923019.65788765,32,1,0.0,107.5,4,18,4,0.222,0,desktop,Organic Search
5613121.50107201,64,2,0.0,306.9,11,5,4,0.8,0,desktop,Organic Search
7040191.99453132,13,3,0.0,622.9,18,7,1,0.143,0,desktop,Referral
3889349.17907590,40,12,0.0,2322.1,57,12,1,0.083,0,desktop,Organic Search
9075709.98641554,69,1,0.0,233.6,8,13,3,0.231,0,desktop,Direct
9206623.72509283,20,2,0.0,234.8,11,11,3,0.273,0,mobile,Organic Search
5867486.99736596,26,2,0.0,389.8,8,13,4,0.308,0,desktop,Direct
5683187.26695829,51,3,0.0,233.4,9,14,4,0.286,0,desktop,Organic Search
5278122.36500750,13,1,0.0,277.4,8,13,2,0.154,0,tablet,Paid Search
1913129.20621105,61,1,0.0,232.4,5,16,3,0.188,0,desktop,Organic Search
1968951.99071460,74,1,0.0,298.4,7,16,4,0.25,0,mobile,Direct
8694862.36290235,18,2,0.0,111.5,6,11,4,0.364,0,desktop,Paid Search
3295836.32326848,15,1,0.0,386.6,8,17,1,0.059,0,mobile,Direct
3412378.58922574,24,1,0.0,149.7,7,18,2,0.111,0,mobile,Affiliates
6433077.89550725,38,2,0.0,274.9,9,7,1,0.143,0,desktop,Referral
8702089.59076734,37,1,0.0,228.4,6,11,3,0.273,0,mobile,Direct
3208649.11368903,32,1,0.0,202.7,6,11,4,0.364,0,desktop,Organic Search
3064694.39254562,26,1,0.0,201.4,9,16,1,0.062,0,tablet,Organic Search
3202045.66796577,33,1,0.0,224.7,5,11,3,0.273,0,desktop,Organic Search
6478136.52956276,67,6,0.0,716.6,22,7,3,0.429,0,mobile,Paid Search
6345245.29220335,22,1,0.0,263.0,5,19,3,0.158,0,desktop,Paid Search
3622211.41487808,53,3,0.0,256.5,11,19,1,0.053,0,mobile,Organic Search
4668443.48499700,40,2,0.0,502.7,11,9,3,0.333,0,mobile,Direct
9810245.10993320,56,3,0.0,313.4,10,7,2,0.286,0,mobile,Organic Search
5116580.11094942,36,2,0.0,346.1,11,14,4,0.286,0,mobile,Organic Search
8658601.48013208,10,5,0.0,663.9,22,11,3,0.273,0,desktop,Referral
2503816.91165503,16,2,0.0,506.0,11,4,2,0.5,0,mobile,Referral
8138702.40218600,59,1,0.0,128.5,4,16,4,0.25,0,desktop,Organic Search
4577019.14962159,70,1,0.0,197.0,7,9,1,0.111,0,desktop,Organic Search
3375937.12621880,39,3,0.0,710.3,19,10,1,0.1,0,desktop,Organic Search
6172612.33458297,22,1,0.0,206.0,6,12,1,0.083,0,desktop,Organic Search
2609887.41712966,45,1,0.0,204.6,7,16,3,0.188,0,tablet,Organic Search
3750172.86985220,66,2,0.0,260.6,5,4,4,1.0,0,desktop,Organic Search
8320295.80492750,50,1,0.0,136.3,4,18,3,0.167,0,desktop,Direct
4932840.71583025,26,2,0.0,247.6,11,9,4,0.444,0,mobile,Referral
9665407.43218620,15,1,0.0,286.4,7,7,1,0.143,0,desktop,Organic Search
3458018.28320490,43,2,0.0,197.9,10,10,4,0.4,0,desktop,Organic Search
3139113.19678015,38,1,0.0,200.1,5,12,2,0.167,0,desktop,Paid Search
5822557.33635552,64,4,0.0,708.0,19,6,3,0.5,0,tablet,Paid Search
8287082.72066139,69,2,0.0,191.0,11,8,3,0.375,0,desktop,Email
8161119.38839727,48,2,0.0,271.7,12,16,3,0.188,0,desktop,Organic Search
3132276.64989477,35,2,0.0,242.4,15,8,3,0.375,0,mobile,Direct
2764875.21081915,50,1,0.0,133.0,4,13,4,0.308,0,tablet,Organic Search
3992534.47424251,20,4,0.0,887.2,24,5,3,0.6,0,tablet,Paid Search
4618765.99944255,32,3,0.0,623.8,20,13,4,0.308,0,desktop,Direct
2696921.98672021,22,1,0.0,257.0,7,4,2,0.5,0,desktop,Display
2585459.87659006,32,5,0.0,949.1,26,13,4,0.308,0,mobile,Direct
7675691.89056907,37,1,0.0,387.8,8,10,1,0.1,0,mobile,Direct
3764202.66222386,49,1,0.0,396.2,9,17,4,0.235,0,desktop,Paid Search
9350929.44570563,37,2,0.0,259.3,10,18,1,0.056,0,desktop,Organic Search
5803955.88580188,28,1,0.0,154.8,6,17,3,0.176,0,desktop,Organic Search
1299702.65270161,17,5,0.0,444.6,13,16,4,0.25,0,mobile,Direct
7474675.13376880,70,1,0.0,204.6,6,10,4,0.4,0,desktop,Direct
2627639.92063674,56,2,0.0,221.8,10,4,3,0.75,0,mobile,Direct
4729725.53762047,55,3,0.0,370.5,16,15,4,0.267,0,desktop,Organic Search
4927017.33916608,42,12,0.0,2113.9,64,14,3,0.214,0,desktop,Paid Search
1388286.41143557,25,1,0.0,171.1,5,11,3,0.273,0,desktop,Direct
9158571.79025295,20,1,0.0,172.6,6,19,4,0.211,0,desktop,Organic Search
3529107.17872495,62,1,0.0,173.3,4,8,4,0.5,0,desktop,Referral
6438811.71452937,20,1,0.0,280.1,6,10,1,0.1,0,desktop,Organic Search
3301849.60618115,27,2,0.0,261.2,9,11,2,0.182,0,mobile,Direct
6285056.40944382,63,1,0.0,378.0,10,18,3,0.167,0,tablet,Direct
8670345.84216109,42,2,0.0,277.6,8,10,4,0.4,0,desktop,Organic Search
2620955.21050034,40,1,0.0,154.9,8,9,3,0.333,0,mobile,Paid Search
4788827.58441791,71,1,0.0,95.8,4,13,3,0.231,0,mobile,Organic Search
5729507.48740421,70,1,0.0,241.4,6,5,4,0.8,0,desktop,Direct
1937093.51164878,50,2,0.0,306.4,8,19,1,0.053,0,desktop,Display
6364115.87120331,38,1,0.0,367.1,10,17,2,0.118,0,mobile,Direct
9994520.82639779,40,5,0.0,626.6,14,13,1,0.077,0,mobile,Direct
1437709.56665357,48,1,0.0,136.3,6,14,4,0.286,0,mobile,Organic Search
4552399.28258088,58,1,0.0,189.4,7,17,2,0.118,0,desktop,Organic Search
4163296.19631101,25,2,0.0,674.5,15,5,2,0.4,0,desktop,Display
4790977.88898481,41,2,0.0,379.1,11,8,1,0.125,0,desktop,Direct
1098967.76447087,49,1,0.0,100.1,5,6,3,0.5,0,mobile,Organic Search
5432956.79178652,65,1,0.0,308.3,9,5,2,0.4,0,desktop,Organic Search
5567752.52126606,65,3,0.0,533.2,18,13,3,0.231,0,mobile,Direct
3452792.14285118,22,4,0.0,758.8,16,11,2,0.182,0,desktop,Organic Search
6426855.61487907,34,1,0.0,218.5,4,4,4,1.0,0,mobile,Paid Search
5324288.55556899,44,6,0.0,1207.2,33,7,4,0.571,0,desktop,Referral
1613655.13996146,39,2,0.0,716.8,16,16,1,0.062,0,desktop,Referral
8520504.44746333,24,1,0.0,192.9,4,8,4,0.5,0,mobile,Paid Search
4567955.68385305,26,1,0.0,306.5,8,8,3,0.375,0,mobile,Direct
6637717.22032002,22,5,0.0,422.9,19,14,4,0.286,0,desktop,Direct
5573317.34349701,11,2,0.0,418.1,15,19,3,0.158,0,desktop,Referral
5430068.30209788,27,6,0.0,1609.7,42,19,1,0.053,0,desktop,Organic Search
7047327.76572389,38,1,0.0,206.1,6,9,4,0.444,0,mobile,Display
4340307.44736549,52,1,0.0,287.8,7,9,2,0.222,0,desktop,Organic Search
4733638.67747330,70,1,0.0,146.1,4,7,4,0.571,0,desktop,Direct
3104534.70109260,69,1,0.0,209.2,9,5,2,0.4,0,desktop,Organic Search
4854964.59120503,23,2,0.0,245.0,10,16,2,0.125,0,desktop,Organic Search
2111394.80028254,50,4,0.0,848.5,19,10,2,0.2,0,mobile,Organic Search
4857391.17605031,17,1,0.0,283.4,7,14,2,0.143,0,desktop,Referral
9986038.77671191,13,2,0.0,331.8,16,5,2,0.4,0,desktop,Organic Search
6261134.72321785,36,1,0.0,309.5,6,15,3,0.2,0,desktop,Organic Search
4378929.82652679,66,1,0.0,184.4,9,10,1,0.1,0,desktop,Organic Search
9614894.15708409,42,2,0.0,449.1,10,10,1,0.1,0,mobile,Direct
9488530.81986793,12,1,0.0,243.2,5,7,2,0.286,0,desktop,Direct
2065282.81538570,35,1,0.0,146.0,4,6,1,0.167,0,mobile,Referral
1938563.69386213,20,1,0.0,207.7,7,18,4,0.222,0,mobile,Email
2801973.92294343,11,2,0.0,388.6,11,4,1,0.25,0,desktop,Organic Search
4512306.15685863,71,1,0.0,148.5,4,19,1,0.053,0,desktop,Direct
9435874.18079439,54,2,0.0,442.6,11,10,1,0.1,0,desktop,Organic Search
9412984.92936309,68,1,0.0,126.0,4,6,3,0.5,0,desktop,Organic Search
2031410.46948513,36,4,0.0,469.5,19,6,2,0.333,0,desktop,Organic Search
2422008.95079061,23,2,0.0,383.0,9,8,2,0.25,0,desktop,Referral
2808817.52834738,13,8,0.0,936.7,49,18,2,0.111,0,desktop,Referral
8887053.49059844,30,4,0.0,672.3,20,19,4,0.211,0,desktop,Organic Search
8580274.82590878,69,4,0.0,859.3,27,17,2,0.118,0,mobile,Organic Search
4766256.51828497,26,2,0.0,483.2,10,8,4,0.5,0,desktop,Paid Search
4492499.26034604,59,5,0.0,246.1,12,17,3,0.176,0,mobile,Organic Search
6787688.48641375,40,1,0.0,87.8,3,15,2,0.133,0,desktop,Organic Search
7590459.28659015,10,1,0.0,229.9,6,18,3,0.167,0,desktop,Organic Search
4713732.91395348,13,1,0.0,216.8,9,8,4,0.5,0,desktop,Organic Search
9651456.86691047,52,1,0.0,186.5,10,16,4,0.25,0,desktop,Direct
6705123.21292750,63,2,0.0,501.3,13,16,2,0.125,0,desktop,Organic Search
5524008.41125062,48,4,0.0,689.6,28,18,2,0.111,0,desktop,Referral
2824309.83095319,33,2,0.0,199.1,7,18,1,0.056,0,desktop,Organic Search
5867910.12124302,70,1,0.0,84.4,2,19,2,0.105,0,desktop,Organic Search
1517726.10287032,53,2,0.0,370.5,9,8,3,0.375,0,mobile,Direct
6365799.26690754,50,1,0.0,407.3,9,15,1,0.067,0,desktop,Organic Search
3872447.93780369,59,5,0.0,310.5,17,14,4,0.286,0,desktop,Organic Search
2954024.53332305,57,3,0.0,436.8,10,6,2,0.333,0,desktop,Organic Search
3995050.25734275,16,3,0.0,728.4,20,5,2,0.4,0,desktop,Organic Search
7764689.29206133,55,1,0.0,144.8,3,10,2,0.2,0,desktop,Organic Search
7740139.22241977,11,4,0.0,495.2,25,7,2,0.286,0,mobile,Direct
6758325.61606422,34,3,0.0,229.5,11,10,3,0.3,0,desktop,Organic Search
8006471.28134350,40,12,0.0,1946.0,43,9,2,0.222,0,mobile,Organic Search
7196559.65785999,31,1,0.0,124.8,5,10,3,0.3,0,desktop,Direct
8072528.97969169,52,1,0.0,235.9,10,15,2,0.133,0,desktop,Referral
9706793.65725457,40,1,0.0,234.3,7,14,3,0.214,0,desktop,Referral
6987834.31196299,12,3,0.0,359.6,15,6,2,0.333,0,desktop,Email
1206803.24763039,50,3,0.0,508.6,22,12,2,0.167,0,mobile,Display
8419177.35365105,26,1,0.0,207.4,4,5,1,0.2,0,desktop,Organic Search
1082390.53240253,52,1,0.0,219.9,5,12,2,0.167,0,desktop,Paid Search
1300175.29167711,37,3,0.0,319.7,13,5,2,0.4,0,mobile,Referral
3259988.10647357,67,3,0.0,807.5,18,15,4,0.267,0,desktop,Organic Search
1531131.81185158,10,1,0.0,269.7,6,8,4,0.5,0,mobile,Direct
6479343.60468966,16,2,0.0,505.9,17,19,2,0.105,0,desktop,Paid Search
7033371.75403778,57,2,0.0,229.7,7,8,1,0.125,0,mobile,Organic Search
9803832.45646637,73,1,0.0,349.6,8,10,1,0.1,0,mobile,Organic Search
9000011.30427450,11,1,0.0,156.4,7,6,3,0.5,0,desktop,Paid Search
5438127.64700745,40,3,0.0,452.1,13,6,2,0.333,0,mobile,Organic Search
6477079.47524271,13,1,0.0,189.1,4,16,3,0.188,0,desktop,Direct
5533543.35266492,72,3,0.0,699.9,21,16,3,0.188,0,mobile,Direct
8078320.86636625,64,4,0.0,273.9,14,14,4,0.286,0,desktop,Paid Search
6144203.97393289,36,1,0.0,205.3,8,10,4,0.4,0,desktop,Organic Search
4355272.80542523,18,2,0.0,231.2,9,19,2,0.105,0,mobile,Display
4986490.90757186,10,1,0.0,236.0,6,19,3,0.158,0,desktop,Organic Search
9904040.63410926,65,1,0.0,228.3,5,17,2,0.118,0,desktop,Organic Search
9015566.32531096,24,3,0.0,312.4,10,6,4,0.667,0,desktop,Display
4370900.86115472,20,1,0.0,213.9,5,13,1,0.077,0,mobile,Referral
6997272.75528470,34,2,0.0,528.9,13,11,4,0.364,0,mobile,Direct
7402355.22994517,22,4,0.0,762.7,27,12,4,0.333,0,desktop,Direct
3055652.98474953,54,1,0.0,174.8,7,8,1,0.125,0,mobile,Organic Search
5801343.94666196,19,2,0.0,227.4,11,9,2,0.222,0,desktop,Direct
1314926.43597907,71,1,0.0,125.8,6,4,1,0.25,0,desktop,Organic Search
6932481.50315356,62,1,0.0,210.3,4,5,4,0.8,0,mobile,Display
8611377.46869125,38,4,0.0,608.1,27,10,1,0.1,0,mobile,Referral
7971094.55368625,56,3,0.0,449.4,17,18,1,0.056,0,mobile,Direct
8784446.34168737,69,2,0.0,408.5,10,9,3,0.333,0,desktop,Organic Search
7641894.24422078,50,8,0.0,1109.0,57,13,1,0.077,0,desktop,Organic Search
4305933.94545903,11,1,0.0,184.8,5,15,4,0.267,0,mobile,Organic Search
1899406.70388478,21,1,0.0,194.7,4,10,2,0.2,0,desktop,Organic Search
2898655.98727901,43,2,0.0,431.2,13,13,3,0.231,0,mobile,Organic Search
4601090.72841783,43,2,0.0,443.5,10,6,1,0.167,0,desktop,Organic Search
9230548.39227179,32,1,0.0,345.0,8,16,1,0.062,0,desktop,Organic Search
6690197.82092135,10,3,0.0,338.7,12,6,3,0.5,0,desktop,Direct
7100113.31898471,71,2,0.0,179.0,9,10,1,0.1,0,desktop,Organic Search
5115492.99891553,57,2,0.0,355.3,12,5,2,0.4,0,mobile,Organic Search
1621066.44580999,31,4,0.0,453.0,26,18,2,0.111,0,desktop,Direct
3705649.47476239,37,1,0.0,157.7,4,7,3,0.429,0,desktop,Referral
2027459.72229161,23,1,0.0,236.5,6,15,3,0.2,0,mobile,Organic Search
1929704.37430803,48,2,0.0,202.0,9,10,2,0.2,0,desktop,Referral
5434290.50026978,54,12,0.0,1653.3,50,17,3,0.176,0,desktop,Referral
2445887.70919494,58,2,0.0,248.5,11,14,4,0.286,0,mobile,Paid Search
1214042.86536851,41,1,0.0,154.0,5,12,4,0.333,0,mobile,Referral
6289742.78669616,71,1,0.0,182.5,5,6,3,0.5,0,mobile,Organic Search
6181126.98886385,52,1,0.0,251.3,8,15,1,0.067,0,desktop,Display
4143389.11952830,20,1,0.0,167.6,9,18,1,0.056,0,mobile,Organic Search
4337900.79486730,43,2,0.0,552.5,12,4,4,1.0,0,desktop,Referral
1342569.61849928,27,1,0.0,102.8,5,10,1,0.1,0,mobile,Display
3779032.77336647,45,4,0.0,296.6,17,9,3,0.333,0,desktop,Direct
7631144.20869146,42,2,0.0,459.7,13,6,1,0.167,0,desktop,Organic Search
5418348.54820945,10,2,0.0,444.8,10,17,3,0.176,0,desktop,Referral
2665500.13857638,10,4,0.0,549.0,23,11,3,0.273,0,mobile,Organic Search
2192230.28227913,17,4,0.0,1163.2,28,19,3,0.158,0,mobile,Referral
5340112.49855888,37,1,0.0,191.6,8,9,1,0.111,0,desktop,Organic Search
5248966.89676126,57,3,0.0,748.7,20,16,2,0.125,0,desktop,Organic Search
5141362.26384926,20,1,0.0,117.0,6,5,2,0.4,0,mobile,Direct
6309864.97709691,31,1,0.0,83.7,3,8,3,0.375,0,desktop,Paid Search
4141340.15577424,31,1,0.0,150.8,5,9,3,0.333,0,desktop,Organic Search
4550666.67062971,18,3,0.0,266.1,11,4,2,0.5,0,desktop,Email
3959341.57482786,49,1,0.0,249.0,8,11,3,0.273,0,mobile,Organic Search
6605359.14735722,58,1,0.0,94.8,3,14,3,0.214,0,desktop,Paid Search
1307415.71754267,74,2,0.0,561.0,14,12,3,0.25,0,desktop,Organic Search
7333688.37405372,73,1,0.0,142.6,4,10,2,0.2,0,mobile,Direct
8221603.73255060,24,1,0.0,191.5,5,10,4,0.4,0,mobile,Direct
4291748.22279803,66,2,0.0,215.8,5,15,3,0.2,0,mobile,Direct
1267328.33009223,16,3,0.0,603.8,14,7,2,0.286,0,mobile,Direct
7329686.67263061,28,2,0.0,183.2,5,6,3,0.5,0,mobile,Display
6710853.38322492,67,2,0.0,174.3,9,19,2,0.105,0,desktop,Paid Search
7781493.17691583,33,3,0.0,520.2,23,18,2,0.111,0,desktop,Paid Search
2259572.54118018,19,1,0.0,173.1,7,18,1,0.056,0,desktop,Organic Search
6145772.70277696,30,4,0.0,910.3,30,14,2,0.143,0,desktop,Direct
4469719.21893314,63,3,0.0,323.0,9,6,4,0.667,0,desktop,Paid Search
1560334.89375393,17,2,0.0,523.1,12,9,1,0.111,0,tablet,Direct
6714629.31684514,18,1,0.0,183.1,3,7,4,0.571,0,desktop,Direct
5548647.95274547,24,6,0.0,692.6,21,7,1,0.143,0,desktop,Organic Search
8242937.65776792,60,2,0.0,334.8,8,4,1,0.25,0,mobile,Organic Search
4166469.23835700,51,3,0.0,681.6,20,9,1,0.111,0,desktop,Organic Search
4677109.35091990,11,3,0.0,936.5,21,12,4,0.333,0,desktop,Organic Search
3338251.68031689,44,2,0.0,604.6,15,13,2,0.154,0,mobile,Organic Search
5390813.55477593,52,8,0.0,1360.7,33,4,4,1.0,0,desktop,Affiliates
5276838.11899419,38,1,0.0,304.5,8,18,3,0.167,0,desktop,Referral
1641325.40194987,15,5,0.0,1025.0,34,6,4,0.667,0,mobile,Direct
9629922.86796170,54,6,0.0,1252.0,32,16,4,0.25,0,desktop,Referral
8407974.95884611,38,2,0.0,423.4,12,9,4,0.444,0,mobile,Organic Search
8643875.85026112,42,2,0.0,289.2,11,9,3,0.333,0,mobile,Direct
5403338.24671080,36,1,0.0,185.8,8,19,3,0.158,0,desktop,Referral
4400987.34097575,27,1,0.0,282.4,7,4,3,0.75,0,mobile,Organic Search
7519916.56863443,22,1,0.0,230.5,6,8,1,0.125,0,mobile,Direct
9890782.34368542,18,2,0.0,363.1,9,11,1,0.091,0,mobile,Direct
7799393.26104521,24,2,0.0,363.5,10,5,4,0.8,0,desktop,Paid Search
1821390.70875479,45,4,0.0,794.0,19,17,3,0.176,0,desktop,Direct
8206216.83957534,42,4,0.0,651.3,31,18,1,0.056,0,desktop,Organic Search
5092432.53359158,47,3,0.0,740.7,21,8,4,0.5,0,mobile,Organic Search
1112165.18790933,41,1,0.0,224.9,6,7,3,0.429,0,desktop,Organic Search
3289092.96867027,24,1,0.0,103.4,4,16,3,0.188,0,desktop,Referral
9150308.93325001,38,1,0.0,96.8,3,16,1,0.062,0,desktop,Organic Search
5386054.60624922,54,12,0.0,1234.9,65,5,2,0.4,0,desktop,Referral
7718703.64106955,50,2,0.0,381.9,12,16,1,0.062,0,desktop,Organic Search
4970136.45855261,73,1,0.0,227.4,5,11,3,0.273,0,mobile,Direct
1070712.33569703,32,1,0.0,201.9,6,13,1,0.077,0,desktop,Direct
6448659.24985352,35,1,0.0,138.5,7,19,3,0.158,0,desktop,Organic Search
3544526.81462754,63,1,0.0,112.4,4,13,1,0.077,0,desktop,Organic Search
2250503.68500217,60,1,0.0,358.5,8,5,4,0.8,0,desktop,Organic Search
7174945.71717301,73,2,0.0,373.1,13,8,4,0.5,0,desktop,Referral
6504166.88089474,48,1,0.0,262.2,8,18,4,0.222,0,desktop,Direct
3225619.60235666,50,2,0.0,235.7,5,19,2,0.105,0,desktop,Direct
1424525.40450164,63,1,0.0,192.4,6,17,4,0.235,0,desktop,Direct
8337314.88875491,50,5,0.0,899.4,24,11,1,0.091,0,mobile,Direct
7278513.97099956,17,3,0.0,289.1,14,6,1,0.167,0,mobile,Organic Search
2150989.26501115,37,1,0.0,170.4,4,9,3,0.333,0,desktop,Display
8042277.70840291,16,1,0.0,125.8,5,18,1,0.056,0,mobile,Organic Search
4470232.49457058,55,1,0.0,239.0,6,4,2,0.5,0,mobile,Organic Search
8064763.78911672,63,1,0.0,278.7,6,16,2,0.125,0,desktop,Direct
8717735.15935800,52,2,0.0,364.2,12,7,4,0.571,0,desktop,Organic Search
2411783.40270277,41,1,0.0,251.3,6,10,2,0.2,0,mobile,Organic Search
5331937.21475439,67,6,0.0,598.9,19,15,2,0.133,0,desktop,Organic Search
7913860.50062194,10,1,0.0,268.8,5,17,4,0.235,0,desktop,Organic Search
9612366.93529201,54,1,0.0,90.9,2,5,2,0.4,0,desktop,Direct
6970786.85940800,13,1,0.0,207.4,10,5,2,0.4,0,mobile,Organic Search
6891528.19161034,21,3,0.0,667.3,23,6,3,0.5,0,desktop,Organic Search
9602188.70585308,12,2,0.0,339.3,11,16,2,0.125,0,desktop,Paid Search
2140047.61976518,11,1,0.0,121.7,3,17,1,0.059,0,desktop,Paid Search
6539649.45023402,53,1,0.0,323.2,8,12,2,0.167,0,desktop,Direct
7383366.83162483,63,1,0.0,148.0,5,11,4,0.364,0,desktop,Direct
4465487.53876651,31,1,0.0,133.9,7,9,1,0.111,0,mobile,Direct
6279810.66181056,73,1,0.0,182.4,6,11,3,0.273,0,desktop,Direct
5044663.59349563,49,2,0.0,253.2,9,18,1,0.056,0,desktop,Organic Search
1629686.48403746,47,1,0.0,363.2,8,18,1,0.056,0,desktop,Organic Search
4458406.34217874,44,2,0.0,616.0,13,4,1,0.25,0,desktop,Direct
1015801.79304030,72,5,0.0,339.2,21,16,3,0.188,0,mobile,Direct
7449349.78727437,60,1,0.0,393.3,9,10,1,0.1,0,desktop,Organic Search
9037964.26076115,32,2,0.0,518.9,15,9,3,0.333,0,desktop,Organic Search
7493763.90056143,35,1,0.0,89.4,3,12,4,0.333,0,desktop,Organic Search
6329188.32237711,59,1,0.0,205.8,6,15,3,0.2,0,mobile,Organic Search
4417521.12381920,52,1,0.0,73.9,3,5,3,0.6,0,desktop,Organic Search
8440620.38700324,40,1,0.0,129.0,3,16,3,0.188,0,mobile,Direct
1603720.49752795,54,18,0.0,3660.3,85,11,4,0.364,0,mobile,Paid Search
6720968.85557122,47,3,0.0,533.5,19,12,4,0.333,0,mobile,Affiliates
2307521.61849087,14,2,0.0,362.3,8,16,2,0.125,0,desktop,Organic Search
5035999.17552427,41,1,0.0,277.9,8,15,4,0.267,0,desktop,Direct
7245412.28971656,31,2,0.0,450.5,14,9,1,0.111,0,mobile,Organic Search
3477212.75250744,23,1,0.0,209.3,7,14,4,0.286,0,desktop,Organic Search
7315926.54275370,22,2,0.0,478.3,10,7,1,0.143,0,desktop,Affiliates
6453143.64640947,19,2,0.0,315.3,9,17,1,0.059,0,mobile,Direct
9117068.22885433,73,2,0.0,349.2,8,17,3,0.176,0,desktop,Direct
1187558.62201817,67,2,0.0,294.5,6,6,4,0.667,0,desktop,Direct
3915452.72523503,10,1,0.0,242.9,8,17,2,0.118,0,desktop,Referral
1427683.54335073,24,1,0.0,103.9,4,5,2,0.4,0,desktop,Organic Search
4355526.85167196,44,1,0.0,289.2,7,18,1,0.056,0,mobile,Organic Search
6327817.94694048,49,1,0.0,325.1,9,9,4,0.444,0,mobile,Organic Search
6208404.11368294,31,1,0.0,248.4,6,4,2,0.5,0,mobile,Organic Search
3757687.54395918,63,3,0.0,657.5,20,11,1,0.091,0,desktop,Direct
5098633.14892667,15,1,0.0,86.6,4,14,2,0.143,0,mobile,Referral
3951369.28390208,33,3,0.0,742.6,18,17,3,0.176,0,desktop,Organic Search
5240269.42676657,23,2,0.0,431.0,11,8,1,0.125,0,desktop,Direct
8090600.66817181,36,2,0.0,377.4,13,8,1,0.125,0,desktop,Organic Search
6724019.72402529,39,2,0.0,221.2,11,16,2,0.125,0,mobile,Organic Search
5001759.40093393,43,18,0.0,1832.7,107,12,1,0.083,0,desktop,Organic Search
2611542.43424789,63,3,0.0,439.7,12,18,1,0.056,0,desktop,Organic Search
3045591.47761642,28,1,0.0,359.6,10,12,1,0.083,0,mobile,Direct
7805195.92480821,32,1,0.0,376.5,8,6,1,0.167,0,desktop,Organic Search
3591496.41434416,55,1,0.0,328.3,8,11,3,0.273,0,mobile,Direct
7284046.91029621,52,3,0.0,346.7,13,15,2,0.133,0,mobile,Organic Search
2327506.52897300,58,3,0.0,503.6,14,4,1,0.25,0,desktop,Direct
2272682.39208221,50,1,0.0,73.9,3,15,3,0.2,0,desktop,Organic Search
8592455.47271681,21,2,0.0,164.0,9,7,1,0.143,0,mobile,Organic Search
6892094.53247141,46,1,0.0,228.8,6,5,1,0.2,0,desktop,Referral
2315799.57420515,52,2,0.0,470.5,13,13,4,0.308,0,desktop,Direct
9166226.86023514,37,1,0.0,113.9,2,19,4,0.211,0,desktop,Paid Search
8654523.26593049,54,5,0.0,956.1,23,8,3,0.375,0,desktop,Organic Search
5974060.10272727,58,3,0.0,628.6,14,15,1,0.067,0,desktop,Direct
4326976.61773555,71,1,0.0,243.8,8,12,3,0.25,0,desktop,Direct
3001022.99106128,46,1,0.0,162.5,3,17,4,0.235,0,desktop,Organic Search
4051364.66488721,27,2,0.0,419.4,10,4,1,0.25,0,desktop,Paid Search
7265749.37270929,71,2,0.0,230.8,13,19,1,0.053,0,desktop,Referral
2832600.11386149,11,1,0.0,161.3,7,16,4,0.25,0,desktop,Referral
7780794.29664629,45,2,0.0,324.7,7,19,1,0.053,0,desktop,Organic Search
9753600.53529137,39,1,0.0,178.1,4,10,1,0.1,0,desktop,Referral
7560075.24894615,28,3,0.0,859.9,23,4,4,1.0,0,mobile,Organic Search
1698947.97019490,43,12,0.0,2655.9,71,10,1,0.1,0,mobile,Direct
3278875.13387238,67,1,0.0,394.1,9,16,1,0.062,0,mobile,Organic Search
2066496.89591420,60,3,0.0,559.3,20,5,2,0.4,0,mobile,Referral
6276589.66244497,64,1,0.0,231.8,7,14,1,0.071,0,desktop,Direct
3255950.86326251,31,3,0.0,422.4,22,6,1,0.167,0,mobile,Organic Search
3723571.12581172,32,4,0.0,922.0,25,10,2,0.2,0,tablet,Paid Search
8052298.67629851,10,1,0.0,280.1,10,10,4,0.4,0,mobile,Referral
2715548.71920114,40,4,0.0,768.6,23,7,1,0.143,0,desktop,Organic Search
7789773.60390112,21,1,0.0,322.5,7,15,3,0.2,0,desktop,Organic Search
6721077.19612917,12,1,0.0,220.4,5,12,1,0.083,0,desktop,Organic Search
8317238.73096671,74,1,0.0,306.4,9,8,4,0.5,0,desktop,Organic Search
2140976.93570743,11,1,0.0,227.3,6,16,3,0.188,0,tablet,Direct
9781051.91460049,49,4,0.0,688.6,20,18,1,0.056,0,desktop,Organic Search
4484597.97058433,40,2,0.0,392.5,16,11,1,0.091,0,desktop,Direct
6275458.88587905,42,5,0.0,715.3,17,15,2,0.133,0,tablet,Referral
8737218.73788201,31,1,0.0,293.8,7,7,3,0.429,0,mobile,Direct
1478036.25849592,19,3,0.0,536.2,14,5,1,0.2,0,desktop,Organic Search
7464248.99831719,48,1,0.0,164.7,6,7,2,0.286,0,desktop,Referral
1987306.29742141,44,1,0.0,283.1,8,7,2,0.286,0,desktop,Direct
2190697.44623639,67,1,0.0,145.0,3,19,2,0.105,0,desktop,Direct
7274180.94592309,49,1,0.0,224.6,6,7,1,0.143,0,desktop,Organic Search
3422909.99495250,36,2,0.0,274.4,15,9,2,0.222,0,mobile,Direct
5026608.37904367,71,5,0.0,380.2,17,7,2,0.286,0,desktop,Referral
8070026.94482881,37,1,0.0,135.4,3,19,1,0.053,0,desktop,Direct
3608452.24601057,18,1,0.0,211.3,8,19,4,0.211,0,mobile,Direct
4470036.31137207,65,1,0.0,358.9,10,5,2,0.4,0,desktop,Organic Search
2905555.15516931,66,1,0.0,392.5,9,19,1,0.053,0,mobile,Organic Search
3492555.71990759,63,1,0.0,297.1,7,7,2,0.286,0,desktop,Direct
8328116.16558405,69,4,0.0,868.7,24,12,1,0.083,0,mobile,Direct
1824276.59868236,33,4,0.0,751.5,25,14,2,0.143,0,desktop,Referral
8078341.49433361,73,3,0.0,751.5,20,17,4,0.235,0,desktop,Organic Search
7335728.37700307,65,2,0.0,372.0,9,7,1,0.143,0,desktop,Organic Search
2013686.75552993,46,1,0.0,262.3,8,5,3,0.6,0,mobile,Organic Search
8659339.67646888,67,3,0.0,689.3,17,6,1,0.167,0,desktop,Display
8559780.41934202,64,5,0.0,551.3,27,5,1,0.2,0,mobile,Organic Search
6593293.29207781,25,2,0.0,430.3,13,18,2,0.111,0,mobile,Organic Search
4798152.85066534,21,3,0.0,601.8,16,19,2,0.105,0,mobile,Organic Search
4654568.68374057,60,1,0.0,202.0,6,6,4,0.667,0,mobile,Paid Search
9388102.98406917,13,3,0.0,416.6,21,14,4,0.286,0,mobile,Paid Search
5681897.27442676,29,3,0.0,235.8,11,14,4,0.286,0,desktop,Direct
2801576.96848712,71,1,0.0,336.4,10,9,1,0.111,0,desktop,Organic Search
9198080.95480425,17,1,0.0,194.1,4,6,1,0.167,0,desktop,Direct
2491445.92635405,46,2,0.0,477.4,13,5,2,0.4,0,mobile,Organic Search
6399593.48121736,53,2,0.0,385.2,9,5,3,0.6,0,mobile,Referral
6065204.80556912,49,3,0.0,865.4,19,14,1,0.071,0,desktop,Organic Search
7128709.53728461,17,2,0.0,684.9,15,8,3,0.375,0,mobile,Display
2395680.83788747,19,3,0.0,204.0,10,9,2,0.222,0,mobile,Organic Search
3810877.33723942,19,3,0.0,276.8,9,18,1,0.056,0,mobile,Organic Search
2251562.78546968,51,1,0.0,123.0,5,10,3,0.3,0,desktop,Direct
6840278.24533336,55,3,0.0,365.0,15,18,1,0.056,0,desktop,Direct
7831571.36378871,54,1,0.0,162.0,4,15,1,0.067,0,mobile,Organic Search
7210936.48428323,72,2,0.0,296.0,8,7,4,0.571,0,mobile,Affiliates
6234203.23482868,68,1,0.0,246.2,6,18,1,0.056,0,desktop,Organic Search
2815940.34817601,57,2,0.0,401.9,16,10,3,0.3,0,desktop,Organic Search
5156020.74365467,60,12,0.0,1438.1,80,12,1,0.083,0,mobile,Organic Search
5235430.74039458,23,3,0.0,293.6,13,9,3,0.333,0,desktop,Organic Search
5465918.85290294,67,3,0.0,432.8,15,7,4,0.571,0,desktop,Organic Search
1020906.91739472,54,1,0.0,200.8,4,13,3,0.231,0,desktop,Organic Search
2410281.33090094,13,2,0.0,254.6,9,13,3,0.231,0,desktop,Referral
7892774.76935050,31,1,0.0,363.7,8,7,1,0.143,0,mobile,Direct
6744719.24060643,55,3,0.0,564.2,20,7,4,0.571,0,desktop,Organic Search
2372188.70878017,47,3,0.0,741.2,18,14,4,0.286,0,mobile,Direct
7045664.11658792,16,1,0.0,93.6,3,11,2,0.182,0,desktop,Organic Search
4159493.13332775,27,1,0.0,333.4,8,13,2,0.154,0,mobile,Organic Search
8512960.85259633,58,2,0.0,393.4,14,17,3,0.176,0,desktop,Paid Search
2086166.75059965,38,2,0.0,248.8,8,5,2,0.4,0,mobile,Direct
1673951.36902093,70,1,0.0,136.1,3,15,3,0.2,0,desktop,Organic Search
7765627.77398977,28,1,0.0,114.4,6,14,3,0.214,0,mobile,Organic Search
9082422.38163751,31,2,0.0,436.0,13,6,3,0.5,0,mobile,Organic Search
5862325.60273362,14,4,0.0,687.6,17,13,3,0.231,0,desktop,Direct
4038535.79676772,10,1,0.0,212.5,7,9,4,0.444,0,mobile,Direct
5440801.27231118,10,1,0.0,369.6,9,7,3,0.429,0,desktop,Referral
4728481.42689356,50,1,0.0,329.0,8,14,1,0.071,0,desktop,Direct
8988024.41766301,44,1,0.0,266.1,6,18,3,0.167,0,desktop,Organic Search
9237933.70555458,18,1,0.0,218.7,7,18,1,0.056,0,desktop,Referral
5096353.29473923,34,4,0.0,770.9,26,9,3,0.333,0,desktop,Direct
9479601.65699876,18,5,0.0,617.6,28,11,2,0.182,0,desktop,Organic Search
8847628.77890854,50,1,0.0,332.0,9,6,3,0.5,0,mobile,Organic Search
5057958.30780309,63,3,0.0,240.5,10,14,3,0.214,0,desktop,Organic Search
5282789.42838829,39,1,0.0,368.7,9,16,4,0.25,0,desktop,Direct
4308800.13974256,20,1,0.0,151.5,6,7,1,0.143,0,desktop,Direct
5974643.58339536,68,2,0.0,163.5,6,19,2,0.105,0,desktop,Referral
1428190.55403456,60,2,0.0,237.6,12,5,4,0.8,0,mobile,Display
4694212.71724752,68,1,0.0,100.8,3,13,3,0.231,0,desktop,Organic Search
9312970.58738585,30,2,0.0,530.2,13,4,2,0.5,0,desktop,Referral
9083099.87756854,56,2,0.0,492.8,12,16,4,0.25,0,desktop,Organic Search
2470446.86065486,18,1,0.0,238.5,6,11,3,0.273,0,mobile,Direct
2581360.20484849,31,1,0.0,115.5,3,4,1,0.25,0,mobile,Organic Search
2661592.63129292,53,3,0.0,653.5,14,7,1,0.143,0,desktop,Direct
1432270.71579605,18,3,0.0,401.7,11,10,1,0.1,0,mobile,Direct
6701527.51680644,67,2,0.0,420.6,11,10,4,0.4,0,mobile,Organic Search
1250513.34777180,46,1,0.0,160.4,7,17,4,0.235,0,desktop,Referral
6096519.23536426,12,3,0.0,490.5,11,18,4,0.222,0,mobile,Organic Search
6462099.77699453,71,1,0.0,305.6,7,8,4,0.5,0,mobile,Referral
7964188.11508160,28,1,0.0,162.6,9,14,3,0.214,0,desktop,Direct
5318288.57333533,44,1,0.0,175.0,9,12,1,0.083,0,desktop,Paid Search
3840886.99445137,43,3,0.0,440.1,9,18,3,0.167,0,mobile,Direct
4239202.74841291,21,1,0.0,131.1,7,18,1,0.056,0,desktop,Direct
6955024.24968517,29,1,0.0,282.2,7,9,2,0.222,0,desktop,Organic Search
1558548.86377182,59,2,0.0,142.7,6,17,4,0.235,0,desktop,Organic Search
3271665.69106242,53,1,0.0,420.8,10,16,2,0.125,0,desktop,Direct
4894213.80383522,64,1,0.0,184.9,4,17,2,0.118,0,mobile,Organic Search
5607257.34068434,56,1,0.0,221.3,6,10,1,0.1,0,desktop,Referral
2772278.94825407,62,5,0.0,871.6,32,11,4,0.364,0,desktop,Direct
7095225.71056989,29,1,0.0,234.2,9,12,1,0.083,0,mobile,Organic Search
6159007.31140789,60,2,0.0,233.5,9,5,2,0.4,0,desktop,Organic Search
3219244.41144064,50,4,0.0,915.8,29,18,3,0.167,0,mobile,Direct
9400730.25939731,37,1,0.0,341.6,8,12,2,0.167,0,desktop,Referral
5163899.10874460,38,2,0.0,186.8,8,19,3,0.158,0,desktop,Organic Search
2085564.16672114,38,1,0.0,133.3,4,11,2,0.182,0,desktop,Organic Search
7761786.23737336,73,1,0.0,241.6,6,14,2,0.143,0,mobile,Organic Search
2778751.88371515,51,2,0.0,161.8,7,15,2,0.133,0,mobile,Direct
7493534.64830800,68,1,0.0,254.1,9,12,4,0.333,0,mobile,Paid Search
9113335.49998154,39,4,0.0,561.1,13,9,3,0.333,0,mobile,Paid Search
6048193.56762350,19,1,0.0,291.3,7,19,2,0.105,0,mobile,Referral
8823852.94829505,64,6,0.0,461.4,16,6,1,0.167,0,mobile,Direct
3632362.45237188,17,12,0.0,1203.3,35,7,3,0.429,0,desktop,Organic Search
6763654.46122028,44,2,0.0,626.4,14,17,4,0.235,0,desktop,Organic Search
2540510.17919468,25,1,0.0,247.2,9,6,3,0.5,0,desktop,Paid Search
2331273.80969577,26,2,0.0,359.7,10,7,1,0.143,0,desktop,Direct
1208384.73777505,45,1,0.0,266.2,10,9,3,0.333,0,desktop,Referral
5985441.93982504,41,4,0.0,914.3,23,10,4,0.4,0,desktop,Referral
6122017.92521769,65,5,0.0,1017.5,35,8,2,0.25,0,desktop,Organic Search
5744790.88529042,23,2,0.0,217.8,8,16,3,0.188,0,desktop,Organic Search
7648694.65895417,62,2,0.0,352.6,10,13,4,0.308,0,desktop,Referral
2331243.60237903,49,1,0.0,137.6,6,17,1,0.059,0,desktop,Organic Search
6197483.32426616,24,3,0.0,678.1,20,8,4,0.5,0,desktop,Organic Search
9502091.26548425,31,3,0.0,385.8,17,10,1,0.1,0,desktop,Organic Search
6456032.50433801,57,1,0.0,154.6,8,16,1,0.062,0,desktop,Referral
7996605.64504503,59,2,0.0,225.0,9,15,1,0.067,0,mobile,Organic Search
5563417.46581128,30,1,0.0,167.3,4,6,2,0.333,0,desktop,Organic Search
1986339.97740941,32,3,0.0,504.2,11,11,1,0.091,0,desktop,Direct
9865405.84772688,20,12,0.0,2720.4,62,18,3,0.167,0,desktop,Display
4135897.66024548,55,2,0.0,207.9,9,11,3,0.273,0,desktop,Organic Search
2562971.46622188,10,4,0.0,565.1,27,14,4,0.286,0,mobile,Organic Search
6149435.15134033,45,2,0.0,566.2,13,11,1,0.091,0,desktop,Direct
2081788.90974119,26,4,0.0,559.4,22,5,2,0.4,0,mobile,Organic Search
4349930.79256697,60,1,0.0,206.7,6,18,3,0.167,0,desktop,Organic Search
5918735.40472240,61,1,0.0,266.7,7,17,3,0.176,0,desktop,Organic Search
1069418.24713710,64,2,0.0,419.8,13,12,4,0.333,0,desktop,Direct
8982203.79212625,66,2,0.0,359.7,12,14,2,0.143,0,desktop,Paid Search
3173666.57112402,67,4,0.0,461.8,19,6,2,0.333,0,mobile,Organic Search
6161421.71850046,31,1,0.0,198.0,5,5,2,0.4,0,desktop,Referral
7059656.67415766,34,3,0.0,729.4,16,11,1,0.091,0,mobile,Organic Search
4660969.67995579,59,1,0.0,154.9,6,9,2,0.222,0,desktop,Referral
9179615.21411980,29,4,0.0,1361.8,29,6,2,0.333,0,mobile,Direct
8012348.47943338,53,1,0.0,310.1,9,10,4,0.4,0,desktop,Organic Search
6962721.53139186,42,1,0.0,352.5,9,8,3,0.375,0,mobile,Organic Search
6299313.68466396,17,3,0.0,709.3,16,7,3,0.429,0,mobile,Direct
8189473.51667776,74,3,0.0,505.8,14,11,4,0.364,0,desktop,Direct
1827697.14485659,47,6,0.0,895.6,23,4,2,0.5,0,mobile,Organic Search
8913440.88993304,59,1,0.0,181.5,6,4,4,1.0,0,mobile,Organic Search
3933801.93636241,70,1,0.0,203.2,9,12,2,0.167,0,mobile,Direct
1445962.85731283,65,1,0.0,175.2,5,5,3,0.6,0,desktop,Organic Search
4289367.40387791,30,1,0.0,154.0,3,15,2,0.133,0,mobile,Referral
8124592.99996077,12,2,0.0,411.1,17,14,2,0.143,0,desktop,Direct
2714125.35941458,60,2,0.0,484.7,10,14,4,0.286,0,desktop,Paid Search
3077818.40952841,47,3,0.0,540.6,23,9,4,0.444,0,desktop,Referral
3429356.84966225,27,2,0.0,383.6,14,11,3,0.273,0,desktop,Display
8835630.82953947,26,3,0.0,513.7,21,9,4,0.444,0,mobile,Direct
9218133.51500660,27,2,0.0,391.4,10,5,2,0.4,0,desktop,Referral
8185435.88502392,66,1,0.0,155.4,4,16,1,0.062,0,desktop,Paid Search
5033463.11345791,71,1,0.0,126.4,4,4,3,0.75,0,desktop,Direct
8485934.75206865,46,1,0.0,237.0,5,7,2,0.286,0,desktop,Organic Search
8945947.17163547,22,1,0.0,238.4,8,16,3,0.188,0,desktop,Referral
9795966.25404538,44,1,0.0,269.3,7,18,1,0.056,0,desktop,Paid Search
7161433.96527084,72,3,0.0,390.6,18,14,4,0.286,0,desktop,Direct
9270725.98859961,69,2,0.0,433.9,14,9,2,0.222,0,desktop,Referral
9444711.67248627,10,1,0.0,234.1,8,10,4,0.4,0,mobile,Organic Search
7068155.50342764,46,1,0.0,202.3,7,18,4,0.222,0,mobile,Organic Search
4781120.88541485,24,4,0.0,372.0,18,7,3,0.429,0,desktop,Display
4662475.47287965,35,4,0.0,361.3,10,14,3,0.214,0,desktop,Organic Search
3112609.59563563,38,2,0.0,410.0,11,19,2,0.105,0,mobile,Organic Search
9425403.19890515,19,3,0.0,913.0,21,19,2,0.105,0,desktop,Organic Search
6753125.56575622,66,4,0.0,385.8,15,18,3,0.167,0,mobile,Organic Search
7458962.22101985,15,2,0.0,396.3,9,18,4,0.222,0,mobile,Direct
1739713.38785159,57,1,0.0,301.6,8,18,4,0.222,0,desktop,Direct
5813338.32198710,51,1,0.0,254.7,8,11,1,0.091,0,mobile,Organic Search
6199953.75898984,37,2,0.0,185.0,7,18,1,0.056,0,desktop,Paid Search
1138970.68478175,25,3,0.0,408.0,10,17,4,0.235,0,desktop,Direct
4213434.85267826,67,2,0.0,276.1,8,11,4,0.364,0,desktop,Organic Search
9456471.90065825,72,3,0.0,439.0,15,17,3,0.176,0,mobile,Organic Search
2442620.19911739,68,8,0.0,1032.9,45,16,4,0.25,0,desktop,Paid Search
8224372.99089904,45,1,0.0,252.4,8,18,2,0.111,0,desktop,Organic Search
3344347.86630418,32,1,0.0,224.4,8,9,2,0.222,0,mobile,Paid Search
6229683.41705232,35,1,0.0,202.7,6,12,4,0.333,0,mobile,Referral
1544936.61380781,47,3,0.0,663.3,18,5,2,0.4,0,mobile,Referral
6601784.16608702,38,3,0.0,234.3,9,19,3,0.158,0,desktop,Direct
4380211.29074874,17,2,0.0,643.0,15,7,1,0.143,0,desktop,Email
1987463.38470540,50,1,0.0,103.2,4,17,1,0.059,0,desktop,Direct
1878481.55902951,48,1,0.0,100.0,4,18,3,0.167,0,mobile,Paid Search
8322413.18061732,11,3,0.0,247.4,9,10,3,0.3,0,mobile,Direct
7757186.26978868,36,2,0.0,272.9,10,7,2,0.286,0,desktop,Referral
9141151.97481944,47,3,0.0,401.6,16,4,1,0.25,0,desktop,Organic Search
4497758.15957755,43,1,0.0,323.3,8,14,3,0.214,0,desktop,Display
8403411.14161041,40,2,0.0,343.5,11,11,1,0.091,0,desktop,Organic Search
5543737.39404621,19,2,0.0,316.6,10,6,3,0.5,0,desktop,Organic Search
3184666.51569471,33,1,0.0,179.7,5,18,3,0.167,0,desktop,Organic Search
5927652.22497873,37,4,0.0,728.3,17,11,1,0.091,0,desktop,Organic Search
2214477.96259987,61,1,0.0,198.4,6,12,3,0.25,0,desktop,Organic Search
6720225.74191810,24,2,0.0,257.2,7,16,2,0.125,0,desktop,Organic Search
8576090.26528347,68,3,0.0,777.6,23,9,1,0.111,0,mobile,Referral
1382698.47171460,73,1,0.0,180.5,7,16,3,0.188,0,mobile,Referral
1755451.29206226,28,1,0.0,193.3,4,6,1,0.167,0,mobile,Direct
3306681.22721584,71,1,0.0,189.4,5,18,1,0.056,0,tablet,Organic Search
2464002.94676103,26,1,0.0,190.4,7,18,1,0.056,0,mobile,Direct
1829096.33261147,55,2,0.0,402.7,9,16,4,0.25,0,desktop,Direct
7784042.28853089,22,1,0.0,249.0,9,13,4,0.308,0,mobile,Organic Search
3175799.38395571,34,2,0.0,369.3,11,9,1,0.111,0,mobile,Referral
7749218.89931090,40,2,0.0,455.1,12,15,3,0.2,0,mobile,Organic Search
3620933.84090472,30,1,0.0,323.7,8,15,1,0.067,0,mobile,Organic Search
5001272.75167249,38,4,0.0,658.3,22,16,1,0.062,0,mobile,Organic Search
7639251.52251498,21,1,0.0,276.1,7,12,4,0.333,0,desktop,Organic Search
9212320.10937032,33,1,0.0,343.2,7,15,4,0.267,0,desktop,Organic Search
5136100.34999163,27,2,0.0,535.8,15,4,1,0.25,0,mobile,Direct
4130091.40942625,13,1,0.0,348.6,7,15,2,0.133,0,mobile,Organic Search
6929928.78479409,16,1,0.0,321.0,10,13,4,0.308,0,desktop,Organic Search
3227814.37071472,20,1,0.0,319.0,7,13,2,0.154,0,desktop,Direct
3126087.90705728,20,1,0.0,359.4,8,9,4,0.444,0,desktop,Organic Search
2335406.91121731,26,2,0.0,273.9,15,16,2,0.125,0,desktop,Referral
3560341.80333191,38,2,0.0,233.2,11,16,1,0.062,0,tablet,Referral
6041335.11733153,22,2,0.0,465.2,14,18,1,0.056,0,desktop,Organic Search
6697941.53457993,70,3,0.0,556.0,13,17,3,0.176,0,mobile,Referral
9393184.40646362,14,4,0.0,879.4,20,17,1,0.059,0,mobile,Paid Search
3590798.39524811,40,4,0.0,653.5,15,10,3,0.3,0,desktop,Organic Search
7734982.16196359,65,8,0.0,1289.0,33,6,3,0.5,0,mobile,Referral
6669311.45448603,56,1,0.0,272.5,6,15,3,0.2,0,tablet,Organic Search
9528709.53028848,18,3,0.0,530.5,14,5,1,0.2,0,mobile,Organic Search
9681013.96025631,70,2,0.0,168.1,7,4,4,1.0,0,mobile,Direct
5236506.30135021,38,1,0.0,165.7,4,17,4,0.235,0,desktop,Paid Search
4647426.35080058,23,1,0.0,140.0,6,11,4,0.364,0,tablet,Organic Search
8545358.98614037,13,1,0.0,385.3,9,13,3,0.231,0,mobile,Email
1199082.42083531,49,2,0.0,279.9,7,16,3,0.188,0,mobile,Direct
7629859.89337699,32,2,0.0,394.7,16,9,3,0.333,0,desktop,Organic Search
8567791.50733665,67,3,0.0,953.7,22,12,1,0.083,0,mobile,Affiliates
9008257.73635212,35,6,0.0,743.4,29,6,2,0.333,0,tablet,Paid Search
1180265.86819453,29,3,0.0,311.1,15,17,3,0.176,0,desktop,Direct
6510095.97115268,35,1,0.0,160.4,8,10,3,0.3,0,desktop,Direct
4647974.32330697,14,4,0.0,442.6,26,12,2,0.167,0,desktop,Direct
1621680.20727352,42,1,0.0,219.3,4,19,1,0.053,0,desktop,Organic Search
8165492.69093419,52,1,0.0,430.3,9,10,1,0.1,0,desktop,Organic Search
4697720.67342380,65,1,0.0,198.2,5,14,2,0.143,0,mobile,Organic Search
6177041.37505943,54,1,0.0,197.5,9,13,3,0.231,0,desktop,Organic Search
4285285.21708568,12,1,0.0,201.6,7,8,4,0.5,0,mobile,Organic Search
3691428.94004665,40,1,0.0,104.7,4,9,1,0.111,0,desktop,Organic Search
8233086.48813674,48,3,0.0,446.3,13,5,1,0.2,0,desktop,Organic Search
8442664.36221257,50,2,0.0,194.0,6,13,3,0.231,0,desktop,Organic Search
2324695.25050185,12,1,0.0,431.3,10,10,3,0.3,0,desktop,Organic Search
5564880.75222288,56,2,0.0,245.3,9,7,2,0.286,0,mobile,Paid Search
2267838.98202123,33,3,0.0,629.9,17,9,3,0.333,0,desktop,Direct
2065367.27935270,66,1,0.0,271.1,7,17,2,0.118,0,tablet,Direct
2134415.70604874,19,1,0.0,277.3,8,14,1,0.071,0,mobile,Organic Search
8094519.32385609,21,1,0.0,291.1,8,12,4,0.333,0,mobile,Affiliates
8062549.23697203,29,6,0.0,1426.3,39,5,3,0.6,0,mobile,Paid Search
5018580.41934832,33,4,0.0,265.8,14,7,4,0.571,0,mobile,Referral
2614905.76664399,16,2,0.0,558.9,13,4,4,1.0,0,desktop,Organic Search
1226008.14005969,36,3,0.0,446.5,14,5,4,0.8,0,desktop,Organic Search
1700443.15764450,62,2,0.0,178.2,8,16,3,0.188,0,desktop,Referral
9248967.28918216,65,2,0.0,432.0,9,6,4,0.667,0,mobile,Direct
3943396.72705219,27,2,0.0,245.8,9,11,1,0.091,0,desktop,Affiliates
2073941.28358647,72,4,0.0,345.3,12,12,3,0.25,0,mobile,Organic Search
9345067.94451451,20,8,0.0,879.6,37,12,1,0.083,0,mobile,Display
9325852.30067145,35,1,0.0,275.6,7,15,3,0.2,0,mobile,Email
4905614.62261563,39,1,0.0,234.7,8,12,4,0.333,0,desktop,Organic Search
3980642.16178857,20,1,0.0,264.2,5,13,2,0.154,0,mobile,Direct
3074930.12273067,56,2,0.0,485.9,10,15,4,0.267,0,mobile,Referral
6217417.99296884,61,2,0.0,258.8,6,4,1,0.25,0,desktop,Organic Search
3101681.15529276,48,1,0.0,147.4,4,5,4,0.8,0,mobile,Organic Search
3195672.64440868,52,1,0.0,248.5,6,17,1,0.059,0,desktop,Direct
9361042.96989467,59,2,0.0,428.9,11,17,1,0.059,0,desktop,Organic Search
1538766.19159112,54,1,0.0,218.4,6,7,4,0.571,0,desktop,Affiliates
2700773.38664922,23,3,0.0,439.1,10,10,1,0.1,0,desktop,Organic Search
1704751.50785842,59,3,0.0,801.3,17,17,2,0.118,0,mobile,Organic Search
1333607.99495107,32,1,0.0,101.1,3,9,2,0.222,0,desktop,Referral
1890032.63701097,39,1,0.0,283.6,6,5,1,0.2,0,desktop,Display
9282174.58263098,47,2,0.0,310.2,13,16,4,0.25,0,desktop,Paid Search
9534112.98152700,49,1,0.0,102.9,4,7,4,0.571,0,mobile,Organic Search
1880906.40897121,39,2,0.0,398.0,9,6,2,0.333,0,desktop,Referral
6442455.97727955,55,2,0.0,323.3,16,4,2,0.5,0,desktop,Organic Search
8960271.92975528,48,1,0.0,293.9,7,17,1,0.059,0,desktop,Referral
4738565.39124146,72,1,0.0,343.1,10,13,2,0.154,0,desktop,Organic Search
8875651.62809776,26,1,0.0,271.6,10,13,3,0.231,0,mobile,Direct
1405631.67049261,38,3,0.0,286.2,15,16,3,0.188,0,mobile,Organic Search
6585036.25882091,20,2,0.0,197.5,6,8,4,0.5,0,mobile,Organic Search
6034377.79294109,51,2,0.0,176.3,7,19,1,0.053,0,tablet,Organic Search
6606777.65157564,48,2,0.0,503.6,12,13,4,0.308,0,mobile,Organic Search
1614550.38894679,54,1,0.0,251.1,7,12,4,0.333,0,desktop,Display
6414412.76485464,23,2,0.0,452.4,14,4,1,0.25,0,desktop,Direct
6526128.50681158,72,1,0.0,299.7,8,16,2,0.125,0,mobile,Organic Search
8376355.21649002,20,1,0.0,281.7,7,6,3,0.5,0,desktop,Paid Search
3726521.47842275,49,2,0.0,424.8,11,5,3,0.6,0,tablet,Paid Search
9961097.20540105,57,1,0.0,189.1,4,9,3,0.333,0,mobile,Organic Search
6236059.46868720,11,1,0.0,180.4,4,9,4,0.444,0,desktop,Referral
2884276.32637994,59,1,0.0,116.2,2,12,3,0.25,0,desktop,Organic Search
5220321.16499342,51,1,0.0,152.9,8,18,4,0.222,0,mobile,Referral
6226885.22936275,46,1,0.0,100.3,5,4,2,0.5,0,desktop,Organic Search
7778495.19197583,35,4,0.0,482.0,17,15,3,0.2,0,desktop,Organic Search
2595903.77134792,20,2,0.0,622.7,14,12,3,0.25,0,desktop,Direct
7402216.88404136,36,1,0.0,59.9,3,13,2,0.154,0,mobile,Direct
3119852.33209271,71,3,0.0,841.7,22,8,4,0.5,0,mobile,Direct
3629260.47272926,48,2,0.0,246.9,8,13,1,0.077,0,mobile,Organic Search
9705273.90953263,31,8,0.0,497.6,23,9,4,0.444,0,desktop,Organic Search
9778537.40507056,22,1,0.0,192.1,5,14,1,0.071,0,mobile,Display
9744796.66120141,15,2,0.0,407.3,14,6,2,0.333,0,desktop,Direct
9000715.74855431,47,2,0.0,235.0,11,5,1,0.2,0,desktop,Referral
8162544.63882732,21,2,0.0,289.2,12,12,1,0.083,0,mobile,Display
9462175.98984389,16,1,0.0,118.1,6,7,2,0.286,0,mobile,Organic Search
6439411.15632453,48,5,0.0,721.6,21,7,2,0.286,0,desktop,Organic Search
4080585.96924935,69,1,0.0,189.7,4,18,2,0.111,0,mobile,Direct
9879151.20199066,42,2,0.0,279.1,10,9,4,0.444,0,mobile,Organic Search
6091223.63798322,70,1,0.0,199.5,4,12,3,0.25,0,desktop,Direct
4350122.51550104,43,5,0.0,1221.0,33,10,3,0.3,0,desktop,Organic Search
9475324.25980676,49,2,0.0,355.5,12,8,1,0.125,0,desktop,Organic Search
9188520.50141189,23,1,0.0,133.4,3,5,4,0.8,0,desktop,Organic Search
8944283.92876125,16,1,0.0,151.1,6,8,3,0.375,0,desktop,Display
1257989.44752060,73,3,0.0,870.0,20,8,3,0.375,0,desktop,Paid Search
4670057.35801521,62,5,0.0,654.4,29,8,4,0.5,0,desktop,Organic Search
8491382.30443246,34,1,0.0,278.8,9,18,2,0.111,0,desktop,Organic Search
4797927.73208282,59,5,0.0,1427.8,33,4,4,1.0,0,mobile,Organic Search
7219117.14771553,54,3,0.0,759.7,21,18,3,0.167,0,mobile,Organic Search
8404000.97890545,31,1,0.0,154.7,6,15,3,0.2,0,mobile,Email
7083972.60459331,71,2,0.0,444.7,14,10,4,0.4,0,desktop,Organic Search
3528061.14422289,35,1,0.0,109.2,3,19,4,0.211,0,desktop,Organic Search
7464697.31704864,72,2,0.0,491.9,11,12,3,0.25,0,desktop,Organic Search
9482511.54650880,38,2,0.0,376.9,11,19,1,0.053,0,desktop,Paid Search
4844818.28440787,72,4,0.0,846.9,24,6,4,0.667,0,mobile,Direct
3783440.97791546,63,1,0.0,211.1,5,16,4,0.25,0,desktop,Direct
6777901.57963663,48,2,0.0,356.8,9,18,3,0.167,0,desktop,Direct
3189644.44157618,62,5,0.0,740.0,23,18,1,0.056,0,desktop,Organic Search
4018305.81729329,36,3,0.0,207.8,12,9,4,0.444,0,desktop,Referral
4357785.52956986,58,5,0.0,564.6,24,5,2,0.4,0,desktop,Organic Search
8542450.32330944,70,1,0.0,277.8,6,8,3,0.375,0,desktop,Referral
7706716.31150899,31,2,0.0,548.0,15,5,4,0.8,0,mobile,Direct
8712101.40583175,24,2,0.0,456.4,13,9,4,0.444,0,desktop,Organic Search
1030841.50529710,32,2,0.0,346.2,13,4,3,0.75,0,desktop,Direct
2635163.51902960,32,5,0.0,1510.2,35,4,2,0.5,0,desktop,Direct
9218865.45427198,58,1,0.0,369.7,8,8,3,0.375,0,desktop,Organic Search
6380020.44666297,31,1,0.0,129.8,5,4,2,0.5,0,desktop,Direct
9518328.52248212,37,3,0.0,788.0,19,13,4,0.308,0,mobile,Organic Search
4495433.33712970,22,1,0.0,198.8,8,4,4,1.0,0,desktop,Referral
2826403.53068534,47,1,0.0,129.7,3,8,1,0.125,0,desktop,Organic Search
6799196.86634882,43,1,0.0,135.4,6,18,4,0.222,0,mobile,Direct
2861226.29274159,73,1,0.0,122.8,3,12,1,0.083,0,desktop,Direct
3534488.54514662,43,4,0.0,661.7,22,16,4,0.25,0,desktop,Display
4700351.23637366,50,1,0.0,123.5,4,11,2,0.182,0,desktop,Paid Search
7800624.61047780,18,1,0.0,344.4,7,16,1,0.062,0,mobile,Referral
5883871.14668473,45,1,0.0,319.1,6,9,1,0.111,0,desktop,Organic Search
6093126.62940217,27,4,0.0,558.7,12,19,2,0.105,0,desktop,Organic Search
5380752.35009253,35,3,0.0,699.9,23,6,4,0.667,0,mobile,Paid Search
9548189.70004489,50,1,0.0,227.3,7,14,1,0.071,0,mobile,Organic Search
9973469.70649168,62,2,0.0,221.7,7,12,4,0.333,0,desktop,Referral
5508172.28950825,10,2,0.0,300.9,7,7,2,0.286,0,mobile,Direct
5853341.63546460,29,2,0.0,349.4,9,18,4,0.222,0,mobile,Direct
1067829.53424290,66,1,0.0,165.1,5,8,1,0.125,0,mobile,Direct
7868377.27666021,28,1,0.0,470.0,10,5,3,0.6,0,desktop,Organic Search
7301303.94329826,21,1,0.0,121.0,6,17,2,0.118,0,mobile,Paid Search
1691200.91295189,13,2,0.0,231.4,9,17,1,0.059,0,desktop,Direct
2171585.44476921,65,1,0.0,217.5,5,15,4,0.267,0,mobile,Direct
1513813.83930120,61,2,0.0,280.9,7,11,1,0.091,0,mobile,Display
4869758.54534293,73,2,0.0,652.1,14,17,2,0.118,0,mobile,Paid Search
6109065.61283585,25,1,0.0,235.6,5,16,4,0.25,0,mobile,Direct
1711540.22774370,65,1,0.0,187.1,6,4,1,0.25,0,mobile,Organic Search
9551086.61903689,73,2,0.0,532.7,12,6,3,0.5,0,desktop,Direct
1476527.24945583,33,1,0.0,249.0,5,4,3,0.75,0,desktop,Organic Search
2401697.28171843,48,2,0.0,217.3,10,7,3,0.429,0,desktop,Display
8100076.23392894,24,2,0.0,505.3,13,14,1,0.071,0,mobile,Paid Search
6887365.71546357,22,4,0.0,954.1,21,14,2,0.143,0,desktop,Direct
8643756.71683219,57,1,0.0,121.0,4,10,1,0.1,0,mobile,Direct
9166872.26106538,65,1,0.0,229.1,6,13,2,0.154,0,desktop,Referral
9850636.50141422,50,1,0.0,170.6,4,19,3,0.158,0,mobile,Direct
6473200.44801544,42,1,0.0,444.7,10,14,4,0.286,0,desktop,Referral
6170196.63080945,21,6,0.0,403.8,24,9,4,0.444,0,desktop,Referral
1134572.24185038,69,2,0.0,184.2,10,9,3,0.333,0,tablet,Organic Search
5262873.91505162,45,1,0.0,106.5,3,17,2,0.118,0,desktop,Organic Search
3531771.23008443,10,6,0.0,688.4,30,19,1,0.053,0,desktop,Paid Search
1556676.97564833,34,2,0.0,528.9,12,9,3,0.333,0,tablet,Organic Search
6581698.74181432,24,1,0.0,133.8,5,6,4,0.667,0,mobile,Organic Search
1407614.52161527,73,1,0.0,144.6,5,19,3,0.158,0,desktop,Direct
6670011.97558394,58,1,0.0,216.0,7,14,2,0.143,0,desktop,Direct
9667692.93069322,67,2,0.0,550.8,12,16,1,0.062,0,mobile,Organic Search
4751395.48788062,36,4,0.0,898.2,20,6,3,0.5,0,desktop,Referral
6900338.99634393,21,2,0.0,158.5,7,5,1,0.2,0,desktop,Organic Search
1084293.46378066,21,1,0.0,283.9,10,10,4,0.4,0,mobile,Direct
4201022.92632917,54,1,0.0,244.6,5,7,1,0.143,0,mobile,Organic Search
1993470.30492759,50,1,0.0,167.2,5,10,4,0.4,0,desktop,Referral
3285600.20516047,66,4,0.0,795.3,24,6,1,0.167,0,desktop,Organic Search
1223403.52037604,71,4,0.0,363.5,13,16,4,0.25,0,desktop,Direct
5425506.11684412,20,2,0.0,579.1,14,17,4,0.235,0,mobile,Email
7995665.37199838,70,2,0.0,618.9,13,13,1,0.077,0,desktop,Referral
7585114.90921507,26,3,0.0,494.6,20,16,1,0.062,0,desktop,Direct
9855760.73233324,60,2,0.0,313.6,8,9,1,0.111,0,desktop,Organic Search
9114201.52524337,50,2,0.0,410.5,13,6,1,0.167,0,desktop,Referral
7362101.82417507,12,1,0.0,221.0,8,19,4,0.211,0,mobile,Referral
7842044.58384897,50,1,0.0,327.5,7,14,1,0.071,0,mobile,Direct
6244211.77631900,38,1,0.0,215.6,6,6,3,0.5,0,desktop,Referral
1159685.99958119,31,1,0.0,193.1,10,5,3,0.6,0,mobile,Direct
7886036.94806838,64,2,0.0,184.0,7,15,2,0.133,0,mobile,Organic Search
6527220.65885895,64,2,0.0,157.4,7,17,4,0.235,0,desktop,Direct
9399417.26773313,69,1,0.0,244.3,9,13,2,0.154,0,desktop,Direct
5113529.31922860,26,2,0.0,457.2,10,6,4,0.667,0,desktop,Paid Search
2463637.61185326,36,1,0.0,359.9,8,17,2,0.118,0,desktop,Organic Search
1578738.65666347,44,1,0.0,212.4,10,11,2,0.182,0,desktop,Paid Search
6695486.42091075,43,1,0.0,323.2,7,17,1,0.059,0,desktop,Paid Search
3917518.27744985,53,1,0.0,304.1,7,15,2,0.133,0,mobile,Direct
5793865.11468486,24,2,0.0,306.1,8,8,1,0.125,0,desktop,Organic Search
4395242.18710264,57,4,0.0,428.8,14,17,2,0.118,0,mobile,Organic Search
2624504.32033990,67,2,0.0,595.7,16,10,1,0.1,0,mobile,Paid Search
8712287.49803546,34,3,0.0,454.8,18,19,3,0.158,0,mobile,Organic Search
8222174.85567095,29,3,0.0,424.3,15,7,2,0.286,0,mobile,Paid Search
3576794.22954981,22,1,0.0,188.4,7,10,2,0.2,0,desktop,Organic Search
4005950.69305518,62,1,0.0,214.9,7,19,1,0.053,0,desktop,Direct
7891460.82199472,14,2,0.0,283.6,12,15,3,0.2,0,desktop,Direct
5102897.47624400,17,4,0.0,737.0,21,7,2,0.286,0,mobile,Referral
7303672.74131491,30,4,0.0,827.4,20,8,2,0.25,0,tablet,Referral
9254607.75324873,20,6,0.0,1388.0,37,10,4,0.4,0,desktop,Direct
8532446.53779504,64,2,0.0,204.2,8,18,3,0.167,0,desktop,Organic Search
6378461.30151257,35,5,0.0,1225.0,30,12,4,0.333,0,desktop,Organic Search
8091897.69079018,11,2,0.0,368.8,12,16,2,0.125,0,mobile,Organic Search
2669002.48277727,70,1,0.0,136.2,4,8,4,0.5,0,mobile,Affiliates
8586959.73100015,46,3,0.0,380.3,18,15,3,0.2,0,mobile,Referral
3239954.84739842,62,1,0.0,157.2,6,13,4,0.308,0,desktop,Referral
4806728.68107491,36,1,0.0,244.7,7,7,3,0.429,0,desktop,Direct
6480115.26027763,29,4,0.0,981.3,26,16,1,0.062,0,desktop,Display
3920952.92098845,38,8,0.0,1838.8,43,18,3,0.167,0,mobile,Organic Search
8441340.18837010,43,1,0.0,129.9,4,13,2,0.154,0,desktop,Organic Search
6349141.77933389,43,2,0.0,306.1,10,15,4,0.267,0,desktop,Display
9547423.57301559,14,3,0.0,429.8,11,16,1,0.062,0,mobile,Direct
3510684.85991553,17,3,0.0,458.8,19,17,4,0.235,0,desktop,Organic Search
7303605.93254340,74,3,0.0,884.4,19,9,1,0.111,0,mobile,Organic Search
2386456.50822101,49,2,0.0,247.2,8,13,2,0.154,0,mobile,Referral
2543964.56405745,67,1,0.0,101.7,3,16,4,0.25,0,desktop,Direct
7181253.51946387,29,2,0.0,269.1,6,16,2,0.125,0,desktop,Paid Search
5250792.59533360,45,1,0.0,97.4,5,16,2,0.125,0,desktop,Organic Search
6021450.37999325,58,3,0.0,425.9,15,13,3,0.231,0,desktop,Organic Search
9557009.84202340,33,3,0.0,372.9,11,19,4,0.211,0,desktop,Paid Search
2832296.96877222,49,2,0.0,412.4,13,6,3,0.5,0,mobile,Organic Search
8572231.68205403,69,2,0.0,380.2,10,5,2,0.4,0,mobile,Organic Search
7880918.74110136,64,1,0.0,204.1,8,18,3,0.167,0,mobile,Organic Search
6999679.59244145,56,1,0.0,167.9,7,11,2,0.182,0,mobile,Paid Search
4414815.16943993,58,3,0.0,541.4,13,14,1,0.071,0,mobile,Organic Search
8794425.46620330,10,5,0.0,874.7,19,15,3,0.2,0,desktop,Direct
9727792.94040093,39,1,0.0,279.3,9,16,4,0.25,0,desktop,Organic Search
4468116.82626066,30,1,0.0,164.9,5,4,3,0.75,0,desktop,Organic Search
4753560.52671871,61,4,0.0,665.9,16,19,3,0.158,0,mobile,Direct
7624779.93703508,30,6,0.0,574.9,22,18,3,0.167,0,desktop,Organic Search
5720438.86460705,10,1,0.0,241.0,7,5,2,0.4,0,desktop,Direct
2859596.40945414,14,3,0.0,291.9,15,9,1,0.111,0,mobile,Organic Search
9010236.95145448,55,8,0.0,812.5,43,15,4,0.267,0,desktop,Organic Search
7080741.32846715,17,2,0.0,378.1,11,19,4,0.211,0,desktop,Display
4969529.57947709,38,2,0.0,234.3,5,7,1,0.143,0,desktop,Referral
4708251.59727545,34,1,0.0,97.7,2,16,2,0.125,0,mobile,Referral
6674046.25291892,20,2,0.0,478.7,17,18,4,0.222,0,desktop,Organic Search
3781662.78610647,49,3,0.0,487.4,12,11,2,0.182,0,tablet,Direct
6573715.19356592,74,2,0.0,176.7,5,18,4,0.222,0,mobile,Organic Search
2051573.57737686,52,2,0.0,443.6,16,5,2,0.4,0,mobile,Referral
4522715.39929055,30,4,0.0,190.9,10,14,2,0.143,0,mobile,Direct
8269564.71345609,49,1,0.0,210.4,8,13,4,0.308,0,desktop,Organic Search
2249656.12628396,55,1,0.0,296.7,7,6,2,0.333,0,mobile,Organic Search
7305341.82391702,43,1,0.0,256.7,7,11,4,0.364,0,tablet,Direct
7425819.76594934,18,1,0.0,249.8,5,8,2,0.25,0,mobile,Organic Search
7670195.55054989,39,2,0.0,478.9,11,10,1,0.1,0,desktop,Organic Search
1292355.40940455,58,1,0.0,298.1,7,13,2,0.154,0,desktop,Paid Search
8437812.50839414,69,1,0.0,127.7,4,7,1,0.143,0,mobile,Direct
3340009.68073748,18,1,0.0,92.1,4,14,2,0.143,0,desktop,Direct
2561782.23622296,25,2,0.0,294.6,13,17,3,0.176,0,desktop,Organic Search
1934901.88674042,18,4,0.0,307.3,15,16,3,0.188,0,desktop,Referral
6370664.30392564,44,1,0.0,338.5,7,18,3,0.167,0,desktop,Organic Search
7460095.16674473,45,2,0.0,402.4,14,10,4,0.4,0,desktop,Organic Search
6739685.53348074,53,2,0.0,194.3,7,8,4,0.5,0,desktop,Organic Search
9309164.57949489,65,1,0.0,121.1,5,13,3,0.231,0,mobile,Referral
4475956.65123789,26,3,0.0,472.0,20,14,2,0.143,0,desktop,Organic Search
1932071.36250343,18,1,0.0,289.5,6,7,2,0.286,0,desktop,Organic Search
3293606.27777736,20,1,0.0,365.7,9,18,1,0.056,0,mobile,Paid Search
5157080.74881310,43,2,0.0,282.4,10,10,1,0.1,0,desktop,Direct
2783593.79625886,52,1,0.0,297.1,7,12,4,0.333,0,desktop,Referral
6449560.53217832,23,3,0.0,271.5,9,5,1,0.2,0,desktop,Direct
8971233.33631941,49,2,0.0,197.0,8,17,2,0.118,0,tablet,Organic Search
1634729.51038467,31,2,0.0,513.8,11,15,1,0.067,0,desktop,Organic Search
1660708.70227686,46,6,0.0,1462.7,39,7,1,0.143,0,mobile,Organic Search
2409457.25298206,64,1,0.0,293.2,7,14,2,0.143,0,desktop,Organic Search
9364564.57138503,54,1,0.0,179.7,8,15,4,0.267,0,desktop,Organic Search
6269487.31320998,44,4,0.0,998.7,24,9,3,0.333,0,mobile,Organic Search
6269501.78975685,59,2,0.0,421.4,11,10,4,0.4,0,desktop,Organic Search
6165899.57318332,43,1,0.0,241.7,8,12,3,0.25,0,desktop,Affiliates
3916799.53781855,66,3,0.0,526.7,21,9,4,0.444,0,mobile,Referral
2484682.56387008,29,3,0.0,333.9,14,10,3,0.3,0,desktop,Direct
4293453.40953140,49,4,0.0,492.7,17,12,2,0.167,0,desktop,Organic Search
4509757.86892241,10,3,0.0,287.5,11,16,4,0.25,0,mobile,Paid Search
8371360.11991560,21,4,0.0,610.8,23,8,2,0.25,0,desktop,Direct
6554057.34089956,46,2,0.0,418.7,10,10,4,0.4,0,desktop,Direct
3254990.38155188,13,1,0.0,114.4,5,18,1,0.056,0,desktop,Paid Search
4237950.26362694,52,1,0.0,120.7,6,5,3,0.6,0,desktop,Direct
7067997.71827508,47,4,0.0,821.8,18,16,4,0.25,0,mobile,Organic Search
9267128.12317356,49,1,0.0,198.5,5,18,1,0.056,0,desktop,Direct
1856919.64944864,23,2,0.0,270.8,13,12,2,0.167,0,desktop,Organic Search
5076933.76707066,40,3,0.0,232.9,9,11,3,0.273,0,desktop,Organic Search
5516751.34839250,49,1,0.0,121.0,4,14,1,0.071,0,desktop,Referral
1474818.34724755,41,5,0.0,634.6,17,19,4,0.211,0,desktop,Direct
1166447.51035777,27,3,0.0,199.9,10,19,3,0.158,0,mobile,Paid Search
3806553.40478323,10,3,0.0,329.7,16,6,2,0.333,0,mobile,Organic Search
8472014.34266425,23,1,0.0,435.5,10,11,3,0.273,0,mobile,Organic Search
8908317.68219997,34,1,0.0,306.5,6,18,2,0.111,0,mobile,Organic Search
6883661.34686607,67,1,0.0,311.7,6,7,2,0.286,0,desktop,Organic Search
8974366.72537756,21,1,0.0,159.3,3,17,4,0.235,0,mobile,Referral
8063147.43122964,41,1,0.0,162.3,7,13,4,0.308,0,desktop,Organic Search
2135495.85846752,44,1,0.0,132.4,6,11,1,0.091,0,mobile,Direct
2131075.95266690,29,3,0.0,164.0,10,8,2,0.25,0,desktop,Display
8459340.76437870,56,1,0.0,311.1,7,8,4,0.5,0,mobile,Referral
5022061.41573867,60,3,0.0,867.6,20,18,1,0.056,0,desktop,Organic Search
5757811.64196415,49,1,0.0,125.4,5,8,4,0.5,0,mobile,Display
3017671.80000873,60,18,0.0,759.2,50,11,1,0.091,0,mobile,Organic Search
7804285.42560104,47,3,0.0,989.8,21,13,3,0.231,0,desktop,Organic Search
8523010.59091389,18,1,0.0,201.8,4,7,3,0.429,0,mobile,Organic Search
3076980.21227658,24,3,0.0,220.0,8,11,3,0.273,0,desktop,Organic Search
5039015.53778130,68,1,0.0,308.8,8,4,2,0.5,0,desktop,Organic Search
8343548.47049947,31,1,0.0,303.3,6,11,1,0.091,0,desktop,Organic Search
5717690.34933370,43,1,0.0,81.0,3,15,2,0.133,0,tablet,Referral
8803856.30450032,38,1,0.0,188.9,5,17,2,0.118,0,mobile,Direct
5168356.20760801,11,2,0.0,504.5,11,18,3,0.167,0,desktop,Organic Search
7835604.17999893,64,1,0.0,189.6,8,4,3,0.75,0,desktop,Organic Search
3235509.11956445,69,4,0.0,1016.3,31,12,2,0.167,0,desktop,Direct
2888660.20146313,13,2,0.0,179.4,6,14,3,0.214,0,mobile,Organic Search
5689991.97634086,38,1,0.0,203.8,6,18,4,0.222,0,desktop,Organic Search
6136947.25658777,74,3,0.0,495.0,18,11,4,0.364,0,mobile,Organic Search
3130041.44957979,44,2,0.0,311.8,14,11,1,0.091,0,desktop,Direct
4638495.99163366,66,1,0.0,191.4,5,17,2,0.118,0,mobile,Organic Search
4572276.46238154,15,1,0.0,125.9,4,18,1,0.056,0,mobile,Organic Search
7080515.87981230,52,3,0.0,654.6,19,12,2,0.167,0,desktop,Organic Search
1542867.33735990,34,2,0.0,326.7,12,17,2,0.118,0,desktop,Referral
7754367.96158533,10,12,0.0,1850.8,45,6,3,0.5,0,desktop,Organic Search
3580920.49893189,52,1,0.0,172.6,4,9,3,0.333,0,mobile,Paid Search
3332980.69763702,62,2,0.0,178.4,10,4,3,0.75,0,desktop,Organic Search
8309820.38864863,63,1,0.0,95.4,4,6,1,0.167,0,desktop,Organic Search
1933041.28647242,70,1,0.0,348.0,10,8,3,0.375,0,desktop,Paid Search
5275193.27813741,69,4,0.0,370.1,10,18,2,0.111,0,mobile,Direct
8338411.31332153,74,2,0.0,255.8,8,17,4,0.235,0,desktop,Organic Search
8796637.59397873,25,1,0.0,182.4,8,17,3,0.176,0,desktop,Organic Search
8046001.60705159,69,2,0.0,418.3,15,19,3,0.158,0,desktop,Organic Search
4189113.72838165,46,2,0.0,244.3,10,8,3,0.375,0,mobile,Referral
7778859.45980266,45,2,0.0,388.3,13,13,4,0.308,0,mobile,Organic Search
8101500.22191772,15,1,0.0,207.1,7,17,2,0.118,0,desktop,Referral
1468487.65871873,70,1,0.0,161.8,4,8,2,0.25,0,desktop,Direct
1902153.20010724,54,1,0.0,96.5,4,15,4,0.267,0,desktop,Organic Search
3044818.94964585,59,1,0.0,243.0,5,12,3,0.25,0,desktop,Organic Search
8721665.78412466,34,1,0.0,174.9,5,5,2,0.4,0,tablet,Paid Search
9785886.61578117,63,1,0.0,289.7,7,19,4,0.211,0,desktop,Organic Search
2312352.19942712,12,1,0.0,110.4,4,14,3,0.214,0,desktop,Organic Search
5118552.52358604,67,6,0.0,1039.5,31,4,1,0.25,0,desktop,Organic Search
5100528.23801985,26,2,0.0,512.2,12,4,2,0.5,0,desktop,Paid Search
3200627.98188887,61,2,0.0,286.5,7,9,2,0.222,0,desktop,Organic Search
4150744.47504902,71,1,0.0,132.9,8,4,2,0.5,0,desktop,Organic Search
7362320.69147346,18,3,0.0,532.9,11,5,1,0.2,0,mobile,Organic Search
7000376.20395967,41,2,0.0,149.8,8,16,3,0.188,0,mobile,Direct
4207532.48568599,43,1,0.0,170.2,5,7,2,0.286,0,mobile,Referral
5075699.24742376,68,4,0.0,592.5,19,14,4,0.286,0,mobile,Organic Search
1889683.61877778,60,1,0.0,78.5,4,13,2,0.154,0,desktop,Organic Search
8410472.98353679,17,2,0.0,179.3,8,7,2,0.286,0,desktop,Direct
1364021.49272561,32,1,0.0,137.9,4,8,1,0.125,0,desktop,Organic Search
9182097.73768585,74,1,0.0,186.8,10,18,2,0.111,0,desktop,Direct
3042511.17988888,36,4,0.0,621.3,17,9,4,0.444,0,mobile,Organic Search
3017713.32504872,55,1,0.0,325.6,7,13,4,0.308,0,mobile,Paid Search
9547442.21288755,45,2,0.0,283.0,14,7,1,0.143,0,desktop,Organic Search
3445501.26147988,36,2,0.0,238.8,10,14,4,0.286,0,mobile,Direct
7725325.24676189,70,1,0.0,206.0,5,9,1,0.111,0,mobile,Direct
2748519.68079724,68,1,0.0,157.0,7,8,1,0.125,0,desktop,Display
4757380.51675154,27,1,0.0,224.4,5,4,1,0.25,0,desktop,Organic Search
7488468.62024141,40,1,0.0,342.2,9,12,4,0.333,0,desktop,Direct
9063770.65081851,67,1,0.0,115.9,3,8,4,0.5,0,mobile,Paid Search
2124889.40160532,30,4,0.0,556.9,13,8,4,0.5,0,desktop,Organic Search
2979916.86706014,31,1,0.0,431.7,9,15,1,0.067,0,desktop,Direct
4863598.81729985,16,6,0.0,445.8,21,15,4,0.267,0,desktop,Referral
8870181.63328608,21,12,0.0,2001.7,45,19,3,0.158,0,desktop,Display
8122399.15909780,49,3,0.0,406.7,11,13,1,0.077,0,desktop,Direct
7321217.54358895,14,1,0.0,309.7,6,17,3,0.176,0,desktop,Direct
5557526.93019942,59,1,0.0,495.2,10,7,1,0.143,0,desktop,Direct
8498562.26065914,20,2,0.0,379.9,11,15,2,0.133,0,mobile,Organic Search
7146316.46420020,14,1,0.0,262.9,6,14,1,0.071,0,tablet,Organic Search
7716548.23077717,59,2,0.0,425.9,16,15,1,0.067,0,desktop,Referral
1559372.34492878,23,1,0.0,214.7,9,4,2,0.5,0,desktop,Direct
4577725.94027717,27,2,0.0,458.5,11,11,3,0.273,0,desktop,Display
6911233.96948791,19,1,0.0,308.4,8,17,3,0.176,0,mobile,Direct
1638451.21666738,65,5,0.0,843.1,18,7,3,0.429,0,desktop,Organic Search
5560398.53519663,10,2,0.0,441.2,10,5,1,0.2,0,desktop,Organic Search
5859145.51697001,44,2,0.0,268.2,9,13,3,0.231,0,desktop,Referral
3338204.63616509,10,2,0.0,316.6,16,8,1,0.125,0,desktop,Affiliates
3629436.13175514,71,12,0.0,1414.9,50,8,2,0.25,0,tablet,Referral
7556954.49798821,30,3,0.0,324.2,9,8,1,0.125,0,desktop,Organic Search
1730851.81738360,59,1,0.0,458.6,10,15,1,0.067,0,mobile,Email
1093669.43635896,17,3,0.0,682.3,23,8,2,0.25,0,desktop,Organic Search
9382998.42211052,12,3,0.0,304.4,12,13,3,0.231,0,desktop,Direct
7406820.72513142,36,4,0.0,212.6,11,18,3,0.167,0,mobile,Referral
6009489.61563847,70,2,0.0,203.2,5,9,3,0.333,0,mobile,Paid Search
7950650.37610616,31,1,0.0,220.8,8,7,3,0.429,0,mobile,Direct
3400026.23581562,32,1,0.0,218.3,9,9,4,0.444,0,desktop,Affiliates
7160345.28292365,28,1,0.0,113.7,6,15,2,0.133,0,mobile,Direct
6365543.92100718,24,1,0.0,119.6,5,15,4,0.267,0,mobile,Paid Search
3694189.15501372,28,3,0.0,312.2,13,7,3,0.429,0,mobile,Organic Search
3619668.75002239,17,1,0.0,282.1,10,7,2,0.286,0,mobile,Email
5370295.34195656,71,3,0.0,898.8,22,11,2,0.182,0,desktop,Direct
1790167.25174639,55,1,0.0,134.6,6,18,4,0.222,0,mobile,Organic Search
7451688.48207945,55,2,0.0,683.9,16,14,3,0.214,0,desktop,Display
9231830.15421547,40,1,0.0,196.1,5,4,2,0.5,0,desktop,Direct
9158700.25594389,33,2,0.0,509.0,14,8,3,0.375,0,desktop,Organic Search
6301543.83835651,12,2,0.0,327.1,12,18,3,0.167,0,desktop,Referral
2908737.42307746,58,1,0.0,304.8,8,6,3,0.5,0,mobile,Organic Search
1076875.63917605,62,5,0.0,976.8,25,19,4,0.211,0,desktop,Paid Search
5896256.43933808,66,3,0.0,194.5,10,15,2,0.133,0,desktop,Email
3229027.15015915,63,2,0.0,190.2,9,16,1,0.062,0,desktop,Direct
3600259.14774250,40,1,0.0,149.1,3,13,1,0.077,0,mobile,Affiliates
6986016.63954278,37,1,0.0,302.2,6,17,4,0.235,0,desktop,Paid Search
2106179.33308351,63,12,0.0,1922.6,43,16,3,0.188,0,mobile,Organic Search
6416541.85160200,72,3,0.0,405.5,8,18,3,0.167,0,desktop,Organic Search
7716822.94274177,56,6,0.0,1890.5,42,13,3,0.231,0,desktop,Affiliates
1309983.56844581,71,3,0.0,891.7,19,5,2,0.4,0,desktop,Organic Search
6045035.16042572,31,1,0.0,144.7,3,10,4,0.4,0,desktop,Email
7494415.39400183,17,1,0.0,218.8,4,10,1,0.1,0,mobile,Direct
4898514.22574951,70,2,0.0,198.5,9,8,3,0.375,0,desktop,Direct
3713317.13330198,41,3,0.0,603.9,14,6,4,0.667,0,desktop,Direct
2408443.34838742,69,1,0.0,129.6,7,7,4,0.571,0,desktop,Direct
9598567.21241687,36,4,0.0,768.1,21,12,2,0.167,0,mobile,Organic Search
4665489.65060125,48,4,0.0,773.2,19,11,4,0.364,0,desktop,Organic Search
2757693.88699755,43,2,0.0,102.8,6,18,4,0.222,0,mobile,Organic Search
1457210.31706685,12,2,0.0,257.8,10,14,1,0.071,0,desktop,Referral
3110873.65060992,11,18,0.0,2699.7,76,9,3,0.333,0,mobile,Direct
8455796.60555598,42,2,0.0,251.8,11,19,1,0.053,0,desktop,Paid Search
2667142.16412028,17,1,0.0,175.1,7,6,1,0.167,0,desktop,Paid Search
7036600.98818927,23,2,0.0,547.3,14,14,3,0.214,0,mobile,Direct
9249400.92356186,44,2,0.0,421.8,15,9,3,0.333,0,desktop,Organic Search
4461306.97016663,58,2,0.0,296.7,14,4,4,1.0,0,desktop,Display
5771538.94033591,59,1,0.0,285.8,6,16,3,0.188,0,mobile,Organic Search
2398158.36065478,12,2,0.0,450.5,10,10,4,0.4,0,desktop,Organic Search
3053522.59898647,38,4,0.0,285.5,14,14,4,0.286,0,mobile,Paid Search
4479494.55773981,56,8,0.0,1400.2,40,5,1,0.2,0,desktop,Direct
7145645.44545841,54,2,0.0,458.0,12,16,4,0.25,0,mobile,Organic Search
5367473.80604079,65,1,0.0,115.8,3,13,2,0.154,0,desktop,Direct
8645011.64688942,30,2,0.0,214.9,8,18,4,0.222,0,mobile,Organic Search
7729909.89494320,15,3,0.0,432.8,12,11,2,0.182,0,mobile,Organic Search
6110975.10778258,13,4,0.0,673.9,16,18,4,0.222,0,desktop,Organic Search
4904809.96628095,51,2,0.0,450.5,11,7,4,0.571,0,desktop,Organic Search
6031260.91739166,24,4,0.0,300.7,14,10,1,0.1,0,desktop,Direct
4908483.76169411,42,5,0.0,450.6,25,8,1,0.125,0,desktop,Direct
5206601.24684417,16,4,0.0,906.7,31,11,4,0.364,0,desktop,Direct
3741489.31690862,53,1,0.0,347.1,9,10,2,0.2,0,mobile,Organic Search
2539630.23081021,52,4,0.0,525.0,27,16,1,0.062,0,mobile,Direct
9678267.68354887,50,8,0.0,1004.9,39,4,1,0.25,0,desktop,Direct
1425671.13524656,27,1,0.0,141.2,6,5,2,0.4,0,desktop,Direct
1456334.29837733,14,1,0.0,200.7,7,18,4,0.222,0,desktop,Direct
1984023.83862285,54,3,0.0,557.2,15,4,4,1.0,0,mobile,Affiliates
4596943.63992072,40,3,0.0,721.0,18,8,2,0.25,0,desktop,Direct
5586229.55086413,23,2,0.0,418.6,11,9,1,0.111,0,desktop,Direct
3748778.60092915,52,1,0.0,193.1,6,18,4,0.222,0,desktop,Direct
7693342.22499767,31,2,0.0,298.8,10,8,2,0.25,0,mobile,Referral
4241397.71296213,52,1,0.0,174.4,5,15,4,0.267,0,desktop,Direct
2105448.10798473,73,1,0.0,186.0,5,14,4,0.286,0,desktop,Direct
4855313.21058097,55,2,0.0,483.5,10,11,1,0.091,0,desktop,Referral
4999915.78450497,10,2,0.0,163.7,10,4,4,1.0,0,desktop,Direct
5581423.32530204,42,2,0.0,343.8,9,6,4,0.667,0,mobile,Direct
3680541.95456350,19,1,0.0,229.3,5,5,4,0.8,0,mobile,Direct
4708966.44347781,33,2,0.0,209.8,9,5,1,0.2,0,mobile,Organic Search
4130016.89760631,35,2,0.0,731.3,17,5,2,0.4,0,desktop,Organic Search
2630942.85432037,16,2,0.0,468.0,11,8,1,0.125,0,mobile,Direct
4212679.56612370,69,3,0.0,620.7,14,11,4,0.364,0,desktop,Organic Search
6800978.58458131,13,1,0.0,171.9,5,11,2,0.182,0,desktop,Referral
9783912.80466492,49,3,0.0,810.1,21,15,2,0.133,0,desktop,Organic Search
5433841.33591011,28,4,0.0,631.9,23,11,1,0.091,0,desktop,Display
5384023.49470962,30,1,0.0,178.8,4,4,4,1.0,0,mobile,Display
3507433.30838752,63,4,0.0,456.2,19,18,2,0.111,0,mobile,Referral
4605349.69292683,44,2,0.0,377.9,9,17,3,0.176,0,desktop,Direct
9076149.47905857,57,2,0.0,273.1,11,7,1,0.143,0,desktop,Organic Search
2792828.31871949,20,3,0.0,365.8,19,9,2,0.222,0,mobile,Organic Search
5189539.99850611,12,2,0.0,246.5,7,11,2,0.182,0,desktop,Direct
9500208.61819403,19,1,0.0,234.5,7,16,2,0.125,0,desktop,Direct
7339743.28482689,41,2,0.0,287.9,9,17,4,0.235,0,mobile,Paid Search
6490135.96521605,69,1,0.0,243.3,7,8,4,0.5,0,desktop,Direct
5909761.25517505,50,1,0.0,111.6,4,16,2,0.125,0,desktop,Direct
1142369.22051244,40,2,0.0,211.5,10,13,2,0.154,0,desktop,Display
6024506.75715185,22,12,0.0,2516.3,79,12,3,0.25,0,desktop,Organic Search
4160562.43691743,63,1,0.0,245.9,7,5,2,0.4,0,mobile,Display
2351243.35073058,32,3,0.0,406.7,9,5,3,0.6,0,desktop,Direct
4659265.12683800,15,2,0.0,412.7,9,4,3,0.75,0,desktop,Organic Search
5373802.84424983,25,3,0.0,587.7,15,13,1,0.077,0,mobile,Organic Search
7465235.32986741,32,1,0.0,187.6,5,7,4,0.571,0,mobile,Organic Search
6409749.73215371,62,1,0.0,397.0,8,13,1,0.077,0,desktop,Direct
3197134.41335526,15,3,0.0,271.5,15,14,3,0.214,0,mobile,Organic Search
6402751.33263022,56,2,0.0,632.6,13,7,3,0.429,0,desktop,Direct
5412782.34447596,73,1,0.0,387.1,10,13,1,0.077,0,desktop,Direct
4707546.30457440,62,1,0.0,153.3,3,4,3,0.75,0,mobile,Paid Search
6557951.50376655,28,1,0.0,217.8,7,13,1,0.077,0,mobile,Organic Search
5035029.60600312,34,3,0.0,287.6,11,12,1,0.083,0,mobile,Paid Search
6927813.39876626,56,5,0.0,606.7,38,10,1,0.1,0,mobile,Organic Search
9337541.73908169,65,1,0.0,369.7,9,16,4,0.25,0,desktop,Organic Search
5989132.56491256,24,1,0.0,182.4,5,5,4,0.8,0,desktop,Paid Search
6728948.11133000,47,1,0.0,212.0,6,19,3,0.158,0,mobile,Referral
3517184.21332921,58,1,0.0,327.5,7,12,3,0.25,0,desktop,Paid Search
3998192.45891689,10,6,0.0,1263.4,33,4,1,0.25,0,mobile,Direct
2097487.32187592,42,1,0.0,100.2,3,10,1,0.1,0,desktop,Referral
6508068.36761025,46,2,0.0,171.0,8,8,3,0.375,0,mobile,Organic Search
4163691.30130210,19,1,0.0,245.2,7,12,4,0.333,0,mobile,Direct
5784160.95460536,67,3,0.0,292.0,10,17,4,0.235,0,mobile,Organic Search
4614789.41281996,61,3,0.0,528.9,14,6,1,0.167,0,desktop,Paid Search
9160124.33005293,24,3,0.0,656.8,14,15,2,0.133,0,mobile,Paid Search
7771129.57644535,16,1,0.0,151.9,3,10,1,0.1,0,mobile,Direct
6760779.69993409,35,3,0.0,634.2,18,9,1,0.111,0,desktop,Referral
5615753.45915292,49,2,0.0,393.6,9,13,1,0.077,0,desktop,Organic Search
6134148.39555682,26,4,0.0,402.2,23,9,1,0.111,0,mobile,Direct
3868767.94312396,67,1,0.0,296.4,7,14,4,0.286,0,tablet,Organic Search
9555032.97170558,42,3,0.0,353.0,11,13,3,0.231,0,desktop,Referral
3916993.48649093,41,2,0.0,457.1,14,18,2,0.111,0,mobile,Referral
1686206.18322571,36,1,0.0,90.2,2,18,3,0.167,0,desktop,Organic Search
6394879.86104960,37,1,0.0,74.8,4,11,4,0.364,0,mobile,Referral
9275219.89063517,48,2,0.0,245.2,12,16,1,0.062,0,desktop,Referral
2692754.92252639,52,1,0.0,213.7,4,14,3,0.214,0,mobile,Organic Search
2394534.79470904,11,3,0.0,332.9,10,11,4,0.364,0,desktop,Organic Search
1158859.84143242,65,1,0.0,299.2,10,17,4,0.235,0,mobile,Referral
9037811.34528855,50,3,0.0,867.8,19,9,2,0.222,0,mobile,Organic Search
5806790.34019199,16,1,0.0,252.1,8,6,4,0.667,0,desktop,Referral
7809416.66932189,12,1,0.0,290.1,6,4,4,1.0,0,mobile,Referral
9931202.95348347,47,2,0.0,622.3,13,14,1,0.071,0,tablet,Direct
8102902.39423390,57,2,0.0,284.9,14,19,3,0.158,0,desktop,Organic Search
6721612.90825012,45,5,0.0,1248.5,34,14,4,0.286,0,mobile,Referral
3568622.65280069,27,3,0.0,515.4,14,15,3,0.2,0,mobile,Organic Search
1727910.63845574,17,1,0.0,219.9,5,13,3,0.231,0,desktop,Affiliates
3829030.77129526,26,3,0.0,458.7,20,12,2,0.167,0,mobile,Organic Search
1314112.59729160,68,1,0.0,248.9,6,17,1,0.059,0,mobile,Paid Search
8628400.94910947,71,5,0.0,738.1,22,13,2,0.154,0,desktop,Organic Search
7781086.88954191,72,1,0.0,129.9,5,19,4,0.211,0,mobile,Direct
7076398.92633103,10,2,0.0,379.6,11,16,2,0.125,0,desktop,Paid Search
6132539.11656105,42,5,0.0,394.5,18,6,4,0.667,0,mobile,Paid Search
6603171.33495244,65,2,0.0,696.7,15,12,3,0.25,0,mobile,Direct
5359976.69907115,33,3,0.0,437.7,16,12,1,0.083,0,desktop,Direct
1623088.88335113,24,2,0.0,277.2,7,6,1,0.167,0,desktop,Paid Search
9880520.84428301,25,1,0.0,130.3,3,16,4,0.25,0,desktop,Organic Search
2701076.57462457,16,1,0.0,237.2,8,6,4,0.667,0,mobile,Organic Search
1396702.96122415,73,1,0.0,239.8,7,8,3,0.375,0,desktop,Organic Search
5638521.95248389,52,1,0.0,211.1,6,15,2,0.133,0,mobile,Display
2067515.11041691,54,3,0.0,578.8,21,13,4,0.308,0,mobile,Paid Search
4402425.37963737,53,1,0.0,208.3,8,15,3,0.2,0,mobile,Organic Search
8482673.34603279,23,5,0.0,474.2,18,11,4,0.364,0,mobile,Organic Search
4768773.96347962,23,3,0.0,292.8,11,4,3,0.75,0,tablet,Organic Search
3241343.68827633,51,1,0.0,223.9,10,7,4,0.571,0,desktop,Direct
5710247.38504759,73,1,0.0,156.1,5,5,3,0.6,0,mobile,Direct
2661367.60047150,51,5,0.0,937.5,33,11,1,0.091,0,mobile,Referral
4110783.58818163,30,1,0.0,192.1,8,13,4,0.308,0,mobile,Email
9614442.18504214,33,1,0.0,152.1,8,10,1,0.1,0,desktop,Organic Search
3026391.51321684,64,1,0.0,251.4,6,8,2,0.25,0,mobile,Organic Search
8312927.34513452,51,8,0.0,1192.0,42,6,2,0.333,0,desktop,Organic Search
9294313.11028728,60,4,0.0,644.7,25,11,2,0.182,0,desktop,Referral
9950428.26019180,53,1,0.0,187.2,8,6,3,0.5,0,mobile,Organic Search
1005361.61875794,32,1,0.0,148.3,5,7,3,0.429,0,desktop,Paid Search
1030987.63452039,37,1,0.0,249.2,5,15,1,0.067,0,desktop,Direct
2225166.75405242,58,1,0.0,420.4,9,5,2,0.4,0,mobile,Organic Search
6393472.67265655,37,1,0.0,250.8,6,13,1,0.077,0,desktop,Direct
5758573.69051441,24,1,0.0,319.7,7,11,2,0.182,0,desktop,Paid Search
8587545.82996750,40,1,0.0,95.9,2,11,2,0.182,0,desktop,Organic Search
1578161.86074717,50,2,0.0,265.0,11,14,2,0.143,0,desktop,Referral
5101422.37345248,31,1,0.0,107.0,4,9,3,0.333,0,mobile,Paid Search
8104487.58390895,17,1,0.0,180.7,6,5,3,0.6,0,desktop,Organic Search
6802006.61842272,61,2,0.0,266.6,11,10,3,0.3,0,desktop,Direct
4078755.42900544,66,1,0.0,188.8,5,18,4,0.222,0,desktop,Direct
2809591.83271086,24,1,0.0,52.8,2,8,3,0.375,0,mobile,Organic Search
4714245.37958483,23,5,0.0,1004.6,29,19,3,0.158,0,mobile,Organic Search
2395546.85820504,20,1,0.0,171.2,6,14,2,0.143,0,mobile,Display
2486435.41929542,66,1,0.0,209.1,6,12,3,0.25,0,desktop,Direct
8382035.43736114,18,2,0.0,427.8,11,15,2,0.133,0,mobile,Display
1519655.60167508,39,2,0.0,394.9,11,6,2,0.333,0,desktop,Paid Search
8595246.72656030,33,3,0.0,466.2,15,9,1,0.111,0,mobile,Referral
2240994.80931452,67,1,0.0,116.8,5,10,3,0.3,0,desktop,Organic Search
2511754.96338685,29,2,0.0,368.0,12,12,4,0.333,0,desktop,Direct
1840037.24590811,10,1,0.0,297.2,8,6,4,0.667,0,desktop,Paid Search
3937987.25498405,47,1,0.0,268.4,6,5,2,0.4,0,desktop,Display
5951642.16491851,70,1,0.0,238.3,8,7,4,0.571,0,mobile,Direct
4960352.40324547,63,1,0.0,253.2,6,8,2,0.25,0,mobile,Direct
8915965.81287300,47,2,0.0,211.2,12,5,4,0.8,0,desktop,Referral
6738540.41839011,29,3,0.0,783.1,18,12,1,0.083,0,mobile,Organic Search
5821239.49927283,22,2,0.0,362.6,12,5,3,0.6,0,tablet,Direct
2417252.29767109,13,3,0.0,760.5,24,4,3,0.75,0,mobile,Display
7228037.72914137,61,1,0.0,370.5,10,4,2,0.5,0,desktop,Direct
1663018.57436587,63,2,0.0,483.7,10,16,2,0.125,0,desktop,Organic Search
6614698.66628180,62,1,0.0,292.1,7,5,1,0.2,0,desktop,Paid Search
3521492.12812301,21,3,0.0,590.4,20,7,1,0.143,0,mobile,Organic Search
2758686.88700266,14,1,0.0,118.5,3,7,2,0.286,0,desktop,Organic Search
5111421.90383223,36,1,0.0,214.7,6,19,4,0.211,0,desktop,Direct
2113420.75082709,31,2,0.0,392.7,11,6,2,0.333,0,desktop,Organic Search
5642464.17575429,31,1,0.0,200.9,8,12,3,0.25,0,desktop,Organic Search
6345690.41224134,71,1,0.0,414.8,9,11,2,0.182,0,mobile,Affiliates
5131615.34703181,70,1,0.0,393.0,8,4,1,0.25,0,desktop,Organic Search
2118934.48040303,36,1,0.0,169.0,6,6,2,0.333,0,mobile,Organic Search
9169726.19188752,30,1,0.0,179.7,9,14,2,0.143,0,desktop,Organic Search
8031365.30558646,58,1,0.0,257.1,6,15,3,0.2,0,mobile,Organic Search
3852654.50273444,22,1,0.0,151.1,5,19,3,0.158,0,mobile,Direct
1602401.48757305,18,4,0.0,716.3,30,6,1,0.167,0,tablet,Direct
8532024.35526643,38,1,0.0,327.0,8,9,1,0.111,0,desktop,Organic Search
6868878.20996320,38,1,0.0,190.0,5,13,1,0.077,0,desktop,Direct
1199442.30828019,19,3,0.0,743.3,16,19,3,0.158,0,mobile,Referral
5480228.50767364,73,2,0.0,220.5,9,18,1,0.056,0,desktop,Referral
9379655.38446967,58,2,0.0,353.4,13,4,3,0.75,0,desktop,Organic Search
3211797.74362395,11,3,0.0,464.2,14,15,1,0.067,0,mobile,Referral
1311325.87506693,38,2,0.0,272.9,9,11,2,0.182,0,desktop,Direct
3960406.38181393,23,1,0.0,290.3,6,6,1,0.167,0,desktop,Organic Search
4985588.30199550,35,8,0.0,882.5,54,19,1,0.053,0,desktop,Referral
9625008.23772861,67,1,0.0,400.4,9,19,4,0.211,0,desktop,Organic Search
9879720.53848158,56,1,0.0,179.4,5,9,4,0.444,0,desktop,Referral
1748907.35778793,41,5,0.0,423.5,18,13,3,0.231,0,mobile,Direct
6621914.91743364,40,1,0.0,126.3,6,9,2,0.222,0,mobile,Organic Search
4590996.36212386,63,2,0.0,273.3,10,6,2,0.333,0,desktop,Referral
7324788.40760735,66,1,0.0,282.1,6,4,4,1.0,0,mobile,Direct
9097586.15564855,29,1,0.0,140.8,2,6,1,0.167,0,mobile,Paid Search
7782969.57843135,22,2,0.0,454.5,15,10,3,0.3,0,desktop,Affiliates
5086162.28761328,21,6,0.0,584.3,35,5,4,0.8,0,desktop,Direct
1335708.77249395,50,3,0.0,742.3,23,17,3,0.176,0,desktop,Direct
9328063.61145538,42,3,0.0,399.9,15,6,4,0.667,0,desktop,Direct
9412950.45262647,52,5,0.0,543.9,32,18,4,0.222,0,mobile,Organic Search
6776584.12007992,18,1,0.0,307.0,8,4,1,0.25,0,desktop,Referral
8971029.71728797,33,1,0.0,297.8,10,19,1,0.053,0,desktop,Organic Search
3971227.27369551,58,2,0.0,516.4,16,16,4,0.25,0,mobile,Organic Search
4142548.46833940,63,8,0.0,521.8,29,17,3,0.176,0,desktop,Direct
9696921.67778781,24,1,0.0,201.0,6,14,2,0.143,0,desktop,Organic Search
4024514.39237695,44,4,0.0,327.8,15,12,3,0.25,0,mobile,Organic Search
5087477.84310138,53,1,0.0,135.7,5,17,1,0.059,0,mobile,Direct
3926640.67975524,51,1,0.0,101.8,6,9,1,0.111,0,desktop,Organic Search
2943618.13273865,45,2,0.0,416.2,14,4,4,1.0,0,mobile,Organic Search
4932241.24885990,58,1,0.0,133.8,6,14,2,0.143,0,mobile,Direct
7776802.65960322,13,1,0.0,155.0,8,8,2,0.25,0,mobile,Organic Search
7645020.61253470,24,1,0.0,270.1,6,8,2,0.25,0,mobile,Referral
1424500.87677633,43,2,0.0,259.9,6,5,3,0.6,0,desktop,Direct
3946592.81040415,51,1,0.0,221.6,4,10,1,0.1,0,mobile,Organic Search
8264950.52753061,36,4,0.0,787.8,24,8,2,0.25,0,desktop,Paid Search
8483259.41728015,45,4,0.0,320.5,19,4,1,0.25,0,desktop,Direct
3940959.27006980,28,1,0.0,149.5,7,17,3,0.176,0,desktop,Organic Search
8201453.40363783,38,2,0.0,203.4,7,11,4,0.364,0,desktop,Organic Search
7492256.42283651,16,3,0.0,277.6,14,13,2,0.154,0,desktop,Organic Search
4144318.25118474,14,1,0.0,136.8,6,15,1,0.067,0,mobile,Organic Search
5793983.50217392,15,4,0.0,532.7,19,8,2,0.25,0,desktop,Organic Search
2552884.68327184,37,2,0.0,624.6,13,7,4,0.571,0,tablet,Affiliates
1265711.50519199,55,4,0.0,431.7,11,6,3,0.5,0,desktop,Organic Search
2996578.20138418,14,1,0.0,85.2,4,19,4,0.211,0,desktop,Organic Search
6175371.10562067,57,1,0.0,237.5,5,15,2,0.133,0,desktop,Direct
8001547.36248500,54,2,0.0,277.1,11,4,3,0.75,0,tablet,Organic Search
9219434.22116415,36,1,0.0,164.8,4,13,2,0.154,0,mobile,Direct
9017433.75284809,60,5,0.0,560.2,27,11,1,0.091,0,desktop,Organic Search
1419353.38548105,16,1,0.0,301.5,7,19,4,0.211,0,desktop,Affiliates
8738877.31800391,42,1,0.0,348.9,7,17,2,0.118,0,mobile,Organic Search
1939611.73366858,39,1,0.0,167.5,5,12,3,0.25,0,mobile,Affiliates
1747379.60726283,28,3,0.0,592.5,17,5,2,0.4,0,desktop,Organic Search
3808452.40539688,33,2,0.0,424.5,10,12,1,0.083,0,desktop,Organic Search
3624264.29825511,42,1,0.0,150.4,4,16,2,0.125,0,desktop,Organic Search
8603520.26998898,19,1,0.0,262.1,6,11,2,0.182,0,desktop,Paid Search
4447016.12410202,26,1,0.0,458.2,10,4,3,0.75,0,desktop,Direct
3626398.55504629,48,4,0.0,623.2,17,15,2,0.133,0,mobile,Organic Search
5847798.84977959,65,2,0.0,354.8,12,15,2,0.133,0,mobile,Affiliates
9488487.65724134,66,2,0.0,322.9,9,8,3,0.375,0,desktop,Display
3535742.84458659,22,1,0.0,282.2,8,7,2,0.286,0,desktop,Direct
5950821.75566200,29,4,0.0,766.6,20,11,4,0.364,0,desktop,Direct
9469147.52219461,58,3,0.0,811.4,20,11,4,0.364,0,desktop,Paid Search
7503022.77042541,57,1,0.0,255.5,5,16,2,0.125,0,desktop,Organic Search
8448608.54743406,17,3,0.0,694.9,23,15,3,0.2,0,mobile,Display
5628707.73157096,52,1,0.0,288.5,8,16,4,0.25,0,mobile,Organic Search
5069871.41768897,70,2,0.0,239.8,10,10,1,0.1,0,desktop,Direct
3161384.52758387,73,1,0.0,377.6,8,5,1,0.2,0,mobile,Display
5618661.28951561,11,2,0.0,331.2,7,12,3,0.25,0,desktop,Referral
4638034.38376529,56,3,0.0,634.3,23,7,2,0.286,0,desktop,Email
7498416.99360611,46,1,0.0,105.3,2,18,2,0.111,0,desktop,Direct
2137427.63734966,58,3,0.0,424.2,16,10,3,0.3,0,desktop,Organic Search
2686231.66430803,18,1,0.0,196.5,6,6,4,0.667,0,desktop,Organic Search
2444493.39351082,29,4,0.0,433.8,12,11,1,0.091,0,tablet,Paid Search
9728006.65272382,29,3,0.0,457.9,12,10,3,0.3,0,desktop,Display
3625868.33148287,55,1,0.0,162.9,5,9,4,0.444,0,desktop,Organic Search
5116453.43691519,39,3,0.0,698.4,19,14,3,0.214,0,desktop,Affiliates
9428759.98111861,51,12,0.0,1248.7,56,11,1,0.091,0,desktop,Direct
2714697.78892427,64,3,0.0,486.7,18,9,2,0.222,0,desktop,Organic Search
8272485.48873415,30,2,0.0,422.2,9,7,3,0.429,0,tablet,Organic Search
3491336.60363699,67,3,0.0,314.6,9,10,4,0.4,0,desktop,Paid Search
1441906.37913789,32,2,0.0,482.7,12,17,4,0.235,0,desktop,Organic Search
6848435.73314952,73,3,0.0,842.6,19,8,2,0.25,0,desktop,Organic Search
1029590.36278156,37,2,0.0,273.4,7,7,1,0.143,0,desktop,Organic Search
1869211.85800627,53,2,0.0,219.9,6,5,2,0.4,0,desktop,Direct
4767139.95172773,65,1,0.0,142.9,4,16,1,0.062,0,desktop,Direct
5312061.70258946,71,2,0.0,146.7,7,8,4,0.5,0,desktop,Organic Search
4113674.28104993,15,2,0.0,304.2,12,10,1,0.1,0,mobile,Direct
9889057.49384389,33,1,0.0,236.0,8,5,1,0.2,0,mobile,Referral
2049350.36013894,13,2,0.0,448.5,17,18,4,0.222,0,desktop,Display
1522115.43103096,67,1,0.0,255.7,6,9,2,0.222,0,desktop,Organic Search
2886309.24593830,60,1,0.0,165.4,8,10,1,0.1,0,desktop,Paid Search
6106934.64417639,46,2,0.0,763.8,17,18,4,0.222,0,mobile,Organic Search
9596532.39202730,74,6,0.0,698.3,24,8,1,0.125,0,desktop,Organic Search
2469557.24963585,13,3,0.0,668.7,14,10,2,0.2,0,desktop,Organic Search
3342137.94519504,50,2,0.0,619.6,15,12,1,0.083,0,desktop,Direct
5693445.12634324,69,8,0.0,481.3,24,19,2,0.105,0,mobile,Direct
4596759.99870268,35,12,0.0,1602.9,66,8,2,0.25,0,desktop,Organic Search
5026972.19358058,28,2,0.0,357.6,8,9,1,0.111,0,desktop,Organic Search
2203594.49939476,51,3,0.0,355.3,18,11,2,0.182,0,desktop,Direct
3930153.53715361,32,1,0.0,205.6,6,8,1,0.125,0,desktop,Direct
6731309.76715221,53,2,0.0,600.0,15,7,1,0.143,0,mobile,Display
6810579.92303526,50,1,0.0,99.3,2,4,4,1.0,0,desktop,Direct
3131044.44700600,18,2,0.0,454.5,13,11,3,0.273,0,desktop,Organic Search
2530895.73524371,32,1,0.0,175.0,4,19,4,0.211,0,mobile,Display
3149836.12231121,61,2,0.0,360.8,10,16,3,0.188,0,desktop,Email
8346116.12193903,51,2,0.0,209.3,11,12,1,0.083,0,mobile,Email
3131153.53802878,18,1,0.0,121.4,3,13,4,0.308,0,mobile,Organic Search
4469235.11739241,50,1,0.0,254.9,6,11,1,0.091,0,desktop,Direct
4469588.88968084,24,1,0.0,201.5,7,4,4,1.0,0,desktop,Display
4777990.37346944,20,2,0.0,345.8,10,10,2,0.2,0,desktop,Referral
6588530.81854997,73,1,0.0,137.4,5,18,2,0.111,0,desktop,Organic Search
2954755.74726047,39,1,0.0,210.3,7,12,3,0.25,0,desktop,Organic Search
4420451.23312875,62,2,0.0,447.3,11,12,1,0.083,0,desktop,Direct
3984552.56146584,59,12,0.0,1914.0,61,4,1,0.25,0,desktop,Organic Search
9933426.85276875,49,1,0.0,214.6,6,7,3,0.429,0,mobile,Display
2520323.51138202,66,1,0.0,141.9,4,18,4,0.222,0,mobile,Organic Search
1470789.54062911,24,6,0.0,1004.0,36,15,4,0.267,0,desktop,Paid Search
2686972.19324324,11,1,0.0,423.7,9,7,4,0.571,0,mobile,Organic Search
7520761.93498227,70,1,0.0,250.7,6,8,4,0.5,0,desktop,Paid Search
2518947.85236531,63,1,0.0,224.9,7,15,4,0.267,0,desktop,Organic Search
6308139.52554633,36,2,0.0,245.8,6,12,1,0.083,0,mobile,Organic Search
7104522.31141246,25,2,0.0,179.0,9,18,4,0.222,0,mobile,Organic Search
3490518.71973277,43,2,0.0,101.0,5,4,2,0.5,0,desktop,Referral
8422205.28593515,55,1,0.0,164.1,5,9,1,0.111,0,desktop,Organic Search
9542627.80323024,45,3,0.0,249.1,15,15,1,0.067,0,mobile,Organic Search
3302972.72846122,44,1,0.0,390.0,9,18,2,0.111,0,mobile,Organic Search
4089246.45555383,59,2,0.0,239.8,12,15,1,0.067,0,tablet,Direct
5917884.17189619,31,2,0.0,427.6,9,17,1,0.059,0,desktop,Organic Search
4006974.13520251,67,1,0.0,134.7,7,10,3,0.3,0,mobile,Organic Search
8869596.10924736,74,1,0.0,171.5,6,4,2,0.5,0,desktop,Direct
9900827.84155281,65,2,0.0,418.5,11,10,2,0.2,0,desktop,Referral
5256743.49050098,46,1,0.0,419.1,10,15,2,0.133,0,mobile,Organic Search
7200217.47111743,21,4,0.0,688.7,28,17,1,0.059,0,tablet,Organic Search
1492999.38686324,48,1,0.0,57.9,3,19,4,0.211,0,desktop,Referral
7187778.95703324,40,2,0.0,408.2,9,10,2,0.2,0,desktop,Direct
2651065.94758459,20,8,0.0,1509.7,40,18,4,0.222,0,mobile,Referral
4712421.14523954,65,1,0.0,171.5,7,6,2,0.333,0,desktop,Referral
9988579.85453386,41,1,0.0,380.8,9,6,4,0.667,0,desktop,Organic Search
2760167.25942946,58,3,0.0,576.1,15,18,1,0.056,0,desktop,Direct
8333881.58975288,18,1,0.0,321.7,9,15,2,0.133,0,desktop,Referral
1595485.85160409,38,1,0.0,348.9,8,19,3,0.158,0,desktop,Direct
8563096.46496769,45,1,0.0,190.5,7,19,2,0.105,0,desktop,Direct
1825353.38688435,56,3,0.0,455.8,13,9,4,0.444,0,desktop,Direct
1093482.13198000,65,8,0.0,1551.3,43,4,1,0.25,0,desktop,Display
1843988.16370190,61,4,0.0,546.2,13,16,2,0.125,0,mobile,Referral
7471610.66530515,34,1,0.0,190.2,7,6,3,0.5,0,desktop,Organic Search
4186443.75220457,58,2,0.0,542.3,15,4,4,1.0,0,desktop,Organic Search
2398014.84475250,38,1,0.0,132.3,4,11,3,0.273,0,mobile,Direct
7745989.68262169,62,1,0.0,95.4,2,12,3,0.25,0,tablet,Organic Search
6928548.99205106,36,1,0.0,152.4,6,4,1,0.25,0,mobile,Direct
1822895.79546281,10,3,0.0,579.4,22,4,4,1.0,0,desktop,Organic Search
6202022.54439016,62,3,0.0,304.0,10,14,1,0.071,0,desktop,Referral
5227902.86692799,16,2,0.0,267.7,8,7,2,0.286,0,mobile,Referral
8936581.28806093,73,2,0.0,591.7,12,16,4,0.25,0,mobile,Organic Search
8850152.86896243,65,2,0.0,223.3,6,4,4,1.0,0,mobile,Referral
4838460.33758669,71,3,0.0,319.3,14,19,3,0.158,0,desktop,Display
5988331.86691272,60,5,0.0,452.7,17,8,4,0.5,0,mobile,Paid Search
4600277.79323959,71,2,0.0,450.3,9,9,2,0.222,0,mobile,Organic Search
2910416.89752200,19,5,0.0,576.9,19,16,4,0.25,0,mobile,Organic Search
7431240.50818482,54,4,0.0,561.6,23,12,2,0.167,0,desktop,Direct
7111091.31343669,50,1,0.0,179.8,7,18,2,0.111,0,desktop,Direct
1803407.10280221,58,1,0.0,398.4,9,12,3,0.25,0,mobile,Organic Search
8325145.73533871,30,1,0.0,377.2,8,15,4,0.267,0,desktop,Affiliates
9222427.98042262,23,1,0.0,140.4,3,11,1,0.091,0,desktop,Paid Search
4700023.27244928,53,8,0.0,714.2,24,4,2,0.5,0,desktop,Direct
3857622.29106027,69,1,0.0,248.2,7,7,1,0.143,0,desktop,Email
2922186.98692780,73,3,0.0,348.8,14,19,3,0.158,0,mobile,Paid Search
8093216.44730855,55,3,0.0,746.5,18,19,2,0.105,0,mobile,Organic Search
2765294.80514841,39,3,0.0,576.9,13,6,1,0.167,0,desktop,Affiliates
8686901.87259352,16,1,0.0,138.9,2,12,2,0.167,0,desktop,Organic Search
4032314.35945428,10,1,0.0,361.0,9,17,2,0.118,0,desktop,Organic Search
2792853.31896014,27,3,0.0,487.9,12,14,2,0.143,0,desktop,Referral
9969181.37012610,24,3,0.0,733.4,18,15,1,0.067,0,desktop,Organic Search
8717206.29903168,31,1,0.0,123.9,5,13,4,0.308,0,desktop,Display
4166044.46768243,72,3,0.0,875.1,21,7,3,0.429,0,desktop,Referral
3055560.50282819,19,1,0.0,153.9,6,12,3,0.25,0,desktop,Display
7133246.61088068,57,8,0.0,1647.4,37,10,4,0.4,0,mobile,Paid Search
6467993.73782744,11,5,0.0,970.7,29,14,3,0.214,0,desktop,Organic Search
8466308.96713353,49,1,0.0,180.5,5,8,4,0.5,0,desktop,Organic Search
6506256.12491325,51,1,0.0,201.6,7,9,3,0.333,0,desktop,Direct
4666622.40304417,14,2,0.0,555.8,14,15,4,0.267,0,mobile,Organic Search
4821948.35345793,26,2,0.0,398.3,11,12,3,0.25,0,desktop,Direct
3753549.70594037,52,1,0.0,118.3,6,4,1,0.25,0,desktop,Organic Search
2981049.61128652,33,1,0.0,224.1,5,12,2,0.167,0,desktop,Organic Search
4131779.75121849,73,1,0.0,83.7,3,11,2,0.182,0,desktop,Direct
7191380.98204855,13,2,0.0,267.4,10,12,3,0.25,0,mobile,Organic Search
9966868.89289286,51,4,0.0,427.4,18,9,4,0.444,0,mobile,Referral
8877406.39190741,38,1,0.0,116.7,4,13,4,0.308,0,desktop,Direct
2855200.15112968,66,1,0.0,177.8,7,15,3,0.2,0,tablet,Direct
8087098.99726328,50,1,0.0,302.5,8,17,2,0.118,0,tablet,Direct
2154373.11703431,62,1,0.0,90.8,4,3,0,0.0,0,desktop,Direct
8945805.99965143,90,4,0.0,1274.2,29,1,0,0.0,0,desktop,Direct
3416607.15261128,46,4,0.0,864.9,19,2,0,0.0,0,tablet,Direct
5361364.52040278,74,2,0.0,562.4,13,2,0,0.0,0,desktop,Organic Search
2336683.65697047,90,1,0.0,216.4,4,3,0,0.0,0,mobile,Organic Search
5516816.36705939,85,5,0.0,876.5,36,3,0,0.0,0,desktop,Organic Search
9629826.81050503,49,1,0.0,292.6,7,3,0,0.0,0,desktop,Paid Search
8792851.52965672,75,2,0.0,247.1,11,1,0,0.0,0,mobile,Affiliates
4490531.39112535,66,1,0.0,67.5,2,1,0,0.0,0,desktop,Display
1853447.90165754,43,2,0.0,671.6,14,3,0,0.0,0,desktop,Affiliates
6501810.52560904,66,3,0.0,510.9,19,3,0,0.0,0,desktop,Organic Search
7527863.29048233,82,3,0.0,347.4,20,3,0,0.0,0,desktop,Organic Search
9152952.91104018,63,2,0.0,254.8,8,2,0,0.0,0,mobile,Organic Search
7809633.23268512,70,2,0.0,161.2,9,1,0,0.0,0,desktop,Referral
9012883.37679831,64,2,0.0,359.2,8,3,0,0.0,0,desktop,Organic Search
7662538.41955269,63,2,0.0,159.0,8,2,0,0.0,0,mobile,Referral
4326237.58489954,51,4,0.0,530.9,28,2,0,0.0,0,desktop,Organic Search
9778765.54233918,69,2,0.0,280.1,10,3,0,0.0,0,mobile,Organic Search
3509741.98098819,72,1,0.0,377.8,9,3,0,0.0,0,desktop,Paid Search
5213025.65915391,47,1,0.0,146.7,3,1,0,0.0,0,mobile,Direct
6615937.84536317,49,3,0.0,435.2,12,1,0,0.0,0,mobile,Paid Search
6447758.20208600,65,5,0.0,918.7,22,1,0,0.0,0,desktop,Organic Search
7163427.61661730,63,2,0.0,224.1,7,1,0,0.0,0,tablet,Organic Search
2704662.21504592,70,1,0.0,222.3,5,3,0,0.0,0,desktop,Referral
4721428.83033580,61,2,0.0,277.6,7,2,0,0.0,0,desktop,Organic Search
9049264.73111264,61,1,0.0,228.0,5,3,0,0.0,0,desktop,Affiliates
3033347.22966982,52,1,0.0,337.4,7,2,0,0.0,0,desktop,Referral
2980595.68903327,57,1,0.0,179.5,5,1,0,0.0,0,mobile,Direct
7773120.30624640,59,8,0.0,1029.6,34,2,0,0.0,0,desktop,Referral
2133714.56402944,89,2,0.0,417.0,9,3,0,0.0,0,desktop,Paid Search
6460571.51255444,63,1,0.0,255.0,8,3,0,0.0,0,desktop,Organic Search
8554906.26344381,46,2,0.0,347.3,8,2,0,0.0,0,mobile,Organic Search
8032631.46514401,83,6,0.0,885.6,36,1,0,0.0,0,desktop,Referral
4085688.36907914,67,1,0.0,318.0,9,3,0,0.0,0,desktop,Direct
4877937.76677791,87,4,0.0,496.6,13,3,0,0.0,0,mobile,Referral
9250291.14784730,80,2,0.0,315.3,14,3,0,0.0,0,desktop,Display
7010124.38649082,63,3,0.0,572.0,18,3,0,0.0,0,desktop,Direct
5734005.12514086,77,2,0.0,311.7,10,3,0,0.0,0,desktop,Direct
1917740.67301531,85,1,0.0,130.4,6,2,0,0.0,0,desktop,Organic Search
1790799.92625397,60,1,0.0,168.3,5,1,0,0.0,0,desktop,Email
7019779.58223501,60,1,0.0,90.1,4,1,0,0.0,0,mobile,Direct
8974217.93439634,68,1,0.0,273.4,8,1,0,0.0,0,desktop,Referral
7226801.64515682,56,2,0.0,645.7,14,2,0,0.0,0,desktop,Organic Search
3826454.84281976,73,1,0.0,314.6,8,2,0,0.0,0,mobile,Referral
1959896.55399783,64,1,0.0,177.7,7,3,0,0.0,0,desktop,Direct
6539058.87701340,66,1,0.0,267.1,10,1,0,0.0,0,desktop,Direct
4843875.18980384,41,8,0.0,942.5,23,2,0,0.0,0,mobile,Organic Search
2235045.53647129,56,2,0.0,206.0,12,1,0,0.0,0,desktop,Organic Search
5519678.35928758,70,1,0.0,217.4,9,3,0,0.0,0,desktop,Direct
1686664.33409950,85,1,0.0,215.4,7,1,0,0.0,0,mobile,Display
7346464.62043515,58,1,0.0,154.3,7,3,0,0.0,0,desktop,Organic Search
2712215.20678379,52,2,0.0,374.2,8,1,0,0.0,0,mobile,Paid Search
9495180.91812144,53,2,0.0,338.6,9,1,0,0.0,0,desktop,Organic Search
5935647.39204298,78,1,0.0,111.8,4,1,0,0.0,0,desktop,Direct
7089214.16660375,69,2,0.0,408.1,10,1,0,0.0,0,desktop,Display
3746487.30980843,70,3,0.0,394.4,21,3,0,0.0,0,mobile,Referral
4220120.42625564,57,1,0.0,76.7,3,2,0,0.0,0,mobile,Paid Search
9972056.46287611,66,1,0.0,218.0,5,3,0,0.0,0,tablet,Direct
6177435.11115273,64,2,0.0,385.9,13,3,0,0.0,0,mobile,Affiliates
1440353.26916485,64,2,0.0,178.5,8,1,0,0.0,0,desktop,Direct
4661999.58084440,86,1,0.0,116.1,5,3,0,0.0,0,desktop,Direct
9096817.34156910,69,1,0.0,233.7,6,1,0,0.0,0,desktop,Direct
6574559.42055214,90,1,0.0,341.5,9,3,0,0.0,0,desktop,Paid Search
5503641.70747807,76,2,0.0,194.2,11,2,0,0.0,0,desktop,Organic Search
8803111.31552615,42,1,0.0,291.4,10,3,0,0.0,0,desktop,Organic Search
5841690.42133351,66,3,0.0,322.0,11,1,0,0.0,0,desktop,Organic Search
4777421.80301546,85,8,0.0,503.6,21,1,0,0.0,0,tablet,Direct
4827980.50634787,43,1,0.0,276.5,7,2,0,0.0,0,desktop,Paid Search
3669325.47393647,90,1,0.0,251.3,10,3,0,0.0,0,desktop,Direct
9916383.41256204,63,3,0.0,398.8,16,2,0,0.0,0,desktop,Organic Search
2149450.10177951,53,4,0.0,1258.3,30,1,0,0.0,0,mobile,Display
8200573.21806155,88,2,0.0,381.3,16,2,0,0.0,0,desktop,Direct
3686986.16197564,81,1,0.0,208.3,5,3,0,0.0,0,desktop,Direct
8759252.17489736,87,2,0.0,463.8,11,1,0,0.0,0,tablet,Direct
9418034.66751960,54,1,0.0,147.0,7,2,0,0.0,0,mobile,Referral
6615866.46248704,87,1,0.0,78.9,3,1,0,0.0,0,mobile,Direct
8523586.23126081,52,1,0.0,239.5,5,2,0,0.0,0,tablet,Organic Search
8755185.98951852,63,1,0.0,200.2,5,3,0,0.0,0,desktop,Display
3900958.66912384,82,1,0.0,335.8,7,1,0,0.0,0,desktop,Organic Search
1829636.26326726,58,1,0.0,157.2,3,2,0,0.0,0,mobile,Direct
9645612.56640516,53,1,0.0,327.1,7,2,0,0.0,0,mobile,Organic Search
7642298.58548375,78,1,0.0,207.6,8,1,0,0.0,0,mobile,Direct
8855791.37544366,61,1,0.0,170.4,9,1,0,0.0,0,desktop,Organic Search
1074215.73932845,56,1,0.0,198.1,6,3,0,0.0,0,desktop,Referral
7972473.79743400,57,1,0.0,295.3,7,1,0,0.0,0,mobile,Referral
1589483.76795918,74,3,0.0,742.6,18,2,0,0.0,0,mobile,Organic Search
7069353.99565097,78,4,0.0,410.1,23,2,0,0.0,0,desktop,Organic Search
4442822.93405498,60,2,0.0,534.1,16,2,0,0.0,0,mobile,Organic Search
5570740.90055396,54,3,0.0,896.3,20,1,0,0.0,0,desktop,Direct
5164819.42752287,44,1,0.0,138.9,6,1,0,0.0,0,desktop,Paid Search
7533081.25733237,80,2,0.0,250.5,14,2,0,0.0,0,desktop,Direct
6042871.50152782,66,1,0.0,271.0,8,3,0,0.0,0,desktop,Display
7752909.11299935,69,2,0.0,475.5,11,3,0,0.0,0,desktop,Referral
8560694.64881972,77,2,0.0,250.3,9,3,0,0.0,0,desktop,Organic Search
7559619.39662357,41,1,0.0,114.6,4,1,0,0.0,0,desktop,Direct
3047464.10487278,89,1,0.0,205.1,5,1,0,0.0,0,mobile,Referral
9323784.94783412,42,1,0.0,97.4,4,3,0,0.0,0,desktop,Referral
1908106.47929963,91,1,0.0,116.3,3,3,0,0.0,0,mobile,Referral
9150577.87520806,50,4,0.0,729.6,17,1,0,0.0,0,desktop,Direct
6014944.59528200,49,1,0.0,166.0,7,3,0,0.0,0,mobile,Direct
1835690.44374023,76,1,0.0,386.1,10,3,0,0.0,0,desktop,Organic Search
2545583.29479878,48,2,0.0,570.1,14,1,0,0.0,0,mobile,Organic Search
2988042.74644790,44,1,0.0,314.3,8,3,0,0.0,0,mobile,Organic Search
2468256.27735392,58,1,0.0,108.6,2,3,0,0.0,0,desktop,Organic Search
3484115.94188513,60,4,0.0,842.1,26,1,0,0.0,0,mobile,Direct
5466487.85020549,85,2,0.0,490.6,16,2,0,0.0,0,mobile,Direct
6044617.59307029,75,1,0.0,162.6,6,1,0,0.0,0,desktop,Direct
3099766.75670720,55,2,0.0,232.6,6,2,0,0.0,0,mobile,Organic Search
9526930.30803055,86,8,0.0,1083.4,53,3,0,0.0,0,desktop,Organic Search
2051884.54337717,87,5,0.0,1309.8,38,3,0,0.0,0,desktop,Organic Search
9321338.76955067,73,1,0.0,147.7,4,1,0,0.0,0,desktop,Affiliates
9492322.33838172,59,2,0.0,457.5,12,3,0,0.0,0,mobile,Direct
6066784.45516808,91,1,0.0,207.3,8,1,0,0.0,0,mobile,Direct
6949882.95085378,43,3,0.0,249.7,10,3,0,0.0,0,desktop,Organic Search
7785405.49442147,83,2,0.0,472.3,12,1,0,0.0,0,tablet,Direct
2042465.20701865,50,1,0.0,235.8,8,1,0,0.0,0,mobile,Direct
4641178.40627577,81,1,0.0,92.9,2,3,0,0.0,0,desktop,Organic Search
9043433.29636201,83,8,0.0,1561.4,49,2,0,0.0,0,mobile,Paid Search
1732090.10136745,61,1,0.0,250.9,7,2,0,0.0,0,mobile,Organic Search
8856608.96538412,53,2,0.0,482.5,12,2,0,0.0,0,mobile,Referral
3040239.47088164,72,4,0.0,468.7,20,1,0,0.0,0,mobile,Direct
3462083.50813134,42,1,0.0,397.5,10,3,0,0.0,0,mobile,Affiliates
1230294.13356825,40,2,0.0,526.7,13,1,0,0.0,0,mobile,Referral
4318812.42542599,51,1,0.0,255.7,6,2,0,0.0,0,tablet,Paid Search
1172647.18336428,65,2,0.0,331.5,8,3,0,0.0,0,mobile,Organic Search
7947690.15433656,62,1,0.0,207.7,6,3,0,0.0,0,mobile,Referral
2130856.60274294,42,1,0.0,291.7,7,2,0,0.0,0,desktop,Paid Search
8352350.91044868,59,5,0.0,450.7,20,1,0,0.0,0,mobile,Affiliates
4845290.32737064,86,2,0.0,457.0,10,2,0,0.0,0,mobile,Referral
7546833.57764420,47,3,0.0,921.5,20,1,0,0.0,0,desktop,Organic Search
2514716.48162421,89,1,0.0,201.5,6,3,0,0.0,0,desktop,Direct
5407156.66804857,89,1,0.0,143.4,5,1,0,0.0,0,desktop,Organic Search
3447437.92787302,76,6,0.0,683.8,19,1,0,0.0,0,desktop,Direct
7947822.23895455,51,3,0.0,629.2,19,1,0,0.0,0,desktop,Organic Search
3421422.64181917,45,3,0.0,344.8,18,2,0,0.0,0,mobile,Organic Search
8330604.88790951,67,2,0.0,220.9,11,1,0,0.0,0,desktop,Direct
5950854.63314656,74,3,0.0,440.7,18,3,0,0.0,0,desktop,Referral
3867219.39495068,56,2,0.0,536.5,13,2,0,0.0,0,desktop,Organic Search
3560799.15926199,77,3,0.0,889.1,19,1,0,0.0,0,desktop,Organic Search
6647709.58567997,46,2,0.0,356.1,9,2,0,0.0,0,desktop,Organic Search
4548675.56560831,43,3,0.0,232.2,12,2,0,0.0,0,desktop,Organic Search
6342537.45308127,62,2,0.0,297.7,13,3,0,0.0,0,desktop,Organic Search
5477425.40695320,59,3,0.0,508.9,12,3,0,0.0,0,desktop,Organic Search
9535223.17219178,41,2,0.0,268.7,12,3,0,0.0,0,desktop,Organic Search
3372254.41467816,83,1,0.0,187.9,7,2,0,0.0,0,mobile,Organic Search
8607958.60435230,78,4,0.0,816.9,27,2,0,0.0,0,mobile,Referral
1586071.96026549,89,1,0.0,265.3,5,2,0,0.0,0,desktop,Referral
4107251.85467796,55,2,0.0,351.7,12,1,0,0.0,0,mobile,Direct
3362954.40124996,42,1,0.0,198.7,6,3,0,0.0,0,mobile,Organic Search
8868186.86579894,43,1,0.0,202.7,6,1,0,0.0,0,desktop,Paid Search
1175931.48603119,71,5,0.0,498.1,17,1,0,0.0,0,desktop,Organic Search
4849772.37848240,73,5,0.0,692.8,18,1,0,0.0,0,mobile,Direct
5885054.52712072,41,12,0.0,2891.5,66,3,0,0.0,0,desktop,Direct
5485944.40663300,90,2,0.0,200.8,8,1,0,0.0,0,desktop,Organic Search
3982812.37370865,56,2,0.0,312.4,11,3,0,0.0,0,desktop,Organic Search
8600513.83226033,78,1,0.0,286.6,7,2,0,0.0,0,mobile,Direct
4605231.61696633,70,2,0.0,465.2,17,3,0,0.0,0,desktop,Organic Search
5948470.97602586,61,1,0.0,136.5,4,1,0,0.0,0,desktop,Direct
1050248.69169550,50,2,0.0,327.1,12,2,0,0.0,0,desktop,Organic Search
5622571.97407603,75,2,0.0,271.0,9,1,0,0.0,0,desktop,Organic Search
7075548.57506626,42,1,0.0,230.2,6,1,0,0.0,0,tablet,Organic Search
3608231.61303373,47,1,0.0,79.8,3,1,0,0.0,0,desktop,Organic Search
8915565.99113412,66,1,0.0,236.6,9,3,0,0.0,0,mobile,Direct
2532614.88171613,47,2,0.0,226.9,5,1,0,0.0,0,desktop,Direct
1462976.36891367,66,1,0.0,184.8,5,1,0,0.0,0,desktop,Organic Search
9327088.44193311,50,2,0.0,340.6,12,2,0,0.0,0,tablet,Organic Search
9455648.79057352,85,1,0.0,300.0,8,3,0,0.0,0,mobile,Referral
4975941.57986329,86,3,0.0,943.0,21,1,0,0.0,0,mobile,Organic Search
7365740.13577582,78,4,0.0,1170.7,26,3,0,0.0,0,desktop,Referral
2518025.98437391,63,1,0.0,90.3,3,1,0,0.0,0,mobile,Direct
4416335.56296090,83,4,0.0,1029.1,25,3,0,0.0,0,desktop,Organic Search
6099179.29936095,45,1,0.0,372.3,9,1,0,0.0,0,desktop,Affiliates
4514889.72286962,66,2,0.0,158.3,9,3,0,0.0,0,desktop,Display
1445084.82983666,73,1,0.0,340.9,8,1,0,0.0,0,mobile,Organic Search
7238784.41148426,86,1,0.0,407.5,8,2,0,0.0,0,desktop,Referral
1587045.73952233,52,3,0.0,343.7,17,2,0,0.0,0,desktop,Direct
8264391.33888067,78,1,0.0,303.3,10,1,0,0.0,0,mobile,Paid Search
7399165.81940799,76,1,0.0,219.9,10,3,0,0.0,0,desktop,Referral
7110509.52327432,47,3,0.0,339.0,9,2,0,0.0,0,desktop,Direct
3872168.37294672,48,2,0.0,370.3,13,2,0,0.0,0,desktop,Direct
9676256.11209803,70,3,0.0,418.7,21,3,0,0.0,0,mobile,Direct
9970417.40624747,62,2,0.0,298.8,7,2,0,0.0,0,desktop,Organic Search
6453996.16986554,84,1,0.0,104.1,3,3,0,0.0,0,mobile,Organic Search
1590390.44351862,57,3,0.0,719.3,23,2,0,0.0,0,desktop,Referral
4402270.61550395,68,2,0.0,339.3,16,1,0,0.0,0,desktop,Referral
6604510.73061304,69,2,0.0,371.2,11,3,0,0.0,0,mobile,Referral
5782938.45093601,40,1,0.0,251.5,10,3,0,0.0,0,mobile,Referral
6623412.63918724,42,2,0.0,330.7,11,3,0,0.0,0,desktop,Paid Search
6622105.54161515,40,1,0.0,271.6,8,2,0,0.0,0,mobile,Paid Search
4374727.78979216,63,1,0.0,266.2,6,2,0,0.0,0,desktop,Organic Search
3414390.62896847,77,6,0.0,917.8,20,1,0,0.0,0,desktop,Direct
6115291.49405246,83,3,0.0,334.7,18,1,0,0.0,0,desktop,Paid Search
5307943.67465829,65,1,0.0,238.6,8,2,0,0.0,0,desktop,Direct
5261017.36186632,76,5,0.0,1218.7,28,3,0,0.0,0,desktop,Referral
2806893.91794378,89,3,0.0,371.4,13,2,0,0.0,0,mobile,Direct
8874524.91303869,52,1,0.0,125.3,2,1,0,0.0,0,tablet,Organic Search
2030427.31008906,80,6,0.0,869.1,36,2,0,0.0,0,mobile,Direct
3198713.73546031,50,3,0.0,312.7,13,1,0,0.0,0,desktop,Direct
8785624.21772035,80,4,0.0,467.6,18,1,0,0.0,0,mobile,Direct
7153252.67276943,49,18,0.0,3943.9,100,3,0,0.0,0,desktop,Direct
5866186.99713604,50,2,0.0,396.0,11,3,0,0.0,0,desktop,Organic Search
2694432.70044270,71,3,0.0,568.9,20,3,0,0.0,0,mobile,Organic Search
2472664.57340362,82,1,0.0,206.2,8,3,0,0.0,0,mobile,Direct
4820109.41023180,61,2,0.0,190.0,10,3,0,0.0,0,desktop,Organic Search
6660002.99199448,75,18,0.0,2730.0,123,1,0,0.0,0,mobile,Organic Search
6998960.43991104,42,5,0.0,929.6,22,2,0,0.0,0,desktop,Email
9105240.44498635,58,1,0.0,217.9,4,3,0,0.0,0,desktop,Organic Search
6769007.54913938,76,1,0.0,140.7,5,1,0,0.0,0,tablet,Direct
2620672.78391962,61,4,0.0,338.0,15,1,0,0.0,0,desktop,Direct
9686748.19637109,72,5,0.0,924.6,21,2,0,0.0,0,desktop,Affiliates
9883745.34200959,65,1,0.0,296.9,7,3,0,0.0,0,mobile,Organic Search
5790741.62030202,59,1,0.0,206.1,8,3,0,0.0,0,mobile,Direct
3911289.26887805,59,1,0.0,222.2,5,1,0,0.0,0,desktop,Display
8375407.57495602,43,2,0.0,209.0,10,1,0,0.0,0,mobile,Organic Search
1366799.68224408,45,1,0.0,168.4,6,1,0,0.0,0,desktop,Direct
5366688.31480142,59,3,0.0,579.4,16,3,0,0.0,0,tablet,Organic Search
9351768.57376683,86,3,0.0,523.0,21,2,0,0.0,0,desktop,Organic Search
6844098.47105584,73,1,0.0,179.2,7,3,0,0.0,0,desktop,Organic Search
4881110.10748924,65,2,0.0,423.4,12,1,0,0.0,0,tablet,Organic Search
4369304.89996303,88,2,0.0,433.7,10,1,0,0.0,0,mobile,Organic Search
9360328.69132149,46,1,0.0,317.8,8,3,0,0.0,0,mobile,Paid Search
6620393.97849323,71,1,0.0,329.4,8,2,0,0.0,0,mobile,Organic Search
2992210.67307573,88,1,0.0,184.6,5,1,0,0.0,0,mobile,Direct
2972591.55914171,57,1,0.0,203.7,4,1,0,0.0,0,desktop,Referral
6334452.10996908,41,1,0.0,238.3,6,1,0,0.0,0,mobile,Organic Search
6144994.77296308,68,5,0.0,1086.0,28,1,0,0.0,0,desktop,Organic Search
2577033.89002071,48,12,0.0,2907.7,70,1,0,0.0,0,desktop,Direct
1926585.92773441,57,2,0.0,282.8,12,3,0,0.0,0,desktop,Organic Search
3630048.38123919,76,3,0.0,574.6,15,1,0,0.0,0,tablet,Organic Search
9183436.38387306,41,1,0.0,145.0,7,3,0,0.0,0,desktop,Direct
8125369.59477897,67,3,0.0,337.6,16,3,0,0.0,0,desktop,Organic Search
9096234.31499293,59,1,0.0,203.6,6,2,0,0.0,0,desktop,Organic Search
6964650.35509596,49,2,0.0,176.9,8,3,0,0.0,0,desktop,Organic Search
8293881.51882984,60,1,0.0,196.0,6,1,0,0.0,0,mobile,Paid Search
9797640.83145128,45,4,0.0,997.4,29,3,0,0.0,0,mobile,Organic Search
8113854.30679145,87,4,0.0,1097.2,29,1,0,0.0,0,mobile,Direct
3321637.13413553,88,2,0.0,281.4,14,3,0,0.0,0,mobile,Direct
1525386.13579065,84,2,0.0,327.7,10,2,0,0.0,0,desktop,Referral
8114244.79568043,79,2,0.0,243.7,15,3,0,0.0,0,mobile,Organic Search
9532546.12713136,56,2,0.0,290.1,13,1,0,0.0,0,desktop,Organic Search
3880364.94893849,60,1,0.0,389.4,10,3,0,0.0,0,desktop,Referral
6748718.13334084,60,1,0.0,107.6,2,2,0,0.0,0,desktop,Referral
2987639.67860090,80,2,0.0,261.7,13,1,0,0.0,0,desktop,Direct
6724054.81247726,87,1,0.0,152.3,5,1,0,0.0,0,mobile,Direct
1641982.23253524,65,2,0.0,347.4,16,3,0,0.0,0,desktop,Referral
2163882.37368679,42,2,0.0,265.4,15,1,0,0.0,0,desktop,Referral
8459867.90761142,50,1,0.0,127.2,5,1,0,0.0,0,tablet,Referral
6539249.82036369,88,2,0.0,596.7,14,3,0,0.0,0,mobile,Email
7474305.64639153,77,4,0.0,456.5,20,1,0,0.0,0,desktop,Paid Search
4332705.19195235,68,1,0.0,134.7,6,1,0,0.0,0,desktop,Organic Search
8796439.91871058,43,3,0.0,616.9,16,2,0,0.0,0,desktop,Referral
3669019.12333111,58,1,0.0,351.3,8,2,0,0.0,0,desktop,Organic Search
2235556.45408320,77,3,0.0,852.4,19,3,0,0.0,0,desktop,Organic Search
2480082.13900763,73,1,0.0,163.3,6,1,0,0.0,0,mobile,Direct
2263358.11265127,73,2,0.0,389.6,12,2,0,0.0,0,mobile,Paid Search
7287009.38080184,84,1,0.0,253.8,6,1,0,0.0,0,desktop,Referral
9939025.57547438,45,4,0.0,795.7,21,3,0,0.0,0,desktop,Referral
2780612.92074910,48,1,0.0,155.8,4,1,0,0.0,0,desktop,Direct
1213513.14313940,80,2,0.0,270.1,13,1,0,0.0,0,desktop,Direct
8057482.77351403,58,2,0.0,330.3,8,1,0,0.0,0,desktop,Organic Search
2620263.84353496,82,1,0.0,248.7,6,3,0,0.0,0,desktop,Affiliates
7302546.58405570,54,1,0.0,258.9,7,1,0,0.0,0,tablet,Affiliates
3459346.52463044,73,6,0.0,1538.8,38,2,0,0.0,0,desktop,Display
7985090.52821172,54,2,0.0,209.2,12,1,0,0.0,0,desktop,Organic Search
6630542.60100783,59,3,0.0,904.9,21,3,0,0.0,0,mobile,Direct
4960259.75093553,62,4,0.0,597.9,22,3,0,0.0,0,desktop,Organic Search
3376295.40215610,85,2,0.0,148.2,8,1,0,0.0,0,desktop,Organic Search
6299921.94063615,50,3,0.0,679.7,24,3,0,0.0,0,desktop,Direct
7246897.13217648,47,1,0.0,220.2,8,3,0,0.0,0,mobile,Direct
6868897.37558918,57,6,0.0,905.1,30,2,0,0.0,0,desktop,Organic Search
1378510.78137020,50,1,0.0,278.4,7,2,0,0.0,0,desktop,Direct
4077054.34101413,90,1,0.0,215.4,4,1,0,0.0,0,desktop,Direct
5767876.75435047,72,1,0.0,334.5,7,3,0,0.0,0,desktop,Referral
2100642.46608061,66,1,0.0,150.1,6,1,0,0.0,0,desktop,Organic Search
7800178.71627186,84,2,0.0,723.4,16,2,0,0.0,0,desktop,Organic Search
2023784.93084838,63,4,0.0,304.1,15,2,0,0.0,0,mobile,Direct
2673673.25027752,79,2,0.0,260.0,8,3,0,0.0,0,tablet,Direct
1410106.93179182,41,1,0.0,182.4,6,3,0,0.0,0,desktop,Direct
2853227.90087569,59,6,0.0,1280.0,34,2,0,0.0,0,mobile,Organic Search
6368252.55865488,68,2,0.0,361.7,9,2,0,0.0,0,mobile,Organic Search
9200790.14078618,89,3,0.0,521.3,21,2,0,0.0,0,mobile,Organic Search
8677689.82745636,45,4,0.0,734.2,18,1,0,0.0,0,mobile,Organic Search
9415846.63169650,91,1,0.0,189.5,6,1,0,0.0,0,desktop,Referral
9882935.38213720,65,1,0.0,233.1,9,2,0,0.0,0,desktop,Email
1005806.13823047,85,2,0.0,427.2,10,1,0,0.0,0,desktop,Display
8275253.44801961,80,1,0.0,232.1,7,1,0,0.0,0,mobile,Referral
1526043.16634256,78,1,0.0,258.6,6,2,0,0.0,0,desktop,Paid Search
8117357.50315716,43,1,0.0,170.1,3,3,0,0.0,0,mobile,Organic Search
3326888.15849872,48,1,0.0,201.0,5,3,0,0.0,0,desktop,Organic Search
9557400.69687884,46,3,0.0,670.2,18,3,0,0.0,0,desktop,Direct
8069537.66100782,49,1,0.0,172.3,4,2,0,0.0,0,tablet,Direct
7452242.30844180,61,4,0.0,533.3,14,2,0,0.0,0,mobile,Organic Search
4382447.66696915,58,6,0.0,778.0,22,3,0,0.0,0,desktop,Paid Search
6362680.25738978,67,3,0.0,438.0,16,3,0,0.0,0,desktop,Referral
2387310.21497223,54,1,0.0,148.8,4,2,0,0.0,0,desktop,Organic Search
8656401.42309207,83,3,0.0,493.3,18,2,0,0.0,0,mobile,Organic Search
8261426.26283328,58,5,0.0,1182.3,26,2,0,0.0,0,desktop,Organic Search
3066454.51920814,57,1,0.0,371.5,8,1,0,0.0,0,mobile,Organic Search
9235894.61023056,86,1,0.0,346.6,9,2,0,0.0,0,mobile,Organic Search
4836024.51687531,50,1,0.0,179.7,7,2,0,0.0,0,desktop,Direct
2212248.58497994,40,4,0.0,1015.0,25,2,0,0.0,0,mobile,Organic Search
7738102.86298762,73,4,0.0,527.5,15,1,0,0.0,0,desktop,Direct
8801821.98990898,69,1,0.0,245.2,8,1,0,0.0,0,mobile,Organic Search
1537954.16603969,61,1,0.0,192.9,8,3,0,0.0,0,desktop,Organic Search
1426319.65133203,81,4,0.0,532.4,27,3,0,0.0,0,desktop,Organic Search
1343848.11933020,72,12,0.0,1406.6,80,1,0,0.0,0,mobile,Organic Search
7855674.56915939,87,3,0.0,851.3,20,1,0,0.0,0,desktop,Organic Search
7568185.46163039,79,2,0.0,221.9,9,1,0,0.0,0,mobile,Direct
8519933.10774013,74,5,0.0,499.8,26,2,0,0.0,0,tablet,Direct
5656229.94036639,66,4,0.0,351.4,12,1,0,0.0,0,desktop,Direct
3171945.45245694,47,3,0.0,598.4,15,2,0,0.0,0,desktop,Direct
1239928.55788095,48,3,0.0,526.0,16,3,0,0.0,0,desktop,Direct
8584200.78748690,64,1,0.0,217.9,7,2,0,0.0,0,mobile,Paid Search
4819932.63104610,45,4,0.0,307.6,13,2,0,0.0,0,mobile,Direct
5813694.87560457,53,1,0.0,133.1,6,2,0,0.0,0,desktop,Organic Search
1737665.15798013,83,2,0.0,206.1,6,1,0,0.0,0,desktop,Referral
9310946.12561143,64,1,0.0,370.6,8,2,0,0.0,0,desktop,Paid Search
1769158.26570115,45,3,0.0,481.7,16,1,0,0.0,0,desktop,Organic Search
3677744.66487593,41,1,0.0,151.2,3,1,0,0.0,0,desktop,Organic Search
4301811.65774270,64,2,0.0,520.0,12,3,0,0.0,0,mobile,Organic Search
2414792.26457343,49,1,0.0,254.9,7,1,0,0.0,0,desktop,Referral
7114171.14978337,85,2,0.0,391.8,14,1,0,0.0,0,desktop,Organic Search
9955286.58329861,59,2,0.0,475.6,16,1,0,0.0,0,desktop,Organic Search
6865285.91234737,88,3,0.0,428.9,13,1,0,0.0,0,desktop,Organic Search
4663712.26642837,85,2,0.0,245.7,8,3,0,0.0,0,mobile,Organic Search
6769827.48536459,53,5,0.0,496.1,26,3,0,0.0,0,desktop,Direct
3754023.85234664,67,3,0.0,504.8,12,2,0,0.0,0,desktop,Organic Search
5805517.83414152,82,1,0.0,223.4,9,3,0,0.0,0,mobile,Direct
2752574.65556158,62,1,0.0,353.2,9,3,0,0.0,0,desktop,Affiliates
4528733.77227620,62,3,0.0,441.9,19,3,0,0.0,0,desktop,Organic Search
3071935.48901940,45,2,0.0,345.3,11,3,0,0.0,0,desktop,Organic Search
2797099.77457613,72,3,0.0,330.3,20,2,0,0.0,0,desktop,Organic Search
1612238.21688698,50,1,0.0,168.7,10,1,0,0.0,0,desktop,Referral
6004695.20358675,44,1,0.0,385.0,10,1,0,0.0,0,mobile,Direct
9812360.60000553,44,2,0.0,508.5,16,2,0,0.0,0,desktop,Organic Search
1968202.82832850,49,2,0.0,335.2,11,2,0,0.0,0,mobile,Organic Search
2612674.91835047,41,1,0.0,125.3,4,3,0,0.0,0,desktop,Organic Search
7640940.51414846,70,3,0.0,210.9,9,3,0,0.0,0,desktop,Organic Search
8931390.58950417,62,1,0.0,98.7,4,2,0,0.0,0,mobile,Organic Search
2269632.99182321,43,4,0.0,794.9,30,1,0,0.0,0,desktop,Organic Search
5151788.91194759,83,2,0.0,341.7,10,1,0,0.0,0,desktop,Referral
7830914.54798149,90,1,0.0,229.8,7,1,0,0.0,0,mobile,Organic Search
1556589.38053072,72,2,0.0,153.6,7,3,0,0.0,0,desktop,Referral
2991382.33749197,51,4,0.0,474.5,21,1,0,0.0,0,desktop,Referral
8121232.41081794,76,1,0.0,206.1,5,3,0,0.0,0,mobile,Organic Search
7150744.14861397,67,1,0.0,344.3,9,1,0,0.0,0,desktop,Direct
9857238.22685949,73,3,0.0,842.9,18,1,0,0.0,0,mobile,Referral
4730302.55538822,81,2,0.0,196.9,6,1,0,0.0,0,desktop,Organic Search
1272204.49192782,64,1,0.0,128.4,3,3,0,0.0,0,mobile,Affiliates
4568140.36626620,86,1,0.0,238.7,6,1,0,0.0,0,desktop,Direct
3895918.53599187,72,2,0.0,324.3,12,3,0,0.0,0,tablet,Direct
1165389.38264591,59,1,0.0,116.4,6,3,0,0.0,0,mobile,Direct
2486721.97530928,53,1,0.0,160.7,4,1,0,0.0,0,desktop,Direct
1499833.19798398,49,2,0.0,391.7,14,1,0,0.0,0,desktop,Organic Search
9716360.35077142,41,2,0.0,430.8,10,2,0,0.0,0,desktop,Paid Search
4517399.85945466,42,1,0.0,218.4,6,2,0,0.0,0,desktop,Organic Search
8154422.47104309,43,4,0.0,1216.5,28,1,0,0.0,0,desktop,Referral
2614544.32099877,48,1,0.0,339.6,8,3,0,0.0,0,desktop,Organic Search
2078777.84361815,78,4,0.0,746.2,24,3,0,0.0,0,desktop,Affiliates
8995276.90177736,42,3,0.0,914.0,20,1,0,0.0,0,desktop,Organic Search
6107160.20631873,89,3,0.0,613.6,19,3,0,0.0,0,desktop,Direct
4082600.93770669,47,3,0.0,438.6,10,3,0,0.0,0,desktop,Referral
9417664.44108574,83,1,0.0,151.0,7,3,0,0.0,0,mobile,Paid Search
1455823.83858333,41,1,0.0,318.5,7,3,0,0.0,0,tablet,Organic Search
4714552.85187529,56,1,0.0,86.3,3,1,0,0.0,0,desktop,Direct
4869556.37457556,83,4,0.0,583.6,14,1,0,0.0,0,mobile,Organic Search
9699231.54569164,74,1,0.0,147.9,4,1,0,0.0,0,desktop,Organic Search
3056682.41320636,56,3,0.0,580.1,18,3,0,0.0,0,desktop,Organic Search
4722965.54060242,87,2,0.0,466.4,13,1,0,0.0,0,desktop,Referral
8117285.33490026,65,5,0.0,792.0,32,3,0,0.0,0,desktop,Direct
3709399.36519399,69,2,0.0,477.9,12,2,0,0.0,0,desktop,Direct
6945433.15523353,44,1,0.0,218.4,7,2,0,0.0,0,desktop,Organic Search
3339270.20618181,51,1,0.0,253.5,5,1,0,0.0,0,desktop,Organic Search
5706794.82278383,81,1,0.0,162.1,9,1,0,0.0,0,desktop,Direct
4156831.50198418,83,2,0.0,418.8,10,1,0,0.0,0,desktop,Organic Search
5380990.34411408,85,2,0.0,384.8,15,2,0,0.0,0,mobile,Direct
3615758.17240836,74,3,0.0,623.6,22,1,0,0.0,0,mobile,Referral
8015410.59450526,40,1,0.0,157.6,7,3,0,0.0,0,desktop,Organic Search
2922052.71970541,49,3,0.0,355.3,18,3,0,0.0,0,mobile,Direct
5239195.35173009,88,4,0.0,409.9,14,3,0,0.0,0,desktop,Referral
9804381.42941943,79,1,0.0,173.2,6,2,0,0.0,0,mobile,Direct
4690904.63672562,40,4,0.0,374.4,11,1,0,0.0,0,desktop,Organic Search
3150907.67909459,73,4,0.0,262.7,14,2,0,0.0,0,mobile,Organic Search
8868531.22991471,72,1,0.0,258.7,6,3,0,0.0,0,mobile,Direct
8265341.51294241,77,3,0.0,509.1,15,1,0,0.0,0,desktop,Organic Search
9413359.57198546,63,5,0.0,908.6,29,1,0,0.0,0,mobile,Referral
6000068.46519623,56,12,0.0,2044.4,50,2,0,0.0,0,mobile,Referral
7747959.75214952,90,2,0.0,376.7,13,2,0,0.0,0,mobile,Organic Search
2787076.65736416,59,1,0.0,201.5,7,1,0,0.0,0,desktop,Organic Search
6576697.58258634,66,3,0.0,747.3,21,3,0,0.0,0,desktop,Organic Search
5356008.60508336,42,3,0.0,721.5,21,3,0,0.0,0,desktop,Organic Search
1295508.91411803,42,3,0.0,720.2,18,1,0,0.0,0,desktop,Paid Search
3783837.32265746,71,2,0.0,371.3,12,1,0,0.0,0,desktop,Referral
2887230.84538783,70,2,0.0,366.1,9,3,0,0.0,0,desktop,Direct
5543148.50964593,59,5,0.0,528.1,27,2,0,0.0,0,desktop,Organic Search
5538953.39705309,67,1,0.0,332.7,8,2,0,0.0,0,desktop,Referral
4470191.76989621,42,1,0.0,149.8,4,1,0,0.0,0,desktop,Direct
9323763.86602574,81,2,0.0,290.1,11,1,0,0.0,0,desktop,Direct
1629179.63674807,79,2,0.0,255.3,9,2,0,0.0,0,desktop,Direct
4106244.93529947,74,1,0.0,337.0,8,2,0,0.0,0,desktop,Organic Search
5424778.32385836,45,1,0.0,155.0,3,1,0,0.0,0,desktop,Direct
7232885.15906778,52,1,0.0,205.3,6,3,0,0.0,0,tablet,Organic Search
7371918.62248801,66,1,0.0,184.5,5,2,0,0.0,0,mobile,Paid Search
9408275.51253730,67,3,0.0,827.9,19,3,0,0.0,0,mobile,Paid Search
9203863.16356343,76,1,0.0,155.3,7,3,0,0.0,0,desktop,Direct
5214509.85480242,74,1,0.0,171.7,6,1,0,0.0,0,mobile,Organic Search
8454367.88722558,71,1,0.0,274.1,6,2,0,0.0,0,mobile,Organic Search
3009538.54035222,86,1,0.0,342.5,8,3,0,0.0,0,mobile,Referral
1557380.38732905,64,1,0.0,186.4,5,3,0,0.0,0,mobile,Direct
7189456.16302888,65,5,0.0,703.5,35,3,0,0.0,0,desktop,Display
7225835.87782718,76,1,0.0,238.5,6,2,0,0.0,0,mobile,Referral
8267343.95408201,85,5,0.0,717.2,23,1,0,0.0,0,desktop,Referral
7021522.71326486,50,2,0.0,309.6,12,2,0,0.0,0,desktop,Organic Search
1631918.45963307,79,1,0.0,386.1,8,1,0,0.0,0,mobile,Organic Search
8658525.26659057,59,2,0.0,295.0,11,3,0,0.0,0,desktop,Referral
3200741.45785190,44,2,0.0,357.9,8,2,0,0.0,0,mobile,Affiliates
8012934.23251937,76,2,0.0,210.1,12,2,0,0.0,0,mobile,Display
8170196.94100019,86,2,0.0,219.6,9,1,0,0.0,0,desktop,Organic Search
2815285.16116134,67,1,0.0,352.9,7,2,0,0.0,0,desktop,Affiliates
2413539.12730275,43,3,0.0,234.1,11,2,0,0.0,0,desktop,Direct
7253360.12012496,85,3,0.0,664.5,16,1,0,0.0,0,tablet,Direct
5001943.60944929,54,4,0.0,829.3,25,3,0,0.0,0,desktop,Referral
9947436.53429087,80,2,0.0,281.9,9,2,0,0.0,0,desktop,Organic Search
2893368.77787456,78,8,0.0,974.1,35,3,0,0.0,0,desktop,Organic Search
3821632.94171635,51,2,0.0,484.5,12,1,0,0.0,0,desktop,Referral
2930002.43189337,75,1,0.0,205.6,6,2,0,0.0,0,desktop,Affiliates
5504780.21639530,62,1,0.0,253.8,6,2,0,0.0,0,desktop,Paid Search
1468262.28218528,90,2,0.0,109.1,6,3,0,0.0,0,mobile,Referral
9338100.31950388,43,1,0.0,252.5,9,2,0,0.0,0,mobile,Direct
9019133.16725442,71,2,0.0,175.3,6,1,0,0.0,0,mobile,Organic Search
4282408.31112826,86,3,0.0,378.9,17,3,0,0.0,0,desktop,Organic Search
7740783.31313592,65,1,0.0,210.1,6,1,0,0.0,0,mobile,Organic Search
3760586.39927916,91,2,0.0,140.1,6,3,0,0.0,0,desktop,Direct
2570780.46965858,56,2,0.0,350.0,9,2,0,0.0,0,mobile,Organic Search
1819935.60240097,42,1,0.0,239.7,6,1,0,0.0,0,desktop,Paid Search
5722329.51464936,62,1,0.0,150.5,5,3,0,0.0,0,mobile,Referral
1655667.73415706,68,1,0.0,224.2,6,1,0,0.0,0,mobile,Organic Search
8471277.46754342,83,1,0.0,208.7,5,1,0,0.0,0,desktop,Organic Search
8050155.42242288,55,1,0.0,188.8,3,1,0,0.0,0,desktop,Organic Search
9564110.73288212,43,2,0.0,251.9,7,3,0,0.0,0,desktop,Organic Search
9493119.62199710,46,12,0.0,571.0,31,3,0,0.0,0,desktop,Display
4706998.99335487,85,1,0.0,258.6,5,1,0,0.0,0,mobile,Organic Search
8268897.32838572,75,4,0.0,948.7,23,1,0,0.0,0,desktop,Paid Search
6764172.80077683,45,1,0.0,178.0,6,1,0,0.0,0,mobile,Referral
2816751.15899940,72,1,0.0,321.7,7,1,0,0.0,0,desktop,Paid Search
5693486.77027211,78,2,0.0,530.1,13,2,0,0.0,0,mobile,Organic Search
3349078.66911630,71,1,0.0,160.6,5,3,0,0.0,0,desktop,Direct
2273486.47033571,44,2,0.0,459.4,13,2,0,0.0,0,desktop,Referral
7831908.16318631,54,1,0.0,199.4,5,3,0,0.0,0,desktop,Referral
6679059.47102202,90,2,0.0,381.2,9,2,0,0.0,0,desktop,Direct
4121804.32078747,74,1,0.0,315.5,6,1,0,0.0,0,mobile,Organic Search
6488418.75255195,50,1,0.0,142.5,7,3,0,0.0,0,mobile,Referral
2957139.74037517,83,1,0.0,258.4,6,3,0,0.0,0,tablet,Affiliates
5791074.80458212,53,3,0.0,594.8,18,2,0,0.0,0,mobile,Organic Search
4123277.88867557,87,2,0.0,450.5,10,1,0,0.0,0,desktop,Organic Search
1818224.30049534,83,3,0.0,210.4,10,2,0,0.0,0,desktop,Direct
8630016.96582309,75,6,0.0,944.6,40,1,0,0.0,0,desktop,Referral
9458967.87532923,91,3,0.0,829.2,19,1,0,0.0,0,tablet,Referral
4364387.72560144,87,2,0.0,394.0,11,3,0,0.0,0,mobile,Email
3522974.90610237,89,1,0.0,169.7,4,3,0,0.0,0,mobile,Organic Search
1792165.25007332,68,3,0.0,376.7,20,2,0,0.0,0,desktop,Affiliates
5414523.88037596,72,3,0.0,801.5,23,1,0,0.0,0,mobile,Paid Search
7739508.17738212,71,5,0.0,421.0,18,1,0,0.0,0,desktop,Paid Search
3369210.54347096,81,1,0.0,201.2,6,2,0,0.0,0,desktop,Direct
9750332.11725977,77,4,0.0,487.7,17,1,0,0.0,0,desktop,Organic Search
6640194.47519481,86,4,0.0,649.6,20,1,0,0.0,0,desktop,Direct
9365751.23359405,63,2,0.0,190.9,8,3,0,0.0,0,desktop,Organic Search
9291020.76633906,86,1,0.0,317.5,8,3,0,0.0,0,desktop,Direct
6943226.47507162,47,3,0.0,574.2,23,2,0,0.0,0,desktop,Organic Search
3064464.51184436,82,1,0.0,220.4,6,3,0,0.0,0,desktop,Organic Search
6794119.72501754,91,1,0.0,417.5,9,2,0,0.0,0,mobile,Organic Search
4038247.29367943,41,3,0.0,291.2,11,2,0,0.0,0,mobile,Direct
5552203.79201368,81,1,0.0,122.5,5,2,0,0.0,0,desktop,Referral
4525910.10276058,90,2,0.0,475.1,15,2,0,0.0,0,mobile,Direct
1142491.24111049,76,6,0.0,828.1,29,3,0,0.0,0,mobile,Referral
4550561.61283621,77,3,0.0,496.5,14,3,0,0.0,0,desktop,Direct
1631934.37874974,47,1,0.0,109.6,6,1,0,0.0,0,mobile,Organic Search
9354643.47674753,64,2,0.0,244.1,9,2,0,0.0,0,desktop,Direct
3443715.37879892,60,1,0.0,263.0,7,3,0,0.0,0,mobile,Organic Search
1254181.40155915,80,1,0.0,175.4,6,3,0,0.0,0,desktop,Organic Search
4779669.13718259,43,1,0.0,284.7,6,2,0,0.0,0,desktop,Referral
7508666.11690514,89,1,0.0,262.6,8,1,0,0.0,0,desktop,Direct
9576245.45323313,56,1,0.0,311.4,7,1,0,0.0,0,desktop,Organic Search
4659992.30760665,49,2,0.0,541.2,13,3,0,0.0,0,desktop,Referral
4298795.29563754,63,4,0.0,662.7,22,1,0,0.0,0,desktop,Direct
1752878.17318988,46,2,0.0,143.2,8,1,0,0.0,0,desktop,Email
9930711.18642112,83,2,0.0,355.0,15,3,0,0.0,0,tablet,Organic Search
1367121.73569497,71,8,0.0,1224.2,37,2,0,0.0,0,desktop,Organic Search
1333798.79758020,66,1,0.0,110.3,3,3,0,0.0,0,desktop,Direct
1134160.78932409,60,2,0.0,185.8,7,2,0,0.0,0,desktop,Organic Search
7161298.89579948,69,2,0.0,602.0,13,1,0,0.0,0,desktop,Direct
3409857.83022409,45,6,0.0,529.2,25,2,0,0.0,0,desktop,Display
8637224.80691057,81,3,0.0,516.3,12,1,0,0.0,0,desktop,Direct
7773667.80879035,50,2,0.0,224.7,8,2,0,0.0,0,desktop,Organic Search
8156788.41151767,42,1,0.0,152.9,4,3,0,0.0,0,desktop,Referral
2486997.39891526,84,2,0.0,550.8,15,3,0,0.0,0,mobile,Direct
7144795.42799215,91,1,0.0,303.7,8,1,0,0.0,0,desktop,Organic Search
9706902.80201121,44,2,0.0,266.3,7,2,0,0.0,0,mobile,Direct
8543923.46930117,66,1,0.0,277.4,5,2,0,0.0,0,desktop,Referral
2829053.97999739,91,1,0.0,342.5,10,3,0,0.0,0,desktop,Direct
1524907.83774634,58,3,0.0,713.0,24,2,0,0.0,0,desktop,Organic Search
5505771.69257225,52,1,0.0,66.9,3,1,0,0.0,0,mobile,Direct
2931384.10523642,61,1,0.0,128.8,6,1,0,0.0,0,mobile,Organic Search
1168316.51823290,80,1,0.0,202.9,9,3,0,0.0,0,desktop,Organic Search
2542230.68199340,77,2,0.0,297.3,6,2,0,0.0,0,mobile,Direct
4391908.16580174,79,1,0.0,275.4,8,2,0,0.0,0,desktop,Organic Search
7014246.97199395,77,1,0.0,199.2,7,2,0,0.0,0,desktop,Direct
2480430.75409631,52,2,0.0,236.8,8,3,0,0.0,0,desktop,Direct
2958703.95650262,76,1,0.0,192.6,6,2,0,0.0,0,desktop,Direct
2680149.18482778,81,3,0.0,768.9,17,2,0,0.0,0,desktop,Organic Search
8165689.12697446,63,1,0.0,227.0,7,3,0,0.0,0,desktop,Organic Search
2865057.32446704,66,1,0.0,309.5,6,3,0,0.0,0,mobile,Direct
2041373.37416599,84,3,0.0,430.4,11,2,0,0.0,0,desktop,Paid Search
8595841.87897249,57,1,0.0,226.9,6,1,0,0.0,0,desktop,Organic Search
7341980.55312338,90,1,0.0,266.2,10,3,0,0.0,0,mobile,Paid Search
2242031.16880289,87,1,0.0,356.3,9,3,0,0.0,0,desktop,Organic Search
3653244.60215854,55,4,0.0,520.2,23,2,0,0.0,0,desktop,Direct
9498684.12374044,59,4,0.0,835.5,20,1,0,0.0,0,desktop,Organic Search
2812135.70097834,63,3,0.0,259.9,12,1,0,0.0,0,desktop,Organic Search
8261967.11300862,65,1,0.0,201.6,8,2,0,0.0,0,desktop,Organic Search
5443858.92487927,62,3,0.0,305.6,11,1,0,0.0,0,desktop,Organic Search
8014733.98778531,52,1,0.0,124.0,3,1,0,0.0,0,mobile,Display
3834527.87933185,88,12,0.0,2732.0,74,2,0,0.0,0,desktop,Organic Search
4581971.20439159,89,2,0.0,291.3,7,2,0,0.0,0,desktop,Organic Search
2126776.72652210,43,1,0.0,177.0,8,1,0,0.0,0,desktop,Paid Search
7197494.68453011,86,5,0.0,492.6,16,1,0,0.0,0,mobile,Direct
9640034.16046085,46,3,0.0,1013.6,23,2,0,0.0,0,mobile,Organic Search
4235055.26753535,90,1,0.0,436.2,9,3,0,0.0,0,mobile,Direct
4433950.90581459,51,1,0.0,419.1,9,2,0,0.0,0,desktop,Direct
7679024.40274756,67,2,0.0,344.2,10,1,0,0.0,0,desktop,Direct
7026359.77211124,89,2,0.0,688.9,17,3,0,0.0,0,desktop,Organic Search
7929791.92879340,63,1,0.0,145.1,6,2,0,0.0,0,desktop,Paid Search
2411682.57756759,58,1,0.0,100.4,3,2,0,0.0,0,desktop,Referral
8472814.59746014,72,1,0.0,173.2,7,2,0,0.0,0,mobile,Organic Search
9214597.86332723,54,3,0.0,329.2,20,1,0,0.0,0,desktop,Paid Search
7110144.98351115,84,2,0.0,208.9,9,2,0,0.0,0,desktop,Organic Search
1321867.89504859,79,1,0.0,276.2,8,2,0,0.0,0,desktop,Direct
6131335.86005343,63,2,0.0,506.8,15,2,0,0.0,0,desktop,Organic Search
5196568.10813702,54,2,0.0,324.5,12,1,0,0.0,0,tablet,Organic Search
9454119.69882748,91,3,0.0,379.0,13,2,0,0.0,0,mobile,Referral
5950112.49731223,53,1,0.0,258.6,7,1,0,0.0,0,desktop,Direct
5197254.29951207,84,1,0.0,241.8,5,2,0,0.0,0,mobile,Organic Search
5259430.88145897,51,2,0.0,379.7,10,2,0,0.0,0,mobile,Display
3455522.29213216,48,1,0.0,276.3,8,2,0,0.0,0,mobile,Direct
9672339.88078363,73,3,0.0,548.3,18,3,0,0.0,0,desktop,Direct
6935754.64000947,66,12,0.0,1587.8,73,3,0,0.0,0,tablet,Organic Search
7365513.33171069,88,1,0.0,201.3,8,3,0,0.0,0,desktop,Paid Search
6637866.48558955,58,2,0.0,203.6,12,2,0,0.0,0,tablet,Referral
2524928.21212794,86,1,0.0,295.5,8,2,0,0.0,0,desktop,Referral
7185749.57484692,49,4,0.0,493.5,23,1,0,0.0,0,desktop,Direct
2843343.18471611,80,2,0.0,651.6,15,3,0,0.0,0,mobile,Direct
2238512.59770425,53,1,0.0,381.5,10,1,0,0.0,0,mobile,Direct
4990683.94757499,78,1,0.0,263.6,6,3,0,0.0,0,mobile,Direct
5606484.95566960,48,3,0.0,457.0,11,3,0,0.0,0,mobile,Display
5880653.60756151,69,2,0.0,332.7,14,1,0,0.0,0,desktop,Paid Search
9437829.14598875,56,4,0.0,975.8,26,1,0,0.0,0,desktop,Organic Search
4143688.25154593,83,1,0.0,168.9,5,2,0,0.0,0,mobile,Paid Search
7512417.61606068,54,1,0.0,183.2,4,3,0,0.0,0,desktop,Paid Search
3820033.48096371,70,3,0.0,433.8,11,1,0,0.0,0,desktop,Paid Search
8073511.40084706,75,3,0.0,834.6,21,3,0,0.0,0,mobile,Organic Search
6748807.71897728,57,3,0.0,444.1,21,3,0,0.0,0,mobile,Paid Search
4946250.76402962,52,3,0.0,295.3,7,1,0,0.0,0,desktop,Organic Search
4681962.72974121,55,1,0.0,271.3,7,3,0,0.0,0,mobile,Direct
5088660.48421032,71,1,0.0,165.4,5,1,0,0.0,0,desktop,Direct
6069332.28489778,44,1,0.0,275.8,7,1,0,0.0,0,mobile,Organic Search
8463776.90473560,67,1,0.0,367.7,8,2,0,0.0,0,desktop,Referral
3002419.36232569,56,2,0.0,602.9,13,2,0,0.0,0,desktop,Organic Search
3801834.86320724,90,1,0.0,155.9,4,2,0,0.0,0,mobile,Organic Search
7584052.56840900,67,3,0.0,514.3,14,3,0,0.0,0,desktop,Direct
4533807.83323811,54,1,0.0,229.0,7,3,0,0.0,0,desktop,Organic Search
6756954.12579497,91,1,0.0,136.0,3,2,0,0.0,0,mobile,Direct
9858091.22423630,80,2,0.0,399.3,11,3,0,0.0,0,mobile,Organic Search
5656770.74507304,64,5,0.0,1318.9,34,3,0,0.0,0,mobile,Display
8694777.20626301,58,3,0.0,604.6,15,3,0,0.0,0,desktop,Referral
1190329.85045922,66,1,0.0,175.5,6,2,0,0.0,0,desktop,Direct
6869182.18274394,82,1,0.0,231.8,6,1,0,0.0,0,mobile,Organic Search
6861838.83042462,65,2,0.0,440.0,14,1,0,0.0,0,desktop,Organic Search
5822899.52018371,40,2,0.0,388.5,14,2,0,0.0,0,mobile,Organic Search
1733589.40851044,81,2,0.0,276.4,8,3,0,0.0,0,desktop,Affiliates
3233292.34958273,63,1,0.0,218.2,10,1,0,0.0,0,mobile,Paid Search
6370025.22688280,49,1,0.0,263.3,9,1,0,0.0,0,desktop,Organic Search
1311060.85235379,48,1,0.0,247.6,8,2,0,0.0,0,tablet,Direct
5627723.75766888,46,4,0.0,991.6,26,1,0,0.0,0,desktop,Display
5995437.37580300,66,3,0.0,651.0,18,1,0,0.0,0,mobile,Organic Search
9896191.75907339,40,1,0.0,89.9,3,2,0,0.0,0,desktop,Paid Search
9745968.47594530,51,2,0.0,416.5,10,1,0,0.0,0,mobile,Organic Search
6242260.11937520,61,3,0.0,415.1,11,1,0,0.0,0,desktop,Organic Search
9188812.42506314,47,2,0.0,215.1,6,1,0,0.0,0,mobile,Direct
6535349.11355863,82,2,0.0,615.9,14,1,0,0.0,0,desktop,Organic Search
6126105.66383877,86,3,0.0,183.3,7,2,0,0.0,0,desktop,Organic Search
4487114.42071705,57,2,0.0,240.2,11,3,0,0.0,0,desktop,Paid Search
7966609.91445552,77,1,0.0,204.2,6,3,0,0.0,0,desktop,Direct
2449185.93854948,65,2,0.0,592.8,13,3,0,0.0,0,mobile,Organic Search
2667340.56911195,66,1,0.0,166.4,4,3,0,0.0,0,mobile,Organic Search
6870502.87156024,44,3,0.0,404.0,16,3,0,0.0,0,desktop,Organic Search
7705476.97449979,47,1,0.0,276.8,6,3,0,0.0,0,mobile,Organic Search
1764291.85946523,66,1,0.0,399.9,9,2,0,0.0,0,mobile,Organic Search
9932223.13161800,80,1,0.0,153.6,6,2,0,0.0,0,mobile,Organic Search
8139848.10202583,42,1,0.0,229.2,5,2,0,0.0,0,tablet,Direct
2956575.42580981,83,1,0.0,145.3,4,1,0,0.0,0,desktop,Organic Search
7871348.63112268,90,2,0.0,354.5,12,2,0,0.0,0,tablet,Direct
2423121.54980557,83,2,0.0,371.8,12,2,0,0.0,0,desktop,Organic Search
8034391.31683800,86,1,0.0,164.2,5,1,0,0.0,0,desktop,Organic Search
3640943.88164481,60,1,0.0,258.4,7,1,0,0.0,0,desktop,Paid Search
2786472.38861709,49,3,0.0,363.0,18,1,0,0.0,0,mobile,Direct
4361327.66016064,68,2,0.0,164.6,9,2,0,0.0,0,mobile,Display
6248807.54908701,83,1,0.0,263.8,6,2,0,0.0,0,tablet,Organic Search
6283916.74253858,79,1,0.0,124.6,3,1,0,0.0,0,desktop,Direct
4165897.45506026,51,3,0.0,270.7,14,2,0,0.0,0,mobile,Direct
7667938.41585448,55,1,0.0,228.8,6,1,0,0.0,0,mobile,Paid Search
5294268.22235906,60,1,0.0,181.2,5,3,0,0.0,0,mobile,Organic Search
4951947.88793301,80,3,0.0,299.4,11,2,0,0.0,0,desktop,Organic Search
7127326.91382315,88,1,0.0,160.1,6,1,0,0.0,0,mobile,Referral
7421763.61238701,55,4,0.0,786.2,26,3,0,0.0,0,mobile,Organic Search
9774995.93203600,60,1,0.0,299.7,9,3,0,0.0,0,desktop,Organic Search
1585681.23342702,57,3,0.0,306.7,19,1,0,0.0,0,desktop,Organic Search
9659462.61583573,62,1,0.0,198.4,7,2,0,0.0,0,desktop,Direct
2949311.86309459,41,2,0.0,264.1,11,3,0,0.0,0,desktop,Referral
2099347.61701822,74,3,0.0,570.7,18,1,0,0.0,0,desktop,Direct
6992816.12080624,86,2,0.0,590.9,14,1,0,0.0,0,desktop,Organic Search
3179189.77112490,71,2,0.0,126.5,7,2,0,0.0,0,desktop,Referral
6849384.14821363,90,1,0.0,87.8,3,3,0,0.0,0,mobile,Referral
5047666.47409442,69,3,0.0,712.4,21,3,0,0.0,0,desktop,Direct
9754311.65312591,82,1,0.0,368.6,8,2,0,0.0,0,mobile,Referral
7925130.31645065,77,2,0.0,566.2,13,1,0,0.0,0,mobile,Direct
5067625.76672829,71,4,0.0,1201.4,28,2,0,0.0,0,desktop,Direct
7043830.27170502,54,3,0.0,759.0,18,1,0,0.0,0,mobile,Direct
1415208.10987116,64,2,0.0,437.5,9,3,0,0.0,0,desktop,Paid Search
5703843.16910417,54,5,0.0,950.8,27,2,0,0.0,0,desktop,Organic Search
8368518.47803488,59,1,0.0,335.4,9,1,0,0.0,0,mobile,Organic Search
5542859.36187171,49,2,0.0,405.1,14,2,0,0.0,0,desktop,Paid Search
4794407.45614933,42,1,0.0,282.1,7,3,0,0.0,0,desktop,Organic Search
3309161.97539792,81,2,0.0,420.6,10,2,0,0.0,0,desktop,Organic Search
5142070.71537033,78,5,0.0,626.0,24,1,0,0.0,0,mobile,Organic Search
8020826.71690009,82,3,0.0,526.5,17,2,0,0.0,0,mobile,Organic Search
7421684.53703411,82,2,0.0,201.4,8,1,0,0.0,0,mobile,Organic Search
2204750.24912178,55,1,0.0,411.2,10,1,0,0.0,0,mobile,Organic Search
3945552.51580065,43,1,0.0,209.7,9,1,0,0.0,0,mobile,Paid Search
4563939.99999186,44,5,0.0,438.4,25,2,0,0.0,0,mobile,Organic Search
4668365.76985118,75,1,0.0,140.7,3,3,0,0.0,0,mobile,Direct
9659934.67631991,65,1,0.0,211.3,7,2,0,0.0,0,desktop,Organic Search
8288365.81623074,75,1,0.0,186.3,7,1,0,0.0,0,mobile,Direct
3348106.37875699,81,1,0.0,271.8,8,1,0,0.0,0,desktop,Organic Search
6776333.13669145,71,1,0.0,173.1,6,1,0,0.0,0,mobile,Organic Search
3139915.17737900,82,2,0.0,166.0,7,2,0,0.0,0,desktop,Organic Search
4981900.72343553,88,2,0.0,275.5,17,3,0,0.0,0,desktop,Organic Search
6320642.76382498,55,3,0.0,334.9,10,1,0,0.0,0,desktop,Referral
4704339.17592247,56,1,0.0,281.1,7,2,0,0.0,0,mobile,Referral
5441243.89377834,65,5,0.0,1032.9,27,1,0,0.0,0,mobile,Organic Search
5690982.76560593,70,2,0.0,302.9,9,1,0,0.0,0,mobile,Organic Search
2174259.33552826,57,1,0.0,249.5,6,1,0,0.0,0,desktop,Direct
3382272.31128519,59,2,0.0,450.6,13,1,0,0.0,0,desktop,Affiliates
6160357.92604740,58,1,0.0,242.8,7,1,0,0.0,0,desktop,Organic Search
6401237.14034026,74,2,0.0,522.0,11,2,0,0.0,0,desktop,Organic Search
9426685.20036520,86,2,0.0,383.7,12,3,0,0.0,0,desktop,Organic Search
1310079.16541910,46,4,0.0,397.7,18,3,0,0.0,0,tablet,Referral
9296811.69357373,70,1,0.0,378.3,8,2,0,0.0,0,desktop,Organic Search
2256158.89805315,67,2,0.0,250.0,9,2,0,0.0,0,desktop,Organic Search
7596865.91715323,40,1,0.0,253.6,6,1,0,0.0,0,desktop,Display
4889643.47672285,78,1,0.0,122.0,4,1,0,0.0,0,desktop,Organic Search
9942452.22818569,91,1,0.0,148.9,7,1,0,0.0,0,desktop,Referral
2824567.44191787,74,2,0.0,260.0,10,1,0,0.0,0,desktop,Organic Search
1449743.66399104,48,1,0.0,146.4,4,1,0,0.0,0,tablet,Referral
6063455.50707261,91,3,0.0,390.9,12,2,0,0.0,0,desktop,Organic Search
7752173.56464981,57,5,0.0,658.3,22,1,0,0.0,0,desktop,Referral
8382198.97267740,57,2,0.0,379.8,15,3,0,0.0,0,desktop,Organic Search
9185274.61526123,68,1,0.0,184.9,4,2,0,0.0,0,mobile,Organic Search
7323230.45161046,85,3,0.0,347.6,16,3,0,0.0,0,desktop,Direct
9952789.33490849,47,2,0.0,405.8,10,1,0,0.0,0,mobile,Organic Search
1343511.45282311,63,1,0.0,314.4,6,1,0,0.0,0,desktop,Direct
4191673.56931671,42,2,0.0,428.3,13,3,0,0.0,0,desktop,Organic Search
1975431.86838649,85,2,0.0,545.2,14,2,0,0.0,0,mobile,Affiliates
7450376.94393477,64,2,0.0,211.0,9,1,0,0.0,0,desktop,Paid Search
5283716.31374907,54,1,0.0,265.9,7,3,0,0.0,0,desktop,Organic Search
5832317.35883446,82,1,0.0,57.1,3,2,0,0.0,0,desktop,Organic Search
3032191.89166261,86,1,0.0,294.9,9,1,0,0.0,0,desktop,Direct
3018091.52517509,81,1,0.0,345.6,9,1,0,0.0,0,desktop,Direct
8232347.10694009,68,4,0.0,475.2,14,3,0,0.0,0,desktop,Organic Search
2742860.25988315,49,1,0.0,148.0,7,2,0,0.0,0,desktop,Organic Search
1112105.64274252,46,1,0.0,214.9,6,2,0,0.0,0,desktop,Direct
3508084.67549476,57,1,0.0,304.6,7,2,0,0.0,0,desktop,Affiliates
7851778.79582848,72,4,0.0,874.0,20,2,0,0.0,0,mobile,Organic Search
4012120.28898710,73,2,0.0,608.4,15,3,0,0.0,0,mobile,Organic Search
9757718.20324335,62,1,0.0,287.4,7,2,0,0.0,0,desktop,Organic Search
7332982.49683000,66,1,0.0,189.9,7,2,0,0.0,0,desktop,Direct
9615592.48490654,64,1,0.0,186.9,9,3,0,0.0,0,desktop,Organic Search
6827081.42328970,47,1,0.0,62.4,2,2,0,0.0,0,mobile,Direct
8588106.91675252,60,1,0.0,216.4,7,3,0,0.0,0,desktop,Display
4814024.45739259,84,1,0.0,372.0,9,2,0,0.0,0,desktop,Referral
1478206.76293962,42,1,0.0,285.2,8,2,0,0.0,0,desktop,Organic Search
9376686.26499787,50,3,0.0,235.7,8,3,0,0.0,0,tablet,Organic Search
9488494.40089891,69,2,0.0,248.7,7,1,0,0.0,0,mobile,Organic Search
4090407.25276828,73,18,0.0,1974.7,71,2,0,0.0,0,desktop,Referral
7699541.87689925,65,1,0.0,160.1,9,1,0,0.0,0,desktop,Organic Search
2791372.38319225,68,1,0.0,254.7,9,3,0,0.0,0,mobile,Direct
8077492.32408409,65,2,0.0,378.7,8,2,0,0.0,0,tablet,Organic Search
1858320.98970645,89,1,0.0,122.5,3,2,0,0.0,0,mobile,Organic Search
7385728.96363421,58,1,0.0,184.1,6,3,0,0.0,0,mobile,Direct
3446829.56784009,53,1,0.0,192.8,7,1,0,0.0,0,mobile,Direct
5549889.94607888,69,1,0.0,335.7,8,3,0,0.0,0,tablet,Organic Search
6699518.55806314,50,4,0.0,1059.9,25,2,0,0.0,0,desktop,Organic Search
8587170.87786498,91,1,0.0,110.6,2,3,0,0.0,0,mobile,Direct
5183802.81238634,84,1,0.0,202.4,4,2,0,0.0,0,mobile,Organic Search
5537585.24923630,83,1,0.0,145.0,5,2,0,0.0,0,mobile,Direct
2650590.99238350,50,1,0.0,154.5,7,1,0,0.0,0,desktop,Organic Search
4246264.65231212,70,1,0.0,253.9,6,2,0,0.0,0,tablet,Direct
5471816.84799142,85,1,0.0,222.2,5,2,0,0.0,0,mobile,Referral
4828437.71505126,51,1,0.0,108.1,3,1,0,0.0,0,desktop,Organic Search
6020793.98993798,91,3,0.0,449.1,15,3,0,0.0,0,mobile,Organic Search
9867926.48165920,55,3,0.0,555.5,19,2,0,0.0,0,desktop,Direct
1906602.50189333,62,2,0.0,277.3,10,2,0,0.0,0,desktop,Direct
5268932.77530645,44,2,0.0,289.3,10,3,0,0.0,0,mobile,Organic Search
1040874.42982595,80,1,0.0,289.3,6,3,0,0.0,0,desktop,Organic Search
2080597.49064251,60,2,0.0,452.5,17,2,0,0.0,0,desktop,Direct
3374246.40292224,40,5,0.0,627.2,26,3,0,0.0,0,desktop,Referral
9495433.15508589,49,1,0.0,223.6,7,1,0,0.0,0,mobile,Organic Search
8702740.82924342,61,1,0.0,76.3,2,2,0,0.0,0,mobile,Organic Search
1013525.70194916,52,1,0.0,248.8,7,3,0,0.0,0,mobile,Paid Search
7495898.88482941,58,1,0.0,148.9,4,1,0,0.0,0,tablet,Referral
1926747.15111588,64,1,0.0,414.8,9,1,0,0.0,0,mobile,Display
5773398.20816446,72,1,0.0,205.8,6,1,0,0.0,0,mobile,Direct
4377687.12214982,51,5,0.0,1227.5,31,1,0,0.0,0,desktop,Direct
8363928.40010775,77,2,0.0,403.4,14,1,0,0.0,0,mobile,Organic Search
5518587.31549754,71,2,0.0,421.6,13,1,0,0.0,0,desktop,Direct
7712728.53000723,48,1,0.0,175.2,4,2,0,0.0,0,mobile,Affiliates
7502028.87354944,45,3,0.0,353.3,15,2,0,0.0,0,desktop,Direct
9160137.77134010,54,6,0.0,1210.2,34,3,0,0.0,0,mobile,Organic Search
7087059.26942353,61,6,0.0,369.6,21,2,0,0.0,0,mobile,Display
6876733.53537990,44,1,0.0,290.3,6,2,0,0.0,0,mobile,Direct
4300512.50155268,72,4,0.0,594.9,15,1,0,0.0,0,desktop,Organic Search
5700414.14786836,91,1,0.0,172.8,4,1,0,0.0,0,mobile,Paid Search
2166697.35410404,45,2,0.0,306.6,9,1,0,0.0,0,desktop,Direct
8078026.74928285,69,8,0.0,1152.0,28,2,0,0.0,0,mobile,Organic Search
1367865.88604611,81,1,0.0,382.9,8,3,0,0.0,0,mobile,Organic Search
2108103.84075968,68,1,0.0,238.3,8,2,0,0.0,0,mobile,Organic Search
4799552.75962935,60,1,0.0,186.3,7,1,0,0.0,0,mobile,Organic Search
4919106.81376586,76,2,0.0,270.9,6,3,0,0.0,0,desktop,Organic Search
9809056.12269436,44,4,0.0,428.5,12,2,0,0.0,0,desktop,Organic Search
6842394.89817524,43,4,0.0,673.1,27,1,0,0.0,0,desktop,Organic Search
4973124.28652327,61,1,0.0,199.8,8,2,0,0.0,0,desktop,Direct
9567767.24939553,70,2,0.0,378.0,11,3,0,0.0,0,desktop,Direct
9640917.30707903,60,4,0.0,645.4,16,3,0,0.0,0,desktop,Organic Search
6112063.31144968,42,1,0.0,209.8,7,2,0,0.0,0,mobile,Organic Search
3580343.13377093,74,2,0.0,411.8,9,1,0,0.0,0,mobile,Organic Search
4735701.28635919,51,1,0.0,127.3,5,3,0,0.0,0,mobile,Organic Search
9309652.91377622,83,1,0.0,315.3,9,3,0,0.0,0,mobile,Organic Search
6926456.81149313,59,1,0.0,278.1,5,1,0,0.0,0,mobile,Organic Search
3509848.78067406,76,2,0.0,363.9,8,1,0,0.0,0,mobile,Referral
5477415.19833097,57,5,0.0,930.2,24,2,0,0.0,0,desktop,Organic Search
7296200.35648721,43,1,0.0,173.0,4,2,0,0.0,0,mobile,Organic Search
4752483.15307451,41,2,0.0,246.9,14,3,0,0.0,0,tablet,Organic Search
6342836.30775668,91,3,0.0,411.8,15,3,0,0.0,0,mobile,Display
9971104.20289289,49,1,0.0,85.3,4,1,0,0.0,0,desktop,Paid Search
2216192.67247409,73,2,0.0,159.3,6,1,0,0.0,0,mobile,Referral
7114000.74210860,71,1,0.0,255.1,6,3,0,0.0,0,desktop,Affiliates
8849983.21521640,69,3,0.0,253.1,16,1,0,0.0,0,desktop,Referral
5832556.50803143,50,1,0.0,157.3,3,2,0,0.0,0,desktop,Referral
5435956.12570049,67,2,0.0,277.2,9,2,0,0.0,0,tablet,Display
3913702.79113728,78,1,0.0,91.5,5,2,0,0.0,0,mobile,Referral
5738642.52248348,49,4,0.0,500.4,17,3,0,0.0,0,desktop,Organic Search
7774646.99884231,53,3,0.0,601.6,20,3,0,0.0,0,mobile,Organic Search
7900486.63460924,45,3,0.0,252.7,12,3,0,0.0,0,mobile,Organic Search
6730212.89320267,64,1,0.0,214.9,8,1,0,0.0,0,mobile,Organic Search
6652451.75799346,69,12,0.0,1855.5,84,2,0,0.0,0,desktop,Direct
8240376.80556871,57,1,0.0,203.4,4,3,0,0.0,0,mobile,Direct
1802352.12880509,52,1,0.0,476.1,10,1,0,0.0,0,mobile,Display
5968920.21566550,67,1,0.0,107.2,3,2,0,0.0,0,mobile,Organic Search
9844766.59572016,90,1,0.0,114.6,6,1,0,0.0,0,desktop,Organic Search
4037109.55310789,86,1,0.0,273.7,7,2,0,0.0,0,desktop,Direct
8004205.38178548,63,1,0.0,128.0,2,2,0,0.0,0,mobile,Direct
4963886.92056067,47,1,0.0,214.1,7,3,0,0.0,0,desktop,Organic Search
3633958.61624586,65,1,0.0,193.2,7,2,0,0.0,0,desktop,Organic Search
4474643.20912945,48,3,0.0,756.4,21,2,0,0.0,0,desktop,Organic Search
8377001.39842239,68,2,0.0,650.3,16,2,0,0.0,0,mobile,Organic Search
6581238.77493667,71,3,0.0,583.7,22,2,0,0.0,0,tablet,Direct
8814510.41990483,89,1,0.0,176.0,6,2,0,0.0,0,desktop,Direct
1140627.37110341,41,3,0.0,925.7,21,3,0,0.0,0,desktop,Organic Search
8889405.26811239,67,8,0.0,1895.1,41,1,0,0.0,0,desktop,Referral
2673130.97836604,40,1,0.0,89.1,2,2,0,0.0,0,desktop,Paid Search
3029853.43224043,49,2,0.0,225.4,11,1,0,0.0,0,desktop,Direct
4088994.81586428,89,3,0.0,388.4,12,1,0,0.0,0,mobile,Display
5964885.45008954,89,2,0.0,257.4,9,1,0,0.0,0,desktop,Organic Search
8810415.59323290,44,2,0.0,280.8,8,1,0,0.0,0,mobile,Organic Search
7582297.87791257,71,1,0.0,126.5,2,2,0,0.0,0,mobile,Organic Search
6498703.28711073,78,6,0.0,1053.9,38,3,0,0.0,0,desktop,Direct
7040863.59013395,85,3,0.0,211.7,10,1,0,0.0,0,desktop,Organic Search
1618342.31984093,41,3,0.0,590.8,13,1,0,0.0,0,mobile,Organic Search
8522042.98471415,72,3,0.0,381.4,21,1,0,0.0,0,mobile,Direct
8159873.92872876,82,1,0.0,274.6,5,2,0,0.0,0,desktop,Organic Search
4014572.51565284,57,1,0.0,185.0,6,3,0,0.0,0,desktop,Organic Search
3918643.34716059,84,3,0.0,340.2,14,2,0,0.0,0,mobile,Organic Search
1104722.65243312,57,4,0.0,371.3,21,3,0,0.0,0,desktop,Organic Search
6370407.87908228,80,1,0.0,383.5,10,1,0,0.0,0,desktop,Organic Search
6752804.68189634,84,1,0.0,284.3,6,3,0,0.0,0,desktop,Organic Search
5343018.85527006,60,2,0.0,536.9,14,1,0,0.0,0,desktop,Referral
3842476.85252733,81,4,0.0,570.1,27,1,0,0.0,0,mobile,Direct
6388513.23966069,88,5,0.0,341.3,17,3,0,0.0,0,desktop,Direct
8017911.26907768,50,6,0.0,756.8,40,3,0,0.0,0,mobile,Referral
3234709.58883856,88,2,0.0,665.4,15,3,0,0.0,0,mobile,Paid Search
1510153.63336819,50,1,0.0,175.1,6,1,0,0.0,0,desktop,Direct
1871128.75345238,42,2,0.0,327.8,10,1,0,0.0,0,desktop,Organic Search
9693955.78988727,40,1,0.0,208.9,4,2,0,0.0,0,mobile,Direct
8649237.79798352,41,4,0.0,1103.7,27,3,0,0.0,0,desktop,Direct
9113381.25962349,82,1,0.0,128.1,4,3,0,0.0,0,desktop,Organic Search
2469679.31479903,56,1,0.0,128.1,2,3,0,0.0,0,desktop,Display
3413242.11252400,52,6,0.0,533.2,21,3,0,0.0,0,mobile,Referral
3414714.73923880,84,1,0.0,281.7,6,1,0,0.0,0,mobile,Direct
4901786.96028174,48,2,0.0,479.5,17,1,0,0.0,0,tablet,Organic Search
8482036.70846564,72,1,0.0,279.9,8,1,0,0.0,0,mobile,Referral
5951844.28343742,68,2,0.0,458.1,11,1,0,0.0,0,desktop,Referral
6312469.47724412,55,2,0.0,474.2,11,1,0,0.0,0,mobile,Organic Search
8652267.76446665,67,4,0.0,592.3,18,2,0,0.0,0,desktop,Paid Search
4427806.96995452,57,1,0.0,183.9,6,3,0,0.0,0,desktop,Paid Search
8839848.92640591,43,2,0.0,346.2,13,1,0,0.0,0,desktop,Email
9919635.28312191,58,4,0.0,688.5,19,2,0,0.0,0,desktop,Organic Search
5421514.69164784,70,1,0.0,240.0,7,2,0,0.0,0,desktop,Organic Search
9463615.81476022,56,1,0.0,100.6,3,2,0,0.0,0,desktop,Organic Search
2750642.28335939,53,2,0.0,197.0,5,2,0,0.0,0,mobile,Referral
3097913.43047571,74,1,0.0,226.1,7,3,0,0.0,0,desktop,Direct
1798458.14419631,64,2,0.0,240.8,6,3,0,0.0,0,desktop,Direct
6939821.95539930,52,1,0.0,168.2,6,2,0,0.0,0,desktop,Organic Search
9816543.51447739,78,5,0.0,786.9,23,3,0,0.0,0,desktop,Direct
2898443.53795722,82,1,0.0,134.4,4,3,0,0.0,0,mobile,Organic Search
7706913.16565228,56,1,0.0,194.8,6,3,0,0.0,0,desktop,Organic Search
1632873.89617195,79,2,0.0,482.0,14,1,0,0.0,0,mobile,Organic Search
8226044.42667129,62,8,0.0,525.6,30,3,0,0.0,0,desktop,Referral
8761845.29878839,91,1,0.0,312.3,7,1,0,0.0,0,desktop,Organic Search
3701252.47903146,46,1,0.0,159.3,4,3,0,0.0,0,desktop,Display
8534610.48706522,54,4,0.0,717.1,19,3,0,0.0,0,desktop,Paid Search
2173195.65388141,53,2,0.0,337.2,15,1,0,0.0,0,desktop,Organic Search
1321312.54741153,89,2,0.0,342.1,11,3,0,0.0,0,desktop,Referral
9721862.35199496,76,1,0.0,325.4,7,3,0,0.0,0,tablet,Referral
1082006.21586942,44,3,0.0,727.3,19,2,0,0.0,0,mobile,Referral
9857586.22320131,85,2,0.0,428.8,13,1,0,0.0,0,desktop,Organic Search
3550215.63648738,69,1,0.0,149.5,8,3,0,0.0,0,desktop,Direct
7433236.75267776,67,1,0.0,220.3,5,2,0,0.0,0,mobile,Organic Search
7416248.19844559,74,1,0.0,278.0,6,2,0,0.0,0,mobile,Paid Search
8809289.60546480,47,1,0.0,362.3,9,1,0,0.0,0,mobile,Organic Search
6697013.79656223,67,1,0.0,257.7,7,2,0,0.0,0,mobile,Direct
1100760.13888986,64,1,0.0,188.4,9,2,0,0.0,0,desktop,Direct
2336716.81474967,86,2,0.0,263.1,8,2,0,0.0,0,mobile,Organic Search
8961408.28058910,47,2,0.0,487.8,12,3,0,0.0,0,mobile,Direct
2422401.81652515,85,1,0.0,313.0,7,3,0,0.0,0,mobile,Organic Search
8691126.64570404,87,1,0.0,222.3,5,1,0,0.0,0,desktop,Referral
9258889.66744417,60,6,0.0,1035.9,38,1,0,0.0,0,desktop,Organic Search
5164443.20299814,50,4,0.0,348.8,13,1,0,0.0,0,mobile,Organic Search
4605283.88442736,49,4,0.0,869.3,22,3,0,0.0,0,mobile,Direct
7931205.45710875,83,1,0.0,289.0,7,3,0,0.0,0,desktop,Referral
9402311.44592127,69,1,0.0,203.9,4,2,0,0.0,0,desktop,Organic Search
1378683.87229590,73,1,0.0,207.7,10,2,0,0.0,0,mobile,Organic Search
8657205.34632346,76,1,0.0,142.7,5,2,0,0.0,0,mobile,Direct
5797294.87031557,44,1,0.0,329.7,7,3,0,0.0,0,mobile,Organic Search
2074696.29528962,65,2,0.0,252.3,14,1,0,0.0,0,tablet,Organic Search
1289681.93427800,62,2,0.0,417.7,12,3,0,0.0,0,mobile,Display
2119629.37388490,51,2,0.0,390.7,16,1,0,0.0,0,mobile,Organic Search
8601349.87490146,51,2,0.0,238.8,13,2,0,0.0,0,mobile,Display
6446121.12867066,61,1,0.0,123.5,2,1,0,0.0,0,mobile,Direct
9497022.55389513,67,2,0.0,581.4,13,2,0,0.0,0,desktop,Organic Search
1164414.78634069,48,1,0.0,46.2,2,3,0,0.0,0,desktop,Organic Search
4831849.36969601,90,4,0.0,969.7,25,2,0,0.0,0,mobile,Direct
1318968.16195777,46,1,0.0,178.3,10,1,0,0.0,0,mobile,Organic Search
9457062.44107060,40,2,0.0,257.5,10,3,0,0.0,0,desktop,Organic Search
4751309.59157366,91,1,0.0,234.1,5,3,0,0.0,0,mobile,Affiliates
4863520.14488807,89,3,0.0,297.0,16,1,0,0.0,0,mobile,Organic Search
8133029.26020412,77,1,0.0,138.0,6,3,0,0.0,0,mobile,Referral
6307534.62705930,70,4,0.0,874.3,24,3,0,0.0,0,mobile,Organic Search
2463781.62611893,85,1,0.0,251.3,7,1,0,0.0,0,mobile,Organic Search
2738146.74177899,84,2,0.0,316.0,8,3,0,0.0,0,desktop,Referral
7536893.37153961,46,4,0.0,402.3,19,3,0,0.0,0,mobile,Organic Search
7093920.59056145,52,2,0.0,242.6,8,1,0,0.0,0,desktop,Direct
3582742.74034709,84,18,0.0,1544.0,77,3,0,0.0,0,desktop,Referral
1552007.66929532,50,4,0.0,714.0,20,3,0,0.0,0,desktop,Email
3748025.76755725,52,5,0.0,635.4,19,3,0,0.0,0,desktop,Direct
3390394.16253749,66,2,0.0,211.9,5,2,0,0.0,0,desktop,Referral
9896058.68349909,74,1,0.0,336.4,10,2,0,0.0,0,desktop,Direct
7135859.27005666,83,1,0.0,313.8,7,3,0,0.0,0,desktop,Referral
5562530.45534691,86,2,0.0,349.2,8,2,0,0.0,0,mobile,Referral
2614681.51689562,76,2,0.0,288.7,9,2,0,0.0,0,mobile,Referral
4792517.21256965,90,1,0.0,188.0,4,2,0,0.0,0,desktop,Organic Search
8590515.23099187,60,4,0.0,681.9,16,3,0,0.0,0,mobile,Direct
5884448.18716323,49,3,0.0,463.4,12,1,0,0.0,0,desktop,Referral
9761442.33530292,52,1,0.0,145.0,5,1,0,0.0,0,desktop,Organic Search
8581973.74622349,87,1,0.0,172.8,3,1,0,0.0,0,mobile,Referral
2121314.37866480,79,2,0.0,591.4,15,1,0,0.0,0,desktop,Organic Search
8606619.58956156,74,2,0.0,176.5,6,1,0,0.0,0,mobile,Direct
4379521.90428717,58,4,0.0,630.6,17,2,0,0.0,0,tablet,Referral
6914434.27343901,69,1,0.0,196.4,7,3,0,0.0,0,mobile,Paid Search
4601197.37936746,72,4,0.0,455.1,27,2,0,0.0,0,mobile,Direct
9015237.62610214,66,4,0.0,519.9,26,3,0,0.0,0,tablet,Organic Search
9223331.11212178,41,3,0.0,291.6,14,2,0,0.0,0,desktop,Organic Search
2648839.66732509,79,1,0.0,150.8,3,2,0,0.0,0,mobile,Organic Search
6437322.22241089,42,3,0.0,316.6,12,2,0,0.0,0,desktop,Organic Search
1998403.95311024,65,2,0.0,459.8,10,3,0,0.0,0,desktop,Organic Search
4435852.94636348,76,3,0.0,315.5,14,1,0,0.0,0,desktop,Referral
7503168.53844481,85,2,0.0,366.3,10,2,0,0.0,0,mobile,Direct
4920774.88311127,81,1,0.0,156.6,5,1,0,0.0,0,desktop,Organic Search
6974271.81707939,87,8,0.0,1606.4,36,1,0,0.0,0,desktop,Organic Search
5958116.74583867,62,1,0.0,224.7,5,3,0,0.0,0,desktop,Organic Search
9634694.61063601,45,1,0.0,217.1,7,3,0,0.0,0,mobile,Direct
8951493.53304885,69,4,0.0,679.5,15,3,0,0.0,0,mobile,Direct
8685587.98707823,78,2,0.0,388.2,13,1,0,0.0,0,mobile,Paid Search
5301726.72885956,44,5,0.0,720.4,20,2,0,0.0,0,mobile,Direct
5802206.91089643,71,1,0.0,219.2,8,3,0,0.0,0,desktop,Organic Search
2540844.77591893,46,1,0.0,118.2,5,1,0,0.0,0,desktop,Organic Search
8584824.40032464,53,1,0.0,166.0,7,2,0,0.0,0,mobile,Organic Search
4773258.94513970,82,1,0.0,242.1,5,2,0,0.0,0,mobile,Affiliates
7427930.73532473,79,12,0.0,3470.4,81,2,0,0.0,0,mobile,Paid Search
3572464.18227506,75,1,0.0,183.3,3,1,0,0.0,0,mobile,Referral
8762395.20031245,51,2,0.0,585.3,14,1,0,0.0,0,mobile,Referral
5882437.95447327,42,3,0.0,724.0,17,1,0,0.0,0,mobile,Paid Search
5637986.65997856,89,1,0.0,135.6,5,1,0,0.0,0,desktop,Referral
5463535.28826072,80,18,0.0,2332.3,104,2,0,0.0,0,desktop,Organic Search
1180894.45745290,43,1,0.0,212.9,6,2,0,0.0,0,desktop,Referral
6742068.72436779,91,2,0.0,580.1,13,1,0,0.0,0,desktop,Display
4250131.42932263,91,2,0.0,398.0,16,1,0,0.0,0,desktop,Referral
6357053.81982954,73,1,0.0,111.1,5,1,0,0.0,0,desktop,Direct
7897212.61118440,68,2,0.0,418.2,12,2,0,0.0,0,desktop,Organic Search
4407893.57433633,60,3,0.0,303.8,16,2,0,0.0,0,desktop,Direct
2049346.82144596,40,3,0.0,625.5,20,1,0,0.0,0,desktop,Organic Search
5997456.15876256,64,1,0.0,223.4,7,3,0,0.0,0,mobile,Direct
5043351.53864250,73,3,0.0,404.8,19,2,0,0.0,0,tablet,Display
3120843.78775179,74,1,0.0,146.2,6,1,0,0.0,0,tablet,Organic Search
7236416.16793505,48,12,0.0,2340.3,82,1,0,0.0,0,mobile,Referral
8861465.32097544,48,4,0.0,935.8,27,3,0,0.0,0,mobile,Referral
7703627.74599126,90,1,0.0,132.1,2,1,0,0.0,0,mobile,Paid Search
8132614.98590017,49,3,0.0,402.8,14,3,0,0.0,0,mobile,Organic Search
5857551.47273939,51,2,0.0,243.0,10,3,0,0.0,0,desktop,Direct
8546413.84920293,50,3,0.0,334.6,12,1,0,0.0,0,desktop,Direct
9564313.61270275,82,4,0.0,444.8,18,3,0,0.0,0,mobile,Organic Search
5508996.93412597,84,1,0.0,244.5,7,2,0,0.0,0,desktop,Referral
7109358.59003309,90,1,0.0,224.0,6,1,0,0.0,0,mobile,Organic Search
2192344.71879500,41,2,0.0,166.2,7,3,0,0.0,0,tablet,Direct
6941318.33135558,79,2,0.0,412.5,11,3,0,0.0,0,desktop,Organic Search
7489777.99152045,77,4,0.0,279.1,16,1,0,0.0,0,desktop,Organic Search
8108996.91359618,64,5,0.0,537.9,28,2,0,0.0,0,desktop,Paid Search
9998941.30779256,53,4,0.0,459.0,22,3,0,0.0,0,desktop,Referral
9144647.97297549,53,1,0.0,238.7,6,3,0,0.0,0,desktop,Organic Search
2151638.56546385,59,1,0.0,176.3,9,2,0,0.0,0,mobile,Direct
5632926.41621490,86,2,0.0,300.2,15,2,0,0.0,0,mobile,Organic Search
6376955.15809362,56,1,0.0,357.0,9,3,0,0.0,0,desktop,Organic Search
1517435.89690133,85,8,0.0,1098.1,28,2,0,0.0,0,mobile,Referral
5340690.98987750,42,3,0.0,196.4,8,1,0,0.0,0,tablet,Organic Search
6287291.35707846,47,1,0.0,261.3,6,3,0,0.0,0,tablet,Direct
3745547.24474524,63,3,0.0,476.4,17,2,0,0.0,0,desktop,Affiliates
9323517.95336168,40,3,0.0,406.8,23,3,0,0.0,0,desktop,Direct
6804729.47563758,50,2,0.0,242.4,11,2,0,0.0,0,desktop,Organic Search
5200842.36663641,64,1,0.0,225.4,8,2,0,0.0,0,desktop,Organic Search
8795144.20143287,57,5,0.0,1055.2,30,3,0,0.0,0,desktop,Organic Search
1876651.91390906,54,1,0.0,377.4,9,1,0,0.0,0,mobile,Direct
3340338.19230209,55,1,0.0,290.0,6,2,0,0.0,0,mobile,Direct
1489663.69932311,82,3,0.0,330.3,8,3,0,0.0,0,mobile,Organic Search
6448448.26841280,85,1,0.0,123.9,3,2,0,0.0,0,desktop,Direct
8944191.36151078,74,4,0.0,1028.1,25,2,0,0.0,0,mobile,Organic Search
4738557.76029257,57,2,0.0,223.4,10,3,0,0.0,0,desktop,Referral
3720950.81629480,80,1,0.0,374.1,9,1,0,0.0,0,desktop,Organic Search
2196252.33488183,54,1,0.0,188.9,4,3,0,0.0,0,desktop,Referral
7929985.32762991,46,3,0.0,285.1,12,1,0,0.0,0,mobile,Display
6178295.36833775,50,4,0.0,297.7,16,2,0,0.0,0,mobile,Organic Search
6306677.57642890,84,6,0.0,504.6,21,2,0,0.0,0,mobile,Organic Search
2954119.65304173,64,2,0.0,167.6,7,3,0,0.0,0,desktop,Referral
7541923.95582916,45,1,0.0,234.3,10,1,0,0.0,0,desktop,Organic Search
1942928.52655414,62,4,0.0,576.5,20,2,0,0.0,0,desktop,Direct
6647761.26004682,88,1,0.0,188.0,5,2,0,0.0,0,desktop,Organic Search
2785614.52686365,60,2,0.0,294.6,10,2,0,0.0,0,tablet,Organic Search
3198669.98407938,67,1,0.0,342.5,9,3,0,0.0,0,mobile,Referral
1249144.45462941,61,3,0.0,544.9,19,2,0,0.0,0,mobile,Organic Search
1324665.31118945,41,1,0.0,112.6,4,2,0,0.0,0,mobile,Organic Search
4727268.40257711,81,1,0.0,215.8,4,1,0,0.0,0,mobile,Referral
4672535.14767891,53,2,0.0,210.5,11,2,0,0.0,0,mobile,Direct
2877886.75264085,81,2,0.0,501.5,16,3,0,0.0,0,desktop,Direct
9833598.93507421,90,5,0.0,986.8,29,1,0,0.0,0,mobile,Direct
9157700.69414053,60,2,0.0,379.0,16,1,0,0.0,0,desktop,Organic Search
6900503.86976106,63,2,0.0,363.0,8,3,0,0.0,0,desktop,Direct
2707842.16136184,65,3,0.0,363.4,14,2,0,0.0,0,desktop,Display
4300620.26511800,70,1,0.0,147.0,5,3,0,0.0,0,mobile,Display
6254562.59660521,82,5,0.0,332.4,14,3,0,0.0,0,mobile,Organic Search
1287965.60285599,77,3,0.0,408.8,12,3,0,0.0,0,mobile,Direct
3585850.22236397,78,1,0.0,140.0,3,2,0,0.0,0,mobile,Direct
3130020.33975107,91,2,0.0,311.9,9,1,0,0.0,0,desktop,Organic Search
1414905.46961701,53,1,0.0,353.1,8,1,0,0.0,0,desktop,Direct
5048345.32973231,52,4,0.0,745.7,19,3,0,0.0,0,desktop,Organic Search
8909887.39560261,47,1,0.0,122.9,7,3,0,0.0,0,desktop,Organic Search
4472368.24956154,66,1,0.0,96.3,5,3,0,0.0,0,desktop,Affiliates
8091908.57201423,74,1,0.0,240.6,5,2,0,0.0,0,desktop,Paid Search
7242785.15242104,91,2,0.0,455.2,14,3,0,0.0,0,mobile,Paid Search
6084763.33171832,57,1,0.0,192.5,5,2,0,0.0,0,mobile,Paid Search
4848769.76425606,68,1,0.0,142.3,4,2,0,0.0,0,desktop,Direct
3814463.17400614,67,2,0.0,465.4,14,3,0,0.0,0,desktop,Organic Search
8156187.58908273,53,1,0.0,259.0,6,2,0,0.0,0,desktop,Direct
3576687.84833215,70,3,0.0,684.8,19,2,0,0.0,0,desktop,Referral
1280707.30963590,74,1,0.0,192.5,7,1,0,0.0,0,mobile,Display
6616585.88077752,61,1,0.0,99.9,4,2,0,0.0,0,desktop,Organic Search
9928190.10179217,64,1,0.0,255.8,5,1,0,0.0,0,mobile,Organic Search
7531659.59861781,76,1,0.0,322.8,7,2,0,0.0,0,desktop,Direct
5046845.62647791,46,2,0.0,338.0,12,1,0,0.0,0,mobile,Direct
8742330.10547922,82,3,0.0,213.9,13,1,0,0.0,0,desktop,Organic Search
8773926.62036194,41,2,0.0,203.7,9,1,0,0.0,0,mobile,Organic Search
5565415.65727671,66,3,0.0,541.2,14,3,0,0.0,0,mobile,Referral
4274568.11018136,45,3,0.0,354.9,11,3,0,0.0,0,desktop,Affiliates
2752437.87960004,50,1,0.0,91.1,3,2,0,0.0,0,desktop,Direct
7563219.11152493,77,1,0.0,326.5,8,2,0,0.0,0,desktop,Direct
2461403.86117962,91,5,0.0,822.7,31,3,0,0.0,0,desktop,Direct
3332080.87485152,70,1,0.0,221.1,10,2,0,0.0,0,mobile,Organic Search
6556437.72932059,79,3,0.0,627.0,17,3,0,0.0,0,desktop,Organic Search
6580906.52519240,79,3,0.0,378.2,9,3,0,0.0,0,desktop,Email
9934841.98603152,81,3,0.0,676.5,18,2,0,0.0,0,mobile,Organic Search
1887969.48461839,68,4,0.0,477.8,24,1,0,0.0,0,mobile,Referral
6676574.22989631,76,2,0.0,255.3,7,1,0,0.0,0,mobile,Direct
6708189.10677398,77,1,0.0,165.9,6,3,0,0.0,0,desktop,Direct
5430127.44854648,87,1,0.0,429.7,9,2,0,0.0,0,desktop,Direct
6336988.36517839,90,3,0.0,316.8,16,1,0,0.0,0,desktop,Direct
6949608.60533323,70,3,0.0,466.2,24,3,0,0.0,0,mobile,Organic Search
9591300.77986683,77,4,0.0,353.1,20,3,0,0.0,0,tablet,Email
4628017.65533254,76,2,0.0,259.2,12,1,0,0.0,0,desktop,Direct
3864861.54190003,49,1,0.0,164.8,3,2,0,0.0,0,mobile,Organic Search
3278044.66211749,44,3,0.0,402.6,18,2,0,0.0,0,mobile,Organic Search
1650357.62721582,52,1,0.0,352.0,7,3,0,0.0,0,desktop,Direct
8048293.50855528,59,3,0.0,901.2,22,2,0,0.0,0,mobile,Organic Search
3941062.60184300,73,2,0.0,372.3,14,2,0,0.0,0,mobile,Organic Search
5838166.16903972,53,3,0.0,309.1,16,2,0,0.0,0,desktop,Referral
6967481.36081215,69,2,0.0,364.8,12,1,0,0.0,0,desktop,Organic Search
3962514.73798946,62,5,0.0,808.8,19,1,0,0.0,0,mobile,Organic Search
6140993.65115189,74,1,0.0,221.8,6,3,0,0.0,0,mobile,Organic Search
5258588.91022268,76,2,0.0,167.7,8,1,0,0.0,0,mobile,Organic Search
2950821.82681892,56,1,0.0,361.6,9,1,0,0.0,0,desktop,Organic Search
3238170.83343557,90,2,0.0,576.1,14,2,0,0.0,0,desktop,Organic Search
8526433.10900588,56,2,0.0,198.0,8,3,0,0.0,0,mobile,Display
5945493.55009667,91,2,0.0,477.8,14,1,0,0.0,0,tablet,Organic Search
4640164.30539926,51,3,0.0,361.9,20,1,0,0.0,0,mobile,Direct
1891831.30430550,50,1,0.0,224.7,5,1,0,0.0,0,mobile,Organic Search
1954291.85679312,70,2,0.0,190.6,9,3,0,0.0,0,desktop,Organic Search
4203456.51836527,91,8,0.0,969.0,23,3,0,0.0,0,desktop,Organic Search
6764951.64825147,61,2,0.0,293.2,7,1,0,0.0,0,desktop,Referral
2102600.97787016,42,1,0.0,417.7,10,3,0,0.0,0,mobile,Referral
7112453.66344932,72,1,0.0,302.8,6,2,0,0.0,0,desktop,Direct
1330388.84832796,62,1,0.0,161.7,4,2,0,0.0,0,desktop,Paid Search
6314051.67216618,57,1,0.0,260.1,6,1,0,0.0,0,desktop,Referral
4206892.67074586,61,1,0.0,106.5,3,2,0,0.0,0,desktop,Referral
1357653.29965403,72,2,0.0,129.8,6,2,0,0.0,0,desktop,Direct
8693432.60308631,61,2,0.0,437.1,11,2,0,0.0,0,mobile,Organic Search
3953991.78601726,84,3,0.0,311.0,17,1,0,0.0,0,desktop,Referral
9597654.65671232,59,1,0.0,238.8,6,2,0,0.0,0,desktop,Organic Search
1200923.73872595,65,1,0.0,389.0,10,1,0,0.0,0,mobile,Organic Search
7979918.63494431,67,1,0.0,167.5,3,2,0,0.0,0,mobile,Organic Search
9882080.65404358,69,2,0.0,504.3,11,2,0,0.0,0,desktop,Direct
4361798.62099142,69,1,0.0,112.9,4,1,0,0.0,0,desktop,Direct
1790400.65382949,87,1,0.0,202.0,6,3,0,0.0,0,mobile,Direct
5941503.29264013,48,6,0.0,935.2,32,1,0,0.0,0,desktop,Direct
4218127.77262594,53,2,0.0,573.8,13,3,0,0.0,0,desktop,Direct
6383315.83541856,56,5,0.0,609.8,21,2,0,0.0,0,desktop,Paid Search
8786990.90658947,77,2,0.0,415.7,12,3,0,0.0,0,desktop,Affiliates
4828812.71997381,76,1,0.0,223.2,7,2,0,0.0,0,mobile,Organic Search
4399266.22788581,60,3,0.0,660.5,17,3,0,0.0,0,desktop,Referral
7640268.19570272,54,3,0.0,560.8,18,2,0,0.0,0,mobile,Paid Search
5349140.44271212,51,1,0.0,109.8,5,1,0,0.0,0,mobile,Direct
7803307.69138366,43,2,0.0,534.9,11,3,0,0.0,0,desktop,Organic Search
9802109.30915954,68,2,0.0,226.3,8,2,0,0.0,0,mobile,Organic Search
2403441.71052706,87,1,0.0,210.3,5,3,0,0.0,0,tablet,Affiliates
3042704.58749382,49,2,0.0,419.0,13,1,0,0.0,0,mobile,Referral
7309309.62187387,62,1,0.0,158.4,7,1,0,0.0,0,desktop,Organic Search
3948357.64888172,44,3,0.0,368.4,8,1,0,0.0,0,desktop,Organic Search
2421328.86802527,51,1,0.0,226.3,7,1,0,0.0,0,mobile,Direct
4887562.99897780,49,1,0.0,138.7,5,3,0,0.0,0,tablet,Affiliates
5729744.17346468,60,1,0.0,152.2,7,2,0,0.0,0,desktop,Direct
4812169.89002085,63,1,0.0,355.9,9,2,0,0.0,0,desktop,Organic Search
6945512.98132237,75,2,0.0,292.8,15,2,0,0.0,0,desktop,Direct
1282601.33297282,71,2,0.0,270.4,12,3,0,0.0,0,mobile,Direct
4850993.16742461,63,2,0.0,135.1,5,1,0,0.0,0,desktop,Paid Search
1088000.28294816,81,2,0.0,604.2,13,1,0,0.0,0,desktop,Organic Search
7573414.43527662,78,1,0.0,174.1,6,1,0,0.0,0,desktop,Organic Search
1395919.66405807,85,8,0.0,1124.1,25,3,0,0.0,0,mobile,Referral
4514406.57767577,67,3,0.0,502.4,18,1,0,0.0,0,mobile,Referral
5183170.28526442,50,1,0.0,227.6,8,1,0,0.0,0,mobile,Direct
7517163.17154058,87,2,0.0,254.4,6,1,0,0.0,0,desktop,Paid Search
4484686.12200712,58,2,0.0,196.0,11,1,0,0.0,0,mobile,Organic Search
6137711.73573475,87,1,0.0,224.6,5,2,0,0.0,0,desktop,Direct
1860233.55229354,46,3,0.0,782.9,18,3,0,0.0,0,desktop,Direct
6879934.35472988,40,2,0.0,442.7,17,2,0,0.0,0,desktop,Organic Search
1961422.55684163,67,2,0.0,514.5,15,3,0,0.0,0,mobile,Organic Search
8373177.27411233,71,1,0.0,232.5,7,2,0,0.0,0,desktop,Paid Search
9219629.70811018,90,2,0.0,370.2,13,3,0,0.0,0,desktop,Direct
2745326.42776522,48,1,0.0,138.1,7,2,0,0.0,0,mobile,Direct
3765768.58709219,87,1,0.0,290.1,8,3,0,0.0,0,mobile,Organic Search
9152245.39042715,45,1,0.0,256.3,7,1,0,0.0,0,desktop,Direct
3643701.77731096,47,1,0.0,118.0,6,2,0,0.0,0,desktop,Direct
2174281.92084019,52,1,0.0,175.2,8,1,0,0.0,0,desktop,Organic Search
7880907.47237572,67,8,0.0,1123.3,45,3,0,0.0,0,desktop,Direct
1795631.75627481,71,5,0.0,767.7,20,3,0,0.0,0,desktop,Organic Search
1304619.39978082,44,3,0.0,769.5,21,3,0,0.0,0,desktop,Referral
6208836.29112979,82,2,0.0,248.7,9,2,0,0.0,0,desktop,Organic Search
1061007.20413513,47,3,0.0,361.7,17,1,0,0.0,0,mobile,Direct
2500713.70314696,74,1,0.0,264.5,9,2,0,0.0,0,desktop,Organic Search
6075540.90489659,87,1,0.0,311.0,7,1,0,0.0,0,desktop,Organic Search
1855216.38046900,45,3,0.0,292.6,16,2,0,0.0,0,mobile,Organic Search
8028835.50253179,84,1,0.0,119.8,5,3,0,0.0,0,desktop,Organic Search
7925145.53780960,40,2,0.0,475.9,14,2,0,0.0,0,mobile,Paid Search
8871337.31518745,85,6,0.0,500.8,25,1,0,0.0,0,desktop,Display
6289047.88593486,65,1,0.0,207.7,7,2,0,0.0,0,mobile,Direct
9672812.65647380,48,1,0.0,188.4,9,3,0,0.0,0,desktop,Organic Search
2525662.78687770,64,2,0.0,408.4,13,3,0,0.0,0,mobile,Direct
2842916.61515326,47,1,0.0,178.6,4,3,0,0.0,0,tablet,Organic Search
2606848.63232005,51,1,0.0,258.0,6,3,0,0.0,0,desktop,Paid Search
7422998.73424664,52,2,0.0,267.7,7,3,0,0.0,0,desktop,Organic Search
6717485.96716140,56,5,0.0,415.4,17,3,0,0.0,0,mobile,Organic Search
9463859.82176674,66,4,0.0,913.2,22,1,0,0.0,0,tablet,Organic Search
6283135.70135906,85,2,0.0,200.9,10,3,0,0.0,0,mobile,Organic Search
2282247.81234009,46,2,0.0,469.8,12,1,0,0.0,0,desktop,Email
3284868.50917664,46,1,0.0,171.7,7,2,0,0.0,0,desktop,Organic Search
6916999.93128702,63,3,0.0,390.3,19,3,0,0.0,0,mobile,Direct
2177110.28499040,53,3,0.0,712.6,19,3,0,0.0,0,mobile,Direct
9795938.61029276,74,1,0.0,185.6,4,3,0,0.0,0,desktop,Referral
9667080.92207819,48,1,0.0,128.7,5,2,0,0.0,0,desktop,Organic Search
7223142.19803807,48,1,0.0,133.1,5,2,0,0.0,0,desktop,Referral
2273860.29042236,83,1,0.0,208.8,8,3,0,0.0,0,desktop,Organic Search
9912105.50303428,66,6,0.0,778.7,20,1,0,0.0,0,desktop,Referral
7229044.91691896,71,2,0.0,243.8,12,1,0,0.0,0,desktop,Organic Search
1715976.44446207,90,2,0.0,328.5,8,1,0,0.0,0,desktop,Organic Search
1488120.50015907,60,2,0.0,313.0,12,2,0,0.0,0,mobile,Direct
3321901.19101366,47,2,0.0,424.8,15,3,0,0.0,0,desktop,Display
2996048.97825245,82,4,0.0,860.2,22,2,0,0.0,0,desktop,Organic Search
2710660.79435640,64,1,0.0,233.2,7,1,0,0.0,0,mobile,Paid Search
3635182.65698181,76,1,0.0,105.1,3,2,0,0.0,0,mobile,Direct
3303196.69510994,91,1,0.0,186.2,4,3,0,0.0,0,mobile,Direct
2493582.67395883,73,2,0.0,619.0,14,2,0,0.0,0,desktop,Affiliates
9368493.84085588,62,1,0.0,284.2,8,1,0,0.0,0,desktop,Referral
7313395.50244110,46,2,0.0,502.3,15,3,0,0.0,0,desktop,Organic Search
1418831.92898682,57,1,0.0,146.5,4,3,0,0.0,0,desktop,Referral
2062588.32284426,66,2,0.0,285.3,13,2,0,0.0,0,mobile,Direct
3009977.28366976,49,1,0.0,240.7,6,2,0,0.0,0,mobile,Direct
1429873.86520941,62,1,0.0,416.2,8,3,0,0.0,0,desktop,Display
6754693.43297855,67,1,0.0,178.8,5,3,0,0.0,0,desktop,Direct
9596561.36814212,43,2,0.0,528.0,14,3,0,0.0,0,desktop,Referral
7229426.22545343,58,1,0.0,373.2,8,1,0,0.0,0,desktop,Organic Search
3744540.84364046,40,3,0.0,269.1,9,1,0,0.0,0,desktop,Organic Search
5989253.85992157,85,2,0.0,181.7,7,3,0,0.0,0,desktop,Direct
9498561.71335134,72,2,0.0,237.8,11,1,0,0.0,0,desktop,Direct
5845766.83337614,86,1,0.0,186.1,6,2,0,0.0,0,desktop,Organic Search
2913044.86997890,87,3,0.0,541.3,19,3,0,0.0,0,desktop,Referral
8524384.13510584,67,1,0.0,112.9,5,1,0,0.0,0,desktop,Referral
4686134.59749682,68,3,0.0,296.9,8,2,0,0.0,0,desktop,Organic Search
2800912.81507678,51,1,0.0,113.6,7,2,0,0.0,0,desktop,Direct
2379012.86926426,67,1,0.0,164.2,10,2,0,0.0,0,desktop,Organic Search
7004690.69078743,58,1,0.0,128.7,6,1,0,0.0,0,mobile,Direct
6921017.45036351,52,1,0.0,208.9,7,1,0,0.0,0,desktop,Organic Search
3524568.74844902,91,1,0.0,218.4,6,1,0,0.0,0,desktop,Email
5755989.73938998,79,1,0.0,279.7,6,3,0,0.0,0,mobile,Organic Search
9668527.25501832,75,1,0.0,250.3,7,2,0,0.0,0,mobile,Direct
8771912.32718348,83,4,0.0,321.1,17,2,0,0.0,0,desktop,Organic Search
2828885.50627087,47,3,0.0,500.1,13,2,0,0.0,0,desktop,Organic Search
7175185.90790118,44,4,0.0,612.1,18,3,0,0.0,0,mobile,Organic Search
2767868.41464039,60,6,0.0,1065.5,23,1,0,0.0,0,desktop,Paid Search
1022032.50978071,91,2,0.0,498.8,12,1,0,0.0,0,desktop,Paid Search
5262568.67242703,88,2,0.0,463.2,10,2,0,0.0,0,mobile,Paid Search
4770093.71854597,49,1,0.0,219.2,5,1,0,0.0,0,mobile,Direct
7922560.35996215,57,2,0.0,593.9,15,1,0,0.0,0,desktop,Referral
2790664.16633066,80,1,0.0,182.1,5,3,0,0.0,0,desktop,Organic Search
4501211.88349546,47,3,0.0,509.1,18,3,0,0.0,0,desktop,Organic Search
4641239.15435630,65,3,0.0,342.4,10,2,0,0.0,0,mobile,Direct
1236919.95391435,42,1,0.0,108.5,5,2,0,0.0,0,desktop,Referral
7706734.97500236,49,2,0.0,516.1,12,1,0,0.0,0,mobile,Paid Search
3655570.15688836,86,1,0.0,184.2,5,1,0,0.0,0,desktop,Referral
4203083.23821976,60,1,0.0,165.7,4,3,0,0.0,0,desktop,Direct
1561329.28223829,58,2,0.0,466.5,16,3,0,0.0,0,mobile,Paid Search
7526686.75974140,66,1,0.0,196.3,5,1,0,0.0,0,desktop,Organic Search
6900511.46056446,41,3,0.0,804.3,19,3,0,0.0,0,desktop,Organic Search
2463871.79876762,50,2,0.0,248.8,11,1,0,0.0,0,desktop,Organic Search
2378956.34570800,53,1,0.0,137.8,7,2,0,0.0,0,tablet,Direct
7202625.89589545,91,1,0.0,154.1,5,2,0,0.0,0,mobile,Organic Search
9385598.36613514,56,1,0.0,140.4,4,2,0,0.0,0,desktop,Organic Search
4050178.86028526,91,2,0.0,272.5,9,3,0,0.0,0,desktop,Referral
8180588.86142178,79,6,0.0,621.3,21,3,0,0.0,0,desktop,Organic Search
5774719.43788911,80,1,0.0,165.0,5,3,0,0.0,0,mobile,Organic Search
1789187.45484810,70,1,0.0,98.0,4,1,0,0.0,0,mobile,Direct
1171909.79537203,85,3,0.0,259.3,14,3,0,0.0,0,mobile,Organic Search
8001260.88341184,41,6,0.0,1283.6,35,2,0,0.0,0,mobile,Organic Search
8569698.57300037,67,1,0.0,245.5,8,2,0,0.0,0,mobile,Direct
2049273.61714169,40,1,0.0,395.6,10,1,0,0.0,0,desktop,Email
8250250.52686516,83,1,0.0,366.0,9,2,0,0.0,0,desktop,Organic Search
7702877.29337842,55,1,0.0,214.5,6,2,0,0.0,0,mobile,Organic Search
6605656.67188714,48,1,0.0,258.2,6,2,0,0.0,0,mobile,Organic Search
6928224.44200687,87,4,0.0,284.3,12,3,0,0.0,0,desktop,Referral
6457763.25939693,82,1,0.0,241.5,8,1,0,0.0,0,mobile,Email
5526831.43971748,87,3,0.0,427.6,23,2,0,0.0,0,desktop,Organic Search
5568297.64131910,59,3,0.0,527.2,15,1,0,0.0,0,desktop,Organic Search
5523026.12858335,77,5,0.0,411.7,14,3,0,0.0,0,desktop,Organic Search
2937283.96567826,70,1,0.0,228.6,6,2,0,0.0,0,desktop,Organic Search
9562067.48305110,86,1,0.0,197.1,7,3,0,0.0,0,mobile,Organic Search
1480662.53887132,70,1,0.0,360.5,7,3,0,0.0,0,desktop,Direct
6859058.53860044,48,1,0.0,208.1,6,2,0,0.0,0,desktop,Organic Search
7099700.29521562,42,2,0.0,163.6,7,2,0,0.0,0,desktop,Referral
1333198.53364792,41,4,0.0,535.1,17,1,0,0.0,0,desktop,Organic Search
7851781.44764111,71,1,0.0,219.0,7,2,0,0.0,0,desktop,Direct
4376236.39395038,73,2,0.0,290.2,13,3,0,0.0,0,desktop,Organic Search
8041384.66146846,57,1,0.0,229.2,10,2,0,0.0,0,mobile,Organic Search
3528249.66711926,59,1,0.0,181.3,7,3,0,0.0,0,desktop,Organic Search
9977020.52111973,65,2,0.0,433.8,11,3,0,0.0,0,mobile,Organic Search
1631804.87389222,46,1,0.0,332.7,8,1,0,0.0,0,desktop,Organic Search
9980059.57519718,72,2,0.0,199.3,7,2,0,0.0,0,desktop,Referral
2930280.81861585,56,2,0.0,219.2,5,1,0,0.0,0,desktop,Organic Search
2610677.57843973,40,3,0.0,689.9,18,2,0,0.0,0,mobile,Paid Search
1698711.50728814,44,3,0.0,286.0,13,1,0,0.0,0,tablet,Direct
1540883.80813854,77,1,0.0,101.4,3,2,0,0.0,0,desktop,Direct
2965130.59097253,42,2,0.0,418.8,9,1,0,0.0,0,mobile,Organic Search
9115123.94097209,40,4,0.0,505.9,20,1,0,0.0,0,desktop,Direct
8972719.75656687,76,1,0.0,230.2,8,1,0,0.0,0,desktop,Organic Search
6005427.88569026,54,1,0.0,242.0,6,1,0,0.0,0,desktop,Direct
2897023.70946875,69,1,0.0,227.4,5,3,0,0.0,0,desktop,Direct
3867722.70859029,84,1,0.0,46.8,2,1,0,0.0,0,desktop,Paid Search
7979805.45132428,60,6,0.0,915.1,20,3,0,0.0,0,desktop,Organic Search
7844986.82815677,74,3,0.0,652.3,14,2,0,0.0,0,desktop,Referral
4384854.90494403,48,1,0.0,220.7,10,1,0,0.0,0,desktop,Organic Search
8871820.39470260,59,2,0.0,305.5,11,3,0,0.0,0,mobile,Organic Search
8707993.20254586,52,1,0.0,132.6,6,1,0,0.0,0,desktop,Organic Search
9023953.11966091,47,3,0.0,209.7,10,3,0,0.0,0,mobile,Organic Search
1399601.24796383,55,8,0.0,1240.4,38,1,0,0.0,0,desktop,Organic Search
4000687.42658157,70,1,0.0,250.2,7,1,0,0.0,0,desktop,Paid Search
2347759.22413450,71,1,0.0,231.3,6,1,0,0.0,0,desktop,Paid Search
2824748.35901557,73,3,0.0,402.2,17,1,0,0.0,0,mobile,Referral
9636275.66310736,45,1,0.0,188.0,7,2,0,0.0,0,desktop,Organic Search
7529367.20900136,72,1,0.0,251.2,9,1,0,0.0,0,mobile,Organic Search
7198863.57454994,63,2,0.0,347.6,10,3,0,0.0,0,mobile,Display
7761302.88393158,77,6,0.0,1327.9,39,1,0,0.0,0,desktop,Organic Search
7201170.24788256,46,5,0.0,514.5,25,1,0,0.0,0,desktop,Display
3974364.10947635,74,1,0.0,161.1,6,3,0,0.0,0,desktop,Paid Search
8362964.70952796,55,1,0.0,200.0,5,2,0,0.0,0,desktop,Direct
6926147.13106424,90,3,0.0,487.8,20,3,0,0.0,0,desktop,Affiliates
6704341.73391452,42,3,0.0,587.8,15,3,0,0.0,0,desktop,Direct
9375974.66832829,56,3,0.0,464.8,10,3,0,0.0,0,desktop,Organic Search
3861059.15513286,42,5,0.0,1386.2,32,2,0,0.0,0,mobile,Organic Search
8557571.73462885,55,5,0.0,1333.8,30,2,0,0.0,0,desktop,Direct
3095756.75567417,53,1,0.0,134.1,6,2,0,0.0,0,mobile,Direct
4275104.56503042,90,4,0.0,688.3,18,2,0,0.0,0,desktop,Direct
3279180.99733891,40,2,0.0,259.7,11,3,0,0.0,0,desktop,Organic Search
6525633.27298724,88,5,0.0,955.1,23,3,0,0.0,0,mobile,Paid Search
6813509.83417528,65,1,0.0,344.4,8,1,0,0.0,0,mobile,Organic Search
5032751.68596313,66,1,0.0,93.2,5,1,0,0.0,0,desktop,Organic Search
1572286.15227324,58,3,0.0,826.5,18,1,0,0.0,0,mobile,Paid Search
2708753.82602063,52,1,0.0,197.0,8,3,0,0.0,0,desktop,Display
8600251.60357118,88,3,0.0,561.5,19,3,0,0.0,0,mobile,Direct
8396849.32715411,57,1,0.0,200.8,5,1,0,0.0,0,desktop,Organic Search
2113575.94403706,58,2,0.0,329.0,13,1,0,0.0,0,desktop,Organic Search
1523899.67476840,82,5,0.0,721.2,19,3,0,0.0,0,desktop,Organic Search
1641278.46197367,49,1,0.0,251.0,7,2,0,0.0,0,mobile,Referral
9523095.81322362,58,4,0.0,862.5,19,3,0,0.0,0,desktop,Direct
3967173.59512462,71,2,0.0,357.7,14,2,0,0.0,0,desktop,Display
4090144.72882936,86,1,0.0,333.2,7,1,0,0.0,0,desktop,Direct
4991017.91050632,78,1,0.0,246.2,9,3,0,0.0,0,desktop,Organic Search
1243000.93783134,82,1,0.0,285.3,7,3,0,0.0,0,desktop,Organic Search
5115191.22484707,42,1,0.0,185.3,4,1,0,0.0,0,desktop,Email
4897044.62698149,84,3,0.0,294.8,12,3,0,0.0,0,mobile,Referral
5530505.44790986,88,3,0.0,221.4,9,2,0,0.0,0,desktop,Organic Search
6530442.51585073,88,1,0.0,170.5,9,2,0,0.0,0,desktop,Direct
3975859.13957371,73,1,0.0,321.1,7,3,0,0.0,0,mobile,Organic Search
6551457.21807326,88,6,0.0,1137.5,33,3,0,0.0,0,desktop,Affiliates
1492101.84598680,68,3,0.0,673.7,18,3,0,0.0,0,mobile,Organic Search
2360431.80073227,42,3,0.0,444.3,11,1,0,0.0,0,desktop,Organic Search
9748030.24712490,77,4,0.0,1022.6,28,1,0,0.0,0,desktop,Direct
8620571.73703386,49,3,0.0,582.8,12,3,0,0.0,0,desktop,Referral
6258835.49926108,60,1,0.0,152.0,5,3,0,0.0,0,mobile,Email
9084180.45112291,51,1,0.0,146.0,3,1,0,0.0,0,desktop,Organic Search
4524396.49322522,49,4,0.0,280.1,16,3,0,0.0,0,mobile,Organic Search
3771158.48063100,78,2,0.0,613.6,14,2,0,0.0,0,desktop,Direct
1236167.34298562,48,2,0.0,522.3,11,1,0,0.0,0,desktop,Direct
3215695.28513761,46,4,0.0,777.7,25,2,0,0.0,0,mobile,Referral
1075396.38372302,66,1,0.0,190.2,6,2,0,0.0,0,tablet,Display
5279634.31802495,86,2,0.0,323.9,15,3,0,0.0,0,desktop,Organic Search
3687947.86378905,78,1,0.0,269.1,9,2,0,0.0,0,mobile,Organic Search
4743754.61052096,83,5,0.0,846.8,19,1,0,0.0,0,mobile,Organic Search
2552106.81021701,55,1,0.0,285.4,7,1,0,0.0,0,mobile,Organic Search
5763228.50993332,81,3,0.0,270.2,14,1,0,0.0,0,mobile,Organic Search
6820471.70991553,60,4,0.0,343.9,21,2,0,0.0,0,tablet,Organic Search
4175862.22534777,54,1,0.0,108.9,6,1,0,0.0,0,desktop,Direct
3307014.42944213,84,1,0.0,279.1,6,1,0,0.0,0,mobile,Organic Search
7271251.71759505,54,3,0.0,685.6,15,1,0,0.0,0,desktop,Referral
8285236.77640102,69,1,0.0,181.3,6,3,0,0.0,0,mobile,Display
4462163.59153543,47,1,0.0,133.6,4,2,0,0.0,0,desktop,Organic Search
7372519.29172331,48,2,0.0,271.0,6,1,0,0.0,0,mobile,Direct
9568785.75992162,58,1,0.0,327.4,9,3,0,0.0,0,mobile,Organic Search
6871234.40478482,47,2,0.0,744.1,16,3,0,0.0,0,desktop,Display
8442313.25726481,91,1,0.0,315.8,10,3,0,0.0,0,mobile,Organic Search
9877386.54916822,63,1,0.0,146.2,7,2,0,0.0,0,desktop,Direct
5487191.86893693,58,1,0.0,149.9,6,1,0,0.0,0,desktop,Direct
9779179.64650380,47,1,0.0,226.7,5,1,0,0.0,0,mobile,Direct
2445435.85466621,54,2,0.0,245.9,11,2,0,0.0,0,tablet,Organic Search
6028976.68304787,75,2,0.0,651.2,14,1,0,0.0,0,desktop,Organic Search
5305171.51923727,46,1,0.0,376.9,9,1,0,0.0,0,desktop,Paid Search
5447417.42977944,51,1,0.0,186.8,4,3,0,0.0,0,desktop,Paid Search
1232755.28346573,47,5,0.0,598.5,16,1,0,0.0,0,mobile,Referral
9838626.74588654,72,1,0.0,205.3,5,2,0,0.0,0,desktop,Referral
2154979.23991698,82,4,0.0,943.9,21,1,0,0.0,0,desktop,Paid Search
1997694.36381771,88,1,0.0,171.7,6,3,0,0.0,0,desktop,Organic Search
8165136.34761230,78,1,0.0,145.1,4,2,0,0.0,0,desktop,Paid Search
8551859.31295929,75,3,0.0,411.2,12,1,0,0.0,0,tablet,Organic Search
4547372.45126399,86,2,0.0,612.8,13,2,0,0.0,0,desktop,Paid Search
6304056.84077257,53,1,0.0,85.0,2,1,0,0.0,0,mobile,Referral
8184076.42951443,89,2,0.0,379.3,14,2,0,0.0,0,mobile,Referral
9373240.45387716,47,1,0.0,167.1,5,3,0,0.0,0,mobile,Organic Search
2346998.66649066,55,1,0.0,253.6,7,2,0,0.0,0,desktop,Referral
7436089.63674230,58,4,0.0,434.9,15,2,0,0.0,0,desktop,Organic Search
5437360.20092133,80,2,0.0,519.4,13,3,0,0.0,0,mobile,Organic Search
9322831.74193673,87,1,0.0,214.2,8,3,0,0.0,0,desktop,Organic Search
5756648.93184430,43,1,0.0,245.1,6,2,0,0.0,0,desktop,Organic Search
1611812.70173464,44,12,0.0,1408.6,45,2,0,0.0,0,desktop,Organic Search
9729776.49464373,82,12,0.0,2240.0,68,1,0,0.0,0,desktop,Referral
9497523.10772249,67,1,0.0,120.6,2,2,0,0.0,0,desktop,Organic Search
1889975.46955328,60,2,0.0,567.0,13,2,0,0.0,0,mobile,Referral
2688724.43871351,62,2,0.0,234.9,5,3,0,0.0,0,mobile,Organic Search
1826178.78135632,79,1,0.0,235.1,5,3,0,0.0,0,desktop,Direct
5386018.61822523,51,1,0.0,138.0,4,3,0,0.0,0,mobile,Organic Search
2108791.80433342,60,1,0.0,132.8,3,1,0,0.0,0,mobile,Paid Search
8680232.92093433,84,2,0.0,390.4,11,2,0,0.0,0,mobile,Organic Search
4268777.42590273,66,1,0.0,259.9,9,2,0,0.0,0,mobile,Organic Search
6929718.94574929,65,2,0.0,473.3,15,1,0,0.0,0,desktop,Referral
6149564.66750154,46,1,0.0,164.6,6,2,0,0.0,0,tablet,Direct
9504910.83958881,46,8,0.0,1083.7,34,1,0,0.0,0,tablet,Paid Search
8629948.36489431,89,1,0.0,155.5,4,3,0,0.0,0,desktop,Direct
8018427.53234503,50,1,0.0,150.5,7,3,0,0.0,0,desktop,Organic Search
1135821.24647205,73,1,0.0,133.9,5,3,0,0.0,0,mobile,Organic Search
4720340.39949384,62,1,0.0,343.5,7,3,0,0.0,0,mobile,Direct
6963550.88906110,52,3,0.0,524.1,20,1,0,0.0,0,mobile,Paid Search
4945617.47754634,40,1,0.0,165.8,6,3,0,0.0,0,desktop,Referral
1954391.83819718,76,2,0.0,228.4,11,3,0,0.0,0,desktop,Referral
2778630.51020596,82,1,0.0,221.0,7,3,0,0.0,0,mobile,Direct
6880960.98626478,68,4,0.0,368.6,11,3,0,0.0,0,desktop,Direct
1185411.41037074,52,3,0.0,365.1,16,2,0,0.0,0,desktop,Organic Search
5655912.35801279,67,2,0.0,411.0,9,1,0,0.0,0,desktop,Organic Search
4554431.30864254,51,3,0.0,826.0,21,2,0,0.0,0,desktop,Direct
1946324.38098249,89,8,0.0,1004.6,42,2,0,0.0,0,mobile,Referral
8080913.62902875,74,1,0.0,226.3,7,2,0,0.0,0,desktop,Organic Search
6859669.17708063,80,1,0.0,183.2,10,3,0,0.0,0,mobile,Direct
9204678.79504827,47,2,0.0,354.7,14,2,0,0.0,0,mobile,Direct
7422810.86256452,68,1,0.0,141.9,6,2,0,0.0,0,desktop,Display
8644644.88058611,64,4,0.0,465.5,14,3,0,0.0,0,desktop,Organic Search
7785704.54908420,44,2,0.0,335.4,7,3,0,0.0,0,mobile,Direct
3713699.97334997,48,1,0.0,187.3,7,1,0,0.0,0,desktop,Display
6584752.12615511,42,5,0.0,605.3,23,2,0,0.0,0,desktop,Organic Search
7870311.62765566,86,1,0.0,142.6,6,2,0,0.0,0,desktop,Organic Search
7034161.41714557,75,1,0.0,229.6,5,2,0,0.0,0,mobile,Organic Search
2162593.24390625,45,2,0.0,634.1,14,2,0,0.0,0,desktop,Direct
7501335.15922275,57,5,0.0,681.2,22,3,0,0.0,0,mobile,Referral
9854025.35232550,46,1,0.0,310.7,8,3,0,0.0,0,mobile,Referral
5305435.31655498,71,3,0.0,343.9,16,2,0,0.0,0,mobile,Organic Search
7276161.94672349,48,1,0.0,139.4,6,2,0,0.0,0,desktop,Paid Search
2710901.65229173,82,2,0.0,345.7,10,2,0,0.0,0,desktop,Organic Search
3496093.22463034,47,1,0.0,330.6,7,3,0,0.0,0,desktop,Affiliates
8419776.83829295,56,2,0.0,150.2,5,2,0,0.0,0,desktop,Paid Search
3585583.43922797,87,8,0.0,2596.7,58,1,0,0.0,0,desktop,Referral
5123303.92058182,71,2,0.0,397.3,12,3,0,0.0,0,desktop,Direct
2173378.16534546,51,1,0.0,164.9,4,3,0,0.0,0,desktop,Paid Search
6248581.10793831,59,3,0.0,204.6,11,1,0,0.0,0,desktop,Organic Search
5747669.22359098,53,1,0.0,254.6,10,3,0,0.0,0,desktop,Paid Search
6593083.88694087,71,1,0.0,252.5,6,2,0,0.0,0,mobile,Display
3867848.88425286,79,2,0.0,410.5,10,3,0,0.0,0,desktop,Organic Search
5408442.95836897,45,1,0.0,167.8,6,1,0,0.0,0,mobile,Direct
2020080.62376799,52,3,0.0,295.5,10,3,0,0.0,0,desktop,Organic Search
8861157.69897088,82,2,0.0,540.2,12,2,0,0.0,0,desktop,Referral
4994844.58430963,72,1,0.0,155.0,5,1,0,0.0,0,mobile,Organic Search
2246549.54976823,76,8,0.0,1325.4,43,2,0,0.0,0,mobile,Affiliates
6543763.76680795,86,4,0.0,926.1,25,1,0,0.0,0,desktop,Organic Search
7960597.86140851,78,1,0.0,374.0,9,3,0,0.0,0,desktop,Direct
5728243.88546851,85,12,0.0,1657.0,56,1,0,0.0,0,desktop,Direct
8201933.67628199,48,1,0.0,267.4,8,2,0,0.0,0,desktop,Direct
2066448.84488280,86,1,0.0,126.1,5,2,0,0.0,0,mobile,Referral
9487594.42128345,82,1,0.0,168.7,8,3,0,0.0,0,desktop,Organic Search
2184201.56278928,84,3,0.0,365.4,12,1,0,0.0,0,mobile,Referral
5335353.93352752,78,1,0.0,100.2,3,3,0,0.0,0,mobile,Organic Search
7413989.17547043,49,2,0.0,427.4,10,2,0,0.0,0,desktop,Organic Search
6050429.74370401,89,2,0.0,370.8,13,3,0,0.0,0,mobile,Direct
4607172.41267317,45,4,0.0,586.6,20,2,0,0.0,0,desktop,Organic Search
9010265.62390124,62,2,0.0,240.4,5,2,0,0.0,0,desktop,Direct
2152424.29303555,48,3,0.0,366.2,13,1,0,0.0,0,desktop,Organic Search
7740624.69084155,68,1,0.0,211.7,9,2,0,0.0,0,mobile,Referral
2570310.97699951,67,1,0.0,256.1,5,1,0,0.0,0,desktop,Affiliates
1947631.98221934,78,3,0.0,186.9,10,2,0,0.0,0,desktop,Organic Search
2496326.37335082,89,1,0.0,398.4,9,3,0,0.0,0,mobile,Organic Search
7198447.54553015,83,5,0.0,640.1,22,2,0,0.0,0,mobile,Organic Search
1430068.57012536,67,4,0.0,1182.9,29,3,0,0.0,0,mobile,Organic Search
6267452.68394649,44,3,0.0,462.9,10,1,0,0.0,0,desktop,Referral
6922857.93537285,75,2,0.0,196.5,7,2,0,0.0,0,mobile,Referral
6222692.64674029,47,2,0.0,348.8,8,1,0,0.0,0,mobile,Organic Search
3661461.62911165,88,1,0.0,108.8,4,2,0,0.0,0,mobile,Referral
2548243.16577804,49,1,0.0,214.7,5,3,0,0.0,0,desktop,Referral
4521743.22190224,76,1,0.0,195.0,5,1,0,0.0,0,mobile,Direct
9827843.84382942,41,1,0.0,258.3,6,1,0,0.0,0,desktop,Display
3328933.16442409,74,1,0.0,143.3,3,2,0,0.0,0,mobile,Organic Search
6476335.75938749,82,2,0.0,466.1,12,3,0,0.0,0,mobile,Organic Search
2418152.90625166,74,3,0.0,636.0,19,1,0,0.0,0,desktop,Referral
1915559.93964601,56,1,0.0,247.3,5,1,0,0.0,0,mobile,Organic Search
5172297.28069895,62,2,0.0,254.0,12,3,0,0.0,0,desktop,Referral
6533977.28596941,50,3,0.0,717.7,24,3,0,0.0,0,desktop,Display
3560221.71377272,72,4,0.0,920.2,24,2,0,0.0,0,desktop,Organic Search
9276798.68359721,69,1,0.0,301.3,6,1,0,0.0,0,tablet,Organic Search
9276983.22071649,44,3,0.0,669.6,18,1,0,0.0,0,desktop,Referral
1797118.23249997,51,4,0.0,657.2,15,1,0,0.0,0,desktop,Direct
8325008.90201236,71,1,0.0,252.6,7,3,0,0.0,0,mobile,Direct
2359985.81809495,53,1,0.0,147.5,6,2,0,0.0,0,mobile,Organic Search
4350261.97356327,83,2,0.0,274.0,8,1,0,0.0,0,mobile,Organic Search
7541376.90695305,58,3,0.0,634.1,17,2,0,0.0,0,desktop,Organic Search
4569063.74467757,69,5,0.0,845.9,20,1,0,0.0,0,mobile,Organic Search
7679113.51335021,88,5,0.0,335.9,15,3,0,0.0,0,desktop,Organic Search
6399710.33091123,42,1,0.0,180.5,4,3,0,0.0,0,mobile,Organic Search
8970145.96856450,40,1,0.0,216.9,8,3,0,0.0,0,desktop,Organic Search
2015360.85192156,82,8,0.0,1852.0,52,1,0,0.0,0,mobile,Organic Search
9290390.12493385,79,2,0.0,297.2,9,1,0,0.0,0,desktop,Referral
8404813.37729689,77,1,0.0,208.3,8,1,0,0.0,0,desktop,Referral
7088504.90847821,48,1,0.0,139.0,4,3,0,0.0,0,mobile,Paid Search
7820528.71472437,83,4,0.0,272.4,14,1,0,0.0,0,desktop,Direct
6807200.56269213,83,2,0.0,294.8,10,1,0,0.0,0,mobile,Organic Search
1057302.20884914,81,1,0.0,225.6,9,1,0,0.0,0,desktop,Display
2744514.72451320,42,1,0.0,186.5,7,2,0,0.0,0,tablet,Referral
5356732.54336758,44,3,0.0,237.1,8,1,0,0.0,0,mobile,Organic Search
2931632.12876381,68,2,0.0,202.6,12,1,0,0.0,0,mobile,Organic Search
4044540.73287660,51,2,0.0,456.6,15,3,0,0.0,0,desktop,Organic Search
1998927.83461664,84,1,0.0,198.1,6,1,0,0.0,0,desktop,Referral
5914352.41827240,59,2,0.0,161.5,9,1,0,0.0,0,mobile,Organic Search
4823905.83615237,77,2,0.0,246.2,9,3,0,0.0,0,desktop,Organic Search
7466320.12926782,47,6,0.0,743.5,24,3,0,0.0,0,mobile,Referral
2566989.59301512,54,1,0.0,246.8,6,1,0,0.0,0,mobile,Direct
2406883.69680885,59,1,0.0,101.2,4,3,0,0.0,0,desktop,Referral
2047147.65512082,87,2,0.0,659.7,14,2,0,0.0,0,mobile,Referral
9098216.24996373,89,3,0.0,255.4,9,1,0,0.0,0,mobile,Referral
7324549.70579800,68,4,0.0,473.3,25,3,0,0.0,0,desktop,Organic Search
8886807.94873130,85,4,0.0,258.7,13,3,0,0.0,0,desktop,Organic Search
2572033.17734198,68,3,0.0,325.5,10,1,0,0.0,0,mobile,Referral
3662172.63628976,59,2,0.0,610.0,13,1,0,0.0,0,mobile,Organic Search
7714292.15222252,74,1,0.0,264.1,8,2,0,0.0,0,mobile,Organic Search
3513528.49921339,86,1,0.0,94.2,2,1,0,0.0,0,desktop,Organic Search
4040035.68014980,47,1,0.0,473.5,10,1,0,0.0,0,desktop,Referral
4728655.48630954,67,1,0.0,411.4,9,3,0,0.0,0,tablet,Organic Search
5281052.68202318,71,1,0.0,130.4,5,1,0,0.0,0,desktop,Direct
2256799.37606358,80,2,0.0,307.8,10,1,0,0.0,0,desktop,Direct
9460982.92994640,42,1,0.0,211.7,4,1,0,0.0,0,mobile,Direct
6455720.47586140,71,1,0.0,119.8,3,2,0,0.0,0,mobile,Organic Search
9091360.91873847,66,1,0.0,178.0,5,1,0,0.0,0,tablet,Organic Search
6425697.57704127,71,5,0.0,578.5,31,1,0,0.0,0,mobile,Referral
2278853.21612494,73,4,0.0,603.7,16,3,0,0.0,0,mobile,Organic Search
9828433.75440050,63,4,0.0,830.5,22,3,0,0.0,0,mobile,Referral
7729309.21920959,69,2,0.0,324.3,15,1,0,0.0,0,desktop,Direct
8695189.28495024,82,1,0.0,296.6,7,2,0,0.0,0,desktop,Paid Search
7129217.78041722,78,1,0.0,75.7,2,1,0,0.0,0,tablet,Organic Search
1198572.45673726,86,2,0.0,346.4,9,2,0,0.0,0,mobile,Direct
9600055.67829341,82,2,0.0,160.4,5,2,0,0.0,0,desktop,Direct
1505256.17166124,45,1,0.0,216.5,6,2,0,0.0,0,desktop,Email
1517229.97781509,55,1,0.0,182.4,7,2,0,0.0,0,mobile,Direct
4243152.71724823,51,1,0.0,261.0,6,2,0,0.0,0,desktop,Organic Search
4074426.31674781,40,3,0.0,354.8,11,2,0,0.0,0,desktop,Direct
5762293.36758808,61,1,0.0,136.3,4,1,0,0.0,0,mobile,Organic Search
6504228.86808196,48,1,0.0,193.6,4,3,0,0.0,0,desktop,Organic Search
8405258.70537014,57,4,0.0,758.5,18,3,0,0.0,0,desktop,Organic Search
9849301.78789625,67,2,0.0,266.5,10,1,0,0.0,0,desktop,Direct
8073793.70246512,49,1,0.0,258.0,7,2,0,0.0,0,desktop,Paid Search
9267724.10090995,56,18,0.0,2599.0,82,2,0,0.0,0,mobile,Direct
9574204.78941766,74,4,0.0,1033.6,29,2,0,0.0,0,mobile,Organic Search
6670036.12098781,40,18,0.0,3100.9,78,3,0,0.0,0,mobile,Direct
3627383.15922757,68,1,0.0,104.7,5,1,0,0.0,0,desktop,Email
2446404.69881081,54,3,0.0,898.7,20,1,0,0.0,0,desktop,Direct
1691554.96564961,48,6,0.0,449.7,27,1,0,0.0,0,desktop,Direct
6844341.96436109,45,2,0.0,533.8,12,2,0,0.0,0,desktop,Direct
9304633.47529282,44,1,0.0,117.4,3,2,0,0.0,0,desktop,Paid Search
7364654.24356951,83,1,0.0,400.1,9,2,0,0.0,0,desktop,Direct
6218535.70062613,73,1,0.0,129.1,4,2,0,0.0,0,desktop,Organic Search
9051232.47988383,78,3,0.0,700.1,16,3,0,0.0,0,desktop,Organic Search
7035925.73912010,44,1,0.0,153.3,5,3,0,0.0,0,desktop,Referral
5310119.88081470,88,1,0.0,275.6,6,2,0,0.0,0,mobile,Direct
8427914.60995322,62,2,0.0,159.5,8,1,0,0.0,0,desktop,Organic Search
7970657.31372244,64,3,0.0,846.4,19,2,0,0.0,0,desktop,Organic Search
9350651.33613045,88,3,0.0,429.2,9,2,0,0.0,0,mobile,Display
8278284.73421439,53,6,0.0,574.0,35,2,0,0.0,0,mobile,Referral
3918241.23545930,91,1,0.0,413.9,9,2,0,0.0,0,mobile,Direct
9497139.71450953,52,1,0.0,230.1,6,1,0,0.0,0,tablet,Organic Search
5502143.13782359,50,1,0.0,323.6,7,3,0,0.0,0,mobile,Organic Search
1271983.55103515,73,1,0.0,287.6,7,3,0,0.0,0,desktop,Organic Search
7396950.24333672,60,6,0.0,1104.2,25,2,0,0.0,0,desktop,Organic Search
5036182.97754318,51,1,0.0,272.3,6,1,0,0.0,0,desktop,Organic Search
5487047.25340145,71,2,0.0,311.9,7,3,0,0.0,0,desktop,Referral
8092273.59012347,66,2,0.0,423.7,11,2,0,0.0,0,desktop,Organic Search
6159716.64192401,87,4,0.0,457.0,23,1,0,0.0,0,mobile,Organic Search
4343024.91711074,55,1,0.0,161.2,3,1,0,0.0,0,desktop,Organic Search
2674979.40606738,46,3,0.0,491.1,20,1,0,0.0,0,desktop,Organic Search
6725686.98472648,64,1,0.0,109.1,3,1,0,0.0,0,desktop,Referral
6399874.96639412,68,2,0.0,277.5,14,1,0,0.0,0,desktop,Direct
1182318.88172902,75,3,0.0,572.4,18,3,0,0.0,0,desktop,Organic Search
4043739.55959589,48,2,0.0,228.0,9,1,0,0.0,0,mobile,Organic Search
8056072.87743861,69,3,0.0,351.2,17,1,0,0.0,0,desktop,Organic Search
9189026.44267605,52,1,0.0,162.3,7,2,0,0.0,0,mobile,Direct
7126608.41930404,51,2,0.0,415.6,13,1,0,0.0,0,mobile,Referral
8071823.50830003,65,3,0.0,549.1,13,3,0,0.0,0,desktop,Organic Search
7101152.94860143,61,2,0.0,433.2,13,2,0,0.0,0,desktop,Organic Search
4557786.63696514,44,1,0.0,200.2,6,3,0,0.0,0,desktop,Organic Search
4151150.28303362,66,1,0.0,258.7,9,1,0,0.0,0,desktop,Organic Search
7468141.17620374,74,2,0.0,472.7,15,2,0,0.0,0,desktop,Direct
5516311.70863431,89,1,0.0,213.4,7,1,0,0.0,0,mobile,Organic Search
7179618.92359882,65,2,0.0,337.9,9,3,0,0.0,0,desktop,Referral
7885846.45200474,67,1,0.0,197.9,6,2,0,0.0,0,mobile,Organic Search
4826975.34326851,40,1,0.0,199.5,6,3,0,0.0,0,desktop,Direct
1998402.58364841,42,2,0.0,290.8,6,2,0,0.0,0,tablet,Referral
8523898.86032592,62,2,0.0,202.4,9,1,0,0.0,0,mobile,Direct
8777951.11197071,42,2,0.0,509.5,11,1,0,0.0,0,mobile,Organic Search
3668727.21621857,41,2,0.0,374.3,10,1,0,0.0,0,desktop,Organic Search
4748643.73931710,47,3,0.0,609.5,13,1,0,0.0,0,desktop,Organic Search
6280638.68298735,57,2,0.0,251.1,13,1,0,0.0,0,desktop,Organic Search
1516611.48345772,68,1,0.0,184.2,4,1,0,0.0,0,mobile,Direct
3896671.31626086,75,2,0.0,607.5,14,3,0,0.0,0,mobile,Organic Search
8748546.94469274,78,2,0.0,186.2,9,1,0,0.0,0,mobile,Direct
4964686.49321640,51,1,0.0,72.1,2,1,0,0.0,0,mobile,Organic Search
7493775.65739452,69,1,0.0,74.2,4,2,0,0.0,0,mobile,Organic Search
2998840.17856266,42,1,0.0,197.2,8,1,0,0.0,0,desktop,Direct
9934329.86669817,83,1,0.0,141.7,5,3,0,0.0,0,mobile,Direct
1954537.63984538,63,3,0.0,755.3,23,3,0,0.0,0,desktop,Organic Search
7488770.93374733,45,1,0.0,275.2,6,2,0,0.0,0,desktop,Paid Search
3248599.92971529,58,2,0.0,295.5,8,3,0,0.0,0,mobile,Direct
5248495.67392082,90,1,0.0,165.0,3,2,0,0.0,0,mobile,Organic Search
9622907.79978521,85,6,0.0,1165.6,30,2,0,0.0,0,mobile,Organic Search
5993075.88635294,76,1,0.0,155.6,4,1,0,0.0,0,mobile,Referral
1317383.81043432,89,3,0.0,378.9,13,1,0,0.0,0,mobile,Paid Search
7302802.77800005,47,1,0.0,238.5,8,1,0,0.0,0,desktop,Direct
8986917.56410343,74,2,0.0,374.5,10,3,0,0.0,0,mobile,Paid Search
2820551.66273622,83,1,0.0,154.3,7,2,0,0.0,0,tablet,Referral
2640103.51239605,57,1,0.0,215.9,6,1,0,0.0,0,desktop,Organic Search
5860495.46821939,66,2,0.0,164.6,8,3,0,0.0,0,desktop,Direct
5925810.52777695,70,3,0.0,705.3,22,3,0,0.0,0,desktop,Organic Search
1870164.30802555,66,1,0.0,288.8,7,1,0,0.0,0,mobile,Direct
2481116.13085064,77,1,0.0,136.2,5,3,0,0.0,0,desktop,Direct
9662364.58608921,44,1,0.0,172.5,4,1,0,0.0,0,mobile,Display
9627552.64369920,58,1,0.0,171.6,6,2,0,0.0,0,desktop,Paid Search
7526977.82570997,61,1,0.0,343.0,8,2,0,0.0,0,tablet,Organic Search
3516246.75692811,91,1,0.0,252.9,7,1,0,0.0,0,desktop,Organic Search
4087629.40638065,77,2,0.0,332.1,9,1,0,0.0,0,desktop,Referral
7131188.63080367,53,3,0.0,414.9,11,1,0,0.0,0,desktop,Direct
2628676.28839649,76,2,0.0,341.8,9,2,0,0.0,0,mobile,Organic Search
3341128.27777982,65,2,0.0,291.6,9,2,0,0.0,0,desktop,Organic Search
9832196.54873750,65,1,0.0,212.3,6,2,0,0.0,0,desktop,Paid Search
8780203.88163106,52,1,0.0,278.0,7,3,0,0.0,0,desktop,Direct
8888302.58727915,50,2,0.0,464.4,15,3,0,0.0,0,mobile,Paid Search
5107589.12677392,40,1,0.0,61.0,2,1,0,0.0,0,desktop,Direct
4671807.90078073,86,3,0.0,574.9,16,3,0,0.0,0,mobile,Organic Search
9825824.41927419,74,1,0.0,291.1,9,1,0,0.0,0,mobile,Direct
1701950.36890748,41,3,0.0,875.2,22,2,0,0.0,0,mobile,Direct
7002621.81497291,68,1,0.0,288.8,7,1,0,0.0,0,mobile,Organic Search
8599207.78287070,84,5,0.0,798.0,23,1,0,0.0,0,desktop,Organic Search
1951204.29805124,46,18,0.0,2095.7,48,2,0,0.0,0,desktop,Direct
6427491.35468999,48,1,0.0,107.1,2,2,0,0.0,0,mobile,Organic Search
7088833.92248021,78,4,0.0,424.5,13,2,0,0.0,0,desktop,Organic Search
7311864.60006964,75,1,0.0,226.6,7,2,0,0.0,0,desktop,Direct
2476890.39786796,51,3,0.0,714.8,20,2,0,0.0,0,mobile,Organic Search
1518053.42546010,79,3,0.0,239.7,10,3,0,0.0,0,mobile,Direct
3886614.38521085,42,1,0.0,314.8,7,1,0,0.0,0,desktop,Direct
2959146.17837240,60,3,0.0,398.5,12,1,0,0.0,0,mobile,Organic Search
8325482.36594369,80,3,0.0,327.6,13,3,0,0.0,0,mobile,Direct
4912608.33009092,65,1,0.0,172.5,6,1,0,0.0,0,mobile,Organic Search
4790421.77329124,62,3,0.0,224.8,9,3,0,0.0,0,desktop,Affiliates
8951444.87660716,65,12,0.0,1968.1,60,2,0,0.0,0,tablet,Direct
7832907.90764588,86,1,0.0,107.5,6,2,0,0.0,0,mobile,Organic Search
5752447.39088345,91,2,0.0,490.6,14,2,0,0.0,0,desktop,Organic Search
5859333.49525092,91,1,0.0,189.9,8,1,0,0.0,0,mobile,Organic Search
5830384.27424506,48,1,0.0,80.7,3,2,0,0.0,0,desktop,Organic Search
4302231.99789656,41,2,0.0,139.7,8,1,0,0.0,0,desktop,Referral
6658406.71712793,84,1,0.0,199.7,7,1,0,0.0,0,desktop,Organic Search
6863728.86352620,45,1,0.0,348.0,8,1,0,0.0,0,desktop,Direct
4273776.93390780,43,1,0.0,192.8,7,1,0,0.0,0,mobile,Organic Search
9062855.51691864,52,1,0.0,147.2,4,3,0,0.0,0,desktop,Organic Search
1470214.58249212,49,1,0.0,296.3,6,1,0,0.0,0,desktop,Direct
4650599.48531098,77,1,0.0,206.4,9,3,0,0.0,0,mobile,Direct
6818759.94038310,83,1,0.0,318.7,9,1,0,0.0,0,desktop,Direct
5953411.71925194,65,4,0.0,408.9,23,3,0,0.0,0,desktop,Paid Search
7700885.22217609,50,1,0.0,177.6,4,1,0,0.0,0,mobile,Direct
7841721.65689616,81,1,0.0,335.3,8,1,0,0.0,0,desktop,Direct
5653120.18879826,78,1,0.0,304.7,8,1,0,0.0,0,desktop,Organic Search
1659279.33491709,47,1,0.0,189.5,7,1,0,0.0,0,desktop,Organic Search
3672281.87095734,87,1,0.0,265.9,5,2,0,0.0,0,desktop,Organic Search
6194216.69464177,50,1,0.0,177.1,6,3,0,0.0,0,mobile,Organic Search
9001672.89556606,44,2,0.0,235.4,10,2,0,0.0,0,desktop,Paid Search
8624771.20044808,44,1,0.0,191.9,6,1,0,0.0,0,desktop,Direct
4459282.93839956,89,2,0.0,278.2,8,3,0,0.0,0,mobile,Organic Search
7251066.48455481,72,2,0.0,634.4,14,2,0,0.0,0,mobile,Referral
