user_pseudo_id,recency_days,frequency_sessions,monetary_usd,view_item_count,add_to_cart_count,checkout_count,cart_abandon_ratio,total_engagement_time_sec,total_pageviews,cluster,pca_1,pca_2,pca_3,persona
user_0000,52,4,0.0,22,7,1,0.115,88.7,5,2,-0.33052147509896906,0.2783338261787985,1.1531214138873216,Cart Abandoners / Window Shoppers
user_0001,15,2,0.0,9,2,2,0.49,122.9,18,3,-0.27950671631687496,-0.3882900189857792,-0.988740547721972,Potential Loyalists
user_0002,72,2,0.0,17,1,0,0.17,185.2,16,3,-1.3103490808766294,1.163100730707596,1.0064715782838325,Potential Loyalists
user_0003,61,1,120.0,12,2,3,0.051,62.3,8,0,-0.8107660999592182,-1.1679811143974226,1.9491705512424295,Loyal Champions (VIPs)
user_0004,21,2,0.0,7,2,3,0.618,0.3,25,1,1.186685227309661,-1.0296100899656184,-1.0158384116831791,At-Risk / Inactive
user_0005,83,1,0.0,10,7,2,0.208,227.6,32,1,-1.5536844899470117,0.8613735244052564,-0.4029403836891014,At-Risk / Inactive
user_0006,87,1,0.0,10,4,1,0.588,57.5,26,1,-0.34231163660242386,0.9619560276562196,-0.3170300460456132,At-Risk / Inactive
user_0007,75,2,25.5,13,4,0,0.112,82.2,22,0,-0.5491099775949639,0.9079915002954047,2.041572039476557,Loyal Champions (VIPs)
user_0008,75,1,0.0,19,4,1,0.332,0.9,31,1,0.614686694685975,1.1110847588636465,0.3414645622675823,At-Risk / Inactive
user_0009,88,1,0.0,11,1,0,0.782,81.3,10,3,0.14318542417806862,0.9346264867216959,0.3812669198154557,Potential Loyalists
user_0010,24,2,0.0,13,2,2,0.437,516.5,12,3,-0.9569263668713845,-0.05108269351577628,-0.5774123437152272,Potential Loyalists
user_0011,3,1,0.0,21,0,0,0.628,39.1,28,3,1.2341414625677136,0.9636747225515218,-0.8855795282147944,Potential Loyalists
user_0012,22,1,0.0,8,3,0,0.647,60.4,6,2,1.2152929421038523,0.23696651290764165,0.04758256267735142,Cart Abandoners / Window Shoppers
user_0013,53,3,25.5,8,4,2,0.844,139.5,20,0,0.04802655423225815,-0.33486251326481503,0.24222391674633723,Loyal Champions (VIPs)
user_0014,2,2,0.0,4,4,1,0.325,202.4,5,2,0.9490396035660666,-1.5891515871689597,-1.0362298707255264,Cart Abandoners / Window Shoppers
user_0015,88,1,0.0,15,6,2,0.687,64.8,23,1,-0.16885128476844707,1.0773718881218846,-0.5498911325871705,At-Risk / Inactive
user_0016,30,4,0.0,11,2,0,0.962,44.5,9,2,1.2821435913027603,0.38147362473288726,0.07551409021528492,Cart Abandoners / Window Shoppers
user_0017,38,1,0.0,11,2,2,0.73,333.3,29,1,-0.7860001969839114,0.6445683576893324,-1.2392003361521087,At-Risk / Inactive
user_0018,2,3,0.0,1,1,0,0.49,135.7,16,3,0.7051135672028817,-1.6841708890088256,-1.358346816927173,Potential Loyalists
user_0019,64,2,0.0,17,1,2,0.631,15.2,22,3,-0.20711265552834004,0.3064320376799368,-0.23924468778979516,Potential Loyalists
user_0020,60,12,0.0,15,4,3,0.74,8.6,8,2,0.5222386408068738,-0.9503758082016736,0.23567287602664783,Cart Abandoners / Window Shoppers
user_0021,21,3,0.0,20,2,3,0.612,79.3,20,1,-0.21416065336020895,0.07931425511791618,-0.8533373256105743,At-Risk / Inactive
user_0022,33,3,0.0,6,0,2,0.017,29.8,14,3,-1.5252334171063708,-1.5489536686174767,0.14016369061602385,Potential Loyalists
user_0023,76,3,0.0,24,3,1,0.195,35.2,39,1,-1.050379636298108,1.3267971258792426,0.4559469792526469,At-Risk / Inactive
user_0024,58,1,0.0,22,7,0,0.81,252.1,37,1,0.26324771839079025,2.7743612253167953,-0.335244484381445,At-Risk / Inactive
user_0025,22,1,59.9,15,2,3,0.273,11.3,34,0,0.17681258413211248,-0.4204289249098299,0.6353629024377869,Loyal Champions (VIPs)
user_0026,89,3,0.0,9,6,1,0.732,150.8,11,1,-0.1596095854324419,0.38566415714001534,-0.03450122301890636,At-Risk / Inactive
user_0027,49,1,0.0,14,7,0,0.372,38.0,33,1,0.2800591213226238,1.8735197065232942,0.16821885332473324,At-Risk / Inactive
user_0028,59,3,25.5,18,2,3,0.522,171.4,31,0,-1.0801506451654475,0.10016556066243221,0.547125893380944,Loyal Champions (VIPs)
user_0029,42,1,0.0,17,5,3,0.068,153.8,34,1,-1.513447430782207,0.7597376226761093,-0.5275628210709938,At-Risk / Inactive
user_0030,60,2,59.9,18,1,2,0.181,0.9,7,0,0.655667642374474,-1.1900548272151195,2.376543782189209,Loyal Champions (VIPs)
user_0031,80,1,0.0,5,6,0,0.957,85.4,23,1,0.6605928875095737,1.211379916021646,-0.5223999684757266,At-Risk / Inactive
user_0032,15,1,120.0,20,3,1,0.89,18.0,7,0,2.4437105934750276,-0.1655775521749357,1.1650937801283756,Loyal Champions (VIPs)
user_0033,62,2,0.0,20,4,1,0.652,241.4,25,1,-0.5611856651598585,1.4779349662199974,-0.2947333655802704,At-Risk / Inactive
user_0034,62,2,0.0,9,6,1,0.46,246.3,3,2,-0.1329282639319229,-0.2625485000685343,0.48550357260593363,Cart Abandoners / Window Shoppers
user_0035,47,2,0.0,11,2,0,0.676,65.0,38,1,-0.006338981693407117,1.4032640272412555,-0.20064222674799922,At-Risk / Inactive
user_0036,62,1,120.0,24,4,1,0.619,70.5,20,0,0.4848102950496407,0.9700579426959159,1.5676008430871429,Loyal Champions (VIPs)
user_0037,51,1,25.5,22,2,1,0.569,43.4,34,0,0.09222572643507737,1.075505234327758,0.8247984891632709,Loyal Champions (VIPs)
user_0038,55,3,0.0,1,4,1,0.059,151.3,30,1,-1.835940854726993,-1.1188276420595715,-0.4047512531499917,At-Risk / Inactive
user_0039,64,1,0.0,18,3,2,0.633,53.3,17,1,-0.14377387912277728,0.7673262454648098,-0.3854833667855888,At-Risk / Inactive
user_0040,3,2,120.0,6,1,2,0.769,37.4,10,0,1.8133924321092512,-2.089689309163328,0.032408850923140366,Loyal Champions (VIPs)
user_0041,51,2,0.0,2,3,0,0.994,67.9,35,1,0.4387782730749083,0.3015682963760596,-0.9918965320057801,At-Risk / Inactive
user_0042,7,3,25.5,15,5,0,0.011,11.5,20,0,1.2995726217188048,0.14732289201137283,1.525728013656016,Loyal Champions (VIPs)
user_0043,21,2,25.5,21,0,1,0.73,164.7,18,3,-0.032154357464996806,0.14040616645806814,0.6036964855111073,Potential Loyalists
user_0044,73,3,0.0,14,1,2,0.572,1.5,27,3,0.15951417862665762,-0.07992654615095351,-0.014110089615065958,Potential Loyalists
user_0045,39,5,0.0,5,3,3,0.434,124.1,36,1,-1.3785274558799583,-0.7600905724101721,-0.99860184699334,At-Risk / Inactive
user_0046,18,1,0.0,6,5,3,0.128,24.2,23,1,-0.2763038866303156,-0.7116496514067093,-0.9423876546313051,At-Risk / Inactive
user_0047,4,1,0.0,6,0,1,0.409,31.7,32,3,0.23084098923880242,-0.7089757748862909,-1.4306825898930329,Potential Loyalists
user_0048,89,1,59.9,22,5,1,0.354,121.2,10,0,-0.11176242143228206,0.6925186042333197,1.9871676512805863,Loyal Champions (VIPs)
user_0049,60,1,0.0,18,2,2,0.303,594.5,11,3,-1.5630878576769132,0.5369254477916041,-0.03951326780059071,Potential Loyalists
user_0050,14,2,59.9,14,7,2,0.731,180.5,38,0,0.6543012364262781,0.37340077295765,-0.12051803081339671,Loyal Champions (VIPs)
user_0051,9,4,0.0,10,2,2,0.701,30.7,6,2,1.1460282881159516,-1.259796052806488,-0.6824187377679636,Cart Abandoners / Window Shoppers
user_0052,53,1,350.0,14,4,0,0.589,23.2,34,0,1.1052193382258875,1.0741271518491127,2.0706944171919424,Loyal Champions (VIPs)
user_0053,2,1,0.0,13,1,0,0.939,241.4,36,3,1.4123473531141233,1.174617704626467,-1.8276584025791618,Potential Loyalists
user_0054,84,1,0.0,3,2,1,0.35,70.5,37,3,-1.3369610476207574,-0.06870327673051162,-0.5382889257259629,Potential Loyalists
user_0055,60,3,0.0,6,6,0,0.244,17.7,17,1,0.14374639166943748,0.3426756140055591,0.711170448452759,At-Risk / Inactive
user_0056,71,2,0.0,8,5,2,0.656,237.8,12,1,-0.6050630915986724,0.02380820907296937,-0.5043917950267507,At-Risk / Inactive
user_0057,44,1,0.0,12,1,2,0.199,203.2,21,3,-1.6550805189918316,0.15258223086111908,-0.3302985925951744,Potential Loyalists
user_0058,8,4,25.5,13,7,0,0.315,495.5,19,0,0.4557117324031244,0.5493176642146109,0.9333160000018037,Loyal Champions (VIPs)
user_0059,47,3,0.0,11,6,3,0.225,288.6,3,2,-0.8408121449180035,-0.9590565765670792,0.31399150540399523,Cart Abandoners / Window Shoppers
user_0060,35,1,0.0,12,2,1,0.069,229.1,18,3,-1.3483326878198296,0.4592328698622512,0.02846896933659709,Potential Loyalists
user_0061,78,2,0.0,1,4,3,0.827,6.5,19,1,0.3186207089224181,-1.7445902414403804,-1.2490541882779767,At-Risk / Inactive
user_0062,81,3,0.0,17,3,1,0.255,13.2,6,2,-0.0043272062517331605,-0.0414655076860937,1.1563942378293524,Cart Abandoners / Window Shoppers
user_0063,36,1,0.0,16,4,3,0.473,101.0,16,1,-0.3886282652197537,0.3271969054607449,-0.7136656528833234,At-Risk / Inactive
user_0064,50,1,890.0,11,6,0,0.043,91.0,8,0,0.4224278269565658,-0.01959133291739817,3.400177560573423,Loyal Champions (VIPs)
user_0065,4,1,350.0,13,0,1,0.699,73.5,18,0,1.2838495878577778,-0.8665991986479548,0.7075849333734637,Loyal Champions (VIPs)
user_0066,2,1,120.0,18,2,1,0.331,60.7,39,0,1.1735537875659394,0.05625840013396246,0.265829787798655,Loyal Champions (VIPs)
user_0067,6,3,25.5,11,6,1,0.745,67.7,12,0,1.8572105658484,-0.4668236722494071,0.11002838855316967,Loyal Champions (VIPs)
user_0068,54,4,0.0,12,0,2,0.412,101.1,10,3,-1.3915129341088475,-0.8246164030995927,0.20067608623290414,Potential Loyalists
user_0069,4,1,0.0,6,0,2,0.196,0.2,7,3,1.4500886589559665,-2.3154822055966493,-0.5408945657174756,Potential Loyalists
user_0070,54,1,0.0,9,5,3,0.513,36.2,1,2,0.6765122948179058,-1.3368328427203393,0.255501386477467,Cart Abandoners / Window Shoppers
user_0071,63,1,25.5,16,1,0,0.131,87.6,36,0,-0.9424722015785925,1.20587230169955,1.7242422192332334,Loyal Champions (VIPs)
user_0072,18,1,0.0,4,5,2,0.441,153.7,21,1,-0.2903468385506297,-0.5022343404653814,-1.344980563827616,At-Risk / Inactive
user_0073,44,3,0.0,3,2,1,0.317,23.0,37,3,-0.7853271669302087,-0.6568907406594175,-0.4624330239850588,Potential Loyalists
user_0074,34,1,0.0,16,0,2,0.912,95.0,24,3,-0.3334226105258858,0.41424927530018524,-1.1244272969057532,Potential Loyalists
user_0075,74,1,0.0,24,7,0,0.061,150.4,25,1,-0.8101939608111862,2.309935346499276,0.8777483905092268,At-Risk / Inactive
user_0076,62,1,59.9,12,6,2,0.694,70.6,7,0,0.7737068490395012,-0.317301369150487,1.152541996148203,Loyal Champions (VIPs)
user_0077,14,2,25.5,11,3,1,0.183,3.3,17,0,1.189524046563306,-0.7125649511303509,1.1266468556146483,Loyal Champions (VIPs)
user_0078,48,1,0.0,5,0,3,0.319,71.6,29,3,-1.8140197231522488,-0.9277534087759918,-0.8965634230105042,Potential Loyalists
user_0079,15,3,350.0,18,6,1,0.416,42.2,30,0,0.9859127948107539,0.14831315666100617,1.565565568751903,Loyal Champions (VIPs)
user_0080,72,1,0.0,19,7,0,0.908,318.5,7,1,0.8090759370254251,1.8684566943310486,0.266182812111508,At-Risk / Inactive
user_0081,78,3,0.0,23,3,3,0.243,16.0,33,1,-0.994636454093797,0.5473365973830079,0.06921398224752738,At-Risk / Inactive
user_0082,87,2,0.0,23,5,2,0.091,126.8,7,2,-1.119051634745269,0.4102271887443976,0.8399897426165011,Cart Abandoners / Window Shoppers
user_0083,62,1,0.0,6,5,2,0.319,6.5,24,1,-0.010760558468067593,-0.212220976699849,-0.37252238881492866,At-Risk / Inactive
user_0084,40,1,0.0,22,1,2,0.105,70.9,11,3,-1.051634392377545,0.17275478318809512,0.29235267228371814,Potential Loyalists
user_0085,85,4,120.0,18,6,3,0.129,96.9,9,0,-0.8032960210470309,-0.7082110836998892,2.276465764906699,Loyal Champions (VIPs)
user_0086,80,4,0.0,6,0,1,0.574,42.5,12,3,-0.9512762903970349,-0.9019154165662543,0.23943091939915537,Potential Loyalists
user_0087,82,1,59.9,4,4,3,0.061,72.9,35,0,-1.5158478538370403,-0.9356504844687026,0.8361880921638732,Loyal Champions (VIPs)
user_0088,53,1,0.0,12,5,3,0.031,21.4,4,2,-0.2697023529174576,-0.8334072157385342,0.5332023733556249,Cart Abandoners / Window Shoppers
user_0089,24,4,0.0,19,5,0,0.714,43.5,36,1,0.8770168427246828,1.6913748984486654,-0.17494928745306093,At-Risk / Inactive
user_0090,26,2,0.0,2,1,3,0.362,116.5,28,3,-1.4512027519393877,-1.6155792391038233,-1.3784481914648061,Potential Loyalists
user_0091,89,1,0.0,17,3,2,0.125,43.1,13,1,-1.0328683006838788,0.40357631132059135,0.4542247482485133,At-Risk / Inactive
user_0092,60,4,0.0,11,1,1,0.254,276.0,23,3,-1.8783887964668673,0.19248580051351732,0.1996757300197247,Potential Loyalists
user_0093,41,1,59.9,11,7,1,0.642,118.8,19,0,0.6151666810368303,0.46202731103947375,0.8256844359254029,Loyal Champions (VIPs)
user_0094,29,2,0.0,21,0,1,0.276,69.3,37,3,-1.2346816428375913,0.7178871649163916,-0.12552171980480575,Potential Loyalists
user_0095,15,1,0.0,16,6,2,0.495,4.7,39,1,1.1715764768974297,0.6817251102775543,-1.0543765061539927,At-Risk / Inactive
user_0096,45,1,0.0,2,2,2,0.122,83.1,24,3,-1.5474958052908327,-1.1521866088393966,-0.7339903749578165,Potential Loyalists
user_0097,65,1,0.0,2,2,2,0.588,173.7,16,3,-1.065529173256128,-1.0067357169083992,-1.0126609835274483,Potential Loyalists
user_0098,89,3,0.0,23,6,2,0.316,37.0,33,1,-0.832953827873189,1.1341771404048708,0.1307327972916999,At-Risk / Inactive
user_0099,71,1,0.0,8,3,2,0.627,197.3,12,1,-0.687324354888252,0.03269602113468545,-0.5562560867617858,At-Risk / Inactive
user_0100,9,1,0.0,13,7,3,0.808,34.8,34,1,1.212895281299731,0.4468354059541956,-1.9849251467402516,At-Risk / Inactive
user_0101,88,1,0.0,10,5,2,0.612,208.3,7,1,-0.4408265822359965,0.133144416216803,-0.19322964869371692,At-Risk / Inactive
user_0102,1,2,0.0,8,3,2,0.296,10.7,11,2,1.707882497254402,-1.473135448571744,-1.2960169302564313,Cart Abandoners / Window Shoppers
user_0103,8,8,0.0,4,5,2,0.256,241.4,31,1,-0.8439830330742767,-1.1631702066749738,-1.1885881727910212,At-Risk / Inactive
user_0104,88,1,0.0,15,5,2,0.327,83.0,29,1,-1.042497225441863,1.021338731175141,-0.24314565302491778,At-Risk / Inactive
user_0105,63,2,0.0,1,2,1,0.165,42.2,13,3,-1.119921496482508,-1.6789311706175798,-0.06774047064949777,Potential Loyalists
user_0106,11,4,59.9,11,3,2,0.181,37.0,31,0,0.0208770261164118,-0.8770980327788654,0.7689605967923433,Loyal Champions (VIPs)
user_0107,81,2,0.0,7,7,3,0.791,67.9,2,2,0.5630215000286232,-1.1187200529090844,-0.09727295742405667,Cart Abandoners / Window Shoppers
user_0108,8,1,0.0,17,1,3,0.385,835.0,39,3,-1.3159041595799645,0.41789686526868985,-1.7031283911257409,Potential Loyalists
user_0109,35,1,0.0,20,5,3,0.436,29.9,15,1,0.15461160544594627,0.4042777746277572,-0.49125121646151787,At-Risk / Inactive
user_0110,35,1,890.0,24,4,0,0.594,13.1,11,0,2.116853827703436,0.68375696002248,2.915729922149747,Loyal Champions (VIPs)
user_0111,33,1,0.0,18,4,1,0.59,105.5,34,1,-0.06299436722708326,1.4747067943078689,-0.7065605466684677,At-Risk / Inactive
user_0112,5,1,0.0,22,1,2,0.067,80.5,39,3,-0.5806316363533228,0.41285089155845384,-1.0293665138844843,Potential Loyalists
user_0113,41,3,59.9,22,4,0,0.832,89.1,4,0,1.6697875071408292,0.46310921274651307,2.1745974382932887,Loyal Champions (VIPs)
user_0114,28,1,0.0,12,0,2,0.177,131.9,11,3,-1.38258299304537,-0.5890363244586774,-0.14500795646018697,Potential Loyalists
user_0115,7,1,0.0,9,5,0,0.723,37.3,29,1,1.745962866051276,1.0453491960385835,-1.0850471073772858,At-Risk / Inactive
user_0116,73,2,0.0,5,1,0,0.773,289.8,2,2,0.059670087664250936,-0.5570090051662508,0.6707939496664774,Cart Abandoners / Window Shoppers
user_0117,72,1,0.0,10,3,3,0.715,68.7,16,1,-0.36822049450965233,0.05909449449777061,-0.8062939335286277,At-Risk / Inactive
user_0118,12,3,350.0,4,5,3,0.579,16.6,39,0,0.9908703288634958,-1.693626093716194,0.34198714206602704,Loyal Champions (VIPs)
user_0119,34,2,0.0,5,1,0,0.015,162.7,13,3,-1.2209312417695757,-0.2428313259550505,0.596546076453723,Potential Loyalists
user_0120,33,1,0.0,10,2,3,0.36,123.6,37,3,-1.2304937743724553,0.15109943860218955,-1.1108199873483853,Potential Loyalists
user_0121,48,3,0.0,11,7,0,0.605,45.5,17,1,0.6886458306394021,1.1054643142925344,0.2952326865963809,At-Risk / Inactive
user_0122,23,2,0.0,21,3,1,0.387,116.6,21,1,-0.252858622808659,0.9330514182417705,-0.2334128374518326,At-Risk / Inactive
user_0123,62,2,0.0,24,7,3,0.863,29.8,19,1,0.5764092657395509,0.9308860875979308,-0.6789505298049965,At-Risk / Inactive
user_0124,88,1,25.5,10,2,3,0.309,70.6,7,0,-0.729071359824332,-0.9988848652383172,1.2537663477900058,Loyal Champions (VIPs)
user_0125,37,1,0.0,8,5,3,0.294,275.6,38,1,-1.4215789604286393,0.2960048030128625,-1.1764245923272647,At-Risk / Inactive
user_0126,44,3,0.0,2,3,1,0.266,17.2,8,2,-0.12145313913114451,-1.7066838298174045,0.14548281196603238,Cart Abandoners / Window Shoppers
user_0127,86,1,0.0,23,7,0,0.333,58.7,13,1,0.16370894555770396,1.9699822884471654,0.9668704195377389,At-Risk / Inactive
user_0128,35,1,0.0,8,4,2,0.557,206.5,37,1,-0.7566356684527938,0.5360298583869514,-1.2643360784701518,At-Risk / Inactive
user_0129,65,1,0.0,16,7,3,0.707,418.8,2,2,0.05665077206051624,-0.11409938325326263,-0.11803517970555683,Cart Abandoners / Window Shoppers
user_0130,47,3,0.0,22,1,0,0.663,72.6,11,3,0.23128896851109976,1.0865630159675788,0.6626296186554916,Potential Loyalists
user_0131,78,1,120.0,5,5,1,0.808,84.9,24,0,0.41987884339586456,-0.06840385346320302,0.8557532995805655,Loyal Champions (VIPs)
user_0132,3,4,0.0,3,0,2,0.886,101.9,6,3,0.8513994897565554,-2.601237790865186,-1.6688215587701318,Potential Loyalists
user_0133,1,2,0.0,12,7,3,0.816,323.2,26,1,1.2738403145246329,-0.08355185810680055,-2.6560331716735694,At-Risk / Inactive
user_0134,5,3,0.0,13,3,1,0.019,234.4,7,2,-0.13559048806098012,-0.6088888785991462,-0.07334701439195877,Cart Abandoners / Window Shoppers
user_0135,14,8,0.0,13,3,1,0.736,22.4,39,1,0.6786133258319823,0.2253262145900153,-0.7783703318349723,At-Risk / Inactive
user_0136,27,3,25.5,10,6,2,0.208,68.9,19,0,-0.22260757067021594,-0.561771119289914,0.830313874567174,Loyal Champions (VIPs)
user_0137,9,4,0.0,4,7,0,0.133,74.8,6,2,0.737932248613704,-0.8860514608170942,0.31339393058513565,Cart Abandoners / Window Shoppers
user_0138,79,1,0.0,9,5,3,0.638,186.8,29,1,-0.9691982208908024,0.5267438102375672,-1.072119657567191,At-Risk / Inactive
user_0139,15,2,0.0,22,5,3,0.32,110.8,39,1,-0.5173227154630131,0.7342207161911243,-1.0643181447947887,At-Risk / Inactive
user_0140,42,1,0.0,24,2,0,0.057,127.4,2,2,-0.07791437918741488,0.5914472857087263,1.676167694732764,Cart Abandoners / Window Shoppers
user_0141,77,1,0.0,23,6,0,0.138,758.4,19,1,-1.27507299606351,2.292275859978232,0.7762757456521399,At-Risk / Inactive
user_0142,51,2,0.0,2,7,0,0.001,9.4,4,2,0.5230494470381745,-1.2263675284877291,1.1596180561693588,Cart Abandoners / Window Shoppers
user_0143,63,2,59.9,19,4,2,0.903,30.3,6,0,1.3101659672750092,-0.2749291992632796,1.339414788719466,Loyal Champions (VIPs)
user_0144,52,1,0.0,1,2,2,0.025,62.9,37,3,-1.9123636127192234,-1.3371610914827294,-0.8609403595686362,Potential Loyalists
user_0145,4,2,0.0,7,6,3,0.209,51.3,28,1,0.24828571828798784,-0.7992848525256261,-1.5915634386268427,At-Risk / Inactive
user_0146,23,4,0.0,17,7,2,0.416,2.6,30,1,0.9577186294668757,0.23780190559596862,-0.34138644536847085,At-Risk / Inactive
user_0147,15,2,25.5,3,7,1,0.357,11.6,7,2,1.5207430257056966,-1.7747326200228997,0.8050337841552948,Cart Abandoners / Window Shoppers
user_0148,43,3,0.0,20,2,3,0.912,137.1,9,1,0.008243314340351578,0.0052340699068981564,-0.6230392573297031,At-Risk / Inactive
user_0149,29,3,59.9,20,4,2,0.04,253.8,25,0,-1.1231666018936888,0.0675863739828972,1.359343787603053,Loyal Champions (VIPs)
user_0150,36,8,0.0,21,6,0,0.512,86.6,33,1,0.04947709375791789,1.6003625309752134,0.4111691509661492,At-Risk / Inactive
user_0151,13,2,0.0,3,7,1,0.68,93.0,1,2,1.624947940766218,-1.8396284927344662,-0.33977150022407376,Cart Abandoners / Window Shoppers
user_0152,32,3,59.9,3,7,0,0.932,35.3,6,0,2.142198341865677,-0.9549897746397267,1.262452227148724,Loyal Champions (VIPs)
user_0153,71,5,0.0,17,6,3,0.62,175.3,18,1,-0.819546030156414,0.3484091930646114,-0.357005601721008,At-Risk / Inactive
user_0154,59,5,0.0,7,0,0,0.804,167.2,10,3,-0.49979698509976883,-0.18176225396553947,0.36912376230166266,Potential Loyalists
user_0155,86,1,0.0,14,2,2,0.084,106.5,28,3,-1.8660053341388594,0.6184512579628703,0.042000330511317414,Potential Loyalists
user_0156,28,1,25.5,17,2,2,0.386,28.7,11,0,0.4145009924658886,-0.3743339767122396,0.9423593340071438,Loyal Champions (VIPs)
user_0157,66,1,0.0,18,3,3,0.374,12.2,33,1,-0.4673353677367955,0.6258931792249075,-0.4253647264275011,At-Risk / Inactive
user_0158,42,1,0.0,13,4,0,0.886,8.0,1,2,2.668424177293628,0.058937922154526694,0.8965181137052562,Cart Abandoners / Window Shoppers
user_0159,45,2,0.0,20,1,3,0.151,107.8,13,3,-1.5003759585549683,-0.16084777615480314,0.08525046574978454,Potential Loyalists
user_0160,62,3,0.0,20,0,0,0.152,209.2,37,3,-1.982226361924924,1.3745777757439952,0.7793147598324529,Potential Loyalists
user_0161,57,3,0.0,21,6,1,0.329,234.5,20,1,-0.8788810669959429,1.2240748840539386,0.22718094519800544,At-Risk / Inactive
user_0162,6,1,25.5,18,6,2,0.054,74.7,1,2,1.3609323523813404,-1.4293136849189414,1.4039634920484536,Cart Abandoners / Window Shoppers
user_0163,28,4,25.5,4,6,3,0.182,184.0,3,2,-0.3488492063424499,-2.473880746208806,1.1139422971602109,Cart Abandoners / Window Shoppers
user_0164,28,2,25.5,1,0,1,0.965,352.2,18,3,-0.4274967394216228,-1.8885273653988617,-0.43149759104369284,Potential Loyalists
user_0165,44,3,0.0,18,7,1,0.428,38.6,14,1,0.27466146380850576,0.730292637271169,0.24973891949530655,At-Risk / Inactive
user_0166,84,4,0.0,1,6,3,0.632,60.9,31,1,-0.9904353912993209,-1.4284346675832937,-1.244325896198806,At-Risk / Inactive
user_0167,30,2,25.5,13,6,3,0.726,321.7,27,0,-0.13787147230520372,0.15623289502238366,-0.20944083898473945,Loyal Champions (VIPs)
user_0168,62,1,0.0,20,4,1,0.367,49.5,17,1,-0.231582617860197,1.1546547392810844,0.20933347324854487,At-Risk / Inactive
user_0169,75,3,25.5,20,5,0,0.147,294.2,29,0,-0.9846559520052606,1.5312505076755996,1.9896157491504274,Loyal Champions (VIPs)
user_0170,89,1,25.5,23,5,1,0.207,475.9,36,0,-1.4195449712321984,1.6106182553040331,1.222670855583235,Loyal Champions (VIPs)
user_0171,62,1,0.0,10,3,3,0.313,130.1,37,1,-1.5325587513872112,0.3774516490702611,-0.8144138233016831,At-Risk / Inactive
user_0172,1,3,0.0,11,3,1,0.636,203.7,26,1,1.0910602702300898,-0.06035598960310189,-1.8388681161268805,At-Risk / Inactive
user_0173,27,1,0.0,9,6,0,0.398,166.1,17,1,0.213145753438284,1.1135180920490841,-0.08270346233290259,At-Risk / Inactive
user_0174,62,3,0.0,9,4,2,0.007,144.3,22,1,-1.819851054658719,-0.10845171494350461,0.11712712630975615,At-Risk / Inactive
user_0175,77,1,0.0,5,6,2,0.523,44.0,25,1,-0.41736752913751624,0.04855334523771098,-0.7519166260908818,At-Risk / Inactive
user_0176,3,4,25.5,1,3,1,0.922,7.1,2,2,3.2583826623313876,-3.5806037462464317,-0.005070242177051599,Cart Abandoners / Window Shoppers
user_0177,70,1,0.0,17,0,0,0.812,50.4,22,3,-0.05250326778585271,1.4135515233339175,0.14196530583164454,Potential Loyalists
user_0178,72,8,0.0,22,0,2,0.825,131.9,5,3,-0.7379647614218047,-0.6167422865258595,0.4645314882280169,Potential Loyalists
user_0179,27,3,0.0,2,7,1,0.795,13.0,4,2,1.7044615619822487,-1.7123306494041577,-0.4283367477072076,Cart Abandoners / Window Shoppers
user_0180,9,1,0.0,24,1,1,0.324,1.4,36,3,1.1672262813062648,0.6441693319398205,-0.4695889068543404,Potential Loyalists
user_0181,62,2,0.0,13,5,0,0.765,18.1,6,2,1.480007552369553,0.7735851331655287,0.6934321011622928,Cart Abandoners / Window Shoppers
user_0182,37,8,0.0,9,4,3,0.143,150.9,21,1,-1.6320525767791056,-0.7940503072905751,-0.1826937777795003,At-Risk / Inactive
user_0183,51,1,0.0,4,2,1,0.658,432.5,13,3,-0.796886440402489,-0.2121589456972912,-0.7420411219382758,Potential Loyalists
user_0184,44,1,0.0,5,5,3,0.642,489.4,37,1,-1.1798306275651231,0.14892762276911986,-1.6839080659339285,At-Risk / Inactive
user_0185,24,1,0.0,11,2,3,0.026,81.7,25,3,-1.3258455842993655,-0.24429341172475652,-0.6209126023755556,Potential Loyalists
user_0186,79,2,0.0,24,1,2,0.788,244.2,26,3,-1.0869495830360874,1.11996385593973,-0.5272272926612686,Potential Loyalists
user_0187,59,3,59.9,19,1,3,0.903,160.2,39,0,-0.5873085119261112,0.19477544553273204,0.346297854386216,Loyal Champions (VIPs)
user_0188,32,2,0.0,21,6,0,0.267,83.4,20,1,0.12716585584305284,1.6769003222330894,0.5236024284631211,At-Risk / Inactive
user_0189,88,1,0.0,3,3,2,0.812,102.0,33,1,-0.7304075239425925,-0.1289526624126078,-1.3264011634889465,At-Risk / Inactive
user_0190,52,1,0.0,12,1,2,0.082,17.7,14,3,-0.8959926841872966,-0.33757376194469246,0.25203794873207863,Potential Loyalists
user_0191,62,2,0.0,19,1,2,0.6,333.0,36,3,-1.554205347992028,0.9841510474659853,-0.6534744632441044,Potential Loyalists
user_0192,58,1,0.0,19,2,1,0.486,52.1,17,1,-0.25625427683683033,0.9753992901435518,0.05252922230463048,At-Risk / Inactive
user_0193,52,1,0.0,13,3,1,0.546,70.9,21,1,-0.20507850798579796,0.884040982516739,-0.3164403366358424,At-Risk / Inactive
user_0194,12,4,0.0,7,1,3,0.926,133.6,16,3,0.11677874288858982,-1.1252621570002845,-1.628037402016506,Potential Loyalists
user_0195,39,2,0.0,15,5,2,0.871,48.8,16,1,0.66386458441339,0.5119824212499245,-0.7929146474407444,At-Risk / Inactive
user_0196,2,2,0.0,23,7,2,0.785,35.2,20,1,2.164816412922862,0.4448341693621173,-1.7442787053036963,At-Risk / Inactive
user_0197,3,3,0.0,7,1,0,0.274,119.7,29,3,0.2131858540782893,-0.08421876492723297,-0.755166172654573,Potential Loyalists
user_0198,56,2,0.0,8,7,3,0.912,3.0,28,1,1.187647903240454,-0.04917977189907594,-1.114332266743148,At-Risk / Inactive
user_0199,81,3,0.0,5,3,0,0.098,153.1,8,2,-1.0855739381177738,-0.1591010819148663,1.1131396210754447,Cart Abandoners / Window Shoppers
user_0200,59,1,0.0,21,6,3,0.853,86.6,24,1,0.11075712216037702,1.1690216186065285,-1.0387306603562323,At-Risk / Inactive
user_0201,2,1,0.0,14,4,3,0.328,111.7,3,2,1.2340325993558003,-1.2525196419704234,-1.0264229065572907,Cart Abandoners / Window Shoppers
user_0202,2,1,0.0,4,3,1,0.054,119.9,25,3,0.09370450371985117,-0.821549147636505,-1.440262821707583,Potential Loyalists
user_0203,54,1,350.0,23,2,1,0.669,89.9,19,0,0.4261991146289342,0.6145529786766164,1.8441696569492505,Loyal Champions (VIPs)
user_0204,87,3,0.0,10,4,0,0.231,104.8,33,1,-1.0681914766636922,1.2862835770126493,0.624002573305046,At-Risk / Inactive
user_0205,1,1,25.5,20,5,3,0.244,138.2,2,2,1.7821928396233129,-1.5428698365793299,0.26588666921235543,Cart Abandoners / Window Shoppers
user_0206,19,1,0.0,15,0,2,0.306,167.9,15,3,-1.126596151780188,-0.23129908662972193,-0.5312322068927452,Potential Loyalists
user_0207,2,1,0.0,18,7,1,0.064,156.0,22,1,0.5886264878613194,0.6463102335106162,-1.0073121354147643,At-Risk / Inactive
user_0208,53,1,0.0,20,7,2,0.177,244.5,10,1,-0.8702610901977953,0.7395501867656303,0.1458901593577748,At-Risk / Inactive
user_0209,44,3,0.0,13,7,0,0.005,25.2,18,1,-0.08361975034244606,0.9392926885582251,1.0332147458087155,At-Risk / Inactive
user_0210,32,1,0.0,8,3,1,0.445,61.5,22,1,-0.1527318346856106,0.320992910304073,-0.5592513309925741,At-Risk / Inactive
user_0211,70,2,0.0,9,7,1,0.084,354.3,27,1,-1.6743775031033934,0.7979229211011465,0.06959224829739805,At-Risk / Inactive
user_0212,32,1,0.0,16,6,3,0.683,60.6,13,1,0.46065893346791825,0.34226540715139037,-0.8963367381045891,At-Risk / Inactive
user_0213,68,2,25.5,19,7,0,0.236,16.0,33,0,0.442105145569865,1.491419879068354,1.913505292070744,Loyal Champions (VIPs)
user_0214,55,3,25.5,16,2,3,0.944,89.4,5,0,0.5610105981260611,-0.8635773888171465,0.7892473686770779,Loyal Champions (VIPs)
user_0215,75,1,0.0,7,5,1,0.871,13.9,26,1,0.7810190023645975,0.663900350077327,-0.7088707944784807,At-Risk / Inactive
user_0216,56,3,0.0,14,7,0,0.289,27.2,13,1,0.37934450437654266,1.016883484822818,0.9572057859895725,At-Risk / Inactive
user_0217,17,1,0.0,14,7,1,0.783,766.6,27,1,0.14305288513056036,1.4340631246644904,-1.381818716765898,At-Risk / Inactive
user_0218,38,1,0.0,4,4,0,0.803,93.5,14,1,0.7549949544530995,0.42763720928513943,-0.496740508365626,At-Risk / Inactive
user_0219,24,5,0.0,15,5,1,0.987,40.1,24,1,1.1017830100760249,0.6916870360187211,-0.7957985136967578,At-Risk / Inactive
user_0220,69,1,0.0,3,7,2,0.598,630.5,3,2,-0.5022906494308463,-1.0674565064322956,-0.4279682292825036,Cart Abandoners / Window Shoppers
user_0221,70,1,0.0,5,3,2,0.082,407.8,30,1,-2.293210504628688,-0.018672014791751772,-0.5159341338009552,At-Risk / Inactive
user_0222,86,3,890.0,1,1,3,0.647,69.7,35,0,-0.9829527549308169,-2.4944630298574806,1.082985939764717,Loyal Champions (VIPs)
user_0223,11,1,0.0,3,6,2,0.625,36.2,14,1,1.0034589890538983,-1.0601332378581463,-1.5463950559044373,At-Risk / Inactive
user_0224,16,3,0.0,15,3,1,0.638,218.7,12,1,0.22569214763190784,0.2990618017548302,-0.5114548937677246,At-Risk / Inactive
user_0225,73,1,120.0,24,0,1,0.307,150.9,28,0,-1.3081197703172436,0.5853567540561043,1.885190942105471,Loyal Champions (VIPs)
user_0226,59,4,0.0,8,3,2,0.86,139.4,29,1,-0.5765533967575313,0.1246579602060708,-0.9622142158056307,At-Risk / Inactive
user_0227,70,3,0.0,4,4,3,0.959,268.3,17,1,-0.6295299849347955,-0.6432372748401718,-1.310039676266294,At-Risk / Inactive
user_0228,80,2,350.0,2,4,2,0.218,140.3,21,0,-1.1416096538278944,-1.7176849386663324,1.568667949076607,Loyal Champions (VIPs)
user_0229,3,5,0.0,24,7,0,0.088,40.1,23,1,1.1210573554742687,0.9674066529336816,0.08370291421154918,At-Risk / Inactive
user_0230,20,1,0.0,24,3,0,0.195,142.0,20,1,-0.10504008993174523,1.707964507882985,0.31963985338426976,At-Risk / Inactive
user_0231,59,5,0.0,10,4,0,0.821,43.8,11,1,0.8002230293492324,0.5865720828257781,0.4380856398851919,At-Risk / Inactive
user_0232,36,1,0.0,4,1,2,0.677,170.9,34,3,-0.9810975372971605,-0.34482457210632483,-1.4846673920108138,Potential Loyalists
user_0233,19,1,0.0,3,5,2,0.636,116.0,10,1,0.3582295685683135,-1.0434327369728467,-1.2932991664204172,At-Risk / Inactive
user_0234,67,1,59.9,2,3,2,0.402,9.7,10,0,0.33555423300036563,-2.0345999462713507,1.0816881232775828,Loyal Champions (VIPs)
user_0235,19,2,25.5,17,6,0,0.578,86.3,6,0,1.6234647494799925,0.48170528445320654,1.520459304479714,Loyal Champions (VIPs)
user_0236,20,1,0.0,23,1,3,0.308,50.5,36,3,-0.785064070115634,0.5081375696546994,-0.878796200267482,Potential Loyalists
user_0237,71,3,59.9,21,7,1,0.477,47.8,24,0,0.23006924035841025,0.8122465177327821,1.6464819025601807,Loyal Champions (VIPs)
user_0238,52,3,0.0,24,5,2,0.793,110.6,12,1,0.17955780393691115,0.7726085602914577,-0.2921026873172202,At-Risk / Inactive
user_0239,33,5,0.0,20,6,3,0.981,46.7,23,1,0.6415744140335841,0.4709795072229904,-1.034622468760886,At-Risk / Inactive
user_0240,40,1,0.0,23,7,1,0.932,180.0,27,1,0.568730299417774,1.979960401531735,-0.9187432862811001,At-Risk / Inactive
user_0241,39,2,0.0,13,6,1,0.934,8.8,37,1,1.3361082401616176,1.0965542188723136,-0.8648667053690988,At-Risk / Inactive
user_0242,82,1,0.0,5,7,1,0.402,129.6,6,2,-0.2856626797580021,-0.2319446616125826,0.17009334814337135,Cart Abandoners / Window Shoppers
user_0243,1,1,120.0,21,6,3,0.469,198.8,1,2,2.411883416891092,-1.7258465774539407,0.6954089398706741,Cart Abandoners / Window Shoppers
user_0244,11,1,0.0,9,5,3,0.706,134.1,6,2,0.8705160413250969,-0.7498907730912755,-1.2861426830195066,Cart Abandoners / Window Shoppers
user_0245,57,1,0.0,22,1,0,0.922,82.5,22,3,0.4278854496603989,1.9374763071740095,-0.07167945450412434,Potential Loyalists
user_0246,89,3,0.0,6,6,3,0.142,360.2,24,1,-2.200884510010025,-0.290556270993071,-0.33741160744821863,At-Risk / Inactive
user_0247,50,2,59.9,5,6,3,0.304,42.8,25,0,-0.40869962763026546,-1.0769076929489991,0.7036235863486567,Loyal Champions (VIPs)
user_0248,23,1,59.9,10,2,3,0.139,2.3,15,0,0.6639244428547945,-1.4142299512014151,1.143020246175202,Loyal Champions (VIPs)
user_0249,31,1,25.5,8,3,1,0.612,67.9,26,0,0.3581376214768893,0.08861867825842212,0.30899851016360297,Loyal Champions (VIPs)
user_0250,42,1,0.0,7,5,2,0.306,4.0,8,2,0.7433081513341971,-0.8070854332408273,0.01363798098977749,Cart Abandoners / Window Shoppers
user_0251,7,1,0.0,7,7,0,0.326,369.3,24,1,0.3737668539665051,0.8996185139311873,-0.832290940315338,At-Risk / Inactive
user_0252,16,5,0.0,6,5,2,0.071,28.3,38,1,-0.6501182237492207,-0.7116778411543786,-0.6188354966248827,At-Risk / Inactive
user_0253,60,1,0.0,21,4,2,0.35,186.7,6,2,-0.575240212454846,0.4390684648453808,0.26467323388344305,Cart Abandoners / Window Shoppers
user_0254,2,1,0.0,20,7,3,0.862,178.8,35,1,1.4048667598669404,0.7671142986933736,-2.575730218496593,At-Risk / Inactive
user_0255,1,1,59.9,3,5,0,0.233,29.5,1,2,3.0284170257320735,-2.4334658225087584,1.2507663022171405,Cart Abandoners / Window Shoppers
user_0256,48,3,0.0,19,1,2,0.695,116.5,36,3,-0.9206547054652393,0.7265037902260629,-0.691611333756226,Potential Loyalists
user_0257,12,5,0.0,22,7,2,0.63,5.9,12,1,1.7502361666516502,-0.08551569569547414,-0.38201599660573443,At-Risk / Inactive
user_0258,69,3,0.0,15,7,0,0.863,79.3,38,1,0.47914944872556164,2.0746127747499807,-0.14474633610236048,At-Risk / Inactive
user_0259,37,2,0.0,4,5,3,0.132,1.8,11,2,0.3103897053638951,-1.6829031907129721,-0.1422110924157737,Cart Abandoners / Window Shoppers
user_0260,32,2,0.0,12,7,2,0.978,304.8,12,1,0.47563345360209436,0.45823037680052336,-1.12455281701125,At-Risk / Inactive
user_0261,9,1,0.0,6,2,1,0.583,448.0,39,3,-0.39415156898989173,0.29672246286425846,-1.713615574035652,Potential Loyalists
user_0262,19,5,0.0,19,3,2,0.995,30.2,7,2,1.4172647513073713,-0.3113479242362488,-0.543055527923579,Cart Abandoners / Window Shoppers
user_0263,48,3,25.5,4,7,1,0.912,28.0,11,0,1.3699250958002718,-0.8680047613896166,0.5514894829740812,Loyal Champions (VIPs)
user_0264,80,2,350.0,15,3,3,0.222,168.2,36,0,-1.4008585336536925,-0.13236590981550286,1.7064817283694216,Loyal Champions (VIPs)
user_0265,3,3,0.0,9,5,2,0.056,35.1,31,1,0.25387229025854385,-0.6243660659290369,-1.1536135459605674,At-Risk / Inactive
user_0266,20,3,0.0,5,6,0,0.256,270.5,33,1,-0.5330004793848042,0.6070017604405776,-0.3239983447611387,At-Risk / Inactive
user_0267,24,2,25.5,13,0,0,0.528,102.4,13,3,0.13113486942994518,0.020299673163235516,1.3810569168748341,Potential Loyalists
user_0268,54,8,0.0,23,0,2,0.172,51.8,18,3,-1.803200822491236,-0.36777299394183016,0.6839404587940536,Potential Loyalists
user_0269,33,4,0.0,18,6,3,0.167,214.6,24,1,-1.3277906352319993,0.2881705784640028,-0.3288808070130178,At-Risk / Inactive
user_0270,24,2,59.9,5,6,3,0.463,81.6,9,0,0.38500784701734436,-1.6500790572579502,0.5842317509191831,Loyal Champions (VIPs)
user_0271,75,2,0.0,16,6,0,0.033,291.2,31,1,-1.404056671191983,1.8978458869074362,0.7692738570029632,At-Risk / Inactive
user_0272,72,1,0.0,19,1,2,0.122,315.8,10,3,-1.8849358100305091,0.2913900284321554,0.38183264414984963,Potential Loyalists
user_0273,36,2,0.0,14,0,3,0.416,21.7,2,2,-0.11306229334108057,-1.7022003536757004,0.4309255685982688,Cart Abandoners / Window Shoppers
user_0274,38,1,0.0,16,6,0,0.063,0.3,38,1,1.0690615015744187,1.4654278105121143,0.7042793383305215,At-Risk / Inactive
user_0275,84,2,0.0,15,1,1,0.397,495.7,15,3,-1.7211422917539583,0.6637329574048906,0.24446955843001983,Potential Loyalists
user_0276,89,12,25.5,22,4,2,0.474,283.9,3,2,-0.6109331079862552,-0.8832138289461658,2.2488936313293055,Cart Abandoners / Window Shoppers
user_0277,25,2,0.0,4,7,1,0.451,6.8,31,1,0.794133331626226,-0.2687587540695662,-0.7499674980706418,At-Risk / Inactive
user_0278,18,1,0.0,7,1,1,0.869,214.8,6,3,0.5300388769369362,-0.5171873420688116,-0.8648728877455598,Potential Loyalists
user_0279,82,1,0.0,16,0,3,0.53,73.5,3,3,-0.8095899596794824,-0.8732909754754055,0.3299764959067377,Potential Loyalists
user_0280,66,1,0.0,24,5,3,0.468,36.0,11,1,-0.05949344903013724,0.5826602674209979,-0.09180161630824106,At-Risk / Inactive
user_0281,54,3,0.0,22,4,3,0.411,253.2,15,1,-1.138476375333034,0.4342161113593404,-0.20708286090848615,At-Risk / Inactive
user_0282,35,1,59.9,21,0,2,0.818,26.3,28,0,0.32652416497995906,0.07173467323222789,0.5751559888355964,Loyal Champions (VIPs)
user_0283,80,1,0.0,22,7,1,0.895,353.2,10,1,0.23384043616991348,1.6195973881815633,-0.2427598774790346,At-Risk / Inactive
user_0284,61,1,25.5,21,1,2,0.853,27.6,38,0,0.20677635276871278,0.7263634741596203,0.29676139356458686,Loyal Champions (VIPs)
user_0285,41,3,25.5,8,2,3,0.674,114.1,7,0,-0.048279137344799675,-1.4614639416609114,0.6150347089567777,Loyal Champions (VIPs)
user_0286,33,3,0.0,17,3,1,0.137,30.3,15,1,-0.34570424299961866,0.26100374175208246,0.48214164036221435,At-Risk / Inactive
user_0287,68,1,0.0,16,7,2,0.277,94.7,18,1,-0.7185223428947296,0.8498490019490673,-0.0986266052185638,At-Risk / Inactive
user_0288,33,1,350.0,23,0,2,0.046,138.2,18,0,-1.254144190906805,-0.4753894894187298,2.1405244607953122,Loyal Champions (VIPs)
user_0289,14,2,0.0,10,6,0,0.931,25.3,24,1,1.973795201398315,1.0996071893904138,-0.7958232756746482,At-Risk / Inactive
user_0290,21,2,0.0,10,1,2,0.661,88.3,2,2,0.5031304420793635,-1.3785582453980887,-0.1469123974936724,Cart Abandoners / Window Shoppers
user_0291,48,2,0.0,2,6,3,0.746,76.0,20,1,-0.23942067374892073,-1.1107754404241097,-1.4639962182343138,At-Risk / Inactive
user_0292,20,1,0.0,9,6,2,0.312,8.8,34,1,0.47260429517903463,0.14312524332341753,-0.8937905995260389,At-Risk / Inactive
user_0293,8,2,0.0,17,6,1,0.846,204.7,26,1,1.018691683991555,1.0849296496121523,-1.425399389540016,At-Risk / Inactive
user_0294,7,1,120.0,11,6,2,0.26,49.1,7,0,1.3357394391399733,-1.1827855110049477,1.0209294618679656,Loyal Champions (VIPs)
user_0295,67,4,120.0,10,6,0,0.002,102.6,38,0,-0.8144222973647387,0.6330012342252377,2.4598068050928736,Loyal Champions (VIPs)
user_0296,17,2,0.0,22,4,1,0.376,86.8,30,1,-0.025336388510634317,1.1447729377282707,-0.4685759677801451,At-Risk / Inactive
user_0297,33,1,0.0,17,0,1,0.571,86.4,5,3,-0.1043489459436274,-0.16567565543349214,0.19259050484463314,Potential Loyalists
user_0298,48,1,0.0,4,7,0,0.479,13.6,11,1,1.0821985712834656,0.17102654124777217,0.20942798028076906,At-Risk / Inactive
user_0299,76,2,0.0,16,0,3,0.862,66.1,1,2,0.02478318921786069,-1.3337633405029126,0.35504842694069005,Cart Abandoners / Window Shoppers
user_0300,59,3,0.0,20,7,1,0.105,72.3,34,1,-0.9857458387512394,1.3016546848028148,0.35195753437465305,At-Risk / Inactive
user_0301,86,2,0.0,15,3,3,0.554,158.8,1,2,-0.2604809069947054,-0.9286221827204096,0.586991210259135,Cart Abandoners / Window Shoppers
user_0302,22,2,0.0,21,1,1,0.513,219.9,19,3,-0.538543732955405,0.7542122372447965,-0.36896199351423437,Potential Loyalists
user_0303,30,3,350.0,5,2,1,0.281,94.5,2,0,0.4200753547036238,-2.391397841783469,2.6314524543219333,Loyal Champions (VIPs)
user_0304,38,2,0.0,6,4,3,0.822,10.9,21,1,0.6749520540530172,-0.6161824896869985,-1.2010242125850534,At-Risk / Inactive
user_0305,51,1,0.0,17,1,1,0.753,32.4,20,3,0.18366273857734908,0.861668005922971,-0.3514568662083823,Potential Loyalists
user_0306,54,4,0.0,1,4,3,0.733,21.6,23,1,-0.24446466537160888,-1.8736401786910635,-1.312619480552912,At-Risk / Inactive
user_0307,8,1,25.5,19,7,0,0.876,16.0,21,0,2.917552505070757,1.231006319684751,0.368975019690441,Loyal Champions (VIPs)
user_0308,27,1,0.0,4,0,3,0.723,54.7,24,3,-0.6668660301863246,-1.186950226863034,-1.5624272214839308,Potential Loyalists
user_0309,27,12,0.0,17,6,0,0.232,31.3,4,2,0.7238570675738449,-0.14379255297376026,1.6003295024045954,Cart Abandoners / Window Shoppers
user_0310,21,1,0.0,9,3,1,0.706,29.6,12,1,1.026290308358736,0.03793104860117902,-0.6843543638977577,At-Risk / Inactive
user_0311,30,1,25.5,24,3,3,0.308,6.7,22,0,0.5394384665103933,-0.0025127050517760527,0.7905134037115397,Loyal Champions (VIPs)
user_0312,28,1,0.0,2,5,1,0.242,2.1,20,1,0.7593708144940514,-1.0781274046512819,-0.476153941771995,At-Risk / Inactive
user_0313,64,5,0.0,8,2,3,0.073,13.0,18,3,-1.2569053899012037,-1.1361031830837298,0.26770322765761,Potential Loyalists
user_0314,69,1,0.0,15,3,0,0.744,22.7,1,2,1.7065659526316248,0.26464921225097865,1.2442316753253189,Cart Abandoners / Window Shoppers
user_0315,61,1,0.0,7,6,0,0.711,67.7,30,1,0.4124764160887141,1.4368582969344306,-0.34706101773734327,At-Risk / Inactive
user_0316,48,1,0.0,6,0,3,0.234,85.7,33,3,-2.0529715166424847,-0.7277662154471696,-0.8164428174335825,Potential Loyalists
user_0317,19,1,59.9,1,2,0,0.749,18.2,24,0,1.4322967567808447,-1.1778175061929141,0.3586429816485645,Loyal Champions (VIPs)
user_0318,4,1,0.0,15,7,1,0.918,66.4,14,1,2.2455292546654233,0.6384215854928009,-1.5759258436963568,At-Risk / Inactive
user_0319,35,1,0.0,23,1,1,0.108,50.2,36,3,-1.067765824715632,1.1380957263655402,0.049502576439212596,Potential Loyalists
user_0320,64,2,0.0,7,7,2,0.233,24.3,5,2,-0.017362543178041107,-0.881902109592712,0.42320452053487173,Cart Abandoners / Window Shoppers
user_0321,49,1,25.5,17,6,0,0.75,0.8,11,0,2.7668999670870797,0.8383182717003815,1.682531228374149,Loyal Champions (VIPs)
user_0322,17,1,0.0,2,6,1,0.275,75.5,24,1,-0.12896258223939752,-0.6754987444067314,-1.0816767111234,At-Risk / Inactive
user_0323,44,1,0.0,9,3,3,0.625,138.9,31,1,-0.7817914364490607,0.2540047344166512,-1.2818467303300844,At-Risk / Inactive
user_0324,30,1,350.0,9,2,0,0.081,30.8,13,0,0.47833607637732,-0.33023873741825926,2.6990899992144772,Loyal Champions (VIPs)
user_0325,46,2,25.5,13,0,1,0.452,17.0,16,3,-0.11497121962088029,-0.5376482220729853,1.3380227047500746,Potential Loyalists
user_0326,6,3,0.0,6,7,0,0.739,261.7,24,1,1.1197366178352262,0.5763370872715432,-1.1696507821885793,At-Risk / Inactive
user_0327,37,1,0.0,6,5,3,0.687,38.6,13,1,0.3498787920785958,-0.5664940471100046,-1.0950078268171812,At-Risk / Inactive
user_0328,24,1,59.9,20,7,1,0.815,30.4,24,0,1.702459107334346,0.9317897988216777,0.6102834704799487,Loyal Champions (VIPs)
user_0329,46,1,0.0,20,4,2,0.877,233.5,26,1,-0.13371804316039812,1.3599217833671522,-1.092766833321627,At-Risk / Inactive
user_0330,53,4,25.5,21,4,2,0.773,203.9,2,2,0.6218547370113587,-0.6876416138743308,1.529009762609731,Cart Abandoners / Window Shoppers
user_0331,60,3,25.5,3,0,0,0.672,71.4,16,3,-0.300430599793821,-0.9557256886944757,1.2026098280416306,Potential Loyalists
user_0332,63,2,0.0,17,0,3,0.032,80.6,38,3,-2.522647582851497,0.034089578899601826,-0.07711867244196283,Potential Loyalists
user_0333,85,1,0.0,17,4,1,0.535,29.5,1,2,0.9047737242765839,-0.1564155322057284,1.1140967020503056,Cart Abandoners / Window Shoppers
user_0334,32,4,0.0,12,5,3,0.038,9.8,11,2,-0.2506415232318004,-0.9309244702992788,0.27294221190334833,Cart Abandoners / Window Shoppers
user_0335,87,1,0.0,16,2,1,0.808,102.2,35,1,-0.4608613974192134,1.5219464810462104,-0.5709973916388061,At-Risk / Inactive
user_0336,33,1,0.0,15,4,0,0.321,12.4,29,1,0.6432305860736314,1.4753186565389071,0.2604515977909627,At-Risk / Inactive
user_0337,67,1,120.0,13,0,1,0.562,71.6,37,0,-0.7346734970649981,0.20116883585554918,1.2998661875381077,Loyal Champions (VIPs)
user_0338,18,1,0.0,23,3,3,0.279,338.6,17,1,-0.8890998731780655,0.5018048181652575,-0.7719415375631382,At-Risk / Inactive
user_0339,25,5,25.5,1,1,3,0.783,366.5,39,0,-1.1657448119526423,-2.2277503068468985,-0.892822451718478,Loyal Champions (VIPs)
user_0340,54,3,0.0,17,5,0,0.887,32.8,28,1,0.9763639287648007,1.7797819001678443,-0.012136752317124343,At-Risk / Inactive
user_0341,58,1,0.0,3,6,3,0.399,117.4,29,1,-1.1093859634995429,-0.5151440596462552,-1.2053723558190788,At-Risk / Inactive
user_0342,67,2,0.0,15,5,1,0.863,77.1,3,2,0.9571019352763004,0.20001710089782893,0.31886191617171455,Cart Abandoners / Window Shoppers
user_0343,46,8,0.0,4,3,0,0.267,250.2,10,2,-0.9555802511265722,-0.5810582776360266,0.7372678367710549,Cart Abandoners / Window Shoppers
user_0344,24,4,0.0,4,3,1,0.535,38.0,14,1,0.20891906407430078,-0.965449551500694,-0.46761582504274213,At-Risk / Inactive
user_0345,32,2,0.0,18,6,3,0.859,0.4,12,1,2.151788291866598,-0.10684504218958614,-0.5772339469640558,At-Risk / Inactive
user_0346,47,4,25.5,17,7,0,0.326,21.3,30,0,0.6019438460889937,1.0956451726118324,1.7941082491793472,Loyal Champions (VIPs)
user_0347,86,8,0.0,19,0,1,0.954,51.6,32,3,-0.7323355498853096,0.5684453417825919,-0.06234237915027222,Potential Loyalists
user_0348,23,3,0.0,11,4,3,0.122,45.5,32,1,-0.9228871200899172,-0.2714063221681175,-0.6214099960560635,At-Risk / Inactive
user_0349,66,1,0.0,20,7,3,0.018,188.1,32,1,-1.7362914315888855,1.073554352460656,-0.23602689638055657,At-Risk / Inactive
user_0350,27,1,0.0,3,2,2,0.904,136.9,26,1,-0.09628387246558441,-0.555318934669398,-1.8326436800439954,At-Risk / Inactive
user_0351,2,3,0.0,8,5,3,0.069,42.7,1,2,1.2685623953422471,-2.595227407140492,-0.3058576079664628,Cart Abandoners / Window Shoppers
user_0352,17,1,0.0,14,6,1,0.992,73.4,2,2,2.1860408406004304,-0.048866018373783224,-0.4229082596438814,Cart Abandoners / Window Shoppers
user_0353,33,3,0.0,1,5,0,0.951,12.1,17,1,1.557160825748796,-0.7650776670025128,-0.7447698841750081,At-Risk / Inactive
user_0354,9,1,0.0,14,7,2,0.137,274.1,30,1,-0.513298324947887,0.6165641637436827,-1.1118301872321978,At-Risk / Inactive
user_0355,43,1,0.0,2,3,3,0.538,328.8,39,1,-1.5135027626069673,-0.712391183486987,-1.7728635533500892,At-Risk / Inactive
user_0356,48,1,25.5,23,4,3,0.185,468.3,7,0,-0.9691301539085838,-0.07217406671280112,1.2153328971966273,Loyal Champions (VIPs)
user_0357,39,1,0.0,4,5,3,0.428,243.5,27,1,-1.13271343802351,-0.39450962815248275,-1.3520122309021938,At-Risk / Inactive
user_0358,42,5,0.0,24,2,1,0.061,22.9,9,2,-0.4952665158284994,0.017279434181410182,1.1568698688929722,Cart Abandoners / Window Shoppers
user_0359,26,3,0.0,19,3,2,0.224,5.7,22,1,0.1808975067856719,0.03965439140014166,0.018304072031346895,At-Risk / Inactive
user_0360,50,3,0.0,6,2,1,0.363,104.0,34,3,-1.214507432115963,0.03595526267250638,-0.36324933400086873,Potential Loyalists
user_0361,25,2,59.9,1,4,2,0.439,292.5,1,2,0.286893934718085,-3.346722621054328,1.073708968741434,Cart Abandoners / Window Shoppers
user_0362,24,1,0.0,17,5,0,0.977,23.4,9,1,2.247529422521374,1.3016422981649538,-0.16686997998479927,At-Risk / Inactive
user_0363,13,2,0.0,8,1,1,0.808,0.8,20,3,1.904504795823968,-0.572265019756105,-0.832956651370166,Potential Loyalists
user_0364,60,2,0.0,19,7,1,0.737,196.5,19,1,-0.00446366509185506,1.450269370145129,-0.317340535119934,At-Risk / Inactive
user_0365,7,2,0.0,21,5,0,0.537,9.6,36,1,1.8602673079828913,1.5135006540117255,-0.45772335285692656,At-Risk / Inactive
user_0366,57,1,0.0,1,7,2,0.84,64.1,4,2,0.6854581738317819,-1.7814624351242871,-0.92738196384856,Cart Abandoners / Window Shoppers
user_0367,36,2,0.0,5,4,3,0.339,136.3,9,2,-0.774580777928307,-1.1719885521352216,-0.5765698789849404,Cart Abandoners / Window Shoppers
user_0368,45,1,59.9,16,5,0,0.709,32.4,22,0,1.3830998340128189,1.2795260244685096,1.4360871208537107,Loyal Champions (VIPs)
user_0369,20,12,0.0,6,7,3,0.994,10.5,18,1,1.2818440121086565,-1.2638528486779528,-1.1704984843912698,At-Risk / Inactive
user_0370,65,4,0.0,8,6,3,0.315,176.4,12,1,-1.2214187145762228,-0.5980374628961179,-0.16422522434048648,At-Risk / Inactive
user_0371,8,1,0.0,13,7,0,0.674,119.4,39,1,1.2395770224391547,1.757426816924352,-1.1073176352530651,At-Risk / Inactive
user_0372,16,2,0.0,16,5,2,0.844,535.7,9,1,0.4004851016194209,0.31319183888070545,-1.076081546462063,At-Risk / Inactive
user_0373,14,3,0.0,3,0,3,0.916,50.6,6,3,0.3435323203210417,-2.503498866293776,-1.342123752314787,Potential Loyalists
user_0374,76,1,0.0,19,5,0,0.718,7.7,19,1,1.3232049086476774,1.8338193044270883,0.43106000031505015,At-Risk / Inactive
user_0375,87,4,25.5,12,5,1,0.284,159.1,7,0,-0.5629896765872002,-0.3442971150407963,1.9735480860096173,Loyal Champions (VIPs)
user_0376,15,4,0.0,16,7,1,0.326,88.5,16,1,0.24088903172149603,0.400988363751174,-0.1680344799733091,At-Risk / Inactive
user_0377,66,1,25.5,11,2,1,0.021,28.8,5,0,-0.2615509125225099,-0.7735962466606227,2.165498716015275,Loyal Champions (VIPs)
user_0378,32,1,120.0,10,1,0,0.761,182.6,16,0,0.6087325972180381,0.3628184433057616,1.3798957898739574,Loyal Champions (VIPs)
user_0379,87,1,59.9,20,2,1,0.043,27.3,1,2,0.23389901671719945,-0.9044493881783012,3.2320773478466323,Cart Abandoners / Window Shoppers
user_0380,63,1,0.0,4,7,3,0.865,36.2,37,1,0.09510669298253206,-0.025240066012296156,-1.6484599889826983,At-Risk / Inactive
user_0381,86,1,0.0,12,2,1,0.119,11.7,39,1,-0.9368880383702751,0.7979045430474189,0.2669077484099312,At-Risk / Inactive
user_0382,51,4,0.0,23,3,1,0.172,61.2,19,1,-0.8673619446863531,0.7501038271829681,0.6313246329358436,At-Risk / Inactive
user_0383,25,1,350.0,2,0,3,0.477,65.1,37,0,-0.8126903848477357,-2.2546288023278724,0.38239486470126666,Loyal Champions (VIPs)
user_0384,58,1,0.0,24,2,1,0.738,86.7,17,1,0.024201178781175597,1.3514373337098304,-0.20747362099620512,At-Risk / Inactive
user_0385,63,5,0.0,22,6,3,0.139,148.1,26,1,-1.6224960547127616,0.5267571090600718,0.09271916341311914,At-Risk / Inactive
user_0386,62,3,0.0,19,4,1,0.44,283.9,22,1,-1.0116211567730355,1.1583607399443063,0.06431473391608482,At-Risk / Inactive
user_0387,22,1,0.0,5,6,3,0.483,17.8,8,2,0.7719829715042791,-1.1981999293300312,-0.8734882460703887,Cart Abandoners / Window Shoppers
user_0388,58,1,890.0,8,4,1,0.212,6.7,33,0,0.50160452570149,-0.4020557035298055,2.3469614636451848,Loyal Champions (VIPs)
user_0389,58,1,350.0,7,5,3,0.116,2.2,2,0,1.2308061235067975,-2.4547335909478267,2.7676617650214532,Loyal Champions (VIPs)
user_0390,86,2,0.0,14,3,0,0.836,18.6,30,1,0.6621918904488492,1.65896014696753,0.1332179071103053,At-Risk / Inactive
user_0391,49,1,0.0,24,0,3,0.502,128.7,20,3,-1.372476732539024,0.37085605746703615,-0.5070746866333334,Potential Loyalists
user_0392,52,2,0.0,23,6,1,0.014,156.0,18,1,-1.107015563800478,1.1755433140969582,0.5742510735860334,At-Risk / Inactive
user_0393,42,5,0.0,3,0,1,0.803,185.3,10,3,-0.8191804036903515,-1.4996093681684057,-0.481925836791717,Potential Loyalists
user_0394,70,1,0.0,18,6,2,0.981,33.5,24,1,0.7174000594711045,1.2701572375052754,-0.891478280038573,At-Risk / Inactive
user_0395,15,4,25.5,16,5,3,0.606,43.8,4,2,1.2727634347608126,-1.3428366926048108,0.8165091767449154,Cart Abandoners / Window Shoppers
user_0396,54,12,0.0,23,4,0,0.504,79.2,37,1,-0.4151677716855916,1.5461958505647821,0.7112818244280962,At-Risk / Inactive
user_0397,60,1,0.0,19,1,3,0.878,7.8,4,2,1.03153200465384,-0.5039572663192626,-0.10562581774191122,Cart Abandoners / Window Shoppers
user_0398,8,4,350.0,19,3,3,0.953,113.3,13,0,1.509629586539232,-0.935318782898334,0.6196859114310923,Loyal Champions (VIPs)
user_0399,53,2,0.0,18,6,0,0.755,494.2,25,1,-0.07051095188571221,2.17770163117989,-0.1301552715768964,At-Risk / Inactive
user_0400,60,4,0.0,20,6,3,0.445,53.7,13,1,-0.4086981313998234,0.16038793468502244,0.008015722054933365,At-Risk / Inactive
user_0401,5,2,59.9,16,5,0,0.592,167.7,18,0,1.6664865417984611,0.6421076806413786,0.7728469794485258,Loyal Champions (VIPs)
user_0402,68,2,0.0,8,3,0,0.701,83.2,24,1,0.009894535218915252,1.0957686043757133,-0.013125376219783333,At-Risk / Inactive
user_0403,6,2,25.5,1,4,3,0.194,16.4,2,2,1.2652301663223229,-3.975263734218875,0.37563244653366107,Cart Abandoners / Window Shoppers
user_0404,47,4,350.0,17,4,3,0.447,104.7,33,0,-0.5039502946521831,-0.29359968212890836,1.4852404078988517,Loyal Champions (VIPs)
user_0405,55,3,59.9,12,6,1,0.83,42.8,19,0,0.9621152697387763,0.22354723582001765,1.067045852888936,Loyal Champions (VIPs)
user_0406,40,2,0.0,21,1,1,0.655,4.2,9,3,1.07526333007072,0.14908318173190852,0.3448348802674357,Potential Loyalists
user_0407,52,4,0.0,11,1,2,0.411,120.9,28,3,-1.5009577463474324,-0.0989759637892537,-0.3279941664930222,Potential Loyalists
user_0408,16,1,0.0,5,0,2,0.663,235.0,35,3,-1.0091996231288356,-0.545066620317639,-1.7373090778236466,Potential Loyalists
user_0409,13,1,25.5,12,3,3,0.118,50.7,39,0,-0.3878864085628612,-0.3685796835307146,0.039130771795250235,Loyal Champions (VIPs)
user_0410,30,1,59.9,17,3,0,0.401,59.4,10,0,0.9450375824668702,0.6115695713975914,1.9448480718698407,Loyal Champions (VIPs)
user_0411,19,1,0.0,6,4,2,0.793,266.0,1,2,0.976231398626037,-1.391053682164729,-0.5888299914881272,Cart Abandoners / Window Shoppers
user_0412,17,1,0.0,1,0,3,0.221,201.6,21,3,-1.872055059259946,-2.3120328567097643,-1.534657151791918,Potential Loyalists
user_0413,63,5,0.0,5,5,2,0.186,150.6,9,2,-1.2934581923338357,-1.1012661635545171,0.22347633015295426,Cart Abandoners / Window Shoppers
user_0414,19,1,0.0,14,3,0,0.951,34.3,15,1,1.7851090824243885,1.2349883406412165,-0.5105459209496862,At-Risk / Inactive
user_0415,58,2,0.0,5,0,3,0.21,289.2,35,3,-2.7859127518618716,-0.8591058351058998,-0.7659253888893977,Potential Loyalists
user_0416,55,1,0.0,22,0,0,0.261,20.1,5,3,0.01639832669057854,0.4869769796301113,1.4371233661983613,Potential Loyalists
user_0417,62,4,59.9,24,6,3,0.97,118.3,22,0,0.40333711398160876,0.42848000263799496,0.6319305582154917,Loyal Champions (VIPs)
user_0418,23,5,0.0,1,4,2,0.735,3.5,23,1,0.9290548912068195,-2.0740286584073635,-1.2797290632682352,At-Risk / Inactive
user_0419,9,1,0.0,18,0,1,0.7,123.8,7,3,0.5494496576788064,-0.13846240791456066,-0.619674559424629,Potential Loyalists
user_0420,12,4,0.0,16,7,2,0.853,38.9,23,1,1.2300550843033122,0.3457604836235002,-1.223969531328628,At-Risk / Inactive
user_0421,1,1,0.0,9,1,2,0.116,71.7,25,3,0.1865219564605471,-0.869537736523896,-1.637096657779613,Potential Loyalists
user_0422,58,3,0.0,19,7,1,0.706,50.8,27,1,0.27306447546009543,1.3486671211464447,-0.24022824983261473,At-Risk / Inactive
user_0423,1,1,0.0,22,1,1,0.504,22.8,6,3,2.1210556891637395,-0.43274603709891807,-0.8527728836275432,Potential Loyalists
user_0424,34,4,25.5,5,2,3,0.829,116.7,34,0,-0.36935633635112847,-1.074660682997969,-0.36870349742679315,Loyal Champions (VIPs)
user_0425,48,1,25.5,2,4,3,0.508,256.4,9,0,-0.5863975226839927,-1.8433007883111503,0.08655379816233262,Loyal Champions (VIPs)
user_0426,89,2,0.0,15,6,0,0.62,383.5,33,1,-0.6171413467083564,2.1998205569049007,0.08891669927912986,At-Risk / Inactive
user_0427,1,3,0.0,7,5,0,0.478,25.6,6,2,2.5938617129168726,-0.7740197891400996,-0.5758635316343952,Cart Abandoners / Window Shoppers
user_0428,16,1,0.0,4,7,2,0.478,151.6,37,1,-0.2364054840500623,-0.10239477877150964,-1.693944881888815,At-Risk / Inactive
user_0429,61,1,0.0,1,7,1,0.768,131.0,31,1,-0.2515875749358502,-0.31342003035685595,-1.4284064616127143,At-Risk / Inactive
user_0430,64,1,0.0,13,2,0,0.629,50.5,34,1,-0.0059984143042673905,1.6912799010307795,-0.020369725849917683,At-Risk / Inactive
user_0431,63,1,0.0,20,1,2,0.633,2.3,29,3,0.41480013326709136,0.6107158801099805,-0.30184070410170294,Potential Loyalists
user_0432,69,2,0.0,22,6,1,0.45,140.5,14,1,-0.3805040250188872,1.243459053855929,0.2864713737759364,At-Risk / Inactive
user_0433,22,1,0.0,7,2,3,0.531,349.1,36,3,-1.1496934485014967,-0.07086842675251369,-1.6618135876177713,Potential Loyalists
user_0434,67,1,0.0,15,4,2,0.746,120.0,36,1,-0.47518779659912475,1.2386259035144407,-0.9582073539518361,At-Risk / Inactive
user_0435,76,1,890.0,23,6,3,0.826,68.6,15,0,0.8302475943903047,0.18813442249705573,1.7402835816202358,Loyal Champions (VIPs)
user_0436,26,3,0.0,14,4,0,0.697,89.4,8,2,1.002972883993499,0.7341580273029775,0.28804782427133907,Cart Abandoners / Window Shoppers
user_0437,16,1,0.0,23,0,0,0.924,26.7,26,3,1.136966205462185,1.429604078304822,-0.518204943776849,Potential Loyalists
user_0438,51,1,0.0,19,3,1,0.82,166.6,36,1,-0.1867511444226246,1.7263566498374139,-0.825364208420758,At-Risk / Inactive
user_0439,86,1,59.9,22,0,2,0.562,164.6,21,0,-1.165446146122974,0.24328374377816184,1.2309003381997612,Loyal Champions (VIPs)
user_0440,57,1,0.0,24,4,3,0.671,18.9,28,1,0.17824756322392776,1.0126196835868535,-0.716421484500057,At-Risk / Inactive
user_0441,29,3,0.0,20,7,1,0.926,252.4,4,2,1.0960664438467171,0.521403811087557,-0.13988637965217393,Cart Abandoners / Window Shoppers
user_0442,78,1,0.0,24,6,0,0.619,37.6,16,1,0.7443664977714612,2.129305839444619,0.5670111760242444,At-Risk / Inactive
user_0443,69,1,25.5,18,1,0,0.825,483.8,22,0,-0.23210296685350706,1.5468947731952982,1.0590487052002338,Loyal Champions (VIPs)
user_0444,47,3,0.0,10,5,2,0.689,57.9,12,1,0.1700507964661403,-0.14434891018815002,-0.4374805665325488,At-Risk / Inactive
user_0445,62,3,25.5,9,1,3,0.552,23.5,16,0,-0.3618876885066608,-1.1960764495650997,0.7885110486813816,Loyal Champions (VIPs)
user_0446,69,1,59.9,8,6,2,0.242,52.0,38,0,-0.6200163183632807,0.033405653599662445,0.9196855385408254,Loyal Champions (VIPs)
user_0447,76,3,0.0,10,0,3,0.426,69.6,37,3,-2.0148145457800437,-0.3774680280469533,-0.5096859678941065,Potential Loyalists
user_0448,16,5,25.5,17,5,3,0.968,8.6,29,0,1.7247932972614692,-0.34022310749534906,-0.16436794885942196,Loyal Champions (VIPs)
user_0449,48,1,0.0,2,6,2,0.658,103.6,18,1,-0.2330500091597946,-0.7465528916864417,-1.276238257774805,At-Risk / Inactive
user_0450,85,3,59.9,6,4,1,0.564,109.2,10,0,-0.10219354492909234,-0.7384049043656439,1.5541429342847823,Loyal Champions (VIPs)
user_0451,39,3,0.0,5,7,2,0.933,161.2,39,1,-0.08216549808027944,0.19453772568182617,-1.6081757139094996,At-Risk / Inactive
user_0452,33,1,59.9,9,1,2,0.587,3.6,18,0,0.9995231651369936,-0.9873913789582354,0.8515684662973765,Loyal Champions (VIPs)
user_0453,23,1,0.0,5,4,0,0.526,93.5,1,2,1.3467781677868698,-0.783861173431176,0.5742124665993167,Cart Abandoners / Window Shoppers
user_0454,10,1,0.0,18,5,0,0.759,6.5,39,1,2.236909026050672,1.732634139538982,-0.7595665834750546,At-Risk / Inactive
user_0455,69,4,0.0,20,5,2,0.713,144.9,21,1,-0.4902145789426417,0.8667134802702167,-0.3274265063167425,At-Risk / Inactive
user_0456,34,12,0.0,9,1,2,0.193,6.9,1,2,0.1791317282776241,-2.712403013076088,1.4058732181661888,Cart Abandoners / Window Shoppers
user_0457,52,2,0.0,17,4,0,0.471,291.3,15,1,-0.3313080695624014,1.5484281957257462,0.45417803082996866,At-Risk / Inactive
user_0458,10,1,0.0,17,2,3,0.473,145.3,4,2,0.37870682242627884,-0.7347558261609403,-0.6695442224178002,Cart Abandoners / Window Shoppers
user_0459,19,2,0.0,12,4,2,0.378,85.0,20,1,-0.21590533437965578,0.056493657493721074,-0.717447609652911,At-Risk / Inactive
user_0460,58,2,0.0,7,5,1,0.517,69.9,10,1,-0.023749974149039982,-0.0744330819037902,-0.016599112153069966,At-Risk / Inactive
user_0461,1,1,25.5,3,4,1,0.413,16.8,23,0,2.0653518989133053,-1.5470538436592984,-0.76307804817001,Loyal Champions (VIPs)
user_0462,69,1,0.0,10,7,1,0.199,41.3,34,1,-0.6473602724001839,1.0136275440456548,-0.07826583028511318,At-Risk / Inactive
user_0463,4,3,0.0,2,6,2,0.412,243.9,33,1,-0.10954441425460078,-1.2665181312791447,-2.082249660482703,At-Risk / Inactive
user_0464,16,1,0.0,3,0,3,0.072,281.8,34,3,-2.298341335772628,-1.4307034789019317,-1.385557262075693,Potential Loyalists
user_0465,24,3,0.0,16,7,3,0.576,0.1,39,1,1.4539500025413736,0.13364494998693086,-0.8021468904134795,At-Risk / Inactive
user_0466,80,1,120.0,2,2,0,0.854,108.2,10,0,0.6363934373922829,-0.7884926941801331,1.4279009189519156,Loyal Champions (VIPs)
user_0467,2,1,0.0,24,3,2,0.725,152.5,20,1,1.284177443698918,0.5564143009570299,-1.8701933926379408,At-Risk / Inactive
user_0468,32,1,0.0,10,6,3,0.36,115.7,1,2,0.34578001275055825,-1.2550412627064123,0.1394733384606156,Cart Abandoners / Window Shoppers
user_0469,84,1,350.0,6,0,2,0.087,10.2,13,0,-0.801344449358945,-1.8621018172525374,2.4187299152973916,Loyal Champions (VIPs)
user_0470,24,5,25.5,22,3,0,0.202,29.5,1,2,1.3558938077220883,-0.7278577078023578,3.030408835410311,Cart Abandoners / Window Shoppers
user_0471,12,1,0.0,11,1,0,0.545,34.6,5,2,1.333892394626012,-0.050924745037437,0.1767776280609038,Cart Abandoners / Window Shoppers
user_0472,50,4,25.5,23,3,0,0.207,213.9,16,0,-0.5424790182994831,0.9947018048322639,2.1678518630449073,Loyal Champions (VIPs)
user_0473,35,2,350.0,7,6,1,0.544,74.7,15,0,0.7390873348918643,-0.6188209416089252,1.6253011707380174,Loyal Champions (VIPs)
user_0474,33,3,0.0,15,4,2,0.232,80.1,28,1,-0.8916015246620225,0.3627870877063269,-0.3000849480575111,At-Risk / Inactive
user_0475,33,1,0.0,6,6,0,0.849,327.8,31,1,0.3552191039691155,1.4184016737895362,-0.9584822043258597,At-Risk / Inactive
user_0476,61,3,0.0,20,7,2,0.397,121.6,23,1,-0.7548781076402695,0.9296563533185968,-0.12221481370631244,At-Risk / Inactive
user_0477,51,3,0.0,9,3,1,0.246,274.7,17,1,-1.345832171331219,0.15095611575564208,0.09687963365911403,At-Risk / Inactive
user_0478,43,1,0.0,22,5,1,0.812,73.2,34,1,0.43157088903764734,1.8361561322096154,-0.768780212195826,At-Risk / Inactive
user_0479,12,1,0.0,20,0,0,0.343,19.4,13,3,0.627109042631537,0.5788543542544556,0.31430659512512954,Potential Loyalists
user_0480,67,4,0.0,12,0,0,0.111,319.0,14,3,-2.01614943133894,0.3337708417365538,1.1420717930260926,Potential Loyalists
user_0481,65,5,0.0,19,3,3,0.57,73.7,11,1,-0.6035735612840618,-0.14061252524000203,0.011091334344877926,At-Risk / Inactive
user_0482,33,1,0.0,20,0,2,0.582,24.1,28,3,-0.4069841437509144,0.40418298489257787,-0.6319431803580036,Potential Loyalists
user_0483,40,3,0.0,3,5,0,0.715,43.2,32,1,0.458830065899003,0.31120395596831674,-0.5296526491781827,At-Risk / Inactive
user_0484,74,4,0.0,15,6,3,0.24,6.3,35,1,-0.5216699021861478,0.18276519742257666,-0.003609015976857312,At-Risk / Inactive
user_0485,43,4,0.0,2,0,2,0.444,75.8,31,3,-1.7425699665486978,-1.6753409036776175,-0.879645882596182,Potential Loyalists
user_0486,44,5,0.0,21,3,0,0.282,230.2,17,1,-0.7509007427147456,1.275453426940592,0.8677386220649028,At-Risk / Inactive
user_0487,29,3,25.5,2,2,3,0.081,325.4,9,0,-1.5377243737742947,-2.60132146080485,0.5970902597838266,Loyal Champions (VIPs)
user_0488,13,1,0.0,22,2,3,0.877,323.7,10,1,0.377702098428888,0.26676056939070786,-1.37121278229453,At-Risk / Inactive
user_0489,12,1,0.0,3,1,2,0.729,16.1,8,3,1.042047200046221,-1.8014311808711658,-1.264775548556197,Potential Loyalists
user_0490,46,1,0.0,6,7,3,0.301,57.8,21,1,-0.6226887405954075,-0.2861480801063045,-0.8081811523808018,At-Risk / Inactive
user_0491,2,3,0.0,15,0,2,0.599,3.4,13,3,1.694442983680417,-1.321461022196739,-1.0918399755958967,Potential Loyalists
user_0492,35,3,0.0,10,7,2,0.201,231.9,5,2,-0.6026482445345674,-0.6186561174394408,0.21359115974109424,Cart Abandoners / Window Shoppers
user_0493,87,1,59.9,9,6,2,0.89,53.3,6,0,1.0464307368201193,-0.5097409197289781,1.0617542508914222,Loyal Champions (VIPs)
user_0494,81,4,59.9,1,3,1,0.115,119.7,30,0,-1.6316990478478184,-1.708988608897203,1.243519008473563,Loyal Champions (VIPs)
user_0495,8,3,0.0,16,0,3,0.004,150.6,31,3,-1.729073702132548,-0.6607680258740559,-0.7779961106028179,Potential Loyalists
user_0496,26,2,0.0,6,4,2,0.502,67.4,17,1,-0.11347295324062136,-0.5206108837288898,-0.8554046001548512,At-Risk / Inactive
user_0497,74,1,350.0,9,5,0,0.583,43.9,11,0,1.119385618883481,0.28004061827881965,2.491212708254794,Loyal Champions (VIPs)
user_0498,34,2,0.0,4,0,1,0.579,393.1,20,3,-1.442324288037765,-0.6739811161097996,-0.800566095955301,Potential Loyalists
user_0499,7,1,0.0,2,0,1,0.055,400.5,9,3,-1.2532911580733361,-1.9707380532760927,-0.7937474867751394,Potential Loyalists
user_0500,68,1,25.5,4,7,3,0.314,41.0,2,2,0.3394671673300312,-2.086278772102098,1.2949575168683312,Cart Abandoners / Window Shoppers
user_0501,58,1,0.0,1,7,2,0.499,78.4,37,1,-0.772141601341393,-0.7458923299712812,-1.4421069836551756,At-Risk / Inactive
user_0502,75,1,0.0,19,2,3,0.217,432.7,1,2,-1.159782853567003,-0.7052647309489651,0.8014008371685766,Cart Abandoners / Window Shoppers
user_0503,29,1,0.0,10,5,1,0.873,0.6,4,2,2.8345011480499296,-0.45258004604952845,-0.05801395118002634,Cart Abandoners / Window Shoppers
user_0504,36,2,25.5,21,3,2,0.087,63.9,36,0,-0.8883905281803459,0.38803339673042664,1.002545502439091,Loyal Champions (VIPs)
user_0505,89,1,0.0,15,0,0,0.487,12.7,25,3,-0.3101046742097117,1.1420710731396453,0.6401975617308824,Potential Loyalists
user_0506,21,3,0.0,22,2,2,0.691,85.4,3,2,0.6966403170875203,-0.4933386312409927,0.009161651593695114,Cart Abandoners / Window Shoppers
user_0507,36,1,0.0,19,7,1,0.262,3.0,9,1,1.2753719471416363,0.4907266379394367,0.5397987914942767,At-Risk / Inactive
user_0508,10,4,0.0,16,1,0,0.624,62.7,22,3,0.6767821042075748,0.69824697433226,-0.23104359779145023,Potential Loyalists
user_0509,73,5,0.0,21,5,2,0.829,29.9,23,1,0.2002048878817592,0.7752938494431888,-0.2705375734386649,At-Risk / Inactive
user_0510,24,1,0.0,24,2,0,0.19,91.5,12,3,0.005753079467563484,1.3264555176253356,0.6675070539637797,Potential Loyalists
user_0511,64,1,0.0,22,2,0,0.917,662.4,10,1,0.04960180747835943,1.9029324457623205,0.10717207425173177,At-Risk / Inactive
user_0512,49,1,0.0,4,6,1,0.554,193.5,34,1,-0.6085677903501729,0.46085493107043496,-1.025840995429716,At-Risk / Inactive
user_0513,36,2,59.9,2,2,0,0.299,224.2,10,0,-0.3212993424953315,-1.2305927936579317,1.5586622569296877,Loyal Champions (VIPs)
user_0514,82,2,0.0,13,6,3,0.431,121.0,30,1,-1.1616812274293076,0.6088890472828582,-0.5626238755006043,At-Risk / Inactive
user_0515,24,1,120.0,1,0,1,0.312,5.1,22,0,0.21198908816552275,-2.541786896222612,0.9385714767174586,Loyal Champions (VIPs)
user_0516,23,2,0.0,17,0,3,0.725,27.8,6,3,0.2684442431046804,-0.9845537690721652,-0.4473379450717386,Potential Loyalists
user_0517,62,1,0.0,13,7,0,0.796,310.9,2,2,1.0293179109307058,0.8836901148983412,0.6496944241882368,Cart Abandoners / Window Shoppers
user_0518,37,1,0.0,4,1,3,0.833,54.7,30,3,-0.4007353359326045,-0.7077709448870575,-1.6962817223005513,Potential Loyalists
user_0519,12,2,59.9,7,4,2,0.986,13.1,2,2,2.812729705874509,-2.0480993256914912,0.6964601027700006,Cart Abandoners / Window Shoppers
user_0520,55,1,0.0,17,4,0,0.791,145.4,32,1,0.2619943940162528,2.220393786042047,-0.2809973541095415,At-Risk / Inactive
user_0521,13,2,0.0,9,4,2,0.601,42.7,16,1,0.6619464465992867,-0.37176743565658216,-1.0653327541481203,At-Risk / Inactive
user_0522,23,1,0.0,4,7,3,0.339,37.6,12,1,0.12084409400647263,-1.090743631504457,-0.9835327934325548,At-Risk / Inactive
user_0523,89,8,0.0,19,6,2,0.545,744.4,1,2,-0.6708013311648875,-0.5978333849179682,1.0550223500269995,Cart Abandoners / Window Shoppers
user_0524,30,1,0.0,1,7,0,0.041,234.3,8,2,-0.5040246619972124,-0.8604464567762464,0.09840882455433626,Cart Abandoners / Window Shoppers
user_0525,17,1,120.0,10,5,2,0.745,62.9,13,0,1.3384445227018096,-0.5728628331316745,0.514206107114779,Loyal Champions (VIPs)
user_0526,62,2,0.0,4,5,3,0.446,471.0,15,1,-1.4700247826924338,-0.7108488407618125,-0.8617658536757961,At-Risk / Inactive
user_0527,84,1,25.5,9,1,3,0.02,126.0,8,0,-1.6708835610083204,-1.2359240360182449,1.4593188734479374,Loyal Champions (VIPs)
user_0528,89,8,0.0,13,5,3,0.063,162.6,10,2,-1.8645470043700374,-0.6354348507366732,0.6831583341124753,Cart Abandoners / Window Shoppers
user_0529,86,3,0.0,14,4,0,0.387,3.8,5,2,1.093304246689548,0.3210617449766377,1.5810842033641785,Cart Abandoners / Window Shoppers
user_0530,13,2,0.0,10,4,3,0.583,15.6,19,1,0.8006653381288795,-0.5469114511521797,-1.1937947002072833,At-Risk / Inactive
user_0531,59,3,0.0,6,7,0,0.464,120.3,38,1,-0.40870758703020577,1.1243269025299163,-0.0640749920009849,At-Risk / Inactive
user_0532,19,5,25.5,16,2,2,0.619,275.1,11,0,-0.06932798568620609,-0.6614919084407352,0.6414537425259736,Loyal Champions (VIPs)
user_0533,49,4,350.0,6,5,3,0.48,117.3,20,0,-0.3837923488090669,-1.367341610746976,1.3368211682204472,Loyal Champions (VIPs)
user_0534,12,3,0.0,17,7,2,0.662,17.3,20,1,1.302830408381894,0.25561143832300814,-0.9253100675552419,At-Risk / Inactive
user_0535,61,3,0.0,10,0,1,0.219,14.8,21,3,-1.1228240538537269,-0.3988095684596066,0.475758300511384,Potential Loyalists
user_0536,19,1,0.0,18,0,2,0.113,223.1,18,3,-1.6074988606846934,-0.023579072639641655,-0.3495834838968613,Potential Loyalists
user_0537,76,1,350.0,22,2,1,0.596,18.0,10,0,0.9318595397126823,0.10952538162754083,2.4588303155537585,Loyal Champions (VIPs)
user_0538,9,2,0.0,18,2,2,0.485,88.1,34,1,-0.045241200535323815,0.42376017249508796,-1.2082061488313782,At-Risk / Inactive
user_0539,71,1,0.0,3,2,0,0.027,4.5,26,3,-0.3490717446545922,-0.12721021181817,0.60478475587269,Potential Loyalists
user_0540,28,1,59.9,20,7,2,0.38,10.1,30,0,0.9706807803055205,0.44004788958052354,0.9005038205180218,Loyal Champions (VIPs)
user_0541,78,1,0.0,21,0,0,0.106,133.9,9,3,-1.3443795227881004,0.9490110368121584,1.361597044435689,Potential Loyalists
user_0542,52,1,0.0,15,4,0,0.531,140.2,31,1,-0.15015856828694052,1.9608621785981786,-0.02598141460330257,At-Risk / Inactive
user_0543,83,3,0.0,15,2,3,0.396,50.1,4,2,-0.6356539932217943,-0.8319137318250308,0.5531686663426775,Cart Abandoners / Window Shoppers
user_0544,16,5,59.9,4,1,0,0.613,29.1,6,0,1.3177162317805302,-1.711754913404443,1.6491989062882177,Loyal Champions (VIPs)
user_0545,69,1,0.0,9,6,1,0.806,201.7,14,1,0.060959867538978245,0.8272167795462468,-0.566427512476173,At-Risk / Inactive
user_0546,12,2,0.0,19,7,3,0.3,29.4,4,2,0.9702652731377603,-0.6855771621304553,-0.15830100929768404,Cart Abandoners / Window Shoppers
user_0547,25,4,0.0,24,2,3,0.962,93.7,26,1,0.11882688600738889,0.498312811461849,-1.1857296446482763,At-Risk / Inactive
user_0548,52,1,0.0,17,6,2,0.536,413.8,39,1,-1.0218868765294984,1.4940620003682312,-0.941848491583615,At-Risk / Inactive
user_0549,85,3,0.0,11,3,0,0.618,19.2,17,1,0.39336292773728726,0.9137483305579365,0.633352055602353,At-Risk / Inactive
user_0550,53,1,0.0,9,2,0,0.681,339.4,19,1,-0.36322961918412444,1.2356566166892102,-0.18894505321909028,At-Risk / Inactive
user_0551,23,1,0.0,10,0,1,0.667,24.2,6,3,0.5870393283096406,-0.7182850011178075,-0.1958415145442763,Potential Loyalists
user_0552,16,8,0.0,18,5,2,0.511,100.6,29,1,-0.1933028320487701,0.23231116292188442,-0.6555298424226168,At-Risk / Inactive
user_0553,57,1,0.0,20,2,2,0.429,56.8,11,1,-0.4213909695088614,0.42342817460244686,0.028335327989303976,At-Risk / Inactive
user_0554,39,2,0.0,13,7,3,0.054,402.0,16,1,-1.5719876002847948,0.10690914207449928,-0.281067988738123,At-Risk / Inactive
user_0555,53,3,59.9,8,5,3,0.022,38.3,30,0,-1.027986056678301,-0.8938280191953512,1.2226037658361788,Loyal Champions (VIPs)
user_0556,42,1,0.0,7,3,3,0.358,61.2,25,1,-0.866542755972451,-0.2911006979758727,-0.9049428924102016,At-Risk / Inactive
user_0557,58,2,25.5,17,1,1,0.334,488.0,11,0,-1.1919716607784443,0.09723059610613316,1.4856997565085224,Loyal Champions (VIPs)
user_0558,39,5,25.5,21,5,1,0.388,92.3,7,0,0.2917662933120746,-0.12133122554615793,1.7982219640344435,Loyal Champions (VIPs)
user_0559,14,1,0.0,23,6,3,0.138,83.8,26,1,-0.37367552304986446,0.6592532073638273,-0.802447558881594,At-Risk / Inactive
user_0560,5,4,0.0,15,4,2,0.738,35.8,22,1,1.2701345009730893,-0.13510715772486817,-1.3874447453958034,At-Risk / Inactive
user_0561,35,2,0.0,20,2,1,0.857,145.0,25,1,0.05048018957913117,1.2080214401066889,-0.6974866660394986,At-Risk / Inactive
user_0562,87,2,0.0,15,3,2,0.939,1.7,19,1,1.198751596410149,0.3633350019518754,-0.33151444576234856,At-Risk / Inactive
user_0563,75,2,0.0,1,3,2,0.492,6.1,31,1,-0.35798596833161095,-1.4673886579115953,-0.8743051382436496,At-Risk / Inactive
user_0564,18,1,0.0,14,5,0,0.701,109.8,26,1,0.9369523024984437,1.6755148200647065,-0.5975054310749244,At-Risk / Inactive
user_0565,76,5,0.0,5,1,3,0.856,50.2,36,3,-0.9941470746593825,-0.7583950663271084,-1.090578418247027,Potential Loyalists
user_0566,9,5,25.5,11,0,0,0.418,367.7,23,3,-0.42158467957985085,-0.24960298590763697,0.9306471690844331,Potential Loyalists
user_0567,74,2,0.0,16,2,3,0.309,280.2,13,3,-1.6942386933410327,0.06208035824694367,-0.06734003462027581,Potential Loyalists
user_0568,58,3,25.5,2,3,3,0.937,150.1,25,0,-0.3690141745236114,-1.5098111437488109,-0.4824509035604383,Loyal Champions (VIPs)
user_0569,17,2,0.0,8,1,2,0.516,204.5,2,2,0.01646366147018826,-1.5888494213472883,-0.20452054372256384,Cart Abandoners / Window Shoppers
user_0570,7,1,59.9,11,4,3,0.497,132.1,2,2,1.3863431671148407,-1.8119794179714632,0.6816999906312626,Cart Abandoners / Window Shoppers
user_0571,46,2,0.0,18,3,2,0.178,16.1,16,1,-0.38365605487627624,0.1557404819116475,0.25501961164250275,At-Risk / Inactive
user_0572,13,2,0.0,3,1,2,0.108,174.1,9,3,-1.080267412389073,-1.9244278857254502,-0.6346769009472735,Potential Loyalists
user_0573,40,2,0.0,1,7,3,0.842,28.3,28,1,0.26520500634650374,-1.3693103281448127,-1.8570257170861475,At-Risk / Inactive
user_0574,42,3,0.0,11,0,2,0.614,46.9,13,3,-0.678632869468201,-0.7139944673926537,-0.2768229438963593,Potential Loyalists
user_0575,9,1,0.0,16,0,2,0.326,205.3,35,3,-1.0931333959373355,0.15954712412913383,-1.207112086170915,Potential Loyalists
user_0576,50,1,59.9,18,3,2,0.192,92.3,13,0,-0.5006294544032985,-0.06830854290651307,1.5356745650708041,Loyal Champions (VIPs)
user_0577,27,1,0.0,16,6,1,0.555,235.9,31,1,-0.14379477743971528,1.459310735778998,-0.8358401665453378,At-Risk / Inactive
user_0578,66,1,0.0,23,3,2,0.584,28.7,21,1,-0.05911814739568634,1.0243316908624616,-0.27323898649378725,At-Risk / Inactive
user_0579,5,3,0.0,10,5,1,0.207,112.3,32,1,0.07227556636563176,0.11390264100252828,-0.963562248118416,At-Risk / Inactive
user_0580,29,2,59.9,18,2,1,0.851,10.5,34,0,1.3504585315008562,0.4617203067073296,0.7333425508634284,Loyal Champions (VIPs)
user_0581,37,2,0.0,6,1,2,0.084,123.6,8,3,-1.4124259856376629,-1.2692772155950436,0.08580034364582069,Potential Loyalists
user_0582,38,1,0.0,19,3,2,0.356,172.5,2,2,-0.08306048786370228,-0.3215188854512411,0.4306354691718584,Cart Abandoners / Window Shoppers
user_0583,83,2,0.0,4,2,1,0.68,105.5,38,1,-0.9743059024410112,0.16173997583814756,-0.7708969467219238,At-Risk / Inactive
user_0584,8,1,0.0,13,5,1,0.274,37.1,32,1,0.5659617861839309,0.6570358013121197,-0.9067675169747561,At-Risk / Inactive
user_0585,65,1,0.0,24,7,2,0.828,3.8,28,1,1.2847119208658626,1.3647255179675117,-0.5551401643715735,At-Risk / Inactive
user_0586,86,3,120.0,14,7,2,0.74,15.3,37,0,0.631693094461424,0.297173071819631,1.17028380779852,Loyal Champions (VIPs)
user_0587,17,4,0.0,3,2,3,0.789,116.8,1,2,0.6639105320948091,-2.8662927171828336,-0.6278452003466148,Cart Abandoners / Window Shoppers
user_0588,71,1,59.9,10,3,1,0.119,326.9,10,0,-1.0721347422238423,-0.19451822745291436,1.852658340879733,Loyal Champions (VIPs)
user_0589,89,1,0.0,6,0,1,0.141,27.8,4,3,-1.0338155476985855,-1.2489200569935333,0.9631076491429237,Potential Loyalists
user_0590,45,1,0.0,1,1,3,0.286,159.4,35,3,-2.04816926229015,-1.5727130883186486,-1.4491082279998968,Potential Loyalists
user_0591,4,1,25.5,23,1,1,0.518,241.6,10,0,0.9040054526545512,-0.06542121782144403,0.29002428024394844,Loyal Champions (VIPs)
user_0592,36,2,0.0,24,7,0,0.748,88.3,11,1,1.1738860689746304,1.7667292613848948,0.293357252761754,At-Risk / Inactive
user_0593,70,1,59.9,14,7,1,0.837,132.8,14,0,0.7692875142977114,0.7280860591398727,1.0175072080601666,Loyal Champions (VIPs)
user_0594,31,2,0.0,8,0,3,0.704,202.5,38,3,-1.4324064025938206,-0.39271063776146964,-1.4674876881121635,Potential Loyalists
user_0595,19,1,0.0,19,6,0,0.929,36.2,12,1,2.114143951591,1.5773963153720716,-0.33268425614748204,At-Risk / Inactive
user_0596,61,1,25.5,14,3,2,0.739,42.3,17,0,0.418801673347478,0.15344127645490285,0.5653833435033792,Loyal Champions (VIPs)
user_0597,54,1,0.0,10,7,3,0.306,0.1,16,1,0.9713605879552395,-0.3953104245197623,-0.13487911370229355,At-Risk / Inactive
user_0598,39,1,0.0,17,7,3,0.265,395.9,35,1,-1.364506772687474,1.0453184739674102,-0.8979897033277522,At-Risk / Inactive
user_0599,74,1,0.0,9,7,2,0.696,299.5,2,2,0.16076384541625507,-0.38315978241186066,-0.008905612256057183,Cart Abandoners / Window Shoppers
user_0600,19,1,0.0,6,1,3,0.193,173.6,11,3,-1.1713019985530824,-1.235043882176016,-0.790419819120095,Potential Loyalists
user_0601,39,3,59.9,11,3,1,0.093,9.9,3,2,0.7425969688865449,-1.5136047028491868,2.6196121878269607,Cart Abandoners / Window Shoppers
user_0602,67,1,0.0,7,5,2,0.532,71.2,29,1,-0.589329293669768,0.37390407771468315,-0.8184425811919119,At-Risk / Inactive
user_0603,45,5,0.0,17,3,3,0.822,12.9,18,1,0.47106452227633755,-0.13325481582739696,-0.5300097425595391,At-Risk / Inactive
user_0604,13,1,0.0,1,2,2,0.101,1.9,20,3,0.34293173131588994,-2.284974169286607,-0.9867388693019626,Potential Loyalists
user_0605,58,3,0.0,22,0,2,0.792,114.9,14,3,-0.8046521736955967,0.18955520727465774,-0.2342790035956739,Potential Loyalists
user_0606,20,2,0.0,5,6,2,0.812,388.8,34,1,-0.21950549031545447,0.09331392884404072,-1.840480685229166,At-Risk / Inactive
user_0607,72,3,0.0,9,7,0,0.482,279.8,31,1,-0.6709158478147229,1.4938770176789355,0.13526595386146473,At-Risk / Inactive
user_0608,61,3,59.9,18,7,3,0.057,143.2,18,0,-1.0958108310165757,-0.1777715280446334,1.5829084708517724,Loyal Champions (VIPs)
user_0609,39,2,0.0,24,3,0,0.175,12.2,30,1,0.1699106767514771,1.6330994707768516,0.7764753552572401,At-Risk / Inactive
user_0610,1,2,0.0,21,6,3,0.707,38.5,25,1,1.9123148949135103,0.0738581023965303,-2.1441187540849582,At-Risk / Inactive
user_0611,3,2,0.0,2,7,1,0.712,46.3,19,1,1.690430052351721,-1.1472156390674666,-1.9725738905075418,At-Risk / Inactive
user_0612,77,2,0.0,11,6,1,0.898,172.8,8,1,0.3560276742359815,0.5764548012776222,-0.1993321523410766,At-Risk / Inactive
user_0613,62,1,0.0,6,5,1,0.583,194.5,28,1,-0.6350248750358763,0.6867922089594908,-0.7543048629894566,At-Risk / Inactive
user_0614,63,1,0.0,8,4,3,0.124,58.4,8,2,-0.938567242740442,-0.7240117141892439,0.03829585731059497,Cart Abandoners / Window Shoppers
user_0615,25,2,0.0,4,0,2,0.121,64.9,31,3,-1.7674686073223609,-1.241977124962158,-0.7007104027509006,Potential Loyalists
user_0616,56,2,0.0,18,6,2,0.721,5.5,3,2,1.6375101596133912,-0.3021417343195271,0.4001625499067881,Cart Abandoners / Window Shoppers
user_0617,33,3,0.0,11,1,0,0.184,41.0,3,2,0.12792967906776007,-0.5084464501423737,1.3865921129961958,Cart Abandoners / Window Shoppers
user_0618,38,2,25.5,5,2,0,0.328,72.0,22,0,-0.13084570337871954,-0.1460274865571525,1.25965967136159,Loyal Champions (VIPs)
user_0619,6,12,890.0,15,1,1,0.487,14.9,17,0,1.3628542180336587,-1.6619117205044784,2.167133605236959,Loyal Champions (VIPs)
user_0620,58,1,25.5,18,7,0,0.025,72.5,36,0,-0.34272158612816195,1.7013850995554367,1.7844540665420079,Loyal Champions (VIPs)
user_0621,44,1,0.0,2,5,3,0.249,230.2,17,1,-1.3927239034414258,-1.1889692051982652,-1.0665604243180418,At-Risk / Inactive
user_0622,45,1,0.0,22,5,3,0.408,104.5,14,1,-0.45264522891156733,0.6309007226381663,-0.4006794604205556,At-Risk / Inactive
user_0623,32,1,0.0,11,1,0,0.28,9.9,9,3,0.6166457724991974,0.21318635472680067,0.7574482317215402,Potential Loyalists
user_0624,45,3,0.0,13,0,0,0.136,25.5,30,3,-1.0391845763051013,0.5697995147678195,0.7952431585207302,Potential Loyalists
user_0625,61,1,0.0,4,1,0,0.728,77.2,21,3,-0.13465932044033516,0.3865779616097367,-0.31129557364626365,Potential Loyalists
user_0626,47,3,59.9,22,3,0,0.813,53.8,12,0,1.2779595174208012,0.9015734890122469,1.8855235810190774,Loyal Champions (VIPs)
user_0627,21,1,25.5,7,7,1,0.257,53.3,37,0,0.21412619890397513,0.14228543890038997,0.3488461455531326,Loyal Champions (VIPs)
user_0628,80,2,0.0,11,7,1,0.774,90.4,32,1,-0.07546035095917011,1.2499204121498804,-0.5686259647928428,At-Risk / Inactive
user_0629,85,2,0.0,22,1,0,0.386,105.4,11,3,-0.6428974707046938,1.2686016187283256,1.1120851168486459,Potential Loyalists
user_0630,75,1,25.5,24,2,3,0.507,191.3,20,0,-0.9211597784183299,0.48875472144325477,0.7216337471509483,Loyal Champions (VIPs)
user_0631,36,2,0.0,4,2,1,0.856,50.0,35,1,0.08676873567838726,-0.07649610949585357,-1.2259618469390043,At-Risk / Inactive
user_0632,19,1,0.0,15,7,3,0.75,196.5,11,1,0.5229245774676282,0.28149103028793665,-1.2486147518266968,At-Risk / Inactive
user_0633,20,1,59.9,1,4,2,0.805,49.6,8,0,1.2079100145180497,-2.386210862692989,-0.08378415629675316,Loyal Champions (VIPs)
user_0634,57,1,0.0,23,2,3,0.137,6.8,4,2,0.040895200149467195,-0.539866099136612,0.7812541903780402,Cart Abandoners / Window Shoppers
user_0635,18,1,0.0,3,1,0,0.07,96.9,27,3,-0.8394095172565185,-0.22412927672652744,-0.2548116488805502,Potential Loyalists
user_0636,47,1,0.0,14,2,2,0.893,106.4,38,1,-0.2558289276616306,1.0029801197642803,-1.282271435930739,At-Risk / Inactive
user_0637,49,2,59.9,6,7,1,0.388,327.2,30,0,-0.639632158511462,0.05837942720308794,0.8555795187529671,Loyal Champions (VIPs)
user_0638,14,2,0.0,18,0,1,0.288,155.4,27,3,-1.0419490790902528,0.335292255563689,-0.4186596346537727,Potential Loyalists
user_0639,15,2,0.0,1,6,2,0.725,299.8,21,1,-0.1116943181395168,-1.3441877001091918,-2.000379845448306,At-Risk / Inactive
user_0640,31,1,0.0,6,2,3,0.836,286.8,20,1,-0.5298746218538471,-0.33296983853748374,-1.6517617563883715,At-Risk / Inactive
user_0641,1,2,0.0,6,3,1,0.862,111.3,4,2,2.3406077150117235,-1.3739735647831461,-1.572691411182907,Cart Abandoners / Window Shoppers
user_0642,54,1,0.0,21,0,0,0.316,90.0,11,3,-0.7051260422562148,1.0184980904513055,0.9163600230089313,Potential Loyalists
user_0643,3,1,25.5,16,4,2,0.852,97.8,13,0,2.019849034506097,-0.2908840155777759,-0.6660975661543644,Loyal Champions (VIPs)
user_0644,16,4,0.0,5,3,0,0.041,459.8,9,2,-0.8281739528430566,-0.4690987930026016,0.43527333734402396,Cart Abandoners / Window Shoppers
user_0645,87,1,59.9,17,1,2,0.05,178.0,4,0,-1.2263534720584521,-0.8109217837786373,2.356883708615557,Loyal Champions (VIPs)
user_0646,57,2,0.0,10,6,1,0.624,13.5,12,1,0.8265410787485227,0.24763805811612083,0.014024019515816265,At-Risk / Inactive
user_0647,75,2,0.0,21,1,3,0.063,180.8,9,3,-1.983569962082255,-0.17568441936480908,0.5225593414513487,Potential Loyalists
user_0648,12,1,0.0,18,6,2,0.325,22.4,13,1,0.8798189491901702,0.21769325493807984,-0.5637841446023583,At-Risk / Inactive
user_0649,74,1,0.0,7,6,2,0.673,71.2,26,1,-0.2857722714163192,0.45073392299579657,-0.9026002377939303,At-Risk / Inactive
user_0650,16,1,0.0,3,1,0,0.337,28.4,38,3,0.009598378040941782,-0.0739149330609816,-0.6553411461109335,Potential Loyalists
user_0651,72,4,0.0,13,3,1,0.18,140.4,13,1,-1.2932117208266778,0.2051177677065968,0.6710574446733379,At-Risk / Inactive
user_0652,76,1,0.0,15,3,0,0.281,251.8,39,1,-1.1975484414660926,2.052157654010733,0.2873850672545803,At-Risk / Inactive
user_0653,24,1,0.0,20,6,1,0.458,41.2,28,1,0.4720641903648318,1.3488869740184457,-0.506990987999627,At-Risk / Inactive
user_0654,28,1,0.0,19,3,0,0.475,10.3,19,1,1.1466341913035176,1.3910164028299963,0.2976476940667532,At-Risk / Inactive
user_0655,8,2,25.5,3,6,2,0.783,42.5,24,0,1.393179135460966,-1.3298358855458252,-0.8125176347691125,Loyal Champions (VIPs)
user_0656,36,1,120.0,4,7,0,0.75,133.9,19,0,1.1120154411425334,0.1704829508192388,1.0459642273259102,Loyal Champions (VIPs)
user_0657,8,1,0.0,5,6,3,0.457,47.8,13,1,0.7082682225978029,-1.0712548495199536,-1.5224725532346495,At-Risk / Inactive
user_0658,58,2,0.0,1,7,1,0.846,39.1,13,1,0.5915210534565866,-1.072486547106249,-0.9444481497880739,At-Risk / Inactive
user_0659,60,5,0.0,4,0,1,0.114,24.5,28,3,-1.7913718136502708,-1.168172039122656,0.28424757114134797,Potential Loyalists
user_0660,50,1,0.0,12,5,2,0.255,82.6,2,2,-0.0036161470591793772,-0.6524473299624577,0.5550742225687324,Cart Abandoners / Window Shoppers
user_0661,28,1,0.0,24,0,1,0.828,38.7,10,3,0.5410912308844034,0.4827630078883243,-0.2628931417200961,Potential Loyalists
user_0662,41,1,25.5,10,1,3,0.378,157.6,22,0,-1.0984771676580742,-0.5922377959205184,0.3394262405984399,Loyal Champions (VIPs)
user_0663,64,2,0.0,23,5,0,0.981,9.6,13,1,1.8734250044928298,1.7194303643036501,0.382359317320619,At-Risk / Inactive
user_0664,27,1,0.0,21,2,2,0.466,130.9,9,3,-0.1939613994116649,0.30008162755339507,-0.3000042724866378,Potential Loyalists
user_0665,63,2,25.5,20,1,3,0.792,32.5,33,0,-0.165573178832274,0.1748583622080738,0.3448993881795868,Loyal Champions (VIPs)
user_0666,17,3,0.0,24,4,1,0.402,80.6,14,1,0.27781020690120856,0.6844420924922645,-0.05262092633542958,At-Risk / Inactive
user_0667,73,3,25.5,13,0,1,0.425,40.4,20,3,-0.8682348125936521,-0.3617971632991102,1.4863946651957864,Potential Loyalists
user_0668,33,1,0.0,23,3,3,0.383,153.9,15,1,-0.6848597864289432,0.5298177135199051,-0.5240922890592408,At-Risk / Inactive
user_0669,84,4,0.0,14,0,0,0.719,348.7,32,3,-1.402336709036171,1.2467442489891138,0.22251090808447052,Potential Loyalists
user_0670,77,2,0.0,23,3,0,0.548,298.8,33,1,-0.7707303810932122,2.301654350505288,0.3038236971676362,At-Risk / Inactive
user_0671,29,2,0.0,5,5,2,0.944,105.1,17,1,0.4900499728672363,-0.33986006544795916,-1.4245444370305589,At-Risk / Inactive
user_0672,13,1,350.0,4,4,1,0.251,74.5,24,0,0.43491731441088755,-1.0916247564056782,1.098848541619273,Loyal Champions (VIPs)
user_0673,46,8,0.0,14,5,3,0.101,204.6,30,1,-1.920127589963652,-0.08698067300032385,-0.09465431263030279,At-Risk / Inactive
user_0674,35,1,350.0,10,4,0,0.393,138.0,13,0,0.6338642647390781,0.2653676463824092,2.27548152524187,Loyal Champions (VIPs)
user_0675,6,1,0.0,17,0,2,0.617,24.3,16,3,0.6961063566135626,-0.39710574001301957,-1.16310899302975,Potential Loyalists
user_0676,82,1,0.0,10,3,1,0.861,206.4,2,2,0.42770675350199433,-0.12786752856671935,0.22067464932943787,Cart Abandoners / Window Shoppers
user_0677,69,2,0.0,7,5,1,0.346,67.2,17,1,-0.5884537048768886,0.16775424266242,0.03950564021683354,At-Risk / Inactive
user_0678,47,1,0.0,16,4,2,0.654,25.1,32,1,0.18853156179412872,0.944432739077381,-0.7961248325795408,At-Risk / Inactive
user_0679,25,1,59.9,1,6,2,0.35,39.7,8,0,0.544443344185259,-2.4434894639792657,0.5343662036054594,Loyal Champions (VIPs)
user_0680,66,1,0.0,17,1,0,0.617,37.4,3,2,0.7531131938052498,0.5215735663736478,1.1044693179067326,Cart Abandoners / Window Shoppers
user_0681,10,1,0.0,21,1,3,0.885,87.9,12,3,0.7506883193513071,-0.01116569466419568,-1.4367708573004865,Potential Loyalists
user_0682,56,2,0.0,9,5,1,0.231,32.0,20,1,-0.42662752293696715,0.29163101425687643,0.15540999377085343,At-Risk / Inactive
user_0683,30,2,0.0,6,3,3,0.404,15.8,16,1,-0.05837455550898344,-1.0382893250290395,-0.7159936493924949,At-Risk / Inactive
user_0684,5,1,0.0,19,6,1,0.993,15.8,14,1,2.7717352174367296,0.7294808758202592,-1.3813261117929543,At-Risk / Inactive
user_0685,33,1,0.0,13,5,1,0.869,105.0,16,1,0.7395044723043346,0.9557665265401616,-0.8238678954129651,At-Risk / Inactive
user_0686,65,2,25.5,3,0,3,0.565,159.3,33,3,-1.7445589330882587,-1.560322134371934,-0.03636806888198913,Potential Loyalists
user_0687,18,1,0.0,7,4,2,0.517,46.6,30,1,0.13979692734378105,-0.016523101932844435,-1.3130747240897944,At-Risk / Inactive
user_0688,49,1,0.0,22,7,0,0.285,4.2,12,1,1.3269887753758511,1.4745290977201375,1.0155462659342767,At-Risk / Inactive
user_0689,11,8,0.0,9,0,1,0.517,16.3,15,3,0.18704244239069598,-1.2727691932734373,-0.218765649747331,Potential Loyalists
user_0690,85,2,0.0,22,1,2,0.848,295.4,18,3,-0.9712312648400073,0.9033755928585171,-0.4546790629406964,Potential Loyalists
user_0691,26,1,890.0,5,4,1,0.685,81.6,28,0,0.8501228089476753,-0.5963525620372103,1.192059041042525,Loyal Champions (VIPs)
user_0692,63,2,0.0,10,5,0,0.29,72.5,23,1,-0.37195905798516443,1.1905578824195446,0.5058549918456149,At-Risk / Inactive
user_0693,89,1,0.0,23,0,1,0.201,4.7,14,3,-0.5548173020588701,0.40023094762243644,0.9643912564686313,Potential Loyalists
user_0694,86,2,0.0,17,2,0,0.265,156.5,30,1,-1.2201091264610882,1.7093649672390203,0.6947976148966926,At-Risk / Inactive
user_0695,59,1,0.0,12,7,0,0.17,90.1,33,1,-0.5111674652720801,1.7832958510276844,0.3585240109303807,At-Risk / Inactive
user_0696,27,1,0.0,23,3,1,0.096,27.1,15,1,-0.07534077214963512,0.7684232538403655,0.3392615790817239,At-Risk / Inactive
user_0697,49,1,350.0,16,6,1,0.419,14.0,7,0,1.4255999008038884,-0.27180492105632686,2.4889150965657225,Loyal Champions (VIPs)
user_0698,77,5,25.5,3,6,0,0.113,58.0,15,0,-0.4750946361801963,-0.7131027071568737,2.0113617200742357,Loyal Champions (VIPs)
user_0699,33,3,350.0,22,3,2,0.172,217.8,38,0,-0.990732043665802,0.16537971087116446,1.7540387368263983,Loyal Champions (VIPs)
user_0700,1,1,0.0,9,2,3,0.547,240.6,11,3,0.8202042656432763,-1.1008204628330884,-2.1150097933283427,Potential Loyalists
user_0701,21,1,0.0,15,1,0,0.165,110.8,29,3,-0.620716698287896,1.2214994895091114,0.1265474138772558,Potential Loyalists
user_0702,55,3,0.0,5,4,1,0.064,156.0,31,1,-1.6836937090393294,-0.051934708263057,-0.053902223617455766,At-Risk / Inactive
user_0703,6,1,0.0,23,3,1,0.317,14.7,25,1,1.0960975200212246,0.7585437835351613,-0.6742729426729327,At-Risk / Inactive
user_0704,81,1,25.5,13,2,2,0.22,106.4,24,0,-1.2473392819560756,0.11338873846616691,1.0562677072784574,Loyal Champions (VIPs)
user_0705,69,5,0.0,14,5,3,0.515,131.9,19,1,-0.9990854170256015,0.06889737252009258,-0.29836071799526026,At-Risk / Inactive
user_0706,5,1,25.5,20,7,0,0.102,26.9,2,2,2.3896741267448065,-0.23929279679480486,1.9527363631971855,Cart Abandoners / Window Shoppers
user_0707,3,2,0.0,15,6,0,0.752,254.6,22,1,1.616024798525732,1.2692700231454395,-1.1844638452960927,At-Risk / Inactive
user_0708,53,8,0.0,16,7,3,0.906,26.0,20,1,0.4681530460487816,0.07210729430095923,-0.5957530436536254,At-Risk / Inactive
user_0709,23,1,0.0,23,2,0,0.743,45.1,33,1,0.8702395419120912,1.9937235960332247,-0.37234525770876414,At-Risk / Inactive
user_0710,53,1,0.0,13,7,3,0.533,116.3,8,1,-0.10714451303924392,0.06926480453081607,-0.4453818163872766,At-Risk / Inactive
user_0711,37,1,0.0,17,1,1,0.861,122.0,25,3,-0.0331312330270456,1.0989929360970798,-0.8182085363350108,Potential Loyalists
user_0712,74,3,25.5,23,1,3,0.695,144.2,9,0,-0.5434579205534597,-0.3730260660697609,1.0763381683358455,Loyal Champions (VIPs)
user_0713,74,4,0.0,8,0,0,0.011,14.3,34,3,-1.4775340876418248,0.11949150182369428,1.0615241855098694,Potential Loyalists
user_0714,83,3,0.0,21,3,3,0.394,227.2,23,1,-1.626501102156832,0.6261776220392468,-0.17921135903178131,At-Risk / Inactive
user_0715,17,1,0.0,2,0,2,0.851,91.3,5,3,0.22586508922017987,-2.2332924343600693,-1.2898826055182295,Potential Loyalists
user_0716,85,3,890.0,5,7,1,0.346,76.5,25,0,-0.23249785383439,-0.692995645975268,2.3208968685342093,Loyal Champions (VIPs)
user_0717,78,4,0.0,6,6,1,0.035,476.2,8,2,-1.7186418031285469,-0.42744636516276036,0.6954395294268809,Cart Abandoners / Window Shoppers
user_0718,73,2,25.5,12,2,3,0.746,161.8,16,0,-0.5364001206186654,-0.3534412022929564,0.44442825992122575,Loyal Champions (VIPs)
user_0719,1,5,0.0,18,4,0,0.802,15.1,15,1,2.9826721836245547,0.3639012627387578,-0.8452506668573719,At-Risk / Inactive
user_0720,51,3,25.5,22,7,2,0.161,169.5,1,2,0.08577202841458251,-0.9122708483157664,2.3373113433317667,Cart Abandoners / Window Shoppers
user_0721,45,2,0.0,22,4,1,0.537,12.0,22,1,0.5777386681645091,1.0553913566746096,0.042724814977207,At-Risk / Inactive
user_0722,77,2,0.0,1,1,1,0.192,3.3,3,2,-0.016396853860208026,-2.725330649131675,0.7650898427933849,Cart Abandoners / Window Shoppers
user_0723,4,1,0.0,17,4,0,0.719,62.0,38,1,1.7101896763039575,1.6341694263468451,-1.2299978182960405,At-Risk / Inactive
user_0724,62,1,25.5,11,4,0,0.272,605.8,14,0,-0.6905575197657599,0.9388568242779364,1.6158988141741184,Loyal Champions (VIPs)
user_0725,65,2,0.0,10,6,2,0.316,23.1,36,1,-0.5805746811995718,0.44878619267609965,-0.35409781049756,At-Risk / Inactive
user_0726,32,1,0.0,19,4,3,0.845,134.0,18,1,0.1933329495625969,0.7111878933155656,-1.2126344221261014,At-Risk / Inactive
user_0727,34,4,0.0,14,7,0,0.476,22.9,18,1,0.8651006543034117,1.0428492474522248,0.4797924992129995,At-Risk / Inactive
user_0728,72,12,59.9,10,2,3,0.67,154.8,3,2,-0.35222507605960035,-2.1346457706535835,1.8637475814826527,Cart Abandoners / Window Shoppers
user_0729,39,3,0.0,15,4,2,0.402,84.5,10,1,-0.3317575763717349,-0.07366509241517688,-0.00210655894009242,At-Risk / Inactive
user_0730,26,1,59.9,19,5,3,0.298,136.7,39,0,-0.47174977216406516,0.4141916017691265,0.4415360018894337,Loyal Champions (VIPs)
user_0731,34,1,0.0,4,4,1,0.625,27.2,1,2,1.385729778150152,-1.5501344028294275,0.19732772750436245,Cart Abandoners / Window Shoppers
user_0732,54,1,0.0,2,4,3,0.155,164.3,27,1,-1.7944602917652563,-1.02977196143525,-1.0282162097280931,At-Risk / Inactive
user_0733,3,2,0.0,9,0,2,0.373,651.7,27,3,-1.0186030896388631,-0.735773987015231,-1.6955041536963822,Potential Loyalists
user_0734,50,3,0.0,10,2,2,0.209,131.5,11,3,-1.2943732043670215,-0.5355252590460865,0.15197983672129334,Potential Loyalists
user_0735,12,4,0.0,11,7,2,0.696,81.6,5,2,1.1659830596536005,-0.7671238060139183,-0.6074192985006723,Cart Abandoners / Window Shoppers
user_0736,65,1,0.0,14,1,3,0.944,307.9,7,3,-0.4665696464699865,-0.07733274546730594,-0.7626335364750713,Potential Loyalists
user_0737,54,4,0.0,7,0,1,0.996,1.9,19,3,0.8668971955444853,-0.7268236039132884,-0.3274388874827546,Potential Loyalists
user_0738,5,4,0.0,23,7,0,0.45,157.1,29,1,0.9644154748681562,1.534626499538734,-0.4492367696014312,At-Risk / Inactive
user_0739,57,1,0.0,15,3,1,0.253,263.5,15,1,-1.1098310516428433,0.8625400066973877,0.13631163906968716,At-Risk / Inactive
user_0740,17,4,0.0,22,2,3,0.443,7.6,35,1,0.2039235802454603,0.012918508993412334,-0.6890795229568887,At-Risk / Inactive
user_0741,47,1,0.0,19,5,3,0.847,71.8,37,1,0.043438011431918354,1.1906912214959406,-1.320226599428798,At-Risk / Inactive
user_0742,23,1,0.0,22,2,0,0.206,27.5,12,3,0.4876775129621312,1.1176842110836491,0.7049317684679363,Potential Loyalists
user_0743,79,2,120.0,15,3,3,0.952,100.3,30,0,0.0321871828513315,0.1568626824074966,0.6015475322618964,Loyal Champions (VIPs)
user_0744,85,1,120.0,24,3,2,0.342,125.8,20,0,-0.6933622117578666,0.5596761061281686,1.7132662136519767,Loyal Champions (VIPs)
user_0745,14,2,0.0,8,3,2,0.986,43.3,37,1,0.853663109878207,0.0967758108741484,-1.8636907989662759,At-Risk / Inactive
user_0746,66,2,0.0,11,6,2,0.839,73.9,3,2,0.7602082210312284,-0.3856979032923027,-0.0352418034014956,Cart Abandoners / Window Shoppers
user_0747,75,2,25.5,9,1,2,0.809,39.3,9,0,0.2073451043401432,-0.9157210034538558,0.86706825523586,Loyal Champions (VIPs)
user_0748,51,1,0.0,15,4,2,0.318,55.3,39,1,-0.8103472466673037,0.9517180703202508,-0.5444684258993322,At-Risk / Inactive
user_0749,38,2,0.0,1,2,3,0.009,20.9,26,3,-1.4718293213874651,-2.1527894963037255,-0.7966470740695085,Potential Loyalists
user_0750,64,2,0.0,1,7,0,0.382,260.1,2,2,-0.021420707180003253,-1.3374072168566298,0.6231312898833599,Cart Abandoners / Window Shoppers
user_0751,38,2,0.0,19,6,0,0.302,1.2,23,1,1.4079244221630984,1.3228344627395707,0.7778326651102208,At-Risk / Inactive
user_0752,50,1,0.0,3,7,2,0.037,256.9,23,1,-1.6537717771272842,-0.45835528408417564,-0.6302923187252513,At-Risk / Inactive
user_0753,82,1,0.0,10,4,3,0.505,101.7,21,1,-0.9427675948594935,0.2628492576671713,-0.6689653819558926,At-Risk / Inactive
user_0754,30,2,0.0,8,4,1,0.403,48.4,16,1,0.030958830518863317,-0.014035184963443104,-0.2702560285749321,At-Risk / Inactive
user_0755,79,1,59.9,15,5,1,0.635,154.1,9,0,0.33016498336164446,0.41451270344830904,1.5091382163719362,Loyal Champions (VIPs)
user_0756,51,2,0.0,10,3,3,0.621,85.1,13,1,-0.4386820947028859,-0.3291512083483864,-0.6484610922370527,At-Risk / Inactive
user_0757,63,3,0.0,1,1,2,0.121,83.0,28,3,-2.1893582417401127,-1.8242145726710595,-0.55679297012253,Potential Loyalists
user_0758,52,2,59.9,18,5,0,0.977,14.0,27,0,1.9245547081857601,1.3802689025292358,1.3307293621670853,Loyal Champions (VIPs)
user_0759,38,2,0.0,2,0,3,0.187,59.2,17,3,-1.8435166458756422,-2.1891332410979434,-0.707765189058839,Potential Loyalists
user_0760,88,5,0.0,19,6,1,0.445,33.1,38,1,-0.5238714057490591,1.2478038529169344,0.26064992177230684,At-Risk / Inactive
user_0761,79,3,0.0,13,6,1,0.488,1.9,36,1,0.5937662549688919,0.7875553700884397,0.1548341203654228,At-Risk / Inactive
user_0762,30,4,0.0,22,1,1,0.813,53.6,1,2,1.1304063782912355,-0.6977842278052756,0.7268902657002645,Cart Abandoners / Window Shoppers
user_0763,51,3,25.5,1,4,2,0.099,11.3,18,0,-0.49078866616588024,-2.4171771345729898,0.8345488912261254,Loyal Champions (VIPs)
user_0764,81,1,0.0,2,7,1,0.429,35.6,9,1,0.004790272590934394,-0.8147482373310325,-0.15042771924672668,At-Risk / Inactive
user_0765,5,1,890.0,16,6,3,0.629,11.6,13,0,2.5270966216564914,-1.0768751638903489,0.9693691777480141,Loyal Champions (VIPs)
user_0766,29,2,0.0,15,1,3,0.215,12.8,15,3,-0.46943466457448485,-0.6367532757230931,-0.14473404634551132,Potential Loyalists
user_0767,4,1,0.0,13,6,1,0.627,26.6,4,2,2.420545807691805,-0.38531748746514666,-0.7106447896928919,Cart Abandoners / Window Shoppers
user_0768,10,1,0.0,16,6,3,0.924,1056.0,33,1,0.061011433379184486,1.0070837553008627,-2.2847076414126057,At-Risk / Inactive
user_0769,56,1,0.0,17,3,1,0.998,0.3,24,1,2.0417433553875632,0.9765131390662392,-0.4344826874002417,At-Risk / Inactive
user_0770,17,2,0.0,21,0,1,0.032,122.2,36,3,-1.5795629885065283,0.5385185427174278,-0.0970350605713792,Potential Loyalists
user_0771,74,3,0.0,7,3,0,0.236,18.3,10,2,-0.04714550576376991,0.044003298127833726,1.103112603116879,Cart Abandoners / Window Shoppers
user_0772,17,3,0.0,24,0,2,0.31,304.0,36,3,-1.691942453735152,0.4040361236314934,-0.637845180013464,Potential Loyalists
user_0773,84,2,0.0,17,6,2,0.399,11.8,20,1,-0.042326085619463494,0.6192562522961502,0.13114833030213793,At-Risk / Inactive
user_0774,88,3,350.0,7,5,0,0.242,372.3,11,0,-0.5486667774764316,-0.12105221344514566,2.915819809387162,Loyal Champions (VIPs)
user_0775,69,1,0.0,13,7,0,0.203,113.3,12,1,-0.24130191313440816,1.378862373317608,0.8185301633639349,At-Risk / Inactive
user_0776,34,4,0.0,5,4,2,0.955,0.2,18,1,1.900146279073837,-1.042429910643888,-0.8391181378568817,At-Risk / Inactive
user_0777,6,1,25.5,17,6,1,0.919,269.3,30,0,1.5177529060804131,0.947350825940261,-0.6730991144866968,Loyal Champions (VIPs)
user_0778,53,5,59.9,3,0,1,0.047,88.5,37,3,-2.0722800390425173,-1.6494046744564983,1.453647795598136,Potential Loyalists
user_0779,66,2,0.0,7,0,2,0.339,36.6,20,3,-1.4608382433500222,-0.7826956251218607,-0.15437408189875892,Potential Loyalists
user_0780,77,1,59.9,17,0,1,0.405,174.9,25,0,-1.2942461841257809,0.36563697707702203,1.4761522590699308,Loyal Champions (VIPs)
user_0781,43,1,0.0,7,6,0,0.239,313.5,12,1,-0.45581558600870764,0.8191829572368254,0.30877933697559895,At-Risk / Inactive
user_0782,75,1,0.0,21,1,1,0.629,79.3,21,3,-0.5567393958216222,1.2072717973302614,-0.0738290728927707,Potential Loyalists
user_0783,23,1,0.0,1,5,1,0.64,45.5,25,1,0.3841743887522748,-0.918869727424625,-1.4855652473316072,At-Risk / Inactive
user_0784,55,1,25.5,17,1,3,0.851,186.7,11,0,-0.17454438083862173,-0.20516716767590218,0.35497466578430487,Loyal Champions (VIPs)
user_0785,80,2,0.0,17,4,3,0.741,137.4,9,1,-0.3424924215029545,0.228932903303781,-0.335987102419605,At-Risk / Inactive
user_0786,75,2,0.0,11,6,3,0.543,263.5,25,1,-1.167632834455109,0.4740191914761155,-0.7713890497200955,At-Risk / Inactive
user_0787,16,2,0.0,3,0,1,0.654,141.5,35,3,-0.7763191029703367,-0.8221556023117589,-1.4231256453010557,Potential Loyalists
user_0788,8,4,25.5,15,5,2,0.274,33.5,32,0,0.5205481419780045,-0.3821629921381023,0.3134672468938338,Loyal Champions (VIPs)
user_0789,4,2,890.0,21,5,0,0.593,322.0,14,0,1.9018065690915407,0.4525227911909748,1.7758209986197764,Loyal Champions (VIPs)
user_0790,4,2,0.0,11,2,1,0.489,13.3,1,2,2.274359092112894,-1.6575075704848419,0.03657855412722676,Cart Abandoners / Window Shoppers
user_0791,56,1,890.0,16,4,2,0.133,37.4,17,0,-0.08848337049979642,-0.37741167285288146,2.5112577748958493,Loyal Champions (VIPs)
user_0792,25,3,0.0,22,7,1,0.243,88.1,25,1,-0.23556848797221827,1.1059044744997601,-0.019124657304031154,At-Risk / Inactive
user_0793,67,1,0.0,9,7,0,0.292,100.1,8,1,0.06561913559678288,0.868075836183198,0.7624076992921143,At-Risk / Inactive
user_0794,67,8,0.0,24,5,1,0.924,1.9,5,2,1.9789186148804643,0.03726774670692639,0.8445992505278904,Cart Abandoners / Window Shoppers
user_0795,27,3,0.0,24,6,0,0.23,182.0,5,2,0.30129030610716917,0.9836855701126698,1.1183708035159565,Cart Abandoners / Window Shoppers
user_0796,32,2,0.0,1,0,1,0.289,53.9,35,3,-1.5151919034344064,-1.5891119635409234,-0.8695002702346619,Potential Loyalists
user_0797,50,1,0.0,22,0,0,0.369,62.6,19,3,-0.6274307887820145,1.3195818324033501,0.6418492163104709,Potential Loyalists
user_0798,61,4,0.0,16,5,1,0.664,198.9,23,1,-0.485609515000612,1.0472323514119597,-0.1876778265537115,At-Risk / Inactive
user_0799,51,3,120.0,9,1,0,0.118,57.2,9,0,-0.2783313586931268,-0.6389664405430417,2.837499964541709,Loyal Champions (VIPs)
user_0800,19,1,25.5,19,4,3,0.954,5.8,30,0,1.8987809972893959,0.1996358376574145,-0.35716521389006556,Loyal Champions (VIPs)
user_0801,21,1,25.5,12,0,1,0.866,23.3,16,3,0.9792027257154137,-0.39011394099193997,0.35679076212219873,Potential Loyalists
user_0802,5,3,59.9,19,5,1,0.577,374.6,33,0,0.7203311153251553,0.48763992140125684,0.14140511658626775,Loyal Champions (VIPs)
user_0803,82,1,0.0,22,0,2,0.674,8.8,2,2,0.5102849648111579,-0.6606590398468147,0.761893498377664,Cart Abandoners / Window Shoppers
user_0804,42,4,0.0,9,7,2,0.017,52.6,14,1,-0.880060527521328,-0.4827225950457289,0.25979259381300485,At-Risk / Inactive
user_0805,61,1,0.0,7,5,0,0.339,83.9,1,2,0.6750986777377095,-0.32164952685187015,1.2926152557651016,Cart Abandoners / Window Shoppers
user_0806,22,1,0.0,14,4,1,0.796,81.6,26,1,0.6669715366868706,1.0738957059610796,-1.0556269046509417,At-Risk / Inactive
user_0807,21,3,0.0,19,5,0,0.077,0.5,25,1,1.3099482221217682,0.9155646840522648,0.8903654812041589,At-Risk / Inactive
user_0808,70,1,0.0,19,2,3,0.282,83.5,16,3,-1.2189714376163014,0.35365310448920656,-0.11204323954244465,Potential Loyalists
user_0809,1,2,0.0,2,5,2,0.585,58.1,15,1,1.5081593233432211,-1.9120772149035965,-2.2965458792166213,At-Risk / Inactive
user_0810,5,1,0.0,9,5,0,0.256,429.4,26,1,0.22202287668248286,0.976007386639401,-0.8281610357167497,At-Risk / Inactive
user_0811,12,1,0.0,13,6,0,0.934,20.8,16,1,2.4018517123843215,1.2367433726293986,-0.7165293816106845,At-Risk / Inactive
user_0812,46,2,0.0,15,7,2,0.131,52.5,14,1,-0.5479922660459127,0.26124377197413834,0.16713689306114227,At-Risk / Inactive
user_0813,34,2,0.0,3,4,1,0.797,65.3,29,1,0.19232828164046742,-0.2277829070955327,-1.228989937633613,At-Risk / Inactive
user_0814,49,2,0.0,11,6,0,0.508,59.5,24,1,0.28336326267464224,1.3663103882828707,0.16661208564708543,At-Risk / Inactive
user_0815,78,3,0.0,21,5,2,0.75,131.5,15,1,-0.27722886530766705,0.8620334568331779,-0.22229991550153208,At-Risk / Inactive
user_0816,45,2,0.0,14,4,1,0.311,29.1,19,1,-0.14148260713804686,0.5616511661301844,0.1492462354741276,At-Risk / Inactive
user_0817,27,1,59.9,8,2,3,0.514,30.0,8,0,0.5741413133985673,-1.4924004173279168,0.7672745359756574,Loyal Champions (VIPs)
user_0818,73,1,0.0,18,4,2,0.857,156.8,34,1,-0.38196426771539743,1.466744572499999,-0.9908098730295865,At-Risk / Inactive
user_0819,26,4,0.0,19,0,0,0.467,83.2,2,2,0.29545327441078517,-0.37946842257168933,1.3111132074056404,Cart Abandoners / Window Shoppers
user_0820,47,3,25.5,16,6,3,0.36,64.4,27,0,-0.4398584444941357,-0.01835601127645609,0.6950243658312272,Loyal Champions (VIPs)
user_0821,86,2,0.0,2,4,1,0.536,22.2,10,2,-0.016000086170754768,-1.0907919204283256,-0.0988714787886164,Cart Abandoners / Window Shoppers
user_0822,56,1,0.0,8,7,1,0.717,24.9,35,1,0.5047827652636799,0.964657540637362,-0.8054688693238172,At-Risk / Inactive
user_0823,63,1,0.0,22,2,2,0.444,1.3,23,1,0.5146825645588088,0.5871170669128507,0.05473055359416743,At-Risk / Inactive
user_0824,48,3,0.0,6,3,2,0.939,11.5,8,2,1.0594844723704648,-0.9761945435586442,-0.5511747590543239,Cart Abandoners / Window Shoppers
user_0825,61,4,0.0,12,5,2,0.295,97.7,28,1,-1.1792536185265816,0.3164736992630317,-0.145977921482872,At-Risk / Inactive
user_0826,81,2,0.0,15,4,1,0.475,266.9,23,1,-1.05957511629714,1.168539071205008,-0.042312680983602115,At-Risk / Inactive
user_0827,26,3,59.9,8,5,3,0.757,40.6,4,2,1.3051819969020322,-1.7700464235725621,0.8789768678418518,Cart Abandoners / Window Shoppers
user_0828,36,3,0.0,4,1,1,0.689,47.7,14,3,-0.09963104629053823,-0.9217155412194574,-0.5262916329820038,Potential Loyalists
user_0829,1,1,0.0,15,0,0,0.864,14.7,29,3,2.3133791893423257,0.5219077290874656,-1.4975972315589736,Potential Loyalists
user_0830,8,1,0.0,20,6,1,0.997,59.0,1,2,2.862165724856381,-0.14252773713493366,-0.41159039353162097,Cart Abandoners / Window Shoppers
user_0831,52,1,0.0,17,0,0,0.427,4.6,4,3,0.867735958289076,0.06646820080224759,1.33326767465757,Potential Loyalists
user_0832,79,1,0.0,13,1,3,0.111,299.5,32,3,-2.560115302364651,0.3450028606153775,-0.36406172868700726,Potential Loyalists
user_0833,47,4,0.0,18,1,2,0.03,134.2,33,3,-2.1365659270513824,0.250312595786164,0.148492590838893,Potential Loyalists
user_0834,56,1,25.5,2,6,2,0.727,562.0,26,0,-0.6637559318763002,-0.6991703895758302,-0.4384516702163455,Loyal Champions (VIPs)
user_0835,86,2,0.0,13,4,1,0.874,257.3,17,1,-0.29704205562478786,1.061196208184833,-0.3946095847631896,At-Risk / Inactive
user_0836,14,1,0.0,13,1,2,0.221,76.9,39,3,-0.8729444059969853,0.2158293037545261,-0.9817859699848567,Potential Loyalists
user_0837,28,1,0.0,22,3,3,0.158,88.0,23,1,-0.9410772681687918,0.5262713514212767,-0.4774741581939928,At-Risk / Inactive
user_0838,87,1,0.0,15,5,2,0.062,25.4,32,1,-1.0944409574972012,0.8325821294267051,0.11731110180380319,At-Risk / Inactive
user_0839,78,1,0.0,20,5,1,0.823,74.4,15,1,0.41352430150044134,1.4444717501356132,-0.21643192618206977,At-Risk / Inactive
user_0840,88,2,25.5,10,2,3,0.311,280.0,13,0,-1.5463404976908763,-0.7111741212071976,1.0103441334629768,Loyal Champions (VIPs)
user_0841,2,1,0.0,3,7,0,0.402,6.3,2,2,3.2369781051577524,-1.5880590016869365,-0.29384531173598455,Cart Abandoners / Window Shoppers
user_0842,26,2,0.0,19,1,1,0.503,239.0,19,3,-0.6892116103112785,0.705408111284263,-0.32847183116442863,Potential Loyalists
user_0843,14,1,59.9,3,1,0,0.839,50.0,24,0,1.2911770239600464,-0.5803851993455688,0.30651986852764185,Loyal Champions (VIPs)
user_0844,59,1,0.0,22,3,3,0.651,275.7,24,1,-0.9292293432094471,1.0554801642761067,-0.8554734199526188,At-Risk / Inactive
user_0845,56,1,25.5,14,0,1,0.615,339.4,11,3,-0.8153796049756865,-0.057389523297782095,1.0296326762633703,Potential Loyalists
user_0846,7,2,0.0,8,0,1,0.176,133.4,22,3,-0.8731509499708309,-0.6974456967151206,-0.7104963996420642,Potential Loyalists
user_0847,3,2,0.0,23,5,3,0.513,131.0,15,1,0.8709764162671427,0.03228717544235035,-1.473072870350129,At-Risk / Inactive
user_0848,23,1,0.0,4,5,2,0.715,72.3,10,1,0.6059805565313968,-0.8053445855265939,-1.190905599066838,At-Risk / Inactive
user_0849,18,1,0.0,20,4,1,0.973,216.6,27,1,0.7488364284331686,1.5518023151500207,-1.328127635115873,At-Risk / Inactive
user_0850,38,3,0.0,11,6,1,0.201,391.2,9,2,-0.882094159618383,0.13184847359132376,0.285703262880407,Cart Abandoners / Window Shoppers
user_0851,15,1,0.0,11,7,0,0.01,179.0,28,1,-0.2744179118653911,1.3141538986989516,-0.03541599999111327,At-Risk / Inactive
user_0852,64,1,0.0,11,3,2,0.075,116.7,1,2,-0.6227027761496833,-1.084582430272526,1.0148000536804571,Cart Abandoners / Window Shoppers
user_0853,89,3,0.0,2,6,0,0.376,112.0,17,1,-0.6486782944282563,-0.12009417131855368,0.2805454413671911,At-Risk / Inactive
user_0854,28,2,0.0,17,6,0,0.821,227.2,31,1,0.5872240672808235,2.0462495059709287,-0.5157481949329358,At-Risk / Inactive
user_0855,74,1,59.9,9,2,2,0.007,93.5,10,0,-1.1758049736917395,-0.9043197217593644,1.8198815113459605,Loyal Champions (VIPs)
user_0856,39,4,0.0,2,6,2,0.457,195.5,37,1,-1.1751505142428487,-0.8251410349563446,-1.2080893838087639,At-Risk / Inactive
user_0857,57,3,0.0,24,2,3,0.329,85.3,29,1,-1.371359642654924,0.5573959264802423,-0.2164425240458763,At-Risk / Inactive
user_0858,17,1,0.0,15,6,2,0.052,7.7,18,1,0.4594459230655882,0.07837972593330868,-0.21652335057643413,At-Risk / Inactive
user_0859,86,2,59.9,16,3,1,0.45,58.1,38,0,-0.46633495276902615,0.7647639670081378,1.408870898612073,Loyal Champions (VIPs)
user_0860,44,2,25.5,4,2,2,0.255,70.5,39,0,-1.1321011526703961,-0.9439388860510459,0.36161075925324465,Loyal Champions (VIPs)
user_0861,25,1,0.0,8,0,3,0.352,18.3,6,3,-0.2867706900981717,-1.649658827228639,-0.3068221664077702,Potential Loyalists
user_0862,17,1,0.0,9,2,3,0.706,13.0,12,1,0.9406971968427295,-0.7846425518949033,-1.1509969132683764,At-Risk / Inactive
user_0863,13,1,0.0,5,2,3,0.522,92.0,14,3,-0.08869914606337631,-1.121970716656754,-1.4455427817628765,Potential Loyalists
user_0864,84,2,0.0,16,3,2,0.125,10.7,10,1,-0.5042663532538473,-0.12559280290596422,0.7577573635156145,At-Risk / Inactive
user_0865,25,1,0.0,13,3,2,0.961,43.3,20,1,0.894693013735149,0.47445171825522797,-1.311941456584637,At-Risk / Inactive
user_0866,68,3,25.5,7,2,0,0.636,163.8,15,0,-0.09557379851784231,0.14604511848953342,1.4233821623303233,Loyal Champions (VIPs)
user_0867,10,2,0.0,20,7,0,0.766,400.4,31,1,0.8941601078095187,2.0509923000079344,-0.8700395415061267,At-Risk / Inactive
user_0868,67,1,0.0,17,1,1,0.079,151.8,7,3,-1.3304035887762815,0.24237930732802787,0.8424350400466697,Potential Loyalists
user_0869,18,2,59.9,3,7,0,0.047,589.2,10,0,-0.25278140105453795,-0.7814214035758142,1.5230922976096717,Loyal Champions (VIPs)
user_0870,86,1,0.0,5,3,1,0.019,143.8,10,3,-1.5131253282168726,-0.35631023774198617,0.4660872900572747,Potential Loyalists
user_0871,34,2,0.0,19,7,3,0.189,41.7,39,1,-0.6938674472924811,0.720199743378466,-0.5594795435251897,At-Risk / Inactive
user_0872,8,2,0.0,12,7,0,0.414,133.8,28,1,0.7718240394436869,1.2214592137808993,-0.5721262027041392,At-Risk / Inactive
user_0873,40,1,120.0,7,4,2,0.936,145.3,30,0,0.4654803210945303,-0.12018579385951993,0.12188674471356113,Loyal Champions (VIPs)
user_0874,83,1,0.0,9,4,0,0.457,55.8,37,1,-0.32359452582196674,1.5887132758506857,0.09914486510170516,At-Risk / Inactive
user_0875,42,1,120.0,6,0,1,0.29,2.1,3,0,0.9999412184617289,-2.308823500364471,2.4566315864856394,Loyal Champions (VIPs)
user_0876,41,1,25.5,17,6,0,0.562,145.8,15,0,0.7633811306107657,1.3555556214645144,1.318134895104404,Loyal Champions (VIPs)
user_0877,6,1,0.0,16,2,3,0.112,2.6,21,3,0.8192013075401972,-0.6045512241406741,-0.8006409164342982,Potential Loyalists
user_0878,52,1,0.0,23,1,2,0.61,119.7,37,3,-0.9524665447287984,1.2075621452839427,-0.7263447221064041,Potential Loyalists
user_0879,26,12,59.9,3,0,1,0.568,21.4,12,0,-0.023261042240271323,-2.689383613384955,1.388607830520366,Loyal Champions (VIPs)
user_0880,64,1,0.0,21,2,2,0.792,100.1,4,2,0.2784539822040982,0.21246451809826894,0.01192000976726098,Cart Abandoners / Window Shoppers
user_0881,59,1,59.9,4,7,2,0.987,84.1,9,0,1.073007042869622,-0.9162121782352348,0.34499177718652185,Loyal Champions (VIPs)
user_0882,56,2,120.0,10,3,1,0.251,1.6,39,0,0.5876057343000853,-0.24001811870325526,1.8120688023636402,Loyal Champions (VIPs)
user_0883,59,1,0.0,5,4,2,0.51,54.1,28,1,-0.57335108902329,-0.04890908231623368,-0.8949028319906579,At-Risk / Inactive
user_0884,70,5,0.0,21,5,2,0.909,110.3,23,1,-0.12280361238407152,0.9389891356426974,-0.4918139182693246,At-Risk / Inactive
user_0885,33,2,120.0,22,1,0,0.785,226.5,22,0,0.46039806113982407,1.095959555271999,1.5882849013952414,Loyal Champions (VIPs)
user_0886,53,3,0.0,10,7,2,0.487,263.4,24,1,-0.9282902670180901,0.4291949910964561,-0.5899600054539983,At-Risk / Inactive
user_0887,22,1,0.0,12,5,2,0.945,79.4,26,1,0.7909395690832279,0.7156533131433253,-1.5580041789379335,At-Risk / Inactive
user_0888,21,1,0.0,10,4,2,0.057,156.4,30,1,-1.1392530613382978,0.24825126898303018,-0.7117545423226311,At-Risk / Inactive
user_0889,70,1,0.0,13,7,2,0.931,45.7,33,1,0.41399137431506716,1.2125068090066375,-1.1078514083840114,At-Risk / Inactive
user_0890,70,3,120.0,11,6,1,0.051,50.3,16,0,-0.4605993434196561,-0.2970900751914415,2.345707600426563,Loyal Champions (VIPs)
user_0891,4,1,25.5,22,6,3,0.547,25.9,22,0,1.7266326449977452,-0.07287669372583819,-0.43527990055871063,Loyal Champions (VIPs)
user_0892,75,1,0.0,16,5,0,0.89,99.1,18,1,0.7003183499877145,1.9859658432443095,-0.017744489971729786,At-Risk / Inactive
user_0893,62,8,0.0,8,3,2,0.263,45.3,7,2,-0.8343768408437623,-1.2614009335772993,0.6163739503506904,Cart Abandoners / Window Shoppers
user_0894,62,1,0.0,8,7,2,0.472,10.6,26,1,0.23291957819096562,0.2828643904759241,-0.5535774576752328,At-Risk / Inactive
user_0895,24,1,59.9,8,2,1,0.324,138.6,8,0,0.09427567030004018,-0.8459632187182214,1.27494501551322,Loyal Champions (VIPs)
user_0896,55,1,0.0,13,7,3,0.952,147.6,6,1,0.6056242620149221,0.14243387293188442,-0.8249972086469899,At-Risk / Inactive
user_0897,9,8,0.0,2,3,2,0.824,53.6,30,1,0.38812844531545987,-1.694104338140805,-1.8095235129025116,At-Risk / Inactive
user_0898,3,1,0.0,12,7,1,0.709,9.6,39,1,2.293965052143967,0.659143289645312,-1.7748460724622284,At-Risk / Inactive
user_0899,31,3,0.0,10,5,0,0.588,66.7,23,1,0.49044920847621004,1.0231399632593379,-0.03967967735057396,At-Risk / Inactive
user_0900,40,3,120.0,12,3,0,0.821,70.1,32,0,0.8964685275394251,0.8033523795708318,1.420804385678951,Loyal Champions (VIPs)
user_0901,36,1,0.0,11,4,2,0.392,132.6,22,1,-0.6530195821122251,0.40911791282265764,-0.7023518544726148,At-Risk / Inactive
user_0902,24,2,0.0,15,1,2,0.448,45.5,9,3,-0.09662028038673078,-0.4685463310424422,-0.1960293172390322,Potential Loyalists
user_0903,6,1,0.0,16,3,3,0.73,137.7,31,1,0.49969394347490514,0.37207818466276965,-2.0169106274239397,At-Risk / Inactive
user_0904,66,1,890.0,17,7,3,0.358,246.2,7,0,-0.09555881388861545,-0.5349351342553249,2.3166451582446546,Loyal Champions (VIPs)
user_0905,84,3,0.0,2,4,2,0.064,32.5,9,2,-1.1922630604709523,-1.7919763687107595,0.2663230958940291,Cart Abandoners / Window Shoppers
user_0906,75,4,0.0,18,1,1,0.074,463.1,13,3,-2.226567149592842,0.348950431860869,0.8533552131256916,Potential Loyalists
user_0907,4,2,0.0,12,6,3,0.115,58.6,3,2,0.8753756950531135,-1.497153103119719,-0.4490629607077306,Cart Abandoners / Window Shoppers
user_0908,79,2,59.9,19,2,2,0.87,37.3,35,0,0.18258555533142545,0.5448263677924147,0.7585498596223631,Loyal Champions (VIPs)
user_0909,6,1,0.0,23,5,3,0.472,65.7,33,1,0.5494335599022948,0.6815431321398172,-1.5879129125819067,At-Risk / Inactive
user_0910,51,1,0.0,18,7,2,0.713,11.9,21,1,0.9074029353429588,0.9476296459845736,-0.5794844363923802,At-Risk / Inactive
user_0911,62,1,0.0,17,7,0,0.393,16.1,31,1,0.5528177488022721,1.9856515169971942,0.4026471630441331,At-Risk / Inactive
user_0912,57,1,25.5,6,6,2,0.259,64.2,34,0,-0.6398447617151625,-0.17920130318317723,0.47119755446964295,Loyal Champions (VIPs)
user_0913,66,1,0.0,15,2,0,0.347,172.5,32,1,-0.9260953795204414,1.7995800420341226,0.28638834597977475,At-Risk / Inactive
user_0914,79,1,59.9,3,6,3,0.794,276.7,35,0,-0.6035562714381789,-0.5779821447138889,-0.24042657181811267,Loyal Champions (VIPs)
user_0915,75,1,0.0,6,0,2,0.625,131.2,15,3,-1.3368508677779865,-0.5945912976756528,-0.5913868906290758,Potential Loyalists
user_0916,8,1,0.0,3,6,3,0.938,13.3,32,1,1.6111012449268685,-0.8889839440072699,-2.4931964915599587,At-Risk / Inactive
user_0917,26,2,0.0,1,4,0,0.68,133.8,6,2,0.6753827338102846,-1.159039954201078,-0.38904795678768583,Cart Abandoners / Window Shoppers
user_0918,51,3,0.0,13,1,2,0.57,121.1,21,3,-1.0373924539247763,0.05407435344826344,-0.4148515773216996,Potential Loyalists
user_0919,45,1,0.0,21,7,3,0.61,196.6,33,1,-0.5278732785311189,1.3107997596503558,-1.0848765340971283,At-Risk / Inactive
user_0920,44,5,59.9,14,6,0,0.942,209.3,32,0,0.7782242797181562,1.2257675072530727,1.1255359185010643,Loyal Champions (VIPs)
user_0921,5,4,0.0,13,7,3,0.788,243.2,19,1,0.748807429340365,-0.20068324573222143,-1.8134221799470909,At-Risk / Inactive
user_0922,70,1,0.0,4,3,1,0.024,64.2,33,1,-1.5557892904253194,-0.015616497766809194,-0.12057627502157993,At-Risk / Inactive
user_0923,26,3,25.5,7,2,0,0.534,143.6,28,0,0.059843199025490325,0.21007263015692973,0.8884666912518474,Loyal Champions (VIPs)
user_0924,68,2,25.5,22,6,0,0.688,37.5,31,0,0.8973198992831712,1.829219269184028,1.4005787876113172,Loyal Champions (VIPs)
user_0925,19,2,0.0,10,1,0,0.749,878.1,21,3,-0.36268394910628743,0.9632842475318856,-0.6342097615128591,Potential Loyalists
user_0926,84,1,0.0,7,4,2,0.213,23.1,34,1,-0.9937926037417283,0.19349021124946436,-0.31578251425409326,At-Risk / Inactive
user_0927,20,2,120.0,21,0,2,0.867,1.2,15,0,1.8618907167818657,-0.9078527648005711,1.1374892542467243,Loyal Champions (VIPs)
user_0928,12,1,0.0,15,7,2,0.956,19.3,14,1,2.035060353526078,0.39966910557191687,-1.3807904976088479,At-Risk / Inactive
user_0929,47,2,0.0,15,2,1,0.237,179.5,19,3,-1.1993977024237257,0.6188276351196221,0.15064367271472814,Potential Loyalists
user_0930,1,2,350.0,4,5,1,0.883,71.0,15,0,2.778301575586784,-1.6445329281326377,-0.1482195253274747,Loyal Champions (VIPs)
user_0931,14,2,0.0,23,1,0,0.097,71.2,6,3,0.1715043922287583,0.4288220924795552,0.9894015537960585,Potential Loyalists
user_0932,64,2,0.0,23,5,1,0.056,372.2,9,1,-1.2973115126565762,0.9149914455768738,0.8319328019061322,At-Risk / Inactive
user_0933,38,3,0.0,6,1,3,0.129,302.5,37,3,-2.4513520039201646,-0.6987020826733463,-0.7760385928491734,Potential Loyalists
user_0934,37,1,0.0,24,1,0,0.058,44.7,20,3,-0.5605568120982608,1.424721256427398,0.8714186198011998,Potential Loyalists
user_0935,11,1,0.0,20,4,0,0.845,28.1,34,1,1.807276546766272,1.8929461700582018,-0.8353254408425314,At-Risk / Inactive
user_0936,77,3,0.0,5,4,3,0.059,226.4,38,1,-2.444883689655036,-0.4174600533010193,-0.4921173877802889,At-Risk / Inactive
user_0937,3,1,0.0,20,4,0,0.272,283.8,26,1,0.6543641507316986,1.486631776321922,-0.7211712585102966,At-Risk / Inactive
user_0938,33,1,25.5,12,6,1,0.104,93.6,18,0,-0.21893874526515664,0.2554335707171444,1.1449682187714525,Loyal Champions (VIPs)
user_0939,6,1,25.5,1,3,2,0.295,119.1,28,0,-0.035066227013007566,-2.075935643290854,-0.8351406501808977,Loyal Champions (VIPs)
user_0940,50,1,0.0,8,1,3,0.091,35.6,9,3,-1.1599404158819455,-1.097101738431002,0.028967706884966096,Potential Loyalists
user_0941,10,5,0.0,1,2,1,0.668,193.6,32,3,-0.33880750427881684,-1.5232879361526463,-1.6993987977792333,Potential Loyalists
user_0942,5,2,0.0,5,5,3,0.133,120.0,6,2,0.1332111751237866,-1.837935875443224,-0.9554949145863953,Cart Abandoners / Window Shoppers
user_0943,23,5,0.0,22,4,3,0.852,84.0,14,1,0.4276559667704023,0.09893738288390391,-0.8239753040501756,At-Risk / Inactive
user_0944,10,2,59.9,6,6,0,0.817,7.4,28,0,2.631850270830853,0.00852211778727093,0.5312771328815463,Loyal Champions (VIPs)
user_0945,44,1,25.5,21,4,0,0.014,297.1,24,0,-0.7897508457676659,1.539168855001032,1.8123069342539777,Loyal Champions (VIPs)
user_0946,2,1,0.0,3,5,1,0.896,114.7,13,1,1.9625793329929273,-0.8855836267646535,-2.2386371622259182,At-Risk / Inactive
user_0947,13,2,120.0,15,5,3,0.029,25.7,12,0,0.4165464668743723,-1.1509324307451099,1.4059467248447928,Loyal Champions (VIPs)
user_0948,40,1,0.0,5,7,0,0.24,111.9,19,1,-0.1760679677901309,0.7113916668797524,0.06905416197212039,At-Risk / Inactive
user_0949,2,4,0.0,24,1,0,0.032,135.8,21,3,0.14907614394626656,0.5625572123420487,-0.01382994105863067,Potential Loyalists
user_0950,84,3,0.0,14,4,3,0.336,89.5,27,1,-1.3970366478423584,0.30460921944685215,-0.23872775971850083,At-Risk / Inactive
user_0951,65,1,59.9,18,5,1,0.514,151.9,19,0,-0.010297623376437925,0.8749314625659644,1.3192946169959903,Loyal Champions (VIPs)
user_0952,63,5,0.0,16,3,1,0.797,104.5,24,1,-0.277347502859449,0.8467625485394699,-0.21091027072006996,At-Risk / Inactive
user_0953,73,3,0.0,6,3,3,0.338,354.3,26,1,-2.0413273732806885,-0.3999501006906931,-0.6480812785954205,At-Risk / Inactive
user_0954,17,2,59.9,24,4,1,0.705,6.6,28,0,1.8875571806698632,0.5632877735742221,0.8670872811936413,Loyal Champions (VIPs)
user_0955,9,1,0.0,14,6,0,0.188,13.5,18,1,1.3760145123416285,0.9355584138358288,0.04659298013191282,At-Risk / Inactive
user_0956,75,1,0.0,24,5,3,0.751,22.9,36,1,0.09148038027439735,1.3315728019929405,-0.8286978701025113,At-Risk / Inactive
user_0957,15,2,25.5,8,7,0,0.236,140.6,29,0,0.3660044810050073,0.5521837492565593,0.8906150889381965,Loyal Champions (VIPs)
user_0958,24,1,0.0,7,1,2,0.144,124.5,17,3,-1.2419593784767686,-0.6357648097200318,-0.5511895109483408,Potential Loyalists
user_0959,38,1,0.0,8,1,2,0.185,267.1,4,2,-1.1877943382187257,-1.0531044849286866,0.1342837068213918,Cart Abandoners / Window Shoppers
user_0960,35,3,0.0,13,6,1,0.182,158.4,29,1,-0.9320444954003186,0.7819899376539742,-0.08405532005901327,At-Risk / Inactive
user_0961,49,1,0.0,6,7,2,0.513,85.2,4,2,0.28553458470477666,-0.7385093973137813,-0.20971563344917338,Cart Abandoners / Window Shoppers
user_0962,69,2,59.9,18,1,0,0.845,576.9,10,0,0.010006024484647906,0.8708866119548458,1.7669948188568327,Loyal Champions (VIPs)
user_0963,62,5,0.0,2,7,2,0.08,37.1,25,1,-1.286121448180952,-1.3139051043010797,-0.21776219666260002,At-Risk / Inactive
user_0964,60,4,0.0,8,0,0,0.707,214.9,31,3,-1.1257624516838642,0.6099526064226285,-0.023447894246366688,Potential Loyalists
user_0965,50,1,0.0,11,4,1,0.654,66.8,3,2,0.7646998040729885,-0.12814332450691562,0.2382895151864343,Cart Abandoners / Window Shoppers
user_0966,78,4,0.0,1,1,1,0.873,125.5,2,2,-0.12239776273037821,-2.452000705411213,-0.026170479829082105,Cart Abandoners / Window Shoppers
user_0967,75,1,0.0,22,3,0,0.244,155.9,25,1,-0.8526123198048261,2.079948239487393,0.6806084577580093,At-Risk / Inactive
user_0968,9,1,0.0,6,5,2,0.45,120.5,6,2,0.6603705944398597,-1.0078087590383236,-0.9856635734370995,Cart Abandoners / Window Shoppers
user_0969,34,2,0.0,16,7,1,0.926,18.2,26,1,1.365443525237823,1.169628404163912,-0.760867640612764,At-Risk / Inactive
user_0970,76,1,0.0,20,7,3,0.66,70.2,8,1,0.1692009774374702,0.5379510638988628,-0.2603657312105473,At-Risk / Inactive
user_0971,35,1,0.0,12,2,1,0.389,98.9,35,1,-0.7264191786509039,0.8739639651260477,-0.5546031764666354,At-Risk / Inactive
user_0972,1,2,0.0,11,6,2,0.131,226.9,27,1,0.28038632453334733,-0.27533703099963175,-1.6727633902362475,At-Risk / Inactive
user_0973,40,1,0.0,10,2,3,0.262,70.4,25,3,-1.1453620417866142,-0.1253032073701029,-0.7005222686761307,Potential Loyalists
user_0974,64,1,0.0,3,1,2,0.581,301.2,18,3,-1.4658964561780523,-0.7563686212234515,-0.9860442842346676,Potential Loyalists
user_0975,22,1,0.0,13,2,0,0.718,69.7,1,2,1.7008655376994608,-0.1117205669596389,0.6764828770471836,Cart Abandoners / Window Shoppers
user_0976,60,3,0.0,3,2,3,0.124,95.5,39,3,-2.185987707454333,-1.0842177895117422,-0.717221734169945,Potential Loyalists
user_0977,64,2,0.0,15,0,2,0.6,190.9,3,3,-0.8623534183842174,-0.7891638526779594,0.36082056734167206,Potential Loyalists
user_0978,72,1,59.9,16,7,3,0.55,105.0,4,0,0.4336121653590341,-0.5178786363684043,1.4473885196680298,Loyal Champions (VIPs)
user_0979,11,1,0.0,13,3,2,0.514,386.9,37,1,-0.5051292364721566,0.6736194648454359,-1.5740920546205481,At-Risk / Inactive
user_0980,14,1,0.0,17,6,3,0.69,129.6,15,1,0.5764794926999494,0.37453812442191026,-1.345846801853295,At-Risk / Inactive
user_0981,60,1,25.5,3,3,2,0.837,88.8,8,0,0.38810450832284554,-1.3800848324633794,0.24024104599437446,Loyal Champions (VIPs)
user_0982,30,3,0.0,20,0,0,0.323,2.9,38,3,0.19658583751473938,0.8693742394962578,0.6112234832628188,Potential Loyalists
user_0983,35,1,0.0,11,0,3,0.889,64.1,19,3,-0.3562318946466905,-0.3356398960643312,-1.2646612920329872,Potential Loyalists
user_0984,85,1,0.0,21,2,3,0.161,42.7,26,1,-1.4480422598430658,0.6288945043298094,-0.00584132822724958,At-Risk / Inactive
user_0985,37,2,0.0,19,4,3,0.173,165.4,39,1,-1.5009639035927413,0.7180322618251125,-0.5955567390306008,At-Risk / Inactive
user_0986,5,2,59.9,22,7,3,0.267,28.0,10,0,1.450883931943289,-0.8026652054254767,0.6994590829254237,Loyal Champions (VIPs)
user_0987,83,2,0.0,11,5,0,0.12,27.6,38,1,-0.6322763862626914,1.4374782463188673,0.7147950094806539,At-Risk / Inactive
user_0988,78,1,120.0,16,7,3,0.23,25.2,14,0,0.004128201299825991,-0.2462042029053635,1.7273895963917183,Loyal Champions (VIPs)
user_0989,26,1,0.0,21,5,1,0.106,16.1,19,1,0.2404412857758748,0.8945913930031909,0.20240492042126287,At-Risk / Inactive
user_0990,62,1,0.0,3,2,0,0.822,44.7,30,1,0.24614363123552904,0.4963311292683209,-0.6192562930271999,At-Risk / Inactive
user_0991,4,1,0.0,22,5,1,0.139,260.5,5,2,0.6597795476453175,0.16733814405946415,-0.24174174585276909,Cart Abandoners / Window Shoppers
user_0992,89,2,0.0,6,0,3,0.747,179.0,31,3,-1.8380251903959604,-0.4995395678091562,-1.062945761527648,Potential Loyalists
user_0993,42,3,0.0,14,3,2,0.048,159.5,7,2,-1.2131948017200864,-0.4631308620396244,0.5178715853192118,Cart Abandoners / Window Shoppers
user_0994,89,3,890.0,24,5,1,0.949,191.5,19,0,0.6258396114625466,0.7855956472298972,2.180372132086691,Loyal Champions (VIPs)
user_0995,18,3,0.0,18,7,3,0.711,37.7,31,1,0.5956537853662695,0.4915881758777232,-1.2468324498787988,At-Risk / Inactive
user_0996,40,1,0.0,17,6,1,0.007,262.1,39,1,-1.4171396005957753,1.5015973914957943,-0.1257649359154613,At-Risk / Inactive
user_0997,72,2,0.0,4,2,3,0.764,17.7,24,1,-0.278901165106599,-0.8691362992210636,-1.046066235240269,At-Risk / Inactive
user_0998,39,1,0.0,23,4,3,0.514,49.2,34,1,-0.3188664101719385,1.0267118474648422,-0.8701694975582566,At-Risk / Inactive
user_0999,14,2,0.0,15,2,3,0.779,106.0,23,1,0.14498194893739733,0.0407122771853278,-1.4762729651687143,At-Risk / Inactive
